key,arabic,english,french,ar_source,en_source,fr_source,translation_status,use_count,first_used_in
 (functional),(وظيفية),(functional),(fonctionnelle),view,view,view,translated in all three,1,CrossBuy/Views/Inventory/PromotionEditor.cshtml
% of total,النسبة من الإجمالي,% of total,% du total,view,view,view,translated in all three,1,CrossBuy/Views/Inventory/ItemForm.cshtml
(0% VATEX — exempt),(٠٪ VATEX — معفاة),(0% VATEX — exempt),(0% VATEX — exempt),view,fallback-to-key,fallback-to-key,english falls back to key text,1,CrossBuy/Views/Accounting/SalesInvoicePrint.cshtml
"(KWD~) is indicative — converted at today's rate, not posted; blank when no current rate.",‏(KWD~) إرشاديّ — محوَّل بسعر اليوم، غير مُقيَّد؛ ويُترَك فارغًا عند غياب سعر حاليّ.,"(KWD~) is indicative — converted at today's rate, not posted; blank when no current rate.","(KWD~) is indicative — converted at today's rate, not posted; blank when no current rate.",shared,fallback-to-key,fallback-to-key,english falls back to key text,1,CrossBuy/Views/Hyper/HyperItemMargin.cshtml
+966 5x xxx xxxx,+966 5x xxx xxxx,+966 5x xxx xxxx,+966 5x xxx xxxx,view,view,view,translated in all three,1,CrossBuy/Views/Admin/EmployeeData.cshtml
", then come back to preview.",ثم عُد للمعاينة.,", then come back to preview.",", puis revenez à l'aperçu.",view,view,view,translated in all three,1,CrossBuy/Views/Pos/Preview.cshtml
0 = no limit.,صفر = بلا حد.,0 = no limit.,0 = aucune limite.,view,view,view,translated in all three,1,CrossBuy/Views/Accounting/PayrollTaxSettings.cshtml
2 days ago,منذ يومين,2 days ago,Il y a 2 jours,view,view,view,translated in all three,2,CrossBuy/Views/Service/BranchDetails.cshtml
24-hour system - no clock dial,نظام 24 ساعة - بدون ساعة دائرية,24-hour system - no clock dial,Système 24 heures - sans cadran d'horloge,view,view,view,translated in all three,1,CrossBuy/Views/Admin/Polices.cshtml
24/7 support,دعم مستمر,24/7 support,Support 24/7,view,view,view,translated in all three,1,CrossBuy/Views/Portal/Choose.cshtml
3-way match,المطابقة الثلاثية,3-way match,Rapprochement à 3 voies,view,view,view,translated in all three,1,CrossBuy/Views/Inventory/_PoRows.cshtml
31-60,٣١-٦٠,31-60,31-60,view,view,view,translated in all three,2,CrossBuy/Views/Accounting/ApAging.cshtml
404 Page,صفحة 404,404 Page,Page 404,view,view,view,translated in all three,1,CrossBuy/Views/Shared/_mainLayout.cshtml
50% off your first order ..,50% off your first order ..,50% off your first order ..,50% off your first order ..,fallback-to-key,fallback-to-key,fallback-to-key,MISSING arabic — key shown to user,1,CrossBuy/Views/Home/Store.cshtml
60 days,60 يومًا,60 days,60 days,view,fallback-to-key,fallback-to-key,english falls back to key text,1,CrossBuy/Views/Admin/Index.cshtml
61-90,٦١-٩٠,61-90,61-90,view,view,view,translated in all three,2,CrossBuy/Views/Accounting/ApAging.cshtml
90+,+٩٠,90+,90+,view,view,view,translated in all three,2,CrossBuy/Views/Accounting/ApAging.cshtml
"<strong>The Development environment shouldn't be enabled for deployed applications.</strong> It can result in displaying sensitive information from exceptions to end users. For local debugging, enable the <strong>Development</strong> environment by setting the <strong>ASPNETCORE_ENVIRONMENT</strong> environment variable to <strong>Development</strong> and restarting the app.","<strong>The Development environment shouldn't be enabled for deployed applications.</strong> It can result in displaying sensitive information from exceptions to end users. For local debugging, enable the <strong>Development</strong> environment by setting the <strong>ASPNETCORE_ENVIRONMENT</strong> environment variable to <strong>Development</strong> and restarting the app.","<strong>The Development environment shouldn't be enabled for deployed applications.</strong> It can result in displaying sensitive information from exceptions to end users. For local debugging, enable the <strong>Development</strong> environment by setting the <strong>ASPNETCORE_ENVIRONMENT</strong> environment variable to <strong>Development</strong> and restarting the app.","<strong>The Development environment shouldn't be enabled for deployed applications.</strong> It can result in displaying sensitive information from exceptions to end users. For local debugging, enable the <strong>Development</strong> environment by setting the <strong>ASPNETCORE_ENVIRONMENT</strong> environment variable to <strong>Development</strong> and restarting the app.",fallback-to-key,fallback-to-key,fallback-to-key,MISSING arabic — key shown to user,1,CrossBuy/Views/Shared/Error.cshtml
= base units,= كم بالوحدة الأساسية,= base units,= unités de base,view,view,view,translated in all three,1,CrossBuy/Views/Inventory/ItemForm.cshtml
?,؟,?,?,view,view,view,translated in all three,1,CrossBuy/Views/Crm/TicketEditor.cshtml
@,بسعر,@,@,view,view,view,translated in all three,1,CrossBuy/Views/Inventory/ItemLedger.cshtml
A Group inherits its GL account mapping from its parent Category when left empty.,المجموعة ترث ربط حسابات دفتر الأستاذ من فئتها الأب عند تركها فارغة.,A Group inherits its GL account mapping from its parent Category when left empty.,Un Groupe hérite de son mappage de compte GL de sa Catégorie parente lorsqu'il est laissé vide.,view,view,view,translated in all three,1,CrossBuy/Views/Inventory/CategoryForm.cshtml
A follow-up is already open for this finding,توجد بالفعل متابعة مفتوحة لهذه الملاحظة,A follow-up is already open for this finding,Un suivi est déjà ouvert pour ce constat,view,view,view,translated in all three,1,CrossBuy/Views/InsightActions/_NewTask.cshtml
A journal entry will close the VAT accounts and move the net to the authority payable account.,سيتم ترحيل قيد يقفل حسابي ض.ق.م ويحوّل الصافي إلى حساب المستحق للمصلحة.,A journal entry will close the VAT accounts and move the net to the authority payable account.,Une écriture de journal clôturera les comptes de TVA et transférera le net vers le compte à payer à l'administration.,view,view,view,translated in all three,1,CrossBuy/Views/Accounting/VatReturnDetail.cshtml
A journal entry will close the VAT accounts and move the net to the authority payable account. Continue?,سيتم ترحيل قيد يقفل حسابي ض.ق.م ويحوّل الصافي إلى حساب المستحق للمصلحة. متابعة؟,A journal entry will close the VAT accounts and move the net to the authority payable account. Continue?,Une écriture de journal clôturera les comptes de TVA et transférera le net vers le compte à payer à l'administration. Continuer ?,view,view,view,translated in all three,1,CrossBuy/Views/Accounting/VatReturnDetail.cshtml
A name is required.,الاسم مطلوب.,A name is required.,Un nom est requis.,view,view,view,translated in all three,1,CrossBuy/Views/Reports/Viewer.cshtml
"A plan is a production demand for manufactured items. On run, BOMs are exploded multi-level and on-hand is netted, surfacing shortages to make or buy.",الخطة = طلب إنتاج لأصناف مُصنَّعة. عند الحساب تُفجَّر قوائم المواد على عدة مستويات ويُخصم المتاح بالمخزون، فتظهر النواقص المطلوب تصنيعها أو شراؤها.,"A plan is a production demand for manufactured items. On run, BOMs are exploded multi-level and on-hand is netted, surfacing shortages to make or buy.","Un plan est une demande de production pour les articles fabriqués. À l'exécution, les BOM sont éclatées sur plusieurs niveaux et le stock disponible est compensé, faisant apparaître les pénuries à fabriquer ou à acheter.",view,view,view,translated in all three,1,CrossBuy/Views/Inventory/ProductionPlanning.cshtml
A quick look at your balances and requests,نظرة سريعة على رصيدك وطلباتك,A quick look at your balances and requests,Un aperçu rapide de vos soldes et demandes,view,view,view,translated in all three,1,CrossBuy/Views/People/Dashboard.cshtml
A reason is required.,السبب مطلوب.,A reason is required.,Un motif est requis.,shared,fallback-to-key,shared,english falls back to key text,2,CrossBuy/Views/BusinessEventMonitor/Index.cshtml
"A recommendation only — nothing is ordered, transferred or manufactured.",توصية فقط — لم يتم طلب أو تحويل أو تصنيع أي شيء.,"A recommendation only — nothing is ordered, transferred or manufactured.","Une recommandation seulement — rien n’est commandé, transféré ni fabriqué.",view,view,view,translated in all three,1,CrossBuy/Views/RestaurantIntelligence/Index.cshtml
A reference back to the originating record is added automatically.,تتم إضافة مرجع للسجل الأصلي تلقائياً.,A reference back to the originating record is added automatically.,Une référence à l'enregistrement d'origine est ajoutée automatiquement.,view,view,view,translated in all three,1,CrossBuy/Views/InsightActions/_NewTask.cshtml
A scheduled daily check runs automatically and notifies managers on any deviation.,يعمل فحص مجدول يوميًا تلقائيًا ويُخطر المسؤولين عند أي انحراف.,A scheduled daily check runs automatically and notifies managers on any deviation.,Une vérification quotidienne planifiée s'exécute automatiquement et avertit les responsables en cas d'écart.,view,view,view,translated in all three,1,CrossBuy/Views/Inventory/IntegrityReconciliation.cshtml
A spreadsheet has to be opened in Excel. Use Download.,ملف الجدول يُفتح في إكسل — استخدم «تنزيل».,A spreadsheet has to be opened in Excel. Use Download.,Un classeur s'ouvre dans Excel — utilisez Télécharger.,view,view,view,translated in all three,1,CrossBuy/Views/Shared/_ReportPreviewModal.cshtml
A work center is a machine or station with an hourly labor and overhead rate. Used in routings to compute time-based cost automatically.,مركز العمل = آلة أو محطة لها تكلفة عمالة وأوفرهيد بالساعة. تُستخدم في مسارات التصنيع لاحتساب تكلفة الوقت تلقائيًا.,A work center is a machine or station with an hourly labor and overhead rate. Used in routings to compute time-based cost automatically.,Un poste de charge est une machine ou une station avec un taux horaire de main-d'œuvre et de frais généraux. Utilisé dans les gammes pour calculer automatiquement le coût basé sur le temps.,view,view,view,translated in all three,1,CrossBuy/Views/Inventory/WorkCenters.cshtml
AI Insights,رؤى ذكية,AI Insights,Analyses IA,view,view,view,translated in all three,1,CrossBuy/Views/Accounting/AiInsights.cshtml
AI analytics,تحليلات الذكاء الاصطناعي,AI analytics,Analytique IA,view,view,view,translated in all three,1,CrossBuy/Views/Accounting/AiInsights.cshtml
AM,صباحاً,AM,AM,shared,shared,shared,translated in all three,1,CrossBuy/Views/Admin/Polices.cshtml
AP,موردون,AP,AP,view,view,view,translated in all three,3,CrossBuy/Views/Accounting/Executive.cshtml
AP Aging,أعمار ديون الموردين,AP Aging,Balance âgée fournisseurs,view,view,view,translated in all three,1,CrossBuy/Views/Accounting/ApAging.cshtml
AP diff,فرق الموردين,AP diff,Écart fournisseurs,view,view,view,translated in all three,1,CrossBuy/Views/Currency/Revaluation.cshtml
AR,عملاء,AR,AR,view,view,view,translated in all three,3,CrossBuy/Views/Accounting/Executive.cshtml
AR Aging,أعمار ديون العملاء,AR Aging,Balance âgée clients,view,view,view,translated in all three,1,CrossBuy/Views/Accounting/ArAging.cshtml
AR diff,فرق العملاء,AR diff,Écart clients,view,view,view,translated in all three,1,CrossBuy/Views/Currency/Revaluation.cshtml
About,حول,About,À propos,view,view,view,translated in all three,1,CrossBuy/Views/Shared/_mainLayout.cshtml
About Us,من نحن,About Us,À propos de nous,view,view,view,translated in all three,1,CrossBuy/Views/Shared/_mainLayout.cshtml
Absence,خصم غياب,Absence,Absence,view,view,view,translated in all three,1,CrossBuy/Views/Accounting/Payslips.cshtml
Absence / day,غياب / يوم,Absence / day,Absence / jour,view,view,view,translated in all three,1,CrossBuy/Views/Admin/EmployeeData.cshtml
Absence penalty,خصم غياب,Absence penalty,Pénalité d'absence,view,view,view,translated in all three,2,CrossBuy/Views/Accounting/Payslip.cshtml
AbsenceDaysBeforePenalty,أيام الغياب قبل العقوبة,Absence Days Before Penalty,Jours d'absence avant pénalité,shared,shared,shared,translated in all three,1,CrossBuy/Views/Admin/Polices.cshtml
AbsenceDeductionPerDay,خصم الغياب / يوم,Absence Deduction per Day,Retenue pour absence par jour,shared,shared,shared,translated in all three,1,CrossBuy/Views/Admin/Polices.cshtml
Absent,غائب,Absent,Absent,view,view,view,translated in all three,4,CrossBuy/Views/Admin/Attendance.cshtml
Absent days,أيام الغياب,Absent days,Jours d'absence,view,view,view,translated in all three,1,CrossBuy/Views/Admin/EmployeeData.cshtml
Accent,لون التمييز,Accent,Accent,view,view,view,translated in all three,1,CrossBuy/Views/Brand/BrandEditor.cshtml
Accept,قبول,Accept,Accepter,view,view,view,translated in all three,1,CrossBuy/Views/Inventory/QuotationDetails.cshtml
Accept this quotation?,قبول عرض السعر؟,Accept this quotation?,Accepter ce devis ?,view,view,view,translated in all three,1,CrossBuy/Views/Inventory/QuotationDetails.cshtml
Accepted,مقبول,Accepted,Accepté,view,view,view,translated in all three,5,CrossBuy/Views/Admin/ApplicationDetail.cshtml
Accessibility,إمكانية الوصول,Accessibility,Accessibilité,view,view,view,translated in all three,1,CrossBuy/Views/Shared/_mainLayout.cshtml
Account,الحساب,Account,Compte,shared,shared,shared,translated in all three,18,CrossBuy/Views/Accounting/BalanceSheet.cshtml
Account Insights,تحليلات الحسابات,Account Insights,Analyses des comptes,view,view,view,translated in all three,1,CrossBuy/Views/Crm/AccountInsights.cshtml
Account Ledger,كشف حساب,Account Ledger,Grand livre de compte,view,view,view,translated in all three,1,CrossBuy/Views/Accounting/Ledger.cshtml
Account No,رقم الحساب,Account No,N° de compte,view,view,view,translated in all three,1,CrossBuy/Views/Accounting/BankAccounts.cshtml
Account Settings,إعدادات الحساب,Account Settings,Paramètres du compte,view,view,view,translated in all three,4,CrossBuy/Views/Shared/_LayoutAccounting.cshtml
Account name,اسم الحساب,Account name,Nom du compte,view,view,view,translated in all three,1,CrossBuy/Views/Crm/AccountEditor.cshtml
Account statement,كشف حساب,Account statement,Relevé de compte,shared,shared,shared,translated in all three,4,CrossBuy/Views/Accounting/CustomerStatement.cshtml
Accountant,محاسب,Accountant,Comptable,view,view,view,translated in all three,1,CrossBuy/Views/Accounting/AccountingRoles.cshtml
Accounting,النظام المحاسبي,Accounting,Comptabilité,shared,shared,shared,translated in all three,44,CrossBuy/Views/Accounting/AccountingRoles.cshtml
Accounting roles,أدوار وصلاحيات المحاسبة,Accounting roles,Rôles de comptabilité,view,view,view,translated in all three,1,CrossBuy/Views/Accounting/AccountingRoles.cshtml
Accounts,الحسابات,Accounts,Comptes,shared,shared,shared,translated in all three,5,CrossBuy/Views/Accounting/Index.cshtml
Accounts analysed,الحسابات التي تم فحصها,Accounts analysed,Comptes analysés,view,view,view,translated in all three,1,CrossBuy/Views/Crm/AccountInsights.cshtml
Accounts needing attention,حسابات تحتاج متابعة,Accounts needing attention,Comptes nécessitant une attention,view,view,view,translated in all three,1,CrossBuy/Views/Crm/AccountInsights.cshtml
"Accounts, journals & reports","Accounts, journals & reports","Accounts, journals & reports","Accounts, journals & reports",fallback-to-key,fallback-to-key,fallback-to-key,MISSING arabic — key shown to user,1,CrossBuy/Views/Portal/Choose.cshtml
Accum. dep @ cutoff,مجمّع الإهلاك حتى القطع,Accum. dep @ cutoff,Amort. cumulé à la coupure,view,view,view,translated in all three,1,CrossBuy/Views/Inventory/OpeningBalances.cshtml
Accum. dep.,مجمع الإهلاك,Accum. dep.,Amort. cumulé,view,view,view,translated in all three,3,CrossBuy/Views/Accounting/AssetCategories.cshtml
Accum. depreciation,مجمع الإهلاك,Accum. depreciation,Amortissement cumulé,view,view,view,translated in all three,2,CrossBuy/Views/Accounting/AssetCategories.cshtml
Accumulated,مجمع الإهلاك,Accumulated,Cumulé,view,view,view,translated in all three,2,CrossBuy/Views/Accounting/DepreciationRunDetail.cshtml
Acknowledge this appraisal?,إقرار هذا التقييم؟,Acknowledge this appraisal?,Accuser réception de cette évaluation ?,view,view,view,translated in all three,1,CrossBuy/Views/People/MyAppraisal.cshtml
Acknowledged,مُقَرّ,Acknowledged,Prise en compte,view,view,view,translated in all three,3,CrossBuy/Views/Admin/AppraisalScore.cshtml
Acknowledgment,الإقرار,Acknowledgment,Accusé de réception,view,view,view,translated in all three,1,CrossBuy/Views/People/MyAppraisal.cshtml
Acquired,تاريخ الاقتناء,Acquired,Acquis,view,view,view,translated in all three,2,CrossBuy/Views/Accounting/FixedAssetDetail.cshtml
Acquisition JV,قيد الاقتناء,Acquisition JV,Écriture d'acquisition,view,view,view,translated in all three,1,CrossBuy/Views/Accounting/FixedAssetDetail.cshtml
Acquisition date,تاريخ الاقتناء,Acquisition date,Date d'acquisition,view,view,view,translated in all three,1,CrossBuy/Views/Accounting/FixedAssets.cshtml
Action,إجراء,Action,Action,view,view,view,translated in all three,8,CrossBuy/Views/Accounting/Journals.cshtml
Actions,الإجراءات,Actions,Actions,shared,shared,shared,translated in all three,38,CrossBuy/Views/Accounting/Customers.cshtml
Activate,تفعيل,Activate,Activer,view,view,view,translated in all three,4,CrossBuy/Views/Accounting/TaxCodes.cshtml
Activate default brand,تفعيل علامة افتراضية,Activate default brand,Activer la marque par défaut,view,view,view,translated in all three,1,CrossBuy/Views/Brand/Brands.cshtml
Activate driver?,تفعيل السائق؟,Activate driver?,Activer le livreur ?,view,view,view,translated in all three,1,CrossBuy/Views/Pos/Drivers.cshtml
Activate this announcement?,تفعيل هذا الإعلان؟,Activate this announcement?,Activer cette annonce ?,view,fallback-to-key,view,english falls back to key text,1,CrossBuy/Views/Announcements/Index.cshtml
Activate this tax code?,تفعيل كود الضريبة ده؟,Activate this tax code?,Activate this tax code?,view,fallback-to-key,fallback-to-key,english falls back to key text,1,CrossBuy/Views/Accounting/TaxCodes.cshtml
Activate zone?,تفعيل المنطقة؟,Activate zone?,Activer la zone ?,view,view,view,translated in all three,1,CrossBuy/Views/Pos/DeliveryZones.cshtml
Active,نشط,Active,Actif,shared,shared,shared,translated in all three,61,CrossBuy/Views/Accounting/BankAccounts.cshtml
Active contracts,العقود النشطة,Active contracts,Active contracts,view,fallback-to-key,fallback-to-key,english falls back to key text,1,CrossBuy/Views/Admin/HrDocuments.cshtml
Active leads,عملاء محتملون نشطون,Active leads,Active leads,shared,fallback-to-key,fallback-to-key,english falls back to key text,1,CrossBuy/Views/Crm/Index.cshtml
Active orders,أوامر نشطة,Active orders,Ordres actifs,view,view,view,translated in all three,1,CrossBuy/Views/Inventory/ManufDashboard.cshtml
Activities,الأنشطة والمهام,Activities,Activités,shared,shared,shared,translated in all three,4,CrossBuy/Views/Crm/AccountInsights.cshtml
Activities & tasks,Activities & tasks,Activities & tasks,Activities & tasks,fallback-to-key,fallback-to-key,fallback-to-key,MISSING arabic — key shown to user,1,CrossBuy/Views/Crm/Activities.cshtml
Activity,النشاط,Activity,Activity,view,view,fallback-to-key,MISSING french — English key shown,2,CrossBuy/Views/Crm/CustomFields.cshtml
Activity Logs,سجلات النشاط,Activity Logs,Journaux d'activité,view,view,view,translated in all three,1,CrossBuy/Views/Shared/_LayoutManufacturing.cshtml
Activity code,كود النشاط,Activity code,Code d'activité,view,view,view,translated in all three,1,CrossBuy/Views/Accounting/EtaStatus.cshtml
Activity subject,موضوع النشاط,Activity subject,Objet de l'activité,view,view,view,translated in all three,1,CrossBuy/Views/Crm/AutomationRules.cshtml
Activity subject (EN),Activity subject (EN),Activity subject (EN),Activity subject (EN),fallback-to-key,fallback-to-key,fallback-to-key,MISSING arabic — key shown to user,1,CrossBuy/Views/Crm/AutomationRules.cshtml
Activity timeline,سجل النشاط,Activity timeline,Journal d'activité,shared,shared,shared,translated in all three,2,CrossBuy/Views/Crm/_Timeline.cshtml
Activity type,نوع النشاط,Activity type,Type d'activité,view,view,view,translated in all three,3,CrossBuy/Views/Crm/AutomationRules.cshtml
Activity type enables branch capabilities. Configuration only — no GL/stock impact.,نوع النشاط يفعّل قدرات الفرع (طاولات/مطبخ/تصنيع/…). إعداد فقط — لا يمسّ الحسابات أو المخزون.,Activity type enables branch capabilities. Configuration only — no GL/stock impact.,Le type d'activité active les capacités de la succursale. Configuration uniquement — aucun impact comptable/stock.,view,view,view,translated in all three,1,CrossBuy/Views/Pos/Setup.cshtml
Activity types,أنواع النشاط,Activity types,Types d'activité,view,view,view,translated in all three,2,CrossBuy/Views/Project/ActivityTypes.cshtml
Actor,المنفّذ,Actor,Auteur,view,view,view,translated in all three,2,CrossBuy/Views/BusinessEventMonitor/Index.cshtml
Actual,الفعلي,Actual,Réel,view,view,view,translated in all three,4,CrossBuy/Views/Inventory/IntegrityReconciliation.cshtml
Add,إضافة,Add,Ajouter,shared,shared,shared,translated in all three,23,CrossBuy/Views/Accounting/PayrollTaxSettings.cshtml
Add & select,Add & select,Add & select,Add & select,fallback-to-key,fallback-to-key,fallback-to-key,MISSING arabic — key shown to user,1,CrossBuy/Views/PosApp/Terminal.cshtml
Add Contact,إضافة جهة اتصال,Add Contact,Ajouter un contact,view,view,view,translated in all three,1,CrossBuy/Views/Shared/_LayoutManufacturing.cshtml
Add Event,إضافة حدث,Add Event,Ajouter un événement,view,fallback-to-key,view,english falls back to key text,1,CrossBuy/Views/Calendar/Index.cshtml
Add Member,إضافة عضو,Add Member,Ajouter un membre,view,view,view,translated in all three,5,CrossBuy/Views/Admin/AdministrativeBodiesCompany.cshtml
Add Product,إضافة صنف,Add Product,Ajouter un produit,view,view,view,translated in all three,1,CrossBuy/Views/Inventory/Items.cshtml
Add Selected Users,إضافة المستخدمين المحددين,Add Selected Users,Ajouter les utilisateurs sélectionnés,view,view,view,translated in all three,1,CrossBuy/Views/Shared/_LayoutManufacturing.cshtml
Add To Cart,Add To Cart,Add To Cart,Add To Cart,fallback-to-key,fallback-to-key,fallback-to-key,MISSING arabic — key shown to user,1,CrossBuy/Views/Home/Store.cshtml
Add To Wishlist,أضف إلى المفضلة,Add To Wishlist,Add To Wishlist,view,fallback-to-key,fallback-to-key,english falls back to key text,3,CrossBuy/Views/Home/Store.cshtml
Add a caption…,أضف تعليقًا…,Add a caption…,Add a caption…,view,fallback-to-key,fallback-to-key,english falls back to key text,1,CrossBuy/Views/Chat/Index.cshtml
Add a charge with amount & account,Add a charge with amount & account,Add a charge with amount & account,Add a charge with amount & account,fallback-to-key,fallback-to-key,fallback-to-key,MISSING arabic — key shown to user,1,CrossBuy/Views/Inventory/NewLandedCost.cshtml
Add a demand to see requirements.,أضِف طلبًا لرؤية الاحتياجات.,Add a demand to see requirements.,Ajoutez une demande pour voir les besoins.,view,view,view,translated in all three,1,CrossBuy/Views/Inventory/PlanDetails.cshtml
Add a line,أضف بندًا,Add a line,Ajouter une ligne,view,view,view,translated in all three,4,CrossBuy/Views/Accounting/NewPurchaseInvoice.cshtml
Add a message,إضافة رسالة,Add a message,Ajouter un message,view,fallback-to-key,view,english falls back to key text,1,CrossBuy/Views/Shared/_EntityConversation.cshtml
Add a new customer,إضافة عميل جديد,Add a new customer,Add a new customer,shared,fallback-to-key,fallback-to-key,english falls back to key text,1,CrossBuy/Views/Hyper/Customer.cshtml
Add a row with an amount,أضف سطرًا بمبلغ,Add a row with an amount,Ajouter une ligne avec un montant,view,view,view,translated in all three,1,CrossBuy/Views/Inventory/OpeningBalances.cshtml
Add a section first.,أضِف سيكشن أولًا.,Add a section first.,Ajoutez d'abord une section.,view,view,view,translated in all three,1,CrossBuy/Views/Inventory/WarehouseSections.cshtml
"Add a tab, then buttons from the catalog.",أضِف تبويبًا ثم أزرارًا من الكتالوج.,"Add a tab, then buttons from the catalog.","Ajoutez un onglet, puis des boutons depuis le catalogue.",view,view,view,translated in all three,1,CrossBuy/Views/Pos/QuickMenu.cshtml
Add all list members to the campaign?,إضافة كل أعضاء القائمة إلى الحملة؟,Add all list members to the campaign?,Ajouter tous les membres de la liste à la campagne ?,view,view,view,translated in all three,1,CrossBuy/Views/Crm/CampaignDetail.cshtml
Add an item,أضف صنفًا,Add an item,Ajouter un article,view,view,view,translated in all three,3,CrossBuy/Views/Inventory/NewDelivery.cshtml
Add an item and a warehouse first.,أضف صنفًا ومخزنًا أولًا.,Add an item and a warehouse first.,Ajoutez d'abord un article et un entrepôt.,view,view,view,translated in all three,1,CrossBuy/Views/Inventory/NewMovement.cshtml
Add an item to the demand.,أضِف صنفًا للطلب.,Add an item to the demand.,Ajouter un article à la demande.,view,view,view,translated in all three,1,CrossBuy/Views/Inventory/PlanDetails.cshtml
Add and link,إضافة وربط,Add and link,Add and link,shared,fallback-to-key,fallback-to-key,english falls back to key text,1,CrossBuy/Views/Hyper/Customer.cshtml
Add another condition,إضافة شرط آخر,Add another condition,Ajouter une autre condition,view,view,view,translated in all three,1,CrossBuy/Views/Admin/PolicesData.cshtml
Add at least one category and one unit before creating items.,أضف فئة ووحدة قياس واحدة على الأقل قبل إنشاء الأصناف.,Add at least one category and one unit before creating items.,Ajoutez au moins une catégorie et une unité avant de créer des articles.,view,view,view,translated in all three,1,CrossBuy/Views/Inventory/Items.cshtml
Add at least one criterion,أضف معيارًا واحدًا على الأقل,Add at least one criterion,Ajoutez au moins un critère,view,view,view,translated in all three,1,CrossBuy/Views/Admin/AppraisalTemplateEditor.cshtml
Add at least one item line,أضف بند صنف واحدًا على الأقل,Add at least one item line,Ajoutez au moins une ligne d'article,view,view,view,translated in all three,1,CrossBuy/Views/Accounting/NewPurchaseReturn.cshtml
Add at least one line,أضف بندًا واحدًا على الأقل,Add at least one line,Ajoutez au moins une ligne,view,view,view,translated in all three,2,CrossBuy/Views/Accounting/NewSalesInvoice.cshtml
Add bracket,إضافة شريحة,Add bracket,Ajouter une tranche,view,view,view,translated in all three,1,CrossBuy/Views/Accounting/PayrollTaxSettings.cshtml
Add category,فئة جديدة,Add category,Ajouter une catégorie,view,view,view,translated in all three,2,CrossBuy/Views/Inventory/Categories.cshtml
Add component,إضافة مكوّن,Add component,Ajouter un composant,view,view,view,translated in all three,1,CrossBuy/Views/Inventory/ItemForm.cshtml
Add contract,إضافة عقد,Add contract,Ajouter un contrat,view,view,view,translated in all three,1,CrossBuy/Views/Admin/HrDocuments.cshtml
Add customer balance,إضافة رصيد عميل,Add customer balance,Ajouter un solde client,view,view,view,translated in all three,1,CrossBuy/Views/Inventory/OpeningBalances.cshtml
Add document,إضافة مستند,Add document,Ajouter un document,view,view,view,translated in all three,1,CrossBuy/Views/Admin/HrDocuments.cshtml
Add failed,فشل الإضافة,Add failed,Échec de l'ajout,view,view,view,translated in all three,1,CrossBuy/Views/Admin/AdministrativeStructure.cshtml
Add files,إضافة ملفات,Add files,Add files,view,fallback-to-key,fallback-to-key,english falls back to key text,1,CrossBuy/Views/Admin/_HrDocGallery.cshtml
Add group,إضافة مجموعة,Add group,Ajouter un groupe,view,view,view,translated in all three,1,CrossBuy/Views/Pos/Modifiers.cshtml
Add item,إضافة صنف,Add item,Ajouter un article,view,view,view,translated in all three,2,CrossBuy/Views/Inventory/ItemForm.cshtml
Add line,إضافة بند,Add line,Add line,shared,fallback-to-key,fallback-to-key,english falls back to key text,15,CrossBuy/Views/Accounting/CreateJournal.cshtml
Add member,Add member,Add member,Add member,fallback-to-key,fallback-to-key,fallback-to-key,MISSING arabic — key shown to user,3,CrossBuy/Views/Chat/Index.cshtml
Add new contact,إضافة جهة اتصال جديدة,Add new contact,Ajouter un nouveau contact,view,view,view,translated in all three,2,CrossBuy/Views/Service/BranchDetails.cshtml
Add new customer,إضافة عميل جديد,Add new customer,Ajouter un nouveau client,view,view,view,translated in all three,1,CrossBuy/Views/PosApp/Terminal.cshtml
Add new group,إضافة مجموعة جديدة,Add new group,Ajouter un nouveau groupe,view,view,view,translated in all three,2,CrossBuy/Views/Service/BranchDetails.cshtml
Add opening asset,إضافة أصل افتتاحي,Add opening asset,Ajouter un actif d'ouverture,view,view,view,translated in all three,1,CrossBuy/Views/Inventory/OpeningBalances.cshtml
Add opening stock,إضافة مخزون افتتاحي,Add opening stock,Ajouter un stock d'ouverture,view,view,view,translated in all three,1,CrossBuy/Views/Inventory/OpeningBalances.cshtml
Add payment method,إضافة طريقة دفع,Add payment method,Ajouter un mode de paiement,view,view,view,translated in all three,1,CrossBuy/Views/Pos/PaymentMethods.cshtml
Add policy,إضافة لائحة,Add policy,Ajouter une politique,view,view,view,translated in all three,1,CrossBuy/Views/Admin/PolicesData.cshtml
Add products to this category one by one by manually selecting this category during product creation or update.,أضف المنتجات إلى هذه الفئة واحدًا تلو الآخر باختيار هذه الفئة يدويًا أثناء إنشاء المنتج أو تحديثه.,Add products to this category one by one by manually selecting this category during product creation or update.,Ajoutez les produits à cette catégorie un par un en sélectionnant manuellement cette catégorie lors de la création ou de la mise à jour du produit.,view,view,view,translated in all three,1,CrossBuy/Views/Admin/PolicesData.cshtml
Add rack,إضافة رف,Add rack,Ajouter un rayon,view,view,view,translated in all three,1,CrossBuy/Views/Inventory/WarehouseSections.cshtml
Add search terms…,أضف كلمات بحث…,Add search terms…,Ajouter des termes de recherche…,view,view,view,translated in all three,25,CrossBuy/Views/Accounting/Customers.cshtml
Add section,إضافة سيكشن,Add section,Ajouter une section,view,view,view,translated in all three,1,CrossBuy/Views/Inventory/WarehouseSections.cshtml
Add stage,إضافة مرحلة,Add stage,Ajouter une étape,view,view,view,translated in all three,1,CrossBuy/Views/Crm/PipelineEditor.cshtml
Add tab,إضافة تبويب,Add tab,Ajouter un onglet,view,view,view,translated in all three,1,CrossBuy/Views/Pos/QuickMenu.cshtml
Add table,إضافة طاولة,Add table,Ajouter une table,view,view,view,translated in all three,1,CrossBuy/Views/Pos/FloorPlan.cshtml
Add terminal,إضافة جهاز,Add terminal,Ajouter un terminal,view,view,view,translated in all three,1,CrossBuy/Views/Pos/Terminals.cshtml
Add to cart,أضف إلى السلة,Add to cart,Add to cart,view,fallback-to-key,fallback-to-key,english falls back to key text,1,CrossBuy/Views/Store/Product.cshtml
Add to list,إضافة للقائمة,Add to list,Ajouter à la liste,view,view,view,translated in all three,1,CrossBuy/Views/Inventory/_ItemScanModal.cshtml
Add to order,أضف للطلب,Add to order,Add to order,view,fallback-to-key,fallback-to-key,english falls back to key text,1,CrossBuy/Views/PosApp/Terminal.cshtml
Add unit,إضافة وحدة,Add unit,Ajouter une unité,view,view,view,translated in all three,1,CrossBuy/Views/Inventory/ItemForm.cshtml
Add vendor balance,إضافة رصيد مورد,Add vendor balance,Ajouter un solde fournisseur,view,view,view,translated in all three,1,CrossBuy/Views/Inventory/OpeningBalances.cshtml
Add without tab,إضافة بدون تبويب,Add without tab,Ajouter sans onglet,view,view,view,translated in all three,1,CrossBuy/Views/Pos/QuickMenu.cshtml
AddEditLeaveType,إضافة تعديل - نوع الإجازة,Add Edit Leave Type,Ajouter/Modifier le type de congé,shared,shared,shared,translated in all three,1,CrossBuy/Views/Admin/LeaveTypesList.cshtml
AddOn,إضافة (اختياري),AddOn,Supplément,view,view,view,translated in all three,1,CrossBuy/Views/Pos/Modifiers.cshtml
"AddOn (optional, priced)",إضافة (اختياري، بسعر),"AddOn (optional, priced)","Supplément (facultatif, payant)",view,view,view,translated in all three,1,CrossBuy/Views/Pos/Modifiers.cshtml
Added,تمت الإضافة,Added,Ajouté,shared,shared,shared,translated in all three,3,CrossBuy/Views/Pos/QuickMenu.cshtml
Added to favourites,أُضيف إلى المفضّلة,Added to favourites,Ajouté aux favoris,view,view,view,translated in all three,1,CrossBuy/Views/Reports/Viewer.cshtml
Adding Users by Team Members,إضافة المستخدمين بواسطة أعضاء الفريق,Adding Users by Team Members,Ajout d'utilisateurs par les membres de l'équipe,view,view,view,translated in all three,1,CrossBuy/Views/Shared/_LayoutManufacturing.cshtml
Adding to tab:,الإضافة إلى تبويب:,Adding to tab:,Ajout à l'onglet :,view,view,view,translated in all three,1,CrossBuy/Views/Pos/QuickMenu.cshtml
AddingAnAdministrativeBodyToTheAdministrativeStructure,إضافة جهة أدارية للهيكل الإداري,Adding an administrative body to the administrative structure,Ajout d'un organe administratif à la structure administrative,shared,shared,shared,translated in all three,1,CrossBuy/Views/Admin/AdministrativeStructure.cshtml
Additional charges,المصاريف الإضافية,Additional charges,Frais supplémentaires,view,view,view,translated in all three,1,CrossBuy/Views/Inventory/NewLandedCost.cshtml
Address,العنوان,Address,Adresse,shared,shared,shared,translated in all three,10,CrossBuy/Views/Accounting/Vendors.cshtml
Addressee (optional),الجهة (اختياري),Addressee (optional),Destinataire (facultatif),view,view,view,translated in all three,1,CrossBuy/Views/People/Requests.cshtml
Adjust item,تعديل بند,Adjust item,Ajuster un article,view,view,view,translated in all three,1,CrossBuy/Views/Project/VariationOrders.cshtml
Adjustment,تسوية,Adjustment,Ajustement,view,view,view,translated in all three,4,CrossBuy/Views/Inventory/BulkPriceChange.cshtml
Adjustment (13),تسويات (13),Adjustment (13),Ajustement (13),view,view,view,translated in all three,1,CrossBuy/Views/Accounting/Periods.cshtml
Adjustment account,حساب فروق الجرد,Adjustment account,Compte d'ajustement,view,view,view,translated in all three,1,CrossBuy/Views/Inventory/CategoryForm.cshtml
Adjustment to post,التسوية المطلوبة,Adjustment to post,Ajustement à comptabiliser,view,view,view,translated in all three,1,CrossBuy/Views/Admin/LeaveAccrual.cshtml
Admin Group,مجموعة المسؤولين,Admin Group,Groupe administrateur,view,view,view,translated in all three,1,CrossBuy/Views/Service/BranchDetails.cshtml
Admin defines them in «Cashier terminals».,يعرّفها الأدمن من «أجهزة الكاشير».,Admin defines them in «Cashier terminals».,L'administrateur les définit dans «Terminaux caissier».,view,view,view,translated in all three,1,CrossBuy/Views/PosApp/Start.cshtml
Administration,الإدارة,Administration,Administration,view,view,view,translated in all three,1,CrossBuy/Views/Shared/_LayoutManufacturing.cshtml
Administrative Bodies in the Company,الوحدات الإدارية في الشركة,Administrative Bodies in the Company,Organes administratifs de l'entreprise,view,view,view,translated in all three,1,CrossBuy/Views/Admin/AdministrativeBodiesCompany.cshtml
Administrative Structure,الهيكل الإداري,Administrative Structure,Structure administrative,view,view,view,translated in all three,1,CrossBuy/Views/Admin/AdministrativeStructure.cshtml
Administrative bodies,الجهات الإدارية,Administrative bodies,Entités administratives,view,shared,shared,translated in all three,1,CrossBuy/Views/Admin/Index.cshtml
Administrative entity,جهة إدارية,Administrative entity,Entité administrative,view,view,view,translated in all three,1,CrossBuy/Views/Admin/AdministrativeStructure.cshtml
Administrative structure,الهيكل الإداري,Administrative structure,Structure administrative,view,view,view,translated in all three,1,CrossBuy/Views/Admin/EmployeeData.cshtml
Administrative system,النظام الإداري,Administrative system,Système administratif,view,view,view,translated in all three,1,CrossBuy/Views/Portal/Choose.cshtml
AdministrativeBodiesIntheCompany,الجهات الادارية في الشركة,Administrative Bodies in the Company,Organes administratifs de l'entreprise,shared,shared,shared,translated in all three,1,CrossBuy/Views/Admin/AdministrativeBodiesCompany.cshtml
AdministrativeStructure,الهيكل الإداري,Administrative Structure,Structure administrative,shared,shared,shared,translated in all three,1,CrossBuy/Views/Admin/AdministrativeStructure.cshtml
Advance %,نسبة المقدّم %,Advance %,Avance %,view,view,view,translated in all three,2,CrossBuy/Views/Project/Advance.cshtml
Advance outstanding,Advance outstanding,Advance outstanding,Advance outstanding,fallback-to-key,fallback-to-key,fallback-to-key,MISSING arabic — key shown to user,1,CrossBuy/Views/ProjectCloseout/Index.cshtml
"Advance received = a liability (2104), not revenue — posted via the GL, tagged to the project.",الدفعة المقدمة المستلمة = التزام (2104) وليست إيرادًا — تُرحَّل عبر دفتر الأستاذ وتُنسب للمشروع.,"Advance received = a liability (2104), not revenue — posted via the GL, tagged to the project.","Avance reçue = un passif (2104), pas un produit — comptabilisée via le grand livre, affectée au projet.",view,view,view,translated in all three,1,CrossBuy/Views/Project/Advance.cshtml
Advance recovery,استرداد المقدّم,Advance recovery,Récupération d'avance,view,view,view,translated in all three,1,CrossBuy/Views/Project/Billing.cshtml
Advanced Search,بحث متقدم,Advanced Search,Recherche avancée,view,view,view,translated in all three,1,CrossBuy/Views/Shared/_LayoutManufacturing.cshtml
Advanced security,حماية متقدمة,Advanced security,Sécurité avancée,view,view,view,translated in all three,1,CrossBuy/Views/Portal/Choose.cshtml
Advances,الدفعات المقدمة,Advances,Advances,view,fallback-to-key,fallback-to-key,english falls back to key text,1,CrossBuy/Views/Project/Dashboard.cshtml
Affiliate Program,برنامج الشركاء,Affiliate Program,Programme d'affiliation,view,view,view,translated in all three,1,CrossBuy/Views/Shared/_mainLayout.cshtml
Affiliate Programs,برامج الإحالة,Affiliate Programs,Programmes d'affiliation,view,view,view,translated in all three,1,CrossBuy/Views/Shared/_LayoutManufacturing.cshtml
"After creating: BOM components are pulled automatically; release then complete to consume materials, produce the item and post the JE (materials + labor + overhead via the WIP account).",بعد الإنشاء: تُسحب مكوّنات قائمة المواد تلقائيًا، ثم أصدِر الأمر ونفّذه ليتم استهلاك المواد وإنتاج الصنف وترحيل القيد (المواد + العمالة + الأوفرهيد عبر حساب إنتاج تحت التشغيل).,"After creating: BOM components are pulled automatically; release then complete to consume materials, produce the item and post the JE (materials + labor + overhead via the WIP account).","Après la création : les composants de la BOM sont récupérés automatiquement ; lancez puis terminez pour consommer les matières, produire l'article et comptabiliser le JE (matières + main-d'œuvre + frais généraux via le compte WIP).",view,view,view,translated in all three,1,CrossBuy/Views/Inventory/NewWorkOrder.cshtml
Agenda item,بند جدول الأعمال,Agenda item,Agenda item,view,view,fallback-to-key,MISSING french — English key shown,1,CrossBuy/Views/Workspace/Index.cshtml
Agent,الوكيل,Agent,Agent,view,view,view,translated in all three,1,CrossBuy/Views/Admin/PolicesData.cshtml
Aging — AR vs AP,أعمار الديون (عملاء/موردون),Aging — AR vs AP,Balance âgée — Clients vs Fournisseurs,view,view,view,translated in all three,1,CrossBuy/Views/Accounting/Executive.cshtml
All,الكل,All,Tous,shared,shared,shared,translated in all three,32,CrossBuy/Views/Accounting/Customers.cshtml
All Categories,كل الفئات,All Categories,Toutes les catégories,view,view,view,translated in all three,1,CrossBuy/Views/Shared/_mainLayout.cshtml
All Contacts,جميع جهات الاتصال,All Contacts,Tous les contacts,view,view,view,translated in all three,2,CrossBuy/Views/Service/BranchDetails.cshtml
All Day,طوال اليوم,All Day,Toute la journée,view,fallback-to-key,view,english falls back to key text,1,CrossBuy/Views/Calendar/Index.cshtml
All Deals,All Deals,All Deals,All Deals,fallback-to-key,fallback-to-key,fallback-to-key,MISSING arabic — key shown to user,1,CrossBuy/Views/Home/Store.cshtml
All WH,كل المخازن,All WH,Tous les entrepôts,view,view,view,translated in all three,2,CrossBuy/Views/Inventory/Planning.cshtml
All branches,كل الفروع,All branches,Toutes les succursales,view,view,view,translated in all three,2,CrossBuy/Views/Inventory/InventoryRoles.cshtml
All categories,كل التصنيفات,All categories,All categories,view,fallback-to-key,fallback-to-key,english falls back to key text,3,CrossBuy/Views/Inventory/Items.cshtml
All conditions,كل الشروط,All conditions,Toutes les conditions,view,view,view,translated in all three,1,CrossBuy/Views/Admin/PolicesData.cshtml
All consumers completed,اكتمل جميع المستهلكين,All consumers completed,Tous les consommateurs ont terminé,view,view,view,translated in all three,1,CrossBuy/Views/BusinessEventMonitor/_Rows.cshtml
All contracts & documents are valid,All contracts & documents are valid,All contracts & documents are valid,All contracts & documents are valid,fallback-to-key,fallback-to-key,fallback-to-key,MISSING arabic — key shown to user,1,CrossBuy/Views/Admin/HrDocuments.cshtml
All customers,كل العملاء,All customers,Tous les clients,view,view,view,translated in all three,1,CrossBuy/Views/Inventory/PromotionEditor.cshtml
All customers / by segment,كل العملاء / حسب الشريحة,All customers / by segment,Tous les clients / par segment,view,view,view,translated in all three,1,CrossBuy/Views/Inventory/PriceListEditor.cshtml
All day,طوال اليوم,All day,All day,view,view,fallback-to-key,MISSING french — English key shown,1,CrossBuy/Views/Workspace/Index.cshtml
All hyper branches,كل فروع الهايبر,All hyper branches,All hyper branches,shared,fallback-to-key,fallback-to-key,english falls back to key text,2,CrossBuy/Views/Hyper/HyperItemMargin.cshtml
All items,كل الأصناف,All items,Tous les articles,view,view,view,translated in all three,1,CrossBuy/Views/Inventory/PromotionEditor.cshtml
All match,الكل متطابق,All match,Tout concorde,view,view,view,translated in all three,1,CrossBuy/Views/Inventory/OpeningBalances.cshtml
All movements,كل الحركات,All movements,Tous les mouvements,view,view,view,translated in all three,2,CrossBuy/Views/Inventory/Index.cshtml
All owners,كل المسؤولين,All owners,Tous les responsables,view,view,view,translated in all three,2,CrossBuy/Views/Crm/AccountInsights.cshtml
All ready,الكل جاهز,All ready,Tout prêt,view,view,view,translated in all three,1,CrossBuy/Views/PosApp/Kitchen.cshtml
All severities,كل مستويات الخطورة,All severities,Toutes les gravités,view,view,view,translated in all three,2,CrossBuy/Views/Crm/AccountInsights.cshtml
All stages,كل المراحل,All stages,Toutes les étapes,view,view,view,translated in all three,1,CrossBuy/Views/Crm/OpportunityInsights.cshtml
All systems,كل الأنظمة,All systems,Tous les systèmes,view,view,view,translated in all three,1,CrossBuy/Views/Shared/_MainMenu.cshtml
All units,كل الوحدات,All units,Toutes les unités,view,view,view,translated in all three,1,CrossBuy/Views/Admin/AdministrativeStructure.cshtml
All warehouses,كل المخازن,All warehouses,Tous les entrepôts,view,view,view,translated in all three,5,CrossBuy/Views/Inventory/ItemLedger.cshtml
AllRightsReserved,جميع الحقوق محفوظة.,All rights reserved.,Tous droits réservés.,shared,shared,shared,translated in all three,1,CrossBuy/Views/Account/Login.cshtml
AllWeek,كل الأسبوع,All Week,Toute la semaine,shared,shared,shared,translated in all three,1,CrossBuy/Views/Admin/Polices.cshtml
Allocation,طريقة التوزيع,Allocation,Répartition,view,view,view,translated in all three,2,CrossBuy/Views/Inventory/LandedCosts.cshtml
Allocation %,Allocation %,Allocation %,Allocation %,fallback-to-key,fallback-to-key,fallback-to-key,MISSING arabic — key shown to user,1,CrossBuy/Views/Project/Team.cshtml
Allow negative stock,يسمح برصيد سالب,Allow negative stock,Autoriser le stock négatif,view,view,view,translated in all three,1,CrossBuy/Views/Inventory/Warehouses.cshtml
AllowDuringWorkingHours,السماح أثناء الدوام,Allow During Working Hours,Autoriser pendant les heures de travail,shared,shared,shared,translated in all three,1,CrossBuy/Views/Admin/Polices.cshtml
AllowEarlyCheckOut,السماح بمغادرة مبكرة,Allow Early Check-out,Autoriser le départ anticipé,shared,shared,shared,translated in all three,1,CrossBuy/Views/Admin/Polices.cshtml
AllowLateCheckIn,السماح بتأخير بداية الدوام,Allow Late Check-in,Autoriser l'arrivée tardive,shared,shared,shared,translated in all three,1,CrossBuy/Views/Admin/Polices.cshtml
Allowances,البدلات,Allowances,Indemnités,view,view,view,translated in all three,3,CrossBuy/Views/Accounting/Payslip.cshtml
Allowed,مسموح,Allowed,Autorisé,view,view,view,translated in all three,1,CrossBuy/Views/Shared/_LayoutManufacturing.cshtml
"Allowed file types: png, jpg, jpeg.","أنواع الملفات المسموح بها: png, jpg, jpeg.","Allowed file types: png, jpg, jpeg.","Types de fichiers autorisés : png, jpg, jpeg.",view,view,view,translated in all three,2,CrossBuy/Views/Service/BranchDetails.cshtml
Almost done,على وشك الانتهاء,Almost done,Presque terminé,view,view,view,translated in all three,1,CrossBuy/Views/Admin/ApplicationForm.cshtml
Always-on support,فريق دعم فني دائم,Always-on support,Support permanent,view,view,view,translated in all three,1,CrossBuy/Views/Portal/Choose.cshtml
Amount,المبلغ,Amount,Montant,shared,shared,shared,translated in all three,20,CrossBuy/Views/Accounting/AiInsights.cshtml
Amount currency,عملة المبلغ,Amount currency,Devise du montant,view,view,view,translated in all three,1,CrossBuy/Views/Inventory/PromotionEditor.cshtml
Amount paid is less than total,المبلغ المدفوع أقل من الإجمالي,Amount paid is less than total,Le montant payé est inférieur au total,view,view,view,translated in all three,1,CrossBuy/Views/PosApp/Terminal.cshtml
AmountsAndAllowances,المبالغ والبدلات,Amounts and Allowances,Montants et indemnités,shared,shared,shared,translated in all three,1,CrossBuy/Views/Admin/Polices.cshtml
An error occurred,حدث خطأ,An error occurred,Une erreur s'est produite,view,view,view,translated in all three,1,CrossBuy/Views/Admin/AdministrativeStructure.cshtml
An error occurred during the request.,حدث خطأ أثناء الطلب.,An error occurred during the request.,Une erreur s'est produite lors de la requête.,view,view,view,translated in all three,1,CrossBuy/Views/Admin/PolicesData.cshtml
An error occurred while connecting to the server.,حدث خطأ أثناء الاتصال بالسيرفر.,An error occurred while connecting to the server.,Une erreur s'est produite lors de la connexion au serveur.,view,view,view,translated in all three,1,CrossBuy/Views/Admin/LeaveTypesList.cshtml
An error occurred while fetching company data,حدث خطأ أثناء جلب بيانات الشركة,An error occurred while fetching company data,Une erreur s'est produite lors de la récupération des données de la société,view,view,view,translated in all three,1,CrossBuy/Views/Service/BranchDetails.cshtml
An error occurred while processing your request.,حدث خطأ أثناء معالجة طلبك.,An error occurred while processing your request.,Une erreur s'est produite lors du traitement de votre demande.,view,view,view,translated in all three,1,CrossBuy/Views/Shared/Error.cshtml
An error occurred while saving.,حدث خطأ أثناء الحفظ.,An error occurred while saving.,Une erreur s'est produite lors de l'enregistrement.,view,view,view,translated in all three,2,CrossBuy/Views/Admin/LeaveTypesList.cshtml
An error occurred while sending.,حدث خطأ أثناء الإرسال.,An error occurred while sending.,Une erreur s'est produite lors de l'envoi.,view,view,view,translated in all three,2,CrossBuy/Views/Admin/LeaveTypesList.cshtml
An error occurred.,حدث خطأ.,An error occurred.,Une erreur s'est produite.,view,view,view,translated in all three,1,CrossBuy/Views/Admin/AdministrativeStructure.cshtml
An unexpected error occurred while saving.,حدث خطأ غير متوقع أثناء الحفظ.,An unexpected error occurred while saving.,Une erreur inattendue s'est produite lors de l'enregistrement.,view,view,view,translated in all three,1,CrossBuy/Views/Admin/EmployeeData.cshtml
Analysis source,مصدر التحليل,Analysis source,Source de l'analyse,view,view,view,translated in all three,2,CrossBuy/Views/Accounting/AiInsights.cshtml
Analytic dimension on entries — does not change posting logic.,بُعد تحليلي على القيود (فواتير/أوامر/قيود) — لا يغيّر منطق الترحيل.,Analytic dimension on entries — does not change posting logic.,Dimension analytique sur les écritures — ne modifie pas la logique de comptabilisation.,view,view,view,translated in all three,1,CrossBuy/Views/Project/Projects.cshtml
Analytics & charts,Analytics & charts,Analytics & charts,Analytics & charts,fallback-to-key,fallback-to-key,fallback-to-key,MISSING arabic — key shown to user,1,CrossBuy/Views/Portal/Choose.cshtml
Announcements,الإعلانات,Announcements,Annonces,view,fallback-to-key,shared,english falls back to key text,1,CrossBuy/Views/Announcements/Index.cshtml
Annual,سنوي,Annual,Annuel,view,view,view,translated in all three,1,CrossBuy/Views/Shared/_LayoutManufacturing.cshtml
Annual leave,إجازة سنوية,Annual leave,Congé annuel,view,view,view,translated in all three,1,CrossBuy/Views/Admin/PolicesData.cshtml
Annual leave carry-over,ترحيل رصيد الإجازات السنوي,Annual leave carry-over,Report de congé annuel,view,view,view,translated in all three,1,CrossBuy/Views/Admin/LeaveCarryOver.cshtml
Annual personal exemption,الإعفاء الشخصي السنوي,Annual personal exemption,Abattement personnel annuel,view,view,view,translated in all three,1,CrossBuy/Views/Accounting/PayrollTaxSettings.cshtml
AnnualLeaveEntitlement,أيام الاستحقاق السنوي,Annual Leave Entitlement,Droit au congé annuel,shared,shared,shared,translated in all three,1,CrossBuy/Views/Admin/Polices.cshtml
Another party,طرف آخر,Another party,Autre tiers,view,view,view,translated in all three,2,CrossBuy/Views/Accounting/CustomerStatement.cshtml
Any,أي,Any,Tout,view,view,view,translated in all three,1,CrossBuy/Views/Shared/_LayoutManufacturing.cshtml
Any conditions,أي شرط,Any conditions,Une des conditions,view,view,view,translated in all three,1,CrossBuy/Views/Admin/PolicesData.cshtml
ApplicableInsuranceAndTaxRates,نسب التأمين والضريبة المطبقة,Applicable Insurance and Tax Rates,Taux d'assurance et d'impôt applicables,shared,shared,shared,translated in all three,1,CrossBuy/Views/Admin/Polices.cshtml
Applicant details,بيانات المتقدّم,Applicant details,Détails du candidat,view,view,view,translated in all three,2,CrossBuy/Views/Admin/ApplicationDetail.cshtml
Application,الطلب,Application,Candidature,view,view,view,translated in all three,1,CrossBuy/Views/Admin/ApplicationDetail.cshtml
Application details,تفاصيل الطلب,Application details,Détails de la candidature,view,view,view,translated in all three,1,CrossBuy/Views/Admin/ApplicationDetail.cshtml
Applied,مطبّقة,Applied,Appliqué,view,view,view,translated in all three,1,CrossBuy/Views/Inventory/WorkOrderDetails.cshtml
Applied (no source),مطبّقة (بلا مصدر),Applied (no source),Appliqué (sans source),view,view,view,translated in all three,1,CrossBuy/Views/Inventory/WorkOrderDetails.cshtml
Applied labor,عمالة مطبّقة,Applied labor,Main-d'œuvre appliquée,view,view,view,translated in all three,1,CrossBuy/Views/Inventory/WorkOrderDetails.cshtml
Applied on,تاريخ التقديم,Applied on,Date de candidature,view,view,view,translated in all three,1,CrossBuy/Views/Admin/ApplicationDetail.cshtml
Applied via the existing PricingService.,تُطبَّق عبر محرّك التسعير القائم (نفس منطق العملات/العروض).,Applied via the existing PricingService.,Appliqué via le PricingService existant.,view,view,view,translated in all three,1,CrossBuy/Views/Pos/Setup.cshtml
Apply,تطبيق,Apply,Appliquer,view,view,view,translated in all three,7,CrossBuy/Views/Accounting/CustomerStatement.cshtml
Apply changes,تطبيق التغييرات,Apply changes,Appliquer les modifications,shared,fallback-to-key,shared,english falls back to key text,1,CrossBuy/Views/Inventory/BulkPriceChange.cshtml
Apply this activity type and reset its default capabilities?,تفعيل نوع النشاط وإعادة ضبط القدرات لهذا الفرع؟,Apply this activity type and reset its default capabilities?,Appliquer ce type d'activité et réinitialiser ses capacités par défaut ?,view,view,view,translated in all three,1,CrossBuy/Views/Pos/Setup.cshtml
Appraisal,تقييم الأداء,Appraisal,Évaluation,view,view,view,translated in all three,1,CrossBuy/Views/Admin/AppraisalScore.cshtml
Appraisal cycles,دورات التقييم,Appraisal cycles,Cycles d'évaluation,view,view,view,translated in all three,1,CrossBuy/Views/Admin/Appraisals.cshtml
Appraisal templates,نماذج التقييم,Appraisal templates,Modèles d'évaluation,view,view,view,translated in all three,1,CrossBuy/Views/Admin/AppraisalTemplates.cshtml
Appraisals,التقييمات,Appraisals,Évaluations,view,view,view,translated in all three,1,CrossBuy/Views/Admin/Appraisals.cshtml
Appraiser,المقيِّم,Appraiser,Évaluateur,view,view,view,translated in all three,2,CrossBuy/Views/People/MyAppraisal.cshtml
Appraising manager,المدير المقيِّم,Appraising manager,Manager évaluateur,view,view,view,translated in all three,1,CrossBuy/Views/Admin/Appraisals.cshtml
Approval,الموافقة,Approval,Approbation,view,view,view,translated in all three,1,CrossBuy/Views/Admin/Polices.cshtml
Approval chain:,سلسلة الاعتماد:,Approval chain:,Circuit d'approbation :,view,view,view,translated in all three,1,CrossBuy/Views/People/Leaves.cshtml
Approval threshold,حد اعتماد القيود/المدفوعات,Approval threshold,Seuil d'approbation,view,view,view,translated in all three,1,CrossBuy/Views/Accounting/AccountingRoles.cshtml
ApprovalRequired,يتطلب موافقة,Approval Required,Approbation requise,shared,shared,shared,translated in all three,1,CrossBuy/Views/Admin/Polices.cshtml
Approvals,الموافقات,Approvals,Approbations,view,view,view,translated in all three,2,CrossBuy/Views/Inventory/Approvals.cshtml
Approve,اعتماد,Approve,Approuver,view,view,view,translated in all three,6,CrossBuy/Views/Inventory/Approvals.cshtml
Approve & execute this document?,Approve & execute this document?,Approve & execute this document?,Approve & execute this document?,fallback-to-key,fallback-to-key,fallback-to-key,MISSING arabic — key shown to user,1,CrossBuy/Views/Inventory/Approvals.cshtml
Approve billing?,اعتماد المستخلص؟,Approve billing?,Approuver le décompte ?,view,view,view,translated in all three,2,CrossBuy/Views/Project/Billing.cshtml
"Approve order? (applies to BOQ, no journal entries)",اعتماد الأمر؟ (يُطبَّق على BOQ، بلا قيود),"Approve order? (applies to BOQ, no journal entries)","Approuver l'ordre ? (appliqué au BOQ, sans écritures)",view,view,view,translated in all three,1,CrossBuy/Views/Project/VariationOrders.cshtml
Approve this leave request?,اعتماد طلب الإجازة؟,Approve this leave request?,Approuver cette demande de congé ?,view,view,view,translated in all three,1,CrossBuy/Views/People/Leaves.cshtml
Approve?,اعتماد الطلب؟,Approve?,Approuver ?,view,view,view,translated in all three,1,CrossBuy/Views/People/Requests.cshtml
Approved,معتمد,Approved,Approuvé,view,view,view,translated in all three,11,CrossBuy/Views/Admin/Index.cshtml
Approved by,Approved by,Approved by,Approved by,fallback-to-key,fallback-to-key,fallback-to-key,MISSING arabic — key shown to user,1,CrossBuy/Views/Project/Billing.cshtml
Approved changes,التغييرات المعتمدة,Approved changes,Changements approuvés,view,view,view,translated in all three,1,CrossBuy/Views/Project/VariationOrders.cshtml
Approved leave,إجازة معتمدة,Approved leave,Congé approuvé,view,view,view,translated in all three,1,CrossBuy/Views/Roster/Mine.cshtml
Approved this year,معتمَدة هذه السنة,Approved this year,Approuvées cette année,view,view,view,translated in all three,1,CrossBuy/Views/People/Dashboard.cshtml
Apps,التطبيقات,Apps,Applications,view,view,view,translated in all three,11,CrossBuy/Views/Admin/AdministrativeBodiesCompany.cshtml
Apr,أبريل,Apr,Avr,view,view,view,translated in all three,3,CrossBuy/Views/Accounting/Payroll.cshtml
April,أبريل,April,Avril,view,view,view,translated in all three,2,CrossBuy/Views/People/Attendance.cshtml
Arabic,العربية,Arabic,Arabe,view,view,view,translated in all three,1,CrossBuy/Views/Shared/_mainLayout.cshtml
Arabic name and English name are required.,الاسم العربي والاسم الإنجليزي مطلوبان.,Arabic name and English name are required.,Le nom en arabe et le nom en anglais sont requis.,view,view,view,translated in all three,1,CrossBuy/Views/Admin/PolicesData.cshtml
Archive,الأرشيف,Archive,Archives,view,view,view,translated in all three,2,CrossBuy/Views/Reports/Index.cshtml
Archived,مؤرشف,Archived,Archivé,view,view,view,translated in all three,3,CrossBuy/Views/Documents/Workspace.cshtml
Areas & stations,Areas & stations,Areas & stations,Areas & stations,fallback-to-key,fallback-to-key,fallback-to-key,MISSING arabic — key shown to user,1,CrossBuy/Views/Pos/Setup.cshtml
Arrived,وصل,Arrived,Arrivé,view,view,view,translated in all three,1,CrossBuy/Views/Pos/Reservations.cshtml
As of,كما في,As of,Au,view,view,view,translated in all three,1,CrossBuy/Views/Accounting/BalanceSheet.cshtml
As of date,حتى تاريخ,As of date,À la date du,view,view,view,translated in all three,1,CrossBuy/Views/Admin/LeaveAccrual.cshtml
As-of,حتى تاريخ,As-of,À la date,view,view,view,translated in all three,1,CrossBuy/Views/Currency/Revaluation.cshtml
As-of (period end),حتى تاريخ (إقفال الفترة),As-of (period end),À la date (fin de période),view,view,view,translated in all three,1,CrossBuy/Views/Currency/Revaluation.cshtml
Ask an administrator if you believe this is wrong.,راجع المسؤول إذا كنت ترى أن هذا غير صحيح.,Ask an administrator if you believe this is wrong.,Contactez un administrateur si cela vous semble incorrect.,view,view,view,translated in all three,1,CrossBuy/Views/Reports/Viewer.cshtml
Assemble (produce kit),تجميع (إنتاج المركّب),Assemble (produce kit),Assembler (produire le kit),view,view,view,translated in all three,1,CrossBuy/Views/Inventory/NewAssembly.cshtml
Assembly,تجميع,Assembly,Assemblage,view,view,view,translated in all three,3,CrossBuy/Views/Inventory/Index.cshtml
Assembly / Disassembly order,أمر تجميع / تفكيك,Assembly / Disassembly order,Ordre d'assemblage / désassemblage,view,view,view,translated in all three,1,CrossBuy/Views/Inventory/NewAssembly.cshtml
Assembly consumes components and produces the kit at the summed cost. Disassembly reverses it.,التجميع يستهلك المكوّنات وينتج المركّب بتكلفة = مجموع المكوّنات. التفكيك يعكس العملية.,Assembly consumes components and produces the kit at the summed cost. Disassembly reverses it.,L'assemblage consomme les composants et produit le kit au coût cumulé. Le désassemblage l'inverse.,view,view,view,translated in all three,1,CrossBuy/Views/Inventory/NewAssembly.cshtml
Assembly deducts components and adds the kit. Disassembly reverses it.,التجميع يخصم المكوّنات ويزوّد رصيد المركّب. التفكيك يعكس العملية.,Assembly deducts components and adds the kit. Disassembly reverses it.,L'assemblage déduit les composants et ajoute le kit. Le désassemblage l'inverse.,view,view,view,translated in all three,1,CrossBuy/Views/Inventory/NewAssembly.cshtml
Assembly item,الصنف المركّب (تجميع),Assembly item,Article d'assemblage,view,view,view,translated in all three,1,CrossBuy/Views/Inventory/NewAssembly.cshtml
Assembly — own stock,تجميع — برصيد مستقل,Assembly — own stock,Assemblage — stock propre,view,view,view,translated in all three,1,CrossBuy/Views/Inventory/ItemForm.cshtml
Asset,أصل,Asset,Immobilisation,view,view,view,translated in all three,4,CrossBuy/Views/Accounting/DepreciationRunDetail.cshtml
Asset Categories,فئات الأصول,Asset Categories,Catégories d'immobilisation,view,view,view,translated in all three,1,CrossBuy/Views/Accounting/AssetCategories.cshtml
Asset item,الصنف (أصل),Asset item,Article d'immobilisation,view,view,view,translated in all three,1,CrossBuy/Views/Inventory/CapitalizeAsset.cshtml
Asset name,اسم الأصل,Asset name,Nom de l'actif,view,view,view,translated in all three,1,CrossBuy/Views/Inventory/OpeningBalances.cshtml
Assets,أصول ثابتة,Assets,Actifs,view,view,view,translated in all three,4,CrossBuy/Views/Accounting/BalanceSheet.cshtml
Assign,إسناد,Assign,Affecter,view,view,view,translated in all three,5,CrossBuy/Views/Accounting/AccountingRoles.cshtml
"Assign branch employees to POS roles — setup only, over the existing permission system.",تعيين موظفي الفرع لأدوار نقاط البيع — إعداد فقط فوق نظام الصلاحيات القائم.,"Assign branch employees to POS roles — setup only, over the existing permission system.","Affectez les employés de la succursale à des rôles de point de vente — configuration uniquement, par-dessus le système de permissions existant.",view,view,view,translated in all three,1,CrossBuy/Views/Pos/CashierRoles.cshtml
Assign driver,اختر سائقًا,Assign driver,Affecter un livreur,view,view,view,translated in all three,1,CrossBuy/Views/PosApp/Delivery.cshtml
Assign role,تعيين دور,Assign role,Affecter un rôle,view,view,view,translated in all three,4,CrossBuy/Views/Accounting/AccountingRoles.cshtml
Assign role?,تعيين الدور؟,Assign role?,Attribuer le rôle ?,view,view,view,translated in all three,1,CrossBuy/Views/Crm/CrmRoles.cshtml
Assign shift,إسناد مناوبة,Assign shift,Affecter un poste,view,view,view,translated in all three,1,CrossBuy/Views/Roster/Index.cshtml
Assign this driver to the order?,تعيين هذا السائق للطلب؟,Assign this driver to the order?,Affecter ce livreur à la commande ?,view,view,view,translated in all three,1,CrossBuy/Views/PosApp/Delivery.cshtml
Assigned person,شخص محدد,Assigned person,Personne désignée,view,view,view,translated in all three,1,CrossBuy/Views/EmployeeOnboarding/Index.cshtml
Assigned roles,الأدوار المعيّنة,Assigned roles,Rôles affectés,view,view,view,translated in all three,4,CrossBuy/Views/Accounting/AccountingRoles.cshtml
Assigned to,مُسنَد إلى,Assigned to,Assigné à,view,view,view,translated in all three,1,CrossBuy/Views/Shared/_LayoutManufacturing.cshtml
Assignee,المسؤول,Assignee,Responsable,view,view,view,translated in all three,1,CrossBuy/Views/InsightActions/_NewTask.cshtml
Assignment,التعيين,Assignment,Affectation,view,view,view,translated in all three,1,CrossBuy/Views/Admin/EmployeeData.cshtml
Assignment cancelled.,تم إلغاء الإسناد.,Assignment cancelled.,Affectation annulée.,view,view,view,translated in all three,1,CrossBuy/Views/Roster/Index.cshtml
Attach,إرفاق,Attach,Joindre,view,fallback-to-key,shared,english falls back to key text,1,CrossBuy/Views/Chat/Index.cshtml
Attach a copy,إرفاق نسخة,Attach a copy,Joindre une copie,shared,fallback-to-key,shared,english falls back to key text,1,CrossBuy/Views/Comm/Compose.cshtml
Attach a file,إرفاق ملف,Attach a file,Joindre un fichier,view,fallback-to-key,view,english falls back to key text,1,CrossBuy/Views/Shared/_EntityConversation.cshtml
Attach files,إرفاق ملفات,Attach files,Joindre des fichiers,shared,fallback-to-key,shared,english falls back to key text,1,CrossBuy/Views/Comm/Compose.cshtml
Attach from library,إرفاق من المكتبة,Attach from library,Joindre depuis la bibliothèque,shared,fallback-to-key,shared,english falls back to key text,1,CrossBuy/Views/Comm/Compose.cshtml
Attach items,ربط أصناف,Attach items,Rattacher des articles,view,view,view,translated in all three,1,CrossBuy/Views/Pos/Modifiers.cshtml
Attach items to group,ربط أصناف بالمجموعة,Attach items to group,Rattacher des articles au groupe,view,view,view,translated in all three,1,CrossBuy/Views/Pos/Modifiers.cshtml
Attach selected,ربط المحدَّد,Attach selected,Rattacher la sélection,view,view,view,translated in all three,1,CrossBuy/Views/Pos/Modifiers.cshtml
AttachFiles,رفع ملف,Attach files,Joindre des fichiers,shared,shared,shared,translated in all three,2,CrossBuy/Views/Service/BranchDetails.cshtml
AttachName,اسم المرفق,Attachment name,Nom de la pièce jointe,shared,shared,shared,translated in all three,2,CrossBuy/Views/Service/BranchDetails.cshtml
Attachment,مرفق,Attachment,Pièce jointe,view,view,view,translated in all three,1,CrossBuy/Views/Admin/Polices.cshtml
AttachmentView,عرض المرفق,View attachment,Voir la pièce jointe,shared,shared,shared,translated in all three,2,CrossBuy/Views/Service/BranchDetails.cshtml
Attachments,المرفقات,Attachments,Pièces jointes,shared,shared,shared,translated in all three,5,CrossBuy/Views/Admin/DocExpiryAlerts.cshtml
Attempts,المحاولات,Attempts,Tentatives,view,view,view,translated in all three,2,CrossBuy/Views/BusinessEventMonitor/Index.cshtml
Attempts are exhausted,استُنفدت المحاولات,Attempts are exhausted,Tentatives épuisées,view,view,view,translated in all three,1,CrossBuy/Views/BusinessEventMonitor/Index.cshtml
Attendance,الحضور والانصراف,Attendance,Présence,view,shared,shared,translated in all three,4,CrossBuy/Views/Admin/Attendance.cshtml
Attendance rule #,قاعدة حضور #,Attendance rule #,Règle de présence n°,view,view,view,translated in all three,1,CrossBuy/Views/Admin/EmployeeData.cshtml
Attendance this month,حضور هذا الشهر,Attendance this month,Attendance this month,view,fallback-to-key,fallback-to-key,english falls back to key text,1,CrossBuy/Views/Admin/Index.cshtml
Attended,حضر,Attended,Assisté,view,view,view,translated in all three,2,CrossBuy/Views/Admin/CourseEnrollments.cshtml
Auditor,مراجع,Auditor,Auditeur,view,view,view,translated in all three,2,CrossBuy/Views/Accounting/AccountingRoles.cshtml
Aug,أغسطس,Aug,Août,view,view,view,translated in all three,3,CrossBuy/Views/Accounting/Payroll.cshtml
August,أغسطس,August,Août,view,view,view,translated in all three,2,CrossBuy/Views/People/Attendance.cshtml
Auto,تلقائي,Auto,Auto,view,view,view,translated in all three,8,CrossBuy/Views/Accounting/NewPurchaseInvoice.cshtml
Auto-create (dedicated till),إنشاء تلقائي (صندوق مستقل),Auto-create (dedicated till),Créer automatiquement (caisse dédiée),view,view,view,translated in all three,1,CrossBuy/Views/Pos/Terminals.cshtml
Auto-route leads (round-robin to reps),توجيه العملاء المحتملين تلقائيًا (Round-robin للمندوبين),Auto-route leads (round-robin to reps),Répartition automatique des prospects (tour de rôle entre commerciaux),view,view,view,translated in all three,1,CrossBuy/Views/Crm/ScoringRules.cshtml
Automatic,تلقائي,Automatic,Automatique,view,view,view,translated in all three,1,CrossBuy/Views/Admin/PolicesData.cshtml
Automation,الأتمتة,Automation,Automatisation,view,view,view,translated in all three,1,CrossBuy/Views/Admin/PolicesData.cshtml
Automation rules (CRM),قواعد الأتمتة (CRM),Automation rules (CRM),Règles d'automatisation (CRM),view,view,view,translated in all three,1,CrossBuy/Views/Crm/AutomationRules.cshtml
Available,المتاح,Available,Disponible,view,view,view,translated in all three,7,CrossBuy/Views/Inventory/NewAssembly.cshtml
Average,المتوسط,Average,Moyenne,view,view,view,translated in all three,1,CrossBuy/Views/Accounting/CreateJournal.cshtml
Average ticket,متوسط الفاتورة,Average ticket,Average ticket,view,fallback-to-key,fallback-to-key,english falls back to key text,1,CrossBuy/Views/Pos/Dashboard.cshtml
Avg,متوسط الفاتورة,Avg,Moy.,view,view,view,translated in all three,1,CrossBuy/Views/Accounting/CustomerAnalytics.cshtml
Avg cost,متوسط التكلفة,Avg cost,Coût moyen,view,view,view,translated in all three,4,CrossBuy/Views/Inventory/ItemForm.cshtml
Avg purchase,متوسط الشراء,Avg purchase,Achat moyen,view,view,view,translated in all three,1,CrossBuy/Views/Inventory/ItemForm.cshtml
Avg purchase price,متوسط سعر الشراء,Avg purchase price,Prix d'achat moyen,view,view,view,translated in all three,1,CrossBuy/Views/Inventory/ItemLedger.cshtml
Awaiting my approval,بانتظار اعتمادي,Awaiting my approval,En attente de mon approbation,view,view,view,translated in all three,1,CrossBuy/Views/People/Dashboard.cshtml
Awaiting payment,بانتظار الدفع,Awaiting payment,En attente de paiement,view,view,view,translated in all three,1,CrossBuy/Views/PosApp/Delivery.cshtml
Awaiting verification,بانتظار الاعتماد,Awaiting verification,En attente de vérification,view,view,view,translated in all three,1,CrossBuy/Views/Documents/Workspace.cshtml
Awaiting you,بانتظار إقرارك,Awaiting you,En attente de vous,view,view,view,translated in all three,1,CrossBuy/Views/People/MyAppraisals.cshtml
Awaiting your approval,بانتظار اعتمادك,Awaiting your approval,En attente de votre approbation,view,view,view,translated in all three,1,CrossBuy/Views/People/Requests.cshtml
BOQ item,بند BOQ,BOQ item,Article BOQ,view,view,view,translated in all three,2,CrossBuy/Views/Project/Budget.cshtml
BOQ qty,كمية BOQ,BOQ qty,Qté BOQ,view,view,view,translated in all three,1,CrossBuy/Views/Project/Progress.cshtml
BOQ value,قيمة BOQ,BOQ value,Valeur BOQ,view,view,view,translated in all three,1,CrossBuy/Views/Project/Progress.cshtml
Back,رجوع,Back,Retour,view,view,view,translated in all three,40,CrossBuy/Views/Accounting/CustomerStatement.cshtml
Back to PO,رجوع للأمر,Back to PO,Retour au bon de commande,view,view,view,translated in all three,1,CrossBuy/Views/Inventory/PoMatch.cshtml
Back to projects,Back to projects,Back to projects,Back to projects,fallback-to-key,fallback-to-key,fallback-to-key,MISSING arabic — key shown to user,1,CrossBuy/Views/ProjectCloseout/Index.cshtml
Back to store,الرجوع للمتجر,Back to store,Back to store,view,fallback-to-key,fallback-to-key,english falls back to key text,1,CrossBuy/Views/Store/Category.cshtml
Back to the lane,العودة إلى الممرّ,Back to the lane,Back to the lane,shared,fallback-to-key,fallback-to-key,english falls back to key text,1,CrossBuy/Views/Hyper/Receipts.cshtml
"Background work is running in a different process. Pending rows here are being drained there, not by this instance.",المهام الخلفية تعمل في عملية أخرى. الصفوف المنتظرة هنا تُعالَج هناك، وليس في هذه النسخة.,"Background work is running in a different process. Pending rows here are being drained there, not by this instance.","Les tâches de fond s'exécutent dans un autre processus. Les lignes en attente ici y sont traitées, pas par cette instance.",view,view,view,translated in all three,1,CrossBuy/Views/BusinessEventMonitor/Index.cshtml
Backups,نسخ احتياطي,Backups,Sauvegardes,view,view,view,translated in all three,1,CrossBuy/Views/Portal/Choose.cshtml
Badge,الشارة,Badge,Badge,view,fallback-to-key,fallback-to-key,english falls back to key text,1,CrossBuy/Views/Inventory/ItemForm.cshtml
Balance,الرصيد,Balance,Solde,shared,shared,shared,translated in all three,6,CrossBuy/Views/Accounting/CustomerStatement.cshtml
Balance Sheet,المركز المالي,Balance Sheet,Bilan,view,view,view,translated in all three,2,CrossBuy/Views/Accounting/BalanceSheet.cshtml
Balance over time,الرصيد عبر الزمن,Balance over time,Solde dans le temps,view,view,view,translated in all three,1,CrossBuy/Views/Inventory/ItemForm.cshtml
Balance sheet balanced detail,إجمالي الأصول مطابق تمامًا لإجمالي الالتزامات وحقوق الملكية، ولا توجد أي فروق. المركز المالي متّزن للتاريخ المحدد.,Total assets exactly match total liabilities and equity with no differences. The financial position is balanced as of the selected date.,"Le total de l'actif correspond exactement au total du passif et des capitaux propres, sans écart. La position financière est équilibrée à la date sélectionnée.",shared,shared,shared,translated in all three,1,CrossBuy/Views/Accounting/BalanceSheet.cshtml
Balance sheet not balanced detail,يوجد فرق بين إجمالي الأصول وإجمالي الالتزامات وحقوق الملكية يجب مراجعته وتصحيحه.,There is a difference between total assets and total liabilities and equity that must be reviewed and corrected.,Il existe un écart entre le total de l'actif et le total du passif et des capitaux propres qui doit être vérifié et corrigé.,shared,shared,shared,translated in all three,1,CrossBuy/Views/Accounting/BalanceSheet.cshtml
Balanced,متوازن,Balanced,Équilibré,view,view,view,translated in all three,1,CrossBuy/Views/Accounting/Index.cshtml
Balanced notice detail,إجمالي الأرصدة المدينة مطابق تمامًا لإجمالي الأرصدة الدائنة، ولا توجد أي فروق. القيود المحاسبية سليمة ومتّزنة للفترة المحددة.,Total debit balances match total credit balances exactly with no differences. Accounting entries are consistent for the selected period.,"Le total des soldes débiteurs correspond exactement au total des soldes créditeurs, sans aucun écart. Les écritures sont cohérentes pour la période sélectionnée.",shared,shared,shared,translated in all three,1,CrossBuy/Views/Accounting/TrialBalance.cshtml
Balanced ✓,متوازن ✓,Balanced ✓,Équilibré ✓,view,view,view,translated in all three,1,CrossBuy/Views/Accounting/CreateJournal.cshtml
Balances,الأرصدة,Balances,Soldes,view,view,view,translated in all three,2,CrossBuy/Views/Inventory/ItemLedger.cshtml
Bank,بنك,Bank,Banque,view,view,view,translated in all three,3,CrossBuy/Views/Accounting/BankAccounts.cshtml
Bank Accounts,الحسابات البنكية,Bank Accounts,Comptes bancaires,view,view,view,translated in all three,1,CrossBuy/Views/Accounting/BankAccounts.cshtml
Bank Reconciliation,التسوية البنكية,Bank Reconciliation,Rapprochement bancaire,view,view,view,translated in all three,1,CrossBuy/Views/Accounting/Reconcile.cshtml
Bank Reconciliations,التسويات البنكية,Bank Reconciliations,Rapprochements bancaires,view,view,view,translated in all three,1,CrossBuy/Views/Accounting/Reconciliations.cshtml
Bank account,الحساب البنكي,Bank account,Compte bancaire,view,view,view,translated in all three,1,CrossBuy/Views/Accounting/Reconcile.cshtml
Bank name,اسم البنك,Bank name,Nom de la banque,view,view,view,translated in all three,1,CrossBuy/Views/Accounting/BankAccounts.cshtml
Bank name (English),Bank name (English),Bank name (English),Bank name (English),fallback-to-key,fallback-to-key,fallback-to-key,MISSING arabic — key shown to user,1,CrossBuy/Views/Accounting/BankAccounts.cshtml
Banks,البنوك,Banks,Banques,view,view,view,translated in all three,1,CrossBuy/Views/Accounting/BankAccounts.cshtml
Bar,بار,Bar,Bar,view,view,view,translated in all three,1,CrossBuy/Views/Pos/Areas.cshtml
Barcode,الباركود,Barcode,Code-barres,shared,shared,shared,translated in all three,9,CrossBuy/Views/Accounting/NewPurchaseInvoice.cshtml
Barcode + Enter,باركود ثم Enter,Barcode + Enter,Code-barres + Entrée,view,view,view,translated in all three,1,CrossBuy/Views/Pos/Modifiers.cshtml
Base Salary,الراتب الأساسي,Base Salary,Salaire de base,view,view,view,translated in all three,1,CrossBuy/Views/Admin/EmployeeData.cshtml
Base UoM,وحدة القياس الأساسية,Base UoM,UOM de base,view,view,view,translated in all three,1,CrossBuy/Views/Inventory/ItemForm.cshtml
Base salary,الراتب الأساسي,Base salary,Salaire de base,view,view,view,translated in all three,1,CrossBuy/Views/People/LetterPrint.cshtml
Base unit,الوحدة الأساسية,Base unit,Unité de base,view,view,view,translated in all three,1,CrossBuy/Views/Inventory/NewMovement.cshtml
Basic data,البيانات الأساسية,Basic data,Données de base,view,view,view,translated in all three,1,CrossBuy/Views/Admin/EmployeeData.cshtml
Basic employee data,البيانات الأساسية للموظف,Basic employee data,Données de base de l'employé,view,view,view,translated in all three,1,CrossBuy/Views/Admin/EmployeeData.cshtml
Basic salary,الراتب الأساسي,Basic salary,Salaire de base,view,view,view,translated in all three,2,CrossBuy/Views/Accounting/Payslip.cshtml
BasicInformation,البيانات الأساسية,Basic Information,Informations de base,shared,shared,shared,translated in all three,1,CrossBuy/Views/Admin/Polices.cshtml
BasicSalary,الراتب الاساسي,Basic Salary,Salaire de base,shared,shared,shared,translated in all three,1,CrossBuy/Views/Admin/Polices.cshtml
BasicSalaryAndMonthlyAllowances,الراتب الأساسي والبدلات الشهرية,Basic Salary and Monthly Allowances,Salaire de base et indemnités mensuelles,shared,shared,shared,translated in all three,1,CrossBuy/Views/Admin/Polices.cshtml
Batch,الدفعة,Batch,Lot,view,view,view,translated in all three,7,CrossBuy/Views/Inventory/Batches.cshtml
Batch (opt),الدفعة (اختياري),Batch (opt),Lot (fac.),view,view,view,translated in all three,1,CrossBuy/Views/Inventory/OpeningBalances.cshtml
Batch ID,معرّف الدفعة,Batch ID,ID du lot,shared,fallback-to-key,shared,english falls back to key text,1,CrossBuy/Views/Inventory/BulkPriceChange.cshtml
Batch no,رقم الدفعة,Batch no,Batch no,view,fallback-to-key,fallback-to-key,english falls back to key text,1,CrossBuy/Views/Inventory/NewCount.cshtml
Batch no.,رقم الدفعة,Batch no.,N° de lot,view,view,view,translated in all three,1,CrossBuy/Views/Inventory/NewMovement.cshtml
Batches,الدفعات,Batches,Lots,view,view,view,translated in all three,1,CrossBuy/Views/Inventory/Batches.cshtml
Batches & expiry,Batches & expiry,Batches & expiry,Batches & expiry,fallback-to-key,fallback-to-key,fallback-to-key,MISSING arabic — key shown to user,1,CrossBuy/Views/Inventory/Batches.cshtml
Be the first to write one,كن أول من يكتب رسالة,Be the first to write one,Soyez le premier à écrire un message,view,fallback-to-key,view,english falls back to key text,1,CrossBuy/Views/Shared/_EntityConversation.cshtml
Become a Vendor,كن بائعاً,Become a Vendor,Devenir vendeur,view,view,view,translated in all three,1,CrossBuy/Views/Shared/_mainLayout.cshtml
Below reorder point or low cover,تحت نقطة إعادة الطلب أو تغطية منخفضة,Below reorder point or low cover,Sous le point de commande ou couverture faible,view,view,view,translated in all three,1,CrossBuy/Views/Inventory/RiskInsights.cshtml
Best sale,Best sale,Best sale,Best sale,fallback-to-key,fallback-to-key,fallback-to-key,MISSING arabic — key shown to user,1,CrossBuy/Views/Home/Store.cshtml
Between,بين,Between,Entre,view,view,view,translated in all three,1,CrossBuy/Views/Shared/_LayoutManufacturing.cshtml
Big discount,Big discount,Big discount,Big discount,fallback-to-key,fallback-to-key,fallback-to-key,MISSING arabic — key shown to user,1,CrossBuy/Views/Home/Store.cshtml
Bill of Quantities (BOQ),جدول الكميات (BOQ),Bill of Quantities (BOQ),Bordereau des quantités (BOQ),view,view,view,translated in all three,2,CrossBuy/Views/Project/Boq.cshtml
Billed to,فاتورة إلى,Billed to,Billed to,view,fallback-to-key,fallback-to-key,english falls back to key text,1,CrossBuy/Views/Accounting/SalesInvoicePrint.cshtml
Billed to date,Billed to date,Billed to date,Billed to date,fallback-to-key,fallback-to-key,fallback-to-key,MISSING arabic — key shown to user,1,CrossBuy/Views/ProjectCloseout/Index.cshtml
Billing,الفوترة,Billing,Facturation,view,view,view,translated in all three,2,CrossBuy/Views/Project/Billing.cshtml
Billing address,عنوان الفوترة,Billing address,Adresse de facturation,view,view,view,translated in all three,1,CrossBuy/Views/Accounting/Customers.cshtml
Billing date,تاريخ المستخلص,Billing date,Date du décompte,view,view,view,translated in all three,2,CrossBuy/Views/Project/Billing.cshtml
Billing statement,كشف المستخلص,Billing statement,État du décompte,view,view,view,translated in all three,2,CrossBuy/Views/Project/Billing.cshtml
Billings,المستخلصات,Billings,Décomptes,view,view,view,translated in all three,1,CrossBuy/Views/Project/Subcontracts.cshtml
Block (needs manage),منع (يتطلب صلاحية الإدارة),Block (needs manage),Bloquer (nécessite gestion),view,view,view,translated in all three,1,CrossBuy/Views/Inventory/Settings.cshtml
Block (reject),منع (يرفض المستند),Block (reject),Bloquer (rejeter),view,view,view,translated in all three,1,CrossBuy/Views/Inventory/Settings.cshtml
Blocked,محظور,Blocked,Bloqué,view,view,view,translated in all three,2,CrossBuy/Views/Service/BranchDetails.cshtml
Blog,المدونة,Blog,Blog,view,view,view,translated in all three,1,CrossBuy/Views/Shared/_mainLayout.cshtml
Blue: actual working hours after deducting the break,أزرق: ساعات العمل الفعلية بعد خصم الاستراحة,Blue: actual working hours after deducting the break,Bleu : heures de travail réelles après déduction de la pause,view,view,view,translated in all three,1,CrossBuy/Views/Admin/Polices.cshtml
Book,حجز,Book,Réserver,view,view,view,translated in all three,2,CrossBuy/Views/Accounting/Reconciliations.cshtml
Book balance,رصيد الدفاتر,Book balance,Solde comptable,view,view,view,translated in all three,1,CrossBuy/Views/Accounting/Reconcile.cshtml
Book base,القيمة الدفترية,Book base,Base comptable,view,view,view,translated in all three,1,CrossBuy/Views/Currency/Revaluation.cshtml
Book qty,الرصيد الدفتري,Book qty,Qté comptable,view,view,view,translated in all three,1,CrossBuy/Views/Inventory/NewCount.cshtml
Booked,محجوز,Booked,Réservé,view,view,view,translated in all three,1,CrossBuy/Views/Pos/Reservations.cshtml
Branch,الفرع,Branch,Succursale,view,view,view,translated in all three,24,CrossBuy/Views/Admin/AdministrativeStructure.cshtml
Branch (Location),الفرع (Location),Branch (Location),Succursale (Emplacement),view,view,view,translated in all three,1,CrossBuy/Views/Pos/Setup.cshtml
Branch (functional),عملة الفرع (وظيفية),Branch (functional),Succursale (fonctionnelle),view,view,view,translated in all three,1,CrossBuy/Views/Accounting/BankAccounts.cshtml
"Branch delivery zones and per-zone fee — frozen on the order, billed at payment. Setup only, no accounting effect.",مناطق الفرع ورسم التوصيل لكل منطقة — يُجمَّد على الطلب وقت الطلب، ويدخل الفاتورة عند الدفع. تأسيس فقط، لا أثر محاسبي.,"Branch delivery zones and per-zone fee — frozen on the order, billed at payment. Setup only, no accounting effect.","Zones de livraison de la succursale et frais par zone — figés sur la commande, facturés au paiement. Configuration uniquement, sans effet comptable.",view,view,view,translated in all three,1,CrossBuy/Views/Pos/DeliveryZones.cshtml
Branch dining areas and prep stations (prepares for kitchen routing later).,صالات الفرع ومحطات التحضير (تمهيد لتوجيه المطبخ لاحقًا).,Branch dining areas and prep stations (prepares for kitchen routing later).,Salles de la succursale et postes de préparation (prépare le routage vers la cuisine ultérieurement).,view,view,view,translated in all three,1,CrossBuy/Views/Pos/Areas.cshtml
"Branch drivers assignable to delivery orders — setup only, no accounting effect.",سائقو الفرع لتعيينهم على طلبات التوصيل — تأسيس فقط، لا أثر محاسبي.,"Branch drivers assignable to delivery orders — setup only, no accounting effect.","Livreurs de la succursale pouvant être affectés aux commandes de livraison — configuration uniquement, sans effet comptable.",view,view,view,translated in all three,1,CrossBuy/Views/Pos/Drivers.cshtml
Branch is not in this company,الفرع لا ينتمي لهذه الشركة,Branch is not in this company,La succursale n'appartient pas à cette société,view,view,view,translated in all three,1,CrossBuy/Views/Roster/Index.cshtml
Branch payment methods,طرق الدفع للفرع,Branch payment methods,Modes de paiement de la succursale,view,view,view,translated in all three,1,CrossBuy/Views/Pos/PaymentMethods.cshtml
Branch scope (keeper),نطاق الفرع (لأمين المخزن),Branch scope (keeper),Portée de succursale (magasinier),view,view,view,translated in all three,1,CrossBuy/Views/Inventory/InventoryRoles.cshtml
Branch terminals,أجهزة الفرع,Branch terminals,Terminaux de la succursale,view,view,view,translated in all three,1,CrossBuy/Views/Pos/Terminals.cshtml
BranchData,بيانات الفرع,Branch Data,Données de la succursale,shared,shared,shared,translated in all three,1,CrossBuy/Views/Service/BranchDetails.cshtml
BranchDetails,تفاصيل الفرع,BranchDetails,BranchDetails,view,view,view,translated in all three,1,CrossBuy/Views/Service/BranchDetails.cshtml
BranchName,اسم الفرع,Branch name,Nom de la succursale,shared,shared,shared,translated in all three,1,CrossBuy/Views/Service/BranchesList.cshtml
BranchNameAr,اسم الفرع - باللغة العربية,Branch Name Arabic,Nom de la succursale (arabe),shared,shared,shared,translated in all three,1,CrossBuy/Views/Service/BranchDetails.cshtml
BranchNameEn,اسم الفرع - باللغة الإنجليزية,Branch Name English,Nom de la succursale (anglais),shared,shared,shared,translated in all three,1,CrossBuy/Views/Service/BranchDetails.cshtml
Branches,الأفرع,Branches,Succursales,shared,shared,shared,translated in all three,2,CrossBuy/Views/Admin/EmployeesList.cshtml
BranchesList,قائمة الفروع,BranchesList,BranchesList,view,view,view,translated in all three,1,CrossBuy/Views/Service/BranchesList.cshtml
BrandFootline,أعمال بلا حدود,BUSINESS WITHOUT BOUNDARIES,DES AFFAIRES SANS FRONTIÈRES,shared,shared,shared,translated in all three,2,CrossBuy/Views/Account/Login.cshtml
BrandHeadlineAccent,إمكانات بلا حدود.,Endless Possibilities.,Des possibilités infinies.,shared,shared,shared,translated in all three,1,CrossBuy/Views/Account/Login.cshtml
BrandHeadlineLead,منصّة واحدة.,One Platform.,Une plateforme.,shared,shared,shared,translated in all three,1,CrossBuy/Views/Account/Login.cshtml
BrandSubLine1,اربط فريقك وإجراءاتك وبياناتك.,"Connect your people, processes and data.","Reliez vos équipes, vos processus et vos données.",shared,shared,shared,translated in all three,1,CrossBuy/Views/Account/Login.cshtml
BrandSubLine2,وابنِ غدًا أكثر ذكاءً.,Build a smarter tomorrow.,Construisez un avenir plus intelligent.,shared,shared,shared,translated in all three,1,CrossBuy/Views/Account/Login.cshtml
BrandTagline,المنصّة التي تربط أعمالك,THE CROSS-BUSINESS PLATFORM,LA PLATEFORME INTER-MÉTIERS,shared,shared,shared,translated in all three,1,CrossBuy/Views/Account/Login.cshtml
Brands,العلامات التجارية,Brands,Marques,view,view,view,translated in all three,1,CrossBuy/Views/Brand/Brands.cshtml
Breached,متجاوز,Breached,Breached,view,fallback-to-key,fallback-to-key,english falls back to key text,1,CrossBuy/Views/Crm/Tickets.cshtml
Break,استراحة,Break,Pause,view,view,view,translated in all three,1,CrossBuy/Views/Admin/EmployeeData.cshtml
BreakDurationMinutes,مدة الاستراحة بالدقائق,Break Duration Minutes,Durée de pause (minutes),shared,shared,shared,translated in all three,1,CrossBuy/Views/Admin/Polices.cshtml
BreakEndTime,نهاية وقت الاستراحة,Break End Time,Heure de fin de pause,shared,shared,shared,translated in all three,1,CrossBuy/Views/Admin/Polices.cshtml
BreakStartTime,وقت بداية الاستراحة,Break Start Time,Heure de début de pause,shared,shared,shared,translated in all three,1,CrossBuy/Views/Admin/Polices.cshtml
BreakTime,وقت الاستراحة,Break Time,Temps de pause,shared,shared,shared,translated in all three,1,CrossBuy/Views/Admin/Polices.cshtml
BreakTimeNote,ملاحظة وقت الاستراحة,BreakTimeNote,Remarque sur le temps de pause,shared,shared,shared,translated in all three,1,CrossBuy/Views/Admin/Polices.cshtml
Bring nature into your home,Bring nature into your home,Bring nature into your home,Bring nature into your home,fallback-to-key,fallback-to-key,fallback-to-key,MISSING arabic — key shown to user,1,CrossBuy/Views/Home/Store.cshtml
Browse,تصفح,Browse,Parcourir,view,view,view,translated in all three,1,CrossBuy/Views/Shared/_mainLayout.cshtml
Browse Users,تصفح المستخدمين,Browse Users,Parcourir les utilisateurs,view,view,view,translated in all three,1,CrossBuy/Views/Shared/_LayoutManufacturing.cshtml
Budget,الميزانية,Budget,Budget,view,view,view,translated in all three,3,CrossBuy/Views/Crm/Campaigns.cshtml
Budget (optional),الميزانية (اختياري),Budget (optional),Budget (facultatif),view,view,view,translated in all three,1,CrossBuy/Views/Project/Projects.cshtml
Budget vs actual,الموازنة (تقديري/فعلي),Budget vs actual,Budget vs réel,view,view,view,translated in all three,2,CrossBuy/Views/Project/Budget.cshtml
"Built from posted documents. A manual journal posted directly to the control account does not appear here, because the journal line does not record which party it belongs to.",مبني على المستندات المُرحَّلة. القيد اليدوي المُرحَّل مباشرة على الحساب الوسيط لا يظهر هنا، لأن سطر القيد لا يسجّل الطرف التابع له.,"Built from posted documents. A manual journal posted directly to the control account does not appear here, because the journal line does not record which party it belongs to.","Construit à partir des documents comptabilisés. Une écriture manuelle passée directement sur le compte collectif n'y figure pas, car la ligne d'écriture n'enregistre pas le tiers concerné.",view,view,view,translated in all three,2,CrossBuy/Views/Accounting/CustomerStatement.cshtml
Bulk price change,تغيير الأسعار جماعيًّا,Bulk price change,Modification groupée des prix,shared,fallback-to-key,shared,english falls back to key text,1,CrossBuy/Views/Inventory/BulkPriceChange.cshtml
Bundle,حزمة,Bundle,Ensemble,view,view,view,translated in all three,2,CrossBuy/Views/Inventory/_ItemRows.cshtml
Bundle — explodes on sale,حزمة بيع — تتفكّك عند البيع,Bundle — explodes on sale,Lot — éclaté à la vente,view,view,view,translated in all three,1,CrossBuy/Views/Inventory/ItemForm.cshtml
Business Event Monitor,مراقب أحداث المنصّة,Business Event Monitor,Moniteur d'événements métier,view,view,view,translated in all three,1,CrossBuy/Views/BusinessEventMonitor/Index.cshtml
Business rules,قواعد عمل,Business rules,Règles métier,view,view,view,translated in all three,2,CrossBuy/Views/Crm/AccountInsights.cshtml
Buy,شراء,Buy,Acheter,view,view,view,translated in all three,3,CrossBuy/Views/Currency/ExchangeRates.cshtml
By,بواسطة,By,By,view,fallback-to-key,fallback-to-key,english falls back to key text,4,CrossBuy/Views/Announcements/Index.cshtml
By default a dedicated child cash account is created under the main cash; or pick an existing one.,افتراضيًا يُنشأ حساب نقدية ابن مستقل تحت الصندوق الرئيسي؛ أو اختر حسابًا قائمًا.,By default a dedicated child cash account is created under the main cash; or pick an existing one.,"Par défaut, un sous-compte de caisse dédié est créé sous la caisse principale ; ou choisissez-en un existant.",view,view,view,translated in all three,1,CrossBuy/Views/Pos/Terminals.cshtml
By open opportunity value,حسب قيمة الفرص المفتوحة,By open opportunity value,By open opportunity value,shared,fallback-to-key,fallback-to-key,english falls back to key text,1,CrossBuy/Views/Crm/Index.cshtml
By qty,بالكمية,By qty,Par qté,view,view,view,translated in all three,1,CrossBuy/Views/Inventory/LandedCosts.cshtml
By quantity,بالكمية,By quantity,Par quantité,view,view,view,translated in all three,1,CrossBuy/Views/Inventory/NewLandedCost.cshtml
By revenue,حسب الإيراد,By revenue,Par chiffre d'affaires,view,view,view,translated in all three,1,CrossBuy/Views/Accounting/Executive.cshtml
By source,حسب المصدر,By source,By source,view,view,fallback-to-key,MISSING french — English key shown,1,CrossBuy/Views/Workspace/Index.cshtml
By value,بالقيمة,By value,Par valeur,view,view,view,translated in all three,2,CrossBuy/Views/Inventory/LandedCosts.cshtml
COGS,التكلفة,COGS,COGS,shared,fallback-to-key,fallback-to-key,english falls back to key text,2,CrossBuy/Views/Accounting/CustomerAnalytics.cshtml
COGS account,حساب التكلفة (COGS),COGS account,Compte COGS,view,view,view,translated in all three,1,CrossBuy/Views/Inventory/CategoryForm.cshtml
COGS acct,حساب التكلفة,COGS acct,Compte COGS,view,view,view,translated in all three,1,CrossBuy/Views/Inventory/Categories.cshtml
CRM,إدارة العلاقات,CRM,CRM,shared,shared,shared,translated in all three,11,CrossBuy/Views/Crm/AccountInsights.cshtml
CRM 360° reports,تقارير CRM 360°,CRM 360° reports,Rapports CRM 360°,view,view,view,translated in all three,1,CrossBuy/Views/Crm/Reports.cshtml
CRM Roles,صلاحيات CRM,CRM Roles,Rôles CRM,view,view,view,translated in all three,1,CrossBuy/Views/Crm/CrmRoles.cshtml
Calculation settings,إعدادات الحساب,Calculation settings,Paramètres de calcul,view,view,view,translated in all three,1,CrossBuy/Views/Accounting/PayrollTaxSettings.cshtml
Calendar,التقويم,Calendar,Calendrier,view,view,view,translated in all three,8,CrossBuy/Views/Calendar/Index.cshtml
Call,اتصال,Call,Appel,view,view,view,translated in all three,4,CrossBuy/Views/Crm/Activities.cshtml
Campaign,الحملة,Campaign,Campagne,view,view,view,translated in all three,3,CrossBuy/Views/Crm/Campaigns.cshtml
Campaign ROI,عائد الحملات,Campaign ROI,ROI de campagne,view,view,view,translated in all three,1,CrossBuy/Views/Crm/Reports.cshtml
Campaign members,أعضاء الحملة,Campaign members,Membres de la campagne,view,view,view,translated in all three,1,CrossBuy/Views/Crm/CampaignDetail.cshtml
Campaigns,الحملات,Campaigns,Campagnes,view,view,view,translated in all three,4,CrossBuy/Views/Crm/CampaignDetail.cshtml
Can Edit,يمكنه التعديل,Can Edit,Peut modifier,view,view,view,translated in all three,1,CrossBuy/Views/Shared/_LayoutManufacturing.cshtml
Can't approve your own (SoD),لا يمكنك اعتماد طلبك (فصل مهام),Can't approve your own (SoD),Impossible d'approuver vos propres documents (SoD),view,view,view,translated in all three,1,CrossBuy/Views/Inventory/Approvals.cshtml
Cancel,إلغــــــــــــــــــاء,Cancel,Annuler,shared,shared,shared,translated in all three,84,CrossBuy/Views/Accounting/AssetCategories.cshtml
Cancel WO,إلغاء الأمر,Cancel WO,Annuler l'OF,view,view,view,translated in all three,1,CrossBuy/Views/Inventory/WorkOrderDetails.cshtml
Cancel assignment,إلغاء الإسناد,Cancel assignment,Annuler l'affectation,view,view,view,translated in all three,1,CrossBuy/Views/Roster/Index.cshtml
Cancel avatar,إلغاء الصورة,Cancel avatar,Annuler l'avatar,view,view,view,translated in all three,2,CrossBuy/Views/Service/BranchDetails.cshtml
Cancel reservation?,إلغاء الحجز؟,Cancel reservation?,Annuler la réservation ?,view,view,view,translated in all three,1,CrossBuy/Views/Pos/Reservations.cshtml
Cancel the reply,إلغاء الرد,Cancel the reply,Annuler la réponse,view,fallback-to-key,view,english falls back to key text,1,CrossBuy/Views/Shared/_EntityConversation.cshtml
Cancel this work order?,إلغاء أمر التشغيل؟,Cancel this work order?,Annuler cet ordre de fabrication ?,view,view,view,translated in all three,1,CrossBuy/Views/Inventory/WorkOrderDetails.cshtml
Cancelled,الملغي,Cancelled,Annulé,view,view,view,translated in all three,14,CrossBuy/Views/Admin/CourseEnrollments.cshtml
Cancelled and wasted quantities are already inside Actual — they are shown so they are not read as unexplained variance.,الكميات الملغاة والهالكة محسوبة بالفعل داخل الفعلي — وتُعرض هنا حتى لا تُقرأ كفرق غير مفسّر.,Cancelled and wasted quantities are already inside Actual — they are shown so they are not read as unexplained variance.,Les quantités annulées et gaspillées sont déjà comprises dans le Réel — elles sont affichées pour ne pas être lues comme un écart inexpliqué.,view,view,view,translated in all three,1,CrossBuy/Views/RestaurantIntelligence/Index.cshtml
Capabilities drive what the cashier surface shows later.,القدرات تتحكّم فيما يظهر لاحقًا للكاشير (طاولات/مطبخ/…).,Capabilities drive what the cashier surface shows later.,Les capacités déterminent ce que l'interface caissier affichera ultérieurement.,view,view,view,translated in all three,1,CrossBuy/Views/Pos/Setup.cshtml
Capital in slow stock,رأس مال في مخزون راكد,Capital in slow stock,Capital en stock dormant,view,view,view,translated in all three,1,CrossBuy/Views/Inventory/RiskInsights.cshtml
Capitalize,رسملة,Capitalize,Immobiliser,view,view,view,translated in all three,1,CrossBuy/Views/Inventory/CapitalizeAsset.cshtml
Capitalize asset from stock,رسملة أصل من المخزون,Capitalize asset from stock,Immobiliser un actif depuis le stock,view,view,view,translated in all three,1,CrossBuy/Views/Inventory/CapitalizeAsset.cshtml
CapsLockOn,مفتاح Caps Lock مُفعَّل,Caps Lock is on,La touche Verr. Maj est activée,shared,shared,shared,translated in all three,1,CrossBuy/Views/Account/Login.cshtml
Card,بطاقة,Card,Carte,view,view,view,translated in all three,2,CrossBuy/Views/Pos/PaymentMethods.cshtml
Careers,الوظائف,Careers,Carrières,view,view,view,translated in all three,1,CrossBuy/Views/Shared/_mainLayout.cshtml
Carried,المُرحَّل,Carried,Reporté,view,view,view,translated in all three,1,CrossBuy/Views/Admin/LeaveCarryOver.cshtml
Carried forward,رصيد مرحّل من الصفحة السابقة,Carried forward,Report à nouveau,view,view,view,translated in all three,2,CrossBuy/Views/Accounting/CustomerStatement.cshtml
Carry-over limit,حد الترحيل,Carry-over limit,Limite de report,view,view,view,translated in all three,1,CrossBuy/Views/Admin/PolicesData.cshtml
Carry-over max,الحد الأقصى للترحيل,Carry-over max,Report max,view,view,view,translated in all three,1,CrossBuy/Views/Admin/EmployeeData.cshtml
CarryForwardLimit,الحد الأقصى للترحيل,Carry Forward Limit,Limite de report,shared,shared,shared,translated in all three,1,CrossBuy/Views/Admin/Polices.cshtml
CarryOverLimit,اقصي عد ايام يمكن ترحيلها,Carry Over Limit,Limite de report,shared,shared,shared,translated in all three,1,CrossBuy/Views/Admin/PolicesData.cshtml
Cart,السلة,Cart,Panier,view,view,view,translated in all three,1,CrossBuy/Views/Shared/_mainLayout.cshtml
Cash,نقدي,Cash,Espèces,view,view,view,translated in all three,5,CrossBuy/Views/Accounting/Payments.cshtml
Cash & Banks,Cash & Banks,Cash & Banks,Cash & Banks,fallback-to-key,fallback-to-key,fallback-to-key,MISSING arabic — key shown to user,2,CrossBuy/Views/Accounting/Executive.cshtml
Cash / Card / KNet …,Cash / Card / KNet …,Cash / Card / KNet …,Espèces / Carte / KNet …,view,view,view,translated in all three,1,CrossBuy/Views/Pos/PaymentMethods.cshtml
Cash Boxes,الخزائن النقدية,Cash Boxes,Caisses,view,view,view,translated in all three,1,CrossBuy/Views/Accounting/CashBoxes.cshtml
Cash Flow,التدفقات النقدية,Cash Flow,Flux de trésorerie,view,view,view,translated in all three,2,CrossBuy/Views/Accounting/CashFlow.cshtml
Cash Flow Statement,قائمة التدفقات النقدية,Cash Flow Statement,Tableau des flux de trésorerie,view,view,view,translated in all three,1,CrossBuy/Views/Accounting/CashFlow.cshtml
Cash at beginning,النقدية في بداية الفترة,Cash at beginning,Trésorerie en début de période,view,view,view,translated in all three,1,CrossBuy/Views/Accounting/CashFlow.cshtml
Cash at end of period,النقدية في نهاية الفترة,Cash at end of period,Trésorerie en fin de période,view,view,view,translated in all three,1,CrossBuy/Views/Accounting/CashFlow.cshtml
Cash box,الخزينة,Cash box,Caisse,view,view,view,translated in all three,1,CrossBuy/Views/Accounting/CashBoxes.cshtml
Cash boxes,الخزائن,Cash boxes,Caisses,view,view,view,translated in all three,1,CrossBuy/Views/Accounting/CashBoxes.cshtml
Cash decrease detail,تجاوزت التدفقات النقدية الخارجة التدفقات الداخلة، فانخفض رصيد النقدية بنهاية الفترة عن بدايتها.,"Cash outflows exceeded inflows, so the closing cash balance is lower than the opening balance.",Les sorties de trésorerie ont dépassé les entrées : le solde de clôture est inférieur au solde d ouverture.,shared,shared,shared,translated in all three,1,CrossBuy/Views/Accounting/CashFlow.cshtml
Cash flow,تصنيف التدفق النقدي,Cash flow,Flux de trésorerie,view,view,view,translated in all three,1,CrossBuy/Views/Accounting/ChartOfAccounts.cshtml
Cash from financing activities,التدفقات من الأنشطة التمويلية,Cash from financing activities,Flux de trésorerie des activités de financement,view,view,view,translated in all three,1,CrossBuy/Views/Accounting/CashFlow.cshtml
Cash from investing activities,التدفقات من الأنشطة الاستثمارية,Cash from investing activities,Flux de trésorerie des activités d'investissement,view,view,view,translated in all three,1,CrossBuy/Views/Accounting/CashFlow.cshtml
Cash from operating activities,التدفقات من الأنشطة التشغيلية,Cash from operating activities,Flux de trésorerie des activités d'exploitation,view,view,view,translated in all three,1,CrossBuy/Views/Accounting/CashFlow.cshtml
Cash increase detail,تجاوزت التدفقات النقدية الداخلة التدفقات الخارجة، فزاد رصيد النقدية بنهاية الفترة عن بدايتها.,"Cash inflows exceeded outflows, so the closing cash balance is higher than the opening balance.",Les entrées de trésorerie ont dépassé les sorties : le solde de clôture est supérieur au solde d ouverture.,shared,shared,shared,translated in all three,1,CrossBuy/Views/Accounting/CashFlow.cshtml
Cash movements are classified by the cash-flow category of the contra accounts.,تُصنَّف الحركة النقدية حسب تصنيف التدفق النقدي للحسابات المقابلة.,Cash movements are classified by the cash-flow category of the contra accounts.,Les mouvements de trésorerie sont classés selon la catégorie de flux de trésorerie des comptes de contrepartie.,view,view,view,translated in all three,1,CrossBuy/Views/Accounting/CashFlow.cshtml
Cash-flow projection,إسقاط التدفق النقدي,Cash-flow projection,Projection des flux de trésorerie,view,view,view,translated in all three,1,CrossBuy/Views/Accounting/AiInsights.cshtml
Cash/Bank account,حساب النقدية/البنك,Cash/Bank account,Compte caisse/banque,view,view,view,translated in all three,3,CrossBuy/Views/Project/Advance.cshtml
Cash/Bank acct,الحساب النقدي,Cash/Bank acct,Compte caisse/banque,view,view,view,translated in all three,2,CrossBuy/Views/Accounting/Payments.cshtml
Cashier,الكاشير,Cashier,Caissier,view,view,view,translated in all three,2,CrossBuy/Views/Accounting/AccountingRoles.cshtml
Cashier 1,كاشير 1,Cashier 1,Caissier 1,view,view,view,translated in all three,1,CrossBuy/Views/Pos/Terminals.cshtml
Cashier buttons,أزرار الكاشير,Cashier buttons,Boutons du caissier,view,view,view,translated in all three,1,CrossBuy/Views/Pos/QuickMenu.cshtml
Cashier roles,أدوار الكاشير,Cashier roles,Rôles de caissier,view,view,view,translated in all three,1,CrossBuy/Views/Pos/CashierRoles.cshtml
Cashier screen preview,معاينة شاشة الكاشير,Cashier screen preview,Aperçu de l'écran caissier,view,view,view,translated in all three,1,CrossBuy/Views/Pos/Preview.cshtml
Cashier sign-in — standalone,دخول الكاشير — بيئة مستقلة,Cashier sign-in — standalone,Connexion caissier — autonome,view,view,view,translated in all three,1,CrossBuy/Views/PosApp/Login.cshtml
Cashier terminal,شاشة الكاشير,Cashier terminal,Terminal caissier,view,shared,shared,translated in all three,1,CrossBuy/Views/Pos/Dashboard.cshtml
Cashier terminals,أجهزة الكاشير,Cashier terminals,Terminaux caissier,view,view,view,translated in all three,1,CrossBuy/Views/Pos/Terminals.cshtml
Cash→cash box · Card→card clearing · KNet→KNet clearing · On account→AR.,نقدي→الصندوق · بطاقة→وسيط البطاقة · كي-نت→وسيط كي-نت · آجل→الذمم.,Cash→cash box · Card→card clearing · KNet→KNet clearing · On account→AR.,Espèces→caisse · Carte→compensation carte · KNet→compensation KNet · À crédit→AR.,view,view,view,translated in all three,1,CrossBuy/Views/Pos/PaymentMethods.cshtml
Catalog,الكتالوج,Catalog,Catalogue,view,view,view,translated in all three,6,CrossBuy/Views/Admin/AdministrativeBodiesCompanyList.cshtml
Categories,التصنيفات,Categories,Catégories,view,view,view,translated in all three,3,CrossBuy/Views/Inventory/Categories.cshtml
Category,التصنيف,Category,Catégorie,view,shared,shared,translated in all three,14,CrossBuy/Views/Accounting/AssetCategories.cshtml
Category (EN),Category (EN),Category (EN),Category (EN),fallback-to-key,fallback-to-key,fallback-to-key,MISSING arabic — key shown to user,1,CrossBuy/Views/Crm/TicketEditor.cshtml
Category (all),الفئة (الكلّ),Category (all),Catégorie (toutes),shared,fallback-to-key,shared,english falls back to key text,1,CrossBuy/Views/Inventory/BulkPriceChange.cshtml
Category (root),فئة رئيسية,Category (root),Catégorie (racine),view,view,view,translated in all three,1,CrossBuy/Views/Inventory/CategoryForm.cshtml
Category details,بيانات الفئة,Category details,Détails de la catégorie,view,view,view,translated in all three,1,CrossBuy/Views/Inventory/CategoryForm.cshtml
Cc,نسخة,Cc,Cc,shared,fallback-to-key,shared,english falls back to key text,2,CrossBuy/Views/Comm/Compose.cshtml
Center,توسيط,Center,Centrer,view,view,view,translated in all three,1,CrossBuy/Views/Pos/FloorPlan.cshtml
Central,مركزي,Central,Central,view,view,view,translated in all three,2,CrossBuy/Views/Currency/ExchangeRates.cshtml
Certificate,الشهادة,Certificate,Certificat,view,view,view,translated in all three,2,CrossBuy/Views/Admin/CourseEnrollments.cshtml
Change,الباقي,Change,Monnaie,view,view,view,translated in all three,1,CrossBuy/Views/PosApp/Terminal.cshtml
Change avatar,تغيير الصورة,Change avatar,Changer l'avatar,view,view,view,translated in all three,2,CrossBuy/Views/Service/BranchDetails.cshtml
Change image,تغيير الصورة,Change image,Changer l'image,view,view,view,translated in all three,2,CrossBuy/Views/Inventory/CategoryForm.cshtml
Change logo,تغيير اللوجو,Change logo,Changer le logo,view,view,view,translated in all three,1,CrossBuy/Views/Brand/BrandEditor.cshtml
Change photo,تغيير الصورة,Change photo,Changer la photo,view,view,view,translated in all three,2,CrossBuy/Views/Admin/ApplicationForm.cshtml
Change status to,تغيير الحالة إلى,Change status to,Changer le statut en,view,view,view,translated in all three,1,CrossBuy/Views/Crm/TicketEditor.cshtml
Changing a published roster requires a reason.,تعديل جدول منشور يتطلب ذكر سبب.,Changing a published roster requires a reason.,Modifier un planning publié exige un motif.,view,view,view,translated in all three,1,CrossBuy/Views/Roster/Index.cshtml
Channel,القناة,Channel,Canal,view,view,view,translated in all three,1,CrossBuy/Views/Crm/Campaigns.cshtml
Chart of Accounts,شجرة الحسابات,Chart of Accounts,Plan comptable,view,view,view,translated in all three,1,CrossBuy/Views/Accounting/ChartOfAccounts.cshtml
Chat,المحادثات,Chat,Discussions,view,fallback-to-key,shared,english falls back to key text,2,CrossBuy/Views/Chat/Index.cshtml
Check,الفحص,Check,Vérification,view,view,view,translated in all three,1,CrossBuy/Views/Inventory/IntegrityReconciliation.cshtml
Check-in,الحضور,Check-in,Pointage d'entrée,view,view,view,translated in all three,2,CrossBuy/Views/Admin/AttendanceEntry.cshtml
Check-out,الانصراف,Check-out,Pointage de sortie,view,view,view,translated in all three,2,CrossBuy/Views/Admin/AttendanceEntry.cshtml
Checkbox,مربّع,Checkbox,Case à cocher,view,view,view,translated in all three,1,CrossBuy/Views/Crm/CustomFields.cshtml
Checkout,إتمام الشراء,Checkout,Passer à la caisse,view,view,view,translated in all three,1,CrossBuy/Views/Shared/_mainLayout.cshtml
Checkout (disabled in preview),الدفع (معطّل في المعاينة),Checkout (disabled in preview),Encaisser (désactivé en aperçu),view,view,view,translated in all three,1,CrossBuy/Views/Pos/Preview.cshtml
Chief,رئيس حسابات,Chief,Chef,view,view,view,translated in all three,1,CrossBuy/Views/Accounting/AccountingRoles.cshtml
Children,الحسابات الفرعية,Children,Sous-comptes,view,view,view,translated in all three,1,CrossBuy/Views/Accounting/ChartOfAccounts.cshtml
Choice,بديل (إجباري),Choice,Choix,view,view,view,translated in all three,1,CrossBuy/Views/Pos/Modifiers.cshtml
"Choice (mandatory, no price)",بديل (إجباري، بلا سعر),"Choice (mandatory, no price)","Choix (obligatoire, sans prix)",view,view,view,translated in all three,1,CrossBuy/Views/Pos/Modifiers.cshtml
Choice = one mandatory free alternative. AddOn = optional priced extras.,«بديل» = خيار إجباري واحد بلا سعر (مثل مشروب العرض). «إضافة» = خيارات اختيارية بسعر (جبنة/بطاطس زيادة).,Choice = one mandatory free alternative. AddOn = optional priced extras.,Choix = une alternative obligatoire gratuite. Supplément = extras facultatifs payants.,view,view,view,translated in all three,1,CrossBuy/Views/Pos/Modifiers.cshtml
Choice group: extra price is always zero.,مجموعة «بديل»: السعر الإضافي = صفر دائمًا.,Choice group: extra price is always zero.,Groupe de choix : le prix supplémentaire est toujours nul.,view,view,view,translated in all three,1,CrossBuy/Views/Pos/Modifiers.cshtml
Choice has no price,البديل بلا سعر,Choice has no price,Le choix n'a pas de prix,view,view,view,translated in all three,1,CrossBuy/Views/Pos/Modifiers.cshtml
Choose,اختر,Choose,Choisir,view,view,view,translated in all three,1,CrossBuy/Views/Accounting/PartyStatementPicker.cshtml
Choose a list…,اختر قائمة…,Choose a list…,Choisir une liste…,view,view,view,translated in all three,1,CrossBuy/Views/Crm/CampaignDetail.cshtml
Choose a price list,اختر قائمة أسعار,Choose a price list,Choisir une liste de prix,shared,fallback-to-key,shared,english falls back to key text,2,CrossBuy/Views/Inventory/BulkPriceChange.cshtml
Choose a print layout,اختر نموذج الطباعة,Choose a print layout,Choisir une mise en page,view,view,view,translated in all three,1,CrossBuy/Views/Shared/_ReportPrintMenu.cshtml
Choose a vendor…,اختر مورّدًا…,Choose a vendor…,Choose a vendor…,view,fallback-to-key,fallback-to-key,english falls back to key text,1,CrossBuy/Views/Accounting/MatchReceipts.cshtml
Choose destination,اختر الوجهة,Choose destination,Choisir la destination,view,view,view,translated in all three,1,CrossBuy/Views/Portal/Choose.cshtml
Choose options,اختر الإضافات,Choose options,Choose options,view,fallback-to-key,fallback-to-key,english falls back to key text,1,CrossBuy/Views/PosApp/Terminal.cshtml
Choose terminal,اختيار الجهاز,Choose terminal,Choisir le terminal,view,view,view,translated in all three,1,CrossBuy/Views/PosApp/Start.cshtml
Choose the portal that fits your needs today,اختر البوابة التي تناسب احتياجك اليوم,Choose the portal that fits your needs today,Choisissez le portail qui correspond à vos besoins aujourd'hui,view,view,view,translated in all three,1,CrossBuy/Views/Portal/Choose.cshtml
Choose your terminal,اختر جهاز الكاشير,Choose your terminal,Choisissez votre terminal,view,view,view,translated in all three,1,CrossBuy/Views/PosApp/Start.cshtml
ChooseItem,إختر عنصر,Choose Item,Choisir un article,shared,shared,shared,translated in all three,4,CrossBuy/Views/Admin/Polices.cshtml
Choosing a type turns on its default capabilities (editable afterward).,اختيار النوع يفعّل حزمة القدرات الافتراضية (يمكن تعديلها بعدها).,Choosing a type turns on its default capabilities (editable afterward).,Choisir un type active ses capacités par défaut (modifiables ensuite).,view,view,view,translated in all three,1,CrossBuy/Views/Pos/Setup.cshtml
Claimed,قيد المعالجة,Claimed,En cours,view,view,view,translated in all three,1,CrossBuy/Views/BusinessEventMonitor/Index.cshtml
Clashes with assignment,يتعارض مع الإسناد,Clashes with assignment,En conflit avec l'affectation,view,view,view,translated in all three,1,CrossBuy/Views/Roster/Index.cshtml
Classic mode,الوضع العادي,Classic mode,Mode classique,view,view,view,translated in all three,1,CrossBuy/Views/Accounting/CreateJournal.cshtml
Clean with Our,Clean with Our,Clean with Our,Clean with Our,fallback-to-key,fallback-to-key,fallback-to-key,MISSING arabic — key shown to user,1,CrossBuy/Views/Home/Store.cshtml
Cleaning,تنظيف,Cleaning,Nettoyage,view,view,view,translated in all three,1,CrossBuy/Views/PosApp/Terminal.cshtml
Clear,مسح,Clear,Effacer,view,view,view,translated in all three,2,CrossBuy/Views/PosApp/Terminal.cshtml
Clear All,مسح الكل,Clear All,Tout effacer,view,view,view,translated in all three,1,CrossBuy/Views/Pos/Preview.cshtml
"Clear the filters, or ask an administrator for access to a module's reports.",امسح عوامل التصفية، أو اطلب من المسؤول صلاحية الوصول إلى تقارير الوحدة.,"Clear the filters, or ask an administrator for access to a module's reports.",Effacez les filtres ou demandez l'accès aux rapports d'un module.,view,view,view,translated in all three,1,CrossBuy/Views/Reports/Index.cshtml
Cleared,المُحصَّل,Cleared,Pointé,view,view,view,translated in all three,2,CrossBuy/Views/Accounting/Reconcile.cshtml
Cleared balance,الرصيد المُحصَّل (المؤشَّر),Cleared balance,Solde pointé,view,view,view,translated in all three,1,CrossBuy/Views/Accounting/Reconcile.cshtml
"Click any table on the floor to book it for a time — operational, no accounting effect.",اضغط أي طاولة على المخطط للحجز لوقت — حالة تشغيلية، لا أثر محاسبي.,"Click any table on the floor to book it for a time — operational, no accounting effect.","Cliquez sur n'importe quelle table du plan pour la réserver à un horaire — opérationnel, sans effet comptable.",view,view,view,translated in all three,1,CrossBuy/Views/Pos/Reservations.cshtml
Click any table to book it for a time — an occupied table can be booked for later (time-overlap is prevented).,اضغط أي طاولة لحجزها لوقت — المشغولة تُحجز لوقت لاحق (منع التداخل الزمني نافذ).,Click any table to book it for a time — an occupied table can be booked for later (time-overlap is prevented).,Cliquez sur n'importe quelle table pour la réserver à un horaire — une table occupée peut être réservée pour plus tard (le chevauchement horaire est empêché).,view,view,view,translated in all three,1,CrossBuy/Views/Pos/Reservations.cshtml
Click on a policy to select it and view its full details.,انقر على سياسة لتحديدها وعرض تفاصيلها الكاملة.,Click on a policy to select it and view its full details.,Cliquez sur une politique pour la sélectionner et voir ses détails complets.,view,view,view,translated in all three,1,CrossBuy/Views/Admin/EmployeeData.cshtml
Click the arrow to collapse / expand branches,انقر على السهم لطي / توسيع الفروع,Click the arrow to collapse / expand branches,Cliquez sur la flèche pour réduire / développer les branches,view,view,view,translated in all three,1,CrossBuy/Views/Admin/AdministrativeStructure.cshtml
Click to clear this filter,اضغط لإلغاء هذه التصفية,Click to clear this filter,Cliquer pour effacer,view,view,view,translated in all three,1,CrossBuy/Views/BusinessEventMonitor/Index.cshtml
Click to filter by this,اضغط للتصفية بهذا,Click to filter by this,Cliquer pour filtrer,view,view,view,translated in all three,1,CrossBuy/Views/BusinessEventMonitor/Index.cshtml
Close,إغلاق,Close,Fermer,shared,shared,shared,translated in all three,14,CrossBuy/Views/Accounting/Periods.cshtml
Close date,تاريخ الإقفال,Close date,Date de clôture,view,view,view,translated in all three,1,CrossBuy/Views/Accounting/YearEndClose.cshtml
Close permanently? Posting will be blocked.,قفل الفترة نهائيًا؟ لن يُسمح بالترحيل فيها.,Close permanently? Posting will be blocked.,Clôturer définitivement ? La comptabilisation sera bloquée.,view,view,view,translated in all three,1,CrossBuy/Views/Accounting/Periods.cshtml
Close shift,إغلاق الوردية,Close shift,Clôturer le service,view,view,view,translated in all three,1,CrossBuy/Views/Pos/Terminals.cshtml
Close shift (Z),إغلاق الوردية (Z),Close shift (Z),Close shift (Z),view,fallback-to-key,fallback-to-key,english falls back to key text,1,CrossBuy/Views/PosApp/Terminal.cshtml
Close shift?,إغلاق الوردية؟,Close shift?,Clôturer le service ?,view,view,view,translated in all three,1,CrossBuy/Views/Pos/Terminals.cshtml
Close the project,Close the project,Close the project,Close the project,fallback-to-key,fallback-to-key,fallback-to-key,MISSING arabic — key shown to user,1,CrossBuy/Views/ProjectCloseout/Index.cshtml
Close the shift? This cannot be undone.,إغلاق الوردية؟ لا يمكن التراجع.,Close the shift? This cannot be undone.,Close the shift? This cannot be undone.,view,fallback-to-key,fallback-to-key,english falls back to key text,1,CrossBuy/Views/PosApp/Terminal.cshtml
Closed,مغلقة,Closed,Clôturée,view,view,view,translated in all three,13,CrossBuy/Views/Accounting/Index.cshtml
Closeout history,Closeout history,Closeout history,Closeout history,fallback-to-key,fallback-to-key,fallback-to-key,MISSING arabic — key shown to user,1,CrossBuy/Views/ProjectCloseout/Index.cshtml
Closes in,يُغلق خلال,Closes in,Clôture dans,view,view,view,translated in all three,1,CrossBuy/Views/Crm/OpportunityInsights.cshtml
Closing,الإقفال,Closing,Clôture,shared,shared,shared,translated in all three,1,CrossBuy/Views/Accounting/_JournalRows.cshtml
Closing History,سجل عمليات الإقفال,Closing History,Historique des clôtures,view,view,view,translated in all three,1,CrossBuy/Views/Accounting/YearEndClose.cshtml
Closing balance,الرصيد الختامي,Closing balance,Solde de clôture,shared,shared,shared,translated in all three,3,CrossBuy/Views/Accounting/CustomerStatement.cshtml
Closing rate,سعر الإقفال,Closing rate,Taux de clôture,view,view,view,translated in all three,1,CrossBuy/Views/Currency/Revaluation.cshtml
Co.,شركة,Co.,Sté,view,view,view,translated in all three,1,CrossBuy/Views/BusinessEventMonitor/Index.cshtml
Code,الكود,Code,Code,shared,shared,shared,translated in all three,41,CrossBuy/Views/Accounting/ChartOfAccounts.cshtml
Code (ISO),الكود (ISO),Code (ISO),Code (ISO),view,view,view,translated in all three,1,CrossBuy/Views/Currency/Currencies.cshtml
Code and name are required,الكود والاسم مطلوبان,Code and name are required,Code and name are required,shared,fallback-to-key,fallback-to-key,english falls back to key text,1,CrossBuy/Views/Shared/_QuickAdd.cshtml
"Code, title or description…",الرمز أو العنوان أو الوصف…,"Code, title or description…","Code, titre ou description…",view,view,view,translated in all three,1,CrossBuy/Views/Reports/Index.cshtml
Code/Name,الكود/الاسم,Code/Name,Code/Nom,view,view,view,translated in all three,1,CrossBuy/Views/Crm/PipelineEditor.cshtml
Coffes & Teas,Coffes & Teas,Coffes & Teas,Coffes & Teas,fallback-to-key,fallback-to-key,fallback-to-key,MISSING arabic — key shown to user,1,CrossBuy/Views/Home/Store.cshtml
Cold,بارد,Cold,Froid,view,view,view,translated in all three,1,CrossBuy/Views/Crm/_LeadRows.cshtml
Collaborators,المتعاونون,Collaborators,Collaborateurs,view,view,view,translated in all three,1,CrossBuy/Views/Shared/_LayoutManufacturing.cshtml
Collapse,طي,Collapse,Réduire,view,view,view,translated in all three,3,CrossBuy/Views/Admin/AdministrativeStructure.cshtml
Collapse all,طي الكل,Collapse all,Tout réduire,view,view,view,translated in all three,2,CrossBuy/Views/Accounting/ChartOfAccounts.cshtml
"Collecting the withheld retention at handover — Dr cash / Cr retention (1104), tagged to the project. Reduces the held balance.",تحصيل الرصيد المحتجز عند التسليم — مدين نقدية / دائن المحتجز (1104)، موسوم بالمشروع. يقلّل الرصيد المحتجز.,"Collecting the withheld retention at handover — Dr cash / Cr retention (1104), tagged to the project. Reduces the held balance.","Encaissement de la retenue à la réception — Débit caisse / Crédit retenue (1104), affecté au projet. Réduit le solde retenu.",view,view,view,translated in all three,1,CrossBuy/Views/Project/RetentionRelease.cshtml
Columns,الأعمدة,Columns,Colonnes,view,view,view,translated in all three,1,CrossBuy/Views/Reports/Viewer.cshtml
Coming soon,قريباً,Coming soon,Bientôt disponible,view,view,view,translated in all three,1,CrossBuy/Views/Shared/_LayoutManufacturing.cshtml
Comments,التعليقات,Comments,Commentaires,shared,fallback-to-key,shared,english falls back to key text,1,CrossBuy/Views/Shared/_DocTimeline.cshtml
Communications,التواصل,Communications,Communications,view,fallback-to-key,fallback-to-key,english falls back to key text,5,CrossBuy/Views/Announcements/Index.cshtml
Companies,الشركات,Companies,Entreprises,shared,shared,shared,translated in all three,3,CrossBuy/Views/Admin/EmployeesList.cshtml
"Companies, employees, roles & data","Companies, employees, roles & data","Companies, employees, roles & data","Companies, employees, roles & data",fallback-to-key,fallback-to-key,fallback-to-key,MISSING arabic — key shown to user,1,CrossBuy/Views/Portal/Choose.cshtml
CompaniesList,قائمة الشركات,CompaniesList,CompaniesList,view,view,view,translated in all three,1,CrossBuy/Views/Service/CompaniesList.cshtml
Company,الشركة,Company,Entreprise,shared,shared,shared,translated in all three,26,CrossBuy/Views/Accounting/AiInsights.cshtml
Company & role,Company & role,Company & role,Company & role,fallback-to-key,fallback-to-key,fallback-to-key,MISSING arabic — key shown to user,1,CrossBuy/Views/Admin/EmployeeData.cshtml
Company (everyone sees),الشركة (يراه الجميع),Company (everyone sees),Entreprise (visible par tous),view,fallback-to-key,view,english falls back to key text,1,CrossBuy/Views/Calendar/Index.cshtml
Company default currency,عملة الشركة الافتراضية,Company default currency,Devise par défaut de la société,view,view,view,translated in all three,1,CrossBuy/Views/Currency/Setup.cshtml
Company image,صورة الشركة,Company image,Image de la société,view,view,view,translated in all three,1,CrossBuy/Views/Service/BranchDetails.cshtml
Company share,حصة الشركة,Company share,Part de l'entreprise,view,view,view,translated in all three,1,CrossBuy/Views/Admin/EmployeeData.cshtml
Company-scoped,محدود بالشركة,Company-scoped,Limité à la société,view,view,view,translated in all three,1,CrossBuy/Views/BusinessEventMonitor/Index.cshtml
CompanyData,بيانات الشركة,Company Data,Données de l'entreprise,shared,shared,shared,translated in all three,2,CrossBuy/Views/Service/BranchDetails.cshtml
CompanyDetails,تفاصيل الشركة,CompanyDetails,CompanyDetails,view,view,view,translated in all three,1,CrossBuy/Views/Service/CompanyDetails.cshtml
CompanyLogo,شعار الشركة,Company Logo,Logo de l'entreprise,shared,shared,shared,translated in all three,1,CrossBuy/Views/Service/CompanyDetails.cshtml
CompanyName,اسم الشركة,Company Name,Nom de l'entreprise,shared,shared,shared,translated in all three,1,CrossBuy/Views/Service/CompaniesList.cshtml
CompanyNameAr,اسم الشركة - باللغة العربية,Company name arabic,Nom de l'entreprise (arabe),shared,shared,shared,translated in all three,2,CrossBuy/Views/Service/BranchesList.cshtml
CompanyNameEn,اسم الشركة - باللغة الانجليزية,Company name english,Nom de l'entreprise (anglais),shared,shared,shared,translated in all three,1,CrossBuy/Views/Service/CompanyDetails.cshtml
CompanyType,نوع الشركة,Company Type,Type d'entreprise,shared,shared,shared,translated in all three,4,CrossBuy/Views/Service/BranchDetails.cshtml
Compare,قارن,Compare,Compare,view,fallback-to-key,fallback-to-key,english falls back to key text,4,CrossBuy/Views/Home/Store.cshtml
Compare products,مقارنة المنتجات,Compare products,Comparer les produits,view,view,view,translated in all three,1,CrossBuy/Views/Shared/_mainLayout.cshtml
Comparison windows,نافذتا المقارنة,Comparison windows,Fenêtres de comparaison,view,view,view,translated in all three,1,CrossBuy/Views/Crm/AccountInsights.cshtml
Complete,مكتملة,Complete,Complet,shared,shared,shared,translated in all three,1,CrossBuy/Views/Admin/Polices.cshtml
Complete directly,إكمال مباشر,Complete directly,Terminer directement,view,view,view,translated in all three,1,CrossBuy/Views/Inventory/WorkOrderDetails.cshtml
"Complete directly? Issue materials, produce the item and post the JE in one step.",إكمال مباشر؟ سيتم صرف المواد وإنتاج الصنف وترحيل القيد في خطوة واحدة.,"Complete directly? Issue materials, produce the item and post the JE in one step.","Terminer directement ? Sortir les matières, produire l'article et comptabiliser l'écriture en une seule étape.",view,view,view,translated in all three,1,CrossBuy/Views/Inventory/WorkOrderDetails.cshtml
Complete onboarding,إنهاء الالتحاق,Complete onboarding,Terminer l'intégration,view,view,view,translated in all three,1,CrossBuy/Views/EmployeeOnboarding/Index.cshtml
Complete production,تنفيذ الإنتاج,Complete production,Terminer la production,view,view,view,translated in all three,1,CrossBuy/Views/Inventory/WorkOrderDetails.cshtml
"Complete? Materials will be consumed, the item produced and the JE posted.",تنفيذ الأمر؟ سيتم استهلاك المواد وإنتاج الصنف وترحيل القيد.,"Complete? Materials will be consumed, the item produced and the JE posted.","Terminer ? Les matières seront consommées, l'article produit et l'écriture comptabilisée.",view,view,view,translated in all three,1,CrossBuy/Views/Inventory/WorkOrderDetails.cshtml
Completed,مكتمل,Completed,Completed,view,fallback-to-key,fallback-to-key,english falls back to key text,8,CrossBuy/Views/Admin/CourseEnrollments.cshtml
Completed WOs,أوامر مكتملة,Completed WOs,OT terminés,view,view,view,translated in all three,1,CrossBuy/Views/Inventory/ManufDashboard.cshtml
Completed orders,الأوامر المكتملة,Completed orders,Ordres terminés,view,view,view,translated in all three,1,CrossBuy/Views/Inventory/ManufDashboard.cshtml
Component,المكوّن,Component,Composant,view,view,view,translated in all three,3,CrossBuy/Views/Inventory/ItemForm.cshtml
Components,مكوّنات الصنف,Components,Composants,view,view,view,translated in all three,1,CrossBuy/Views/Inventory/_ItemScanModal.cshtml
Components (BOM),المكوّنات (قائمة المواد),Components (BOM),Composants (BOM),view,view,view,translated in all three,2,CrossBuy/Views/Inventory/ItemForm.cshtml
"Components of the composite item. On sale (bundle) or assembly, these are deducted from stock.",مكوّنات الصنف المركّب. عند البيع (حزمة) أو التجميع، تُخصم هذه المكوّنات من المخزون.,"Components of the composite item. On sale (bundle) or assembly, these are deducted from stock.","Composants de l'article composite. À la vente (lot) ou à l'assemblage, ils sont déduits du stock.",view,view,view,translated in all three,1,CrossBuy/Views/Inventory/ItemForm.cshtml
Composite,أصناف مركّبة,Composite,Composite,view,view,view,translated in all three,1,CrossBuy/Views/Inventory/Index.cshtml
Composite item & qty,Composite item & qty,Composite item & qty,Composite item & qty,fallback-to-key,fallback-to-key,fallback-to-key,MISSING arabic — key shown to user,1,CrossBuy/Views/Inventory/NewAssembly.cshtml
Composite item (Kit),صنف مركّب (Kit),Composite item (Kit),Article composite (Kit),view,view,view,translated in all three,1,CrossBuy/Views/Inventory/ItemForm.cshtml
Composite type,نوع التركيب,Composite type,Type de composite,view,view,view,translated in all three,1,CrossBuy/Views/Inventory/ItemForm.cshtml
Comprehensive reports & analytics for better decisions,Comprehensive reports & analytics for better decisions,Comprehensive reports & analytics for better decisions,Comprehensive reports & analytics for better decisions,fallback-to-key,fallback-to-key,fallback-to-key,MISSING arabic — key shown to user,1,CrossBuy/Views/Portal/Choose.cshtml
Compute,احتساب,Compute,Calculer,view,view,view,translated in all three,2,CrossBuy/Views/Admin/FinalSettlement.cshtml
Compute & post,Compute & post,Compute & post,Compute & post,fallback-to-key,fallback-to-key,fallback-to-key,MISSING arabic — key shown to user,1,CrossBuy/Views/Accounting/DepreciationRuns.cshtml
Condition,الشرط,Condition,Condition,view,view,view,translated in all three,1,CrossBuy/Views/Crm/ScoringRules.cshtml
Conditions,الشروط,Conditions,Conditions,view,view,view,translated in all three,1,CrossBuy/Views/Admin/PolicesData.cshtml
Configuration saved,تم حفظ الإعداد,Configuration saved,Configuration enregistrée,view,view,view,translated in all three,1,CrossBuy/Views/Reports/Viewer.cshtml
Confirm,تأكيد,Confirm,Confirmer,view,view,view,translated in all three,2,CrossBuy/Views/Admin/Polices.cshtml
Confirm & Print,Confirm & Print,Confirm & Print,Confirm & Print,fallback-to-key,fallback-to-key,fallback-to-key,MISSING arabic — key shown to user,1,CrossBuy/Views/PosApp/Terminal.cshtml
Confirm & save,Confirm & save,Confirm & save,Confirm & save,fallback-to-key,fallback-to-key,fallback-to-key,MISSING arabic — key shown to user,2,CrossBuy/Views/Admin/ApplicationForm.cshtml
Confirm closing the year?,تأكيد إقفال السنة؟ لا يمكن الترحيل بعدها إلا بإعادة الفتح.,Confirm closing the year?,Confirmer la clôture de l'année ?,view,view,view,translated in all three,1,CrossBuy/Views/Accounting/YearEndClose.cshtml
Confirm measurement?,تأكيد القياس؟ (يُقفل للتعديل),Confirm measurement? (locks it),Confirmer le relevé ? (verrouillé),view,view,view,translated in all three,1,CrossBuy/Views/Project/Progress.cshtml
Confirm order delivered?,تأكيد تسليم الطلب؟,Confirm order delivered?,Confirmer la commande livrée ?,view,view,view,translated in all three,1,CrossBuy/Views/PosApp/Delivery.cshtml
Confirm order out for delivery?,تأكيد خروج الطلب للتوصيل؟,Confirm order out for delivery?,Confirmer la commande en cours de livraison ?,view,view,view,translated in all three,1,CrossBuy/Views/PosApp/Delivery.cshtml
Confirm receiving the advance?,تأكيد استلام الدفعة المقدمة؟,Confirm receiving the advance?,Confirmer la réception de l'avance ?,view,view,view,translated in all three,1,CrossBuy/Views/Project/Advance.cshtml
Confirm releasing the retention?,تأكيد رد المحتجز؟,Confirm releasing the retention?,Confirmer la libération de la retenue ?,view,view,view,translated in all three,1,CrossBuy/Views/Project/RetentionRelease.cshtml
Confirm releasing the subcontractor retention?,تأكيد رد محتجز الباطن؟,Confirm releasing the subcontractor retention?,Confirmer la libération de la retenue sous-traitant ?,view,view,view,translated in all three,1,CrossBuy/Views/Project/SubRetentionRelease.cshtml
Confirm return,تأكيد الإرجاع,Confirm return,Confirm return,view,fallback-to-key,fallback-to-key,english falls back to key text,1,CrossBuy/Views/PosApp/Terminal.cshtml
Confirm the elevated override to continue.,أكّد التجاوز بصلاحية موسّعة للمتابعة.,Confirm the elevated override to continue.,Confirmez la dérogation élevée pour continuer.,view,view,view,translated in all three,1,CrossBuy/Views/BusinessEventMonitor/Index.cshtml
Confirm waiver,تأكيد الاستثناء,Confirm waiver,Confirmer la dispense,view,view,view,translated in all three,1,CrossBuy/Views/EmployeeOnboarding/Index.cshtml
"Confirm whether a sale went through, and reprint its receipt. Read-only.",تأكّد هل تمّت البيعة، وأعِد طباعة إيصالها. للقراءة فقط.,"Confirm whether a sale went through, and reprint its receipt. Read-only.","Confirm whether a sale went through, and reprint its receipt. Read-only.",shared,fallback-to-key,fallback-to-key,english falls back to key text,1,CrossBuy/Views/Hyper/Receipts.cshtml
ConfirmMSG,هل تريد تعديل البيانات ؟,Do you want to modify the data?,Voulez-vous modifier les données ?,shared,shared,shared,translated in all three,3,CrossBuy/Views/Admin/Polices.cshtml
Confirmed,مؤكَّد,Confirmed,Confirmé,view,view,view,translated in all three,1,CrossBuy/Views/Project/Progress.cshtml
Conflict,تعارض,Conflict,Conflit,view,view,view,translated in all three,1,CrossBuy/Views/Roster/Index.cshtml
Conflicts,التعارضات,Conflicts,Conflits,view,view,view,translated in all three,1,CrossBuy/Views/Roster/Index.cshtml
Connection error,خطأ في الاتصال,Connection error,Connection error,shared,fallback-to-key,fallback-to-key,english falls back to key text,2,CrossBuy/Views/Admin/Polices.cshtml
Consumed,المستهلَك,Consumed,Consommé,view,view,view,translated in all three,1,CrossBuy/Views/RestaurantIntelligence/Index.cshtml
Consumer,المستهلك,Consumer,Consommateur,view,view,view,translated in all three,2,CrossBuy/Views/BusinessEventMonitor/Index.cshtml
Consumers,المستهلكون,Consumers,Consommateurs,view,view,view,translated in all three,1,CrossBuy/Views/BusinessEventMonitor/_Details.cshtml
Consumption and waste,الاستهلاك والهالك,Consumption and waste,Consommation et gaspillage,view,view,view,translated in all three,1,CrossBuy/Views/RestaurantIntelligence/Index.cshtml
Contact,اتصل بنا,Contact,Contact,view,view,view,translated in all three,5,CrossBuy/Views/Accounting/Customers.cshtml
Contact Us,اتصل بنا,Contact Us,Contactez-nous,view,view,view,translated in all three,2,CrossBuy/Views/Shared/_LayoutManufacturing.cshtml
Contact person,جهة الاتصال,Contact person,Personne à contacter,view,view,view,translated in all three,2,CrossBuy/Views/Accounting/Customers.cshtml
ContactYourAdministrator,تواصل مع مدير النظام,Contact your administrator,Contactez votre administrateur,shared,shared,shared,translated in all three,1,CrossBuy/Views/Account/Login.cshtml
Contacted,تم التواصل,Contacted,Contacté,view,view,view,translated in all three,2,CrossBuy/Views/Crm/Leads.cshtml
Contacts,جهات الاتصال,Contacts,Contacts,view,view,view,translated in all three,9,CrossBuy/Views/Admin/AdministrativeBodiesCompany.cshtml
Contains the word,يحتوي على الكلمة,Contains the word,Contient le mot,view,view,view,translated in all three,1,CrossBuy/Views/Shared/_LayoutManufacturing.cshtml
Continue,متابعة,Continue,Continuer,view,view,view,translated in all three,2,CrossBuy/Views/Admin/ApplicationForm.cshtml
Contract,العقد,Contract,Contrat,view,view,view,translated in all three,4,CrossBuy/Views/Admin/ApplicationForm.cshtml
Contract files (optional),ملفات العقد (اختياري),Contract files (optional),Contract files (optional),view,fallback-to-key,fallback-to-key,english falls back to key text,1,CrossBuy/Views/Admin/HrDocuments.cshtml
Contract portfolio,محفظة العقود,Contract portfolio,Contract portfolio,view,fallback-to-key,fallback-to-key,english falls back to key text,1,CrossBuy/Views/Project/Dashboard.cshtml
Contract value,Contract value,Contract value,Contract value,fallback-to-key,fallback-to-key,fallback-to-key,MISSING arabic — key shown to user,7,CrossBuy/Views/Project/Billing.cshtml
Contracts,العقود,Contracts,Contrats,view,view,view,translated in all three,1,CrossBuy/Views/Admin/HrDocuments.cshtml
Contracts & documents,Contracts & documents,Contracts & documents,Contracts & documents,fallback-to-key,fallback-to-key,fallback-to-key,MISSING arabic — key shown to user,1,CrossBuy/Views/Admin/Index.cshtml
Control panel,لوحة التحكم,Control panel,Panneau de configuration,view,view,view,translated in all three,1,CrossBuy/Views/Portal/Choose.cshtml
Conversation,المحادثة,Conversation,Conversation,view,fallback-to-key,view,english falls back to key text,1,CrossBuy/Views/Shared/_EntityConversation.cshtml
Conversations are not configured for this screen,المحادثات غير مُهيّأة في هذه الشاشة,Conversations are not configured for this screen,Les conversations ne sont pas configurées sur cet écran,view,fallback-to-key,view,english falls back to key text,1,CrossBuy/Views/Shared/_EntityConversation.cshtml
Conversations are unavailable in this environment,المحادثات غير متاحة في هذه البيئة,Conversations are unavailable in this environment,Les conversations ne sont pas disponibles dans cet environnement,view,fallback-to-key,view,english falls back to key text,1,CrossBuy/Views/Shared/_EntityConversation.cshtml
Convert this PO into a purchase invoice?,تحويل أمر الشراء إلى فاتورة شراء؟,Convert this PO into a purchase invoice?,Convertir ce BC en facture d'achat ?,view,view,view,translated in all three,1,CrossBuy/Views/Inventory/_PoRows.cshtml
Convert this SO into a sales invoice?,تحويل أمر البيع إلى فاتورة بيع؟,Convert this SO into a sales invoice?,Convertir cette commande client en facture de vente ?,view,view,view,translated in all three,1,CrossBuy/Views/Inventory/_SoRows.cshtml
Convert this lead to a customer?,تحويل العميل المحتمل إلى عميل؟,Convert this lead to a customer?,Convertir ce prospect en client ?,view,view,view,translated in all three,1,CrossBuy/Views/Crm/_LeadRows.cshtml
Convert this quotation to a sales order?,تحويل عرض السعر إلى أمر بيع؟,Convert this quotation to a sales order?,Convertir ce devis en commande client ?,view,view,view,translated in all three,1,CrossBuy/Views/Inventory/QuotationDetails.cshtml
Convert to customer,تحويل لعميل,Convert to customer,Convertir en client,view,view,view,translated in all three,1,CrossBuy/Views/Crm/_LeadRows.cshtml
Convert to invoice,تحويل لفاتورة بيع,Convert to invoice,Convertir en facture,view,view,view,translated in all three,2,CrossBuy/Views/Inventory/_PoRows.cshtml
Convert to order,تحويل لأمر بيع,Convert to order,Convertir en commande,view,view,view,translated in all three,1,CrossBuy/Views/Inventory/QuotationDetails.cshtml
Convert to quotation,تحويل لعرض سعر,Convert to quotation,Convertir en devis,view,view,view,translated in all three,1,CrossBuy/Views/Crm/OpportunityProducts.cshtml
Converted,محوّل لأمر,Converted,Converti,view,view,view,translated in all three,5,CrossBuy/Views/Crm/Leads.cshtml
Converted (temporary) — review,سعر محوّل مؤقت — راجعه,Converted (temporary) — review,Converti (temporaire) — à vérifier,view,view,view,translated in all three,2,CrossBuy/Views/Inventory/NewQuotation.cshtml
Converted to invoice,تم التحويل لفاتورة,Invoiced,Facturé,view,view,view,translated in all three,1,CrossBuy/Views/Inventory/_SoRows.cshtml
Converted to sales order,حُوِّل هذا العرض إلى أمر البيع,Converted to sales order,Converti en commande client,view,view,view,translated in all three,1,CrossBuy/Views/Inventory/QuotationDetails.cshtml
Converted to the document currency on use.,يُحوَّل لعملة المستند عند التطبيق.,Converted to the document currency on use.,Converti dans la devise du document lors de l'utilisation.,view,view,view,translated in all three,1,CrossBuy/Views/Inventory/PromotionEditor.cshtml
Copies,عدد النسخ,Copies,Copies,view,view,view,translated in all three,1,CrossBuy/Views/Pos/Terminals.cshtml
Copy,نسخ,Copy,Copier,view,view,view,translated in all three,1,CrossBuy/Views/Inventory/_PriceListRows.cshtml
Copy EventUid,نسخ معرّف الحدث,Copy EventUid,Copier l'EventUid,view,view,view,translated in all three,2,CrossBuy/Views/BusinessEventMonitor/_Details.cshtml
Copy this list as a new draft?,نسخ هذه القائمة كمسودة جديدة؟,Copy this list as a new draft?,Copier cette liste comme nouveau brouillon ?,view,view,view,translated in all three,1,CrossBuy/Views/Inventory/_PriceListRows.cshtml
Corporate,الشركة,Corporate,Entreprise,view,view,view,translated in all three,1,CrossBuy/Views/Shared/_mainLayout.cshtml
Correlation id,معرّف الارتباط,Correlation id,Id de corrélation,view,view,view,translated in all three,1,CrossBuy/Views/BusinessEventMonitor/Index.cshtml
Cost,التكلفة,Cost,Coût,view,view,view,translated in all three,9,CrossBuy/Views/Accounting/FixedAssetDetail.cshtml
Cost (COGS) is computed automatically from stock on posting.,التكلفة (COGS) تُحسب تلقائيًا من المخزون عند الترحيل.,Cost (COGS) is computed automatically from stock on posting.,Le coût (COGS) est calculé automatiquement à partir du stock lors de la comptabilisation.,view,view,view,translated in all three,1,CrossBuy/Views/Inventory/NewDelivery.cshtml
Cost (budget),التكلفة (الميزانية),Cost (budget),Coût (budget),view,view,view,translated in all three,1,CrossBuy/Views/Crm/CampaignDetail.cshtml
Cost + markup,تكلفة + هامش,Cost + markup,Coût + marge,view,view,view,translated in all three,1,CrossBuy/Views/Inventory/PriceListEditor.cshtml
Cost / won,تكلفة كل صفقة رابحة,Cost / won,Coût / gagné,view,view,view,translated in all three,1,CrossBuy/Views/Crm/CampaignDetail.cshtml
Cost Center,مركز التكلفة,Cost Center,Centre de coûts,view,view,view,translated in all three,3,CrossBuy/Views/Accounting/CostCenters.cshtml
Cost Centers,مراكز التكلفة,Cost Centers,Centres de coûts,view,view,view,translated in all three,2,CrossBuy/Views/Accounting/CostCenters.cshtml
Cost Ctr,مركز تكلفة,Cost Ctr,Centre de coûts,view,view,view,translated in all three,1,CrossBuy/Views/Accounting/ChartOfAccounts.cshtml
Cost account,حساب التكلفة,Cost account,Compte de coût,view,view,view,translated in all three,1,CrossBuy/Views/Accounting/AssetCategories.cshtml
Cost breakdown,تفصيل التكلفة,Cost breakdown,Répartition des coûts,view,view,view,translated in all three,1,CrossBuy/Views/Inventory/ManufDashboard.cshtml
Cost center,مركز التكلفة,Cost center,Centre de coûts,view,view,view,translated in all three,5,CrossBuy/Views/Accounting/ChartOfAccounts.cshtml
Cost center (optional),مركز التكلفة (اختياري),Cost center (optional),Centre de coût (optionnel),view,view,view,translated in all three,1,CrossBuy/Views/Project/Projects.cshtml
Cost ctr,مركز التكلفة,Cost ctr,Centre coûts,view,view,view,translated in all three,1,CrossBuy/Views/Accounting/NewPurchaseInvoice.cshtml
Cost is informational — not posted to the GL at this stage.,التكلفة للعرض فقط — لا تُرحَّل محاسبيًا في هذه المرحلة.,Cost is informational — not posted to the GL at this stage.,Le coût est indicatif — non comptabilisé au grand livre à ce stade.,view,view,view,translated in all three,1,CrossBuy/Views/Admin/TrainingCourseEditor.cshtml
Cost not posted,تكلفة غير مُرحَّلة,Cost not posted,Cost not posted,shared,fallback-to-key,fallback-to-key,english falls back to key text,2,CrossBuy/Views/Accounting/CustomerAnalytics.cshtml
Cost per unit,التكلفة لكل وحدة,Cost per unit,Coût par unité,view,view,view,translated in all three,1,CrossBuy/Views/Inventory/Routing.cshtml
Cost summary,ملخّص التكلفة,Cost summary,Récapitulatif des coûts,view,view,view,translated in all three,1,CrossBuy/Views/Inventory/WorkOrderDetails.cshtml
Cost+markup,تكلفة+هامش,Cost+markup,Coût+marge,view,view,view,translated in all three,1,CrossBuy/Views/Inventory/PriceListEditor.cshtml
Cost-center posting (recommended),ترحيل بين مراكز التكلفة (موصى به),Cost-center posting (recommended),Comptabilisation par centre de coûts (recommandé),view,view,view,translated in all three,1,CrossBuy/Views/Inventory/Settings.cshtml
Cost/seat,التكلفة/مقعد,Cost/seat,Coût/place,view,view,view,translated in all three,1,CrossBuy/Views/Admin/TrainingCourseEditor.cshtml
Costing,طريقة التقييم,Costing,Valorisation,view,view,view,translated in all three,2,CrossBuy/Views/Inventory/CategoryForm.cshtml
Could not add,تعذّرت الإضافة,Could not add,Could not add,shared,fallback-to-key,fallback-to-key,english falls back to key text,1,CrossBuy/Views/Shared/_QuickAdd.cshtml
Could not load business events.,تعذّر تحميل أحداث الأعمال.,Could not load business events.,Impossible de charger les événements métier.,view,view,view,translated in all three,1,CrossBuy/Views/BusinessEventMonitor/Index.cshtml
Could not load the activity timeline,تعذّر تحميل سجل النشاط,Could not load the activity timeline,Impossible de charger le journal d'activité,shared,shared,shared,translated in all three,1,CrossBuy/Views/Shared/_DocEventTimeline.cshtml
Could not save,تعذّر الحفظ,Could not save,Échec de l'enregistrement,view,fallback-to-key,view,english falls back to key text,1,CrossBuy/Views/Calendar/Index.cshtml
Could not save the item.,تعذّر حفظ العنصر.,Could not save the item.,Impossible d'enregistrer l'élément.,view,view,view,translated in all three,1,CrossBuy/Views/Admin/AdministrativeStructure.cshtml
Could not upload,تعذّر الرفع,Could not upload,Échec du téléversement,view,fallback-to-key,view,english falls back to key text,1,CrossBuy/Views/FileManager/Index.cshtml
Count,العدد,Count,Nombre,view,view,view,translated in all three,2,CrossBuy/Views/Accounting/CreateJournal.cshtml
Count / move,جرد / نقل,Count / move,Comptage / déplacement,view,view,view,translated in all three,1,CrossBuy/Views/Inventory/RackBalances.cshtml
Count No.,رقم الجرد,Count No.,Comptage n°,view,view,view,translated in all three,1,CrossBuy/Views/Inventory/StockCounts.cshtml
Count date,تاريخ الجرد,Count date,Date de comptage,view,view,view,translated in all three,1,CrossBuy/Views/Inventory/NewCount.cshtml
Counted,المعدود,Counted,Compté,view,view,view,translated in all three,2,CrossBuy/Views/Inventory/IntegrityReconciliation.cshtml
Counted cash,النقد المعدود,Counted cash,Counted cash,view,fallback-to-key,fallback-to-key,english falls back to key text,1,CrossBuy/Views/PosApp/Terminal.cshtml
"Counted, not an invariant - this check never fails",رقم مرصود، وليس ثابتًا لازمًا — هذا الفحص لا يفشل أبدًا,"Counted, not an invariant - this check never fails","Compté, pas un invariant - ce contrôle n'échoue jamais",view,view,view,translated in all three,1,CrossBuy/Views/Inventory/IntegrityReconciliation.cshtml
Counting & receiving,Counting & receiving,Counting & receiving,Counting & receiving,fallback-to-key,fallback-to-key,fallback-to-key,MISSING arabic — key shown to user,1,CrossBuy/Views/Portal/Choose.cshtml
Country,الدولة,Country,Pays,shared,shared,shared,translated in all three,6,CrossBuy/Views/Admin/ApplicationForm.cshtml
Counts,الجرد,Counts,Comptages,view,view,view,translated in all three,2,CrossBuy/Views/Inventory/NewCount.cshtml
Course,الدورة,Course,Formation,view,view,view,translated in all three,1,CrossBuy/Views/People/MyTrainings.cshtml
Course enrollments,تسجيلات الدورة,Course enrollments,Inscriptions à la formation,view,view,view,translated in all three,1,CrossBuy/Views/Admin/CourseEnrollments.cshtml
Create,إنشاء,Create,Créer,view,view,view,translated in all three,3,CrossBuy/Views/Chat/Index.cshtml
Create & score,Create & score,Create & score,Create & score,fallback-to-key,fallback-to-key,fallback-to-key,MISSING arabic — key shown to user,1,CrossBuy/Views/Admin/Appraisals.cshtml
Create Group,إنشاء مجموعة,Create Group,Créer un groupe,view,view,view,translated in all three,1,CrossBuy/Views/Shared/_LayoutManufacturing.cshtml
Create a default brand and link unbranded branches to it?,إنشاء علامة افتراضية وربط الفروع غير المرتبطة بها؟,Create a default brand and link unbranded branches to it?,Créer une marque par défaut et y rattacher les succursales sans marque ?,view,view,view,translated in all three,1,CrossBuy/Views/Brand/Brands.cshtml
Create a period to start scheduling shifts.,أنشئ فترة لبدء جدولة المناوبات.,Create a period to start scheduling shifts.,Créez une période pour commencer à planifier les postes.,view,view,view,translated in all three,1,CrossBuy/Views/Roster/Index.cshtml
Create a quotation from this opportunity? (the account will be linked to a financial customer),إنشاء عرض سعر من هذه الفرصة؟ (سيُربط الحساب بعميل مالي),Create a quotation from this opportunity? (the account will be linked to a financial customer),Créer un devis à partir de cette opportunité ? (le compte sera lié à un client financier),view,view,view,translated in all three,1,CrossBuy/Views/Crm/OpportunityProducts.cshtml
Create activity,إنشاء نشاط,Create activity,Créer une activité,view,view,view,translated in all three,1,CrossBuy/Views/Crm/AutomationRules.cshtml
Create follow-up,إنشاء متابعة,Create follow-up,Créer un suivi,view,view,view,translated in all three,2,CrossBuy/Views/Crm/AccountInsights.cshtml
Create follow-up task,إنشاء مهمة متابعة,Create follow-up task,Créer une tâche de suivi,view,view,view,translated in all three,2,CrossBuy/Views/InsightActions/_NewTask.cshtml
Create task,إنشاء المهمة,Create task,Créer la tâche,view,view,view,translated in all three,1,CrossBuy/Views/InsightActions/_NewTask.cshtml
Create work order,إنشاء أمر التشغيل,Create work order,Créer l'ordre de fabrication,view,view,view,translated in all three,1,CrossBuy/Views/Inventory/NewWorkOrder.cshtml
Create work orders for all manufactured shortages?,إنشاء أوامر تشغيل لكل النواقص المُصنَّعة؟,Create work orders for all manufactured shortages?,Créer des ordres de fabrication pour toutes les pénuries d'articles fabriqués ?,view,view,view,translated in all three,1,CrossBuy/Views/Inventory/PlanDetails.cshtml
Created,أُنشئت,Created,Créé,view,view,view,translated in all three,2,CrossBuy/Views/BusinessEventMonitor/_Details.cshtml
Created by,أنشأه,Created by,Créé par,view,view,view,translated in all three,1,CrossBuy/Views/Accounting/MovementSummary.cshtml
Created opportunities,الفرص المُنشأة,Created opportunities,Created opportunities,shared,fallback-to-key,fallback-to-key,english falls back to key text,1,CrossBuy/Views/Crm/Index.cshtml
Creating a work order requires an inventory document permission.,Creating a work order requires an inventory document permission.,Creating a work order requires an inventory document permission.,Creating a work order requires an inventory document permission.,fallback-to-key,fallback-to-key,fallback-to-key,MISSING arabic — key shown to user,1,CrossBuy/Views/Inventory/NewWorkOrder.cshtml
Credit,دائن,Credit,Crédit,shared,shared,shared,translated in all three,11,CrossBuy/Views/Accounting/ChartOfAccounts.cshtml
Credit Note,إشعار دائن,Credit Note,Avoir,view,view,view,translated in all three,1,CrossBuy/Views/Accounting/SalesReturnDetail.cshtml
Credit account,الحساب الدائن,Credit account,Compte de crédit,view,view,view,translated in all three,1,CrossBuy/Views/Inventory/NewLandedCost.cshtml
Credit balance,رصيد دائن,Credit balance,Solde créditeur,view,view,view,translated in all three,1,CrossBuy/Views/Accounting/Index.cshtml
Credit carried forward,رصيد دائن مُرحَّل,Credit carried forward,Crédit reporté,view,view,view,translated in all three,1,CrossBuy/Views/Accounting/VatReturnDetail.cshtml
Credit limit,حد الائتمان,Credit limit,Limite de crédit,view,view,view,translated in all three,1,CrossBuy/Views/Accounting/Customers.cshtml
Credit nature,طبيعته دائن,Credit nature,Nature créditrice,view,view,view,translated in all three,1,CrossBuy/Views/Accounting/Ledger.cshtml
Criteria (weight + max),معايير التقييم (الوزن + السقف),Criteria (weight + max),Critères (pondération + max),view,view,view,translated in all three,1,CrossBuy/Views/Admin/AppraisalTemplateEditor.cshtml
Criterion,المعيار,Criterion,Critère,view,view,view,translated in all three,3,CrossBuy/Views/Admin/AppraisalScore.cshtml
Critical,Critical,Critical,Critical,fallback-to-key,fallback-to-key,fallback-to-key,MISSING arabic — key shown to user,3,CrossBuy/Views/Announcements/Index.cshtml
Cross-module overview,نظرة شاملة عبر الوحدات,Cross-module overview,Vue d'ensemble multi-modules,view,view,view,translated in all three,1,CrossBuy/Views/Accounting/Executive.cshtml
Ctrl + Enter to send,Ctrl + Enter للإرسال,Ctrl + Enter to send,Ctrl + Entrée pour envoyer,view,fallback-to-key,view,english falls back to key text,1,CrossBuy/Views/Shared/_EntityConversation.cshtml
Cumulative,التراكمي,Cumulative,Cumulé,view,view,view,translated in all three,2,CrossBuy/Views/Project/Billing.cshtml
Cumulative pct,النسبة التراكمية %,Cumulative %,Cumulatif %,view,view,view,translated in all three,1,CrossBuy/Views/Accounting/Executive.cshtml
Cumulative work value,القيمة التراكمية للعمل,Cumulative work value,Valeur cumulée des travaux,view,view,view,translated in all three,1,CrossBuy/Views/Project/Subcontracts.cshtml
Cur,العملة,Cur,Dev,view,view,view,translated in all three,1,CrossBuy/Views/Currency/Revaluation.cshtml
Currencies,العملات,Currencies,Devises,view,view,view,translated in all three,1,CrossBuy/Views/Currency/Currencies.cshtml
Currency,العملة,Currency,Devise,shared,shared,shared,translated in all three,13,CrossBuy/Views/Accounting/BankAccounts.cshtml
Current,جاري (٠-٣٠),Current (0-30),Courant (0-30),view,view,view,translated in all three,2,CrossBuy/Views/Accounting/ApAging.cshtml
Current Order,الطلب الحالي,Current Order,Commande en cours,view,view,view,translated in all three,2,CrossBuy/Views/Pos/Preview.cshtml
Current activity,نوع النشاط الحالي,Current activity,Activité actuelle,view,view,view,translated in all three,1,CrossBuy/Views/Pos/Setup.cshtml
Current advance balance,رصيد المقدّم الحالي,Current advance balance,Solde d'avance actuel,view,view,view,translated in all three,1,CrossBuy/Views/Project/Advance.cshtml
Current avg cost,متوسط التكلفة الحالي,Current avg cost,Coût moyen actuel,view,view,view,translated in all three,1,CrossBuy/Views/Inventory/ItemLedger.cshtml
Current balance (210206),الرصيد الحالي (210206),Current balance (210206),Solde actuel (210206),view,view,view,translated in all three,1,CrossBuy/Views/Admin/LeaveAccrual.cshtml
Current currency,العملة الحالية,Current currency,Devise actuelle,view,view,view,translated in all three,1,CrossBuy/Views/Currency/Setup.cshtml
Current invoices,الفواتير الحالية,Current invoices,Factures en cours,view,view,view,translated in all three,1,CrossBuy/Views/PosApp/Terminal.cshtml
"Current mode is \""Reason within adjustment\"" — new write-offs appear under Stock counts; this list shows previous standalone documents only.","Current mode is \""Reason within adjustment\"" — new write-offs appear under Stock counts; this list shows previous standalone documents only.","Current mode is \""Reason within adjustment\"" — new write-offs appear under Stock counts; this list shows previous standalone documents only.","Current mode is \""Reason within adjustment\"" — new write-offs appear under Stock counts; this list shows previous standalone documents only.",fallback-to-key,fallback-to-key,fallback-to-key,MISSING arabic — key shown to user,1,CrossBuy/Views/Inventory/WriteOffs.cshtml
Current mode: 'Reason within adjustment' — this write-off is recorded as a stock adjustment.,الوضع الحالي: «سبب ضمن تسوية الجرد» — سيُسجَّل هذا الإعدام كتسوية جرد تحمل السبب.,Current mode: 'Reason within adjustment' — this write-off is recorded as a stock adjustment.,Mode actuel : « Motif au sein de l'ajustement » — cette radiation est enregistrée comme un ajustement de stock.,view,view,view,translated in all three,1,CrossBuy/Views/Inventory/NewWriteOff.cshtml
Current mode: 'Separate document' — a WOF- numbered document is created.,الوضع الحالي: «مستند إعدام مستقل» — سيُنشأ مستند بترقيم WOF- خاص.,Current mode: 'Separate document' — a WOF- numbered document is created.,Mode actuel : « Document séparé » — un document numéroté WOF- est créé.,view,view,view,translated in all three,1,CrossBuy/Views/Inventory/NewWriteOff.cshtml
Current net book value,القيمة الدفترية الحالية,Current net book value,Valeur nette comptable actuelle,view,view,view,translated in all three,1,CrossBuy/Views/Accounting/FixedAssetDetail.cshtml
Current ratio,نسبة التداول,Current ratio,Ratio de liquidité générale,view,view,view,translated in all three,1,CrossBuy/Views/Accounting/Executive.cshtml
Current retention balance,رصيد المحتجز الحالي,Current retention balance,Solde de retenue actuel,view,view,view,translated in all three,1,CrossBuy/Views/Project/RetentionRelease.cshtml
Current subcontractor retention balance,رصيد محتجز الباطن الحالي,Current subcontractor retention balance,Solde de retenue sous-traitant actuel,view,view,view,translated in all three,1,CrossBuy/Views/Project/SubRetentionRelease.cshtml
Custom fields,حقول مخصّصة,Custom fields,Champs personnalisés,view,view,view,translated in all three,1,CrossBuy/Views/Crm/_CrmCustomFields.cshtml
Custom fields (CRM),الحقول المخصّصة (CRM),Custom fields (CRM),Champs personnalisés (CRM),view,view,view,translated in all three,1,CrossBuy/Views/Crm/CustomFields.cshtml
Custom reports,تقارير مخصّصة,Custom reports,Rapports personnalisés,view,view,view,translated in all three,1,CrossBuy/Views/Portal/Choose.cshtml
Customer,العميل,Customer,Client,view,view,view,translated in all three,26,CrossBuy/Views/Accounting/ArAging.cshtml
Customer / Segment,العميل / الشريحة,Customer / Segment,Client / Segment,view,view,view,translated in all three,1,CrossBuy/Views/Inventory/PriceLists.cshtml
Customer added,تم إضافة العميل,Customer added,Client ajouté,shared,shared,shared,translated in all three,2,CrossBuy/Views/PosApp/Terminal.cshtml
Customer analytics,تحليلات العملاء,Customer analytics,Analyses clients,view,view,view,translated in all three,2,CrossBuy/Views/Accounting/CustomerAnalytics.cshtml
Customer identification is not enabled on this branch.,تعريف العميل غير مُفعَّل على هذا الفرع.,Customer identification is not enabled on this branch.,Customer identification is not enabled on this branch.,shared,fallback-to-key,fallback-to-key,english falls back to key text,1,CrossBuy/Views/Hyper/Customer.cshtml
Customer name,اسم العميل,Customer name,Nom du client,view,view,view,translated in all three,1,CrossBuy/Views/PosApp/Terminal.cshtml
Customer segment,شريحة العملاء,Customer segment,Segment de clients,view,view,view,translated in all three,1,CrossBuy/Views/Inventory/PromotionEditor.cshtml
Customer set,تم اختيار العميل,Customer set,Client défini,view,view,view,translated in all three,1,CrossBuy/Views/PosApp/Terminal.cshtml
Customers,العملاء,Customers,Clients,shared,shared,shared,translated in all three,6,CrossBuy/Views/Accounting/CustomerAnalytics.cshtml
Customers (by revenue),العملاء (مرتّبون حسب الإيراد),Customers (by revenue),Clients (par chiffre d'affaires),view,view,view,translated in all three,1,CrossBuy/Views/Accounting/CustomerAnalytics.cshtml
Customers with sales,عملاء لديهم مبيعات,Customers with sales,Clients avec ventes,view,view,view,translated in all three,1,CrossBuy/Views/Accounting/CustomerAnalytics.cshtml
"Customers, opportunities, campaigns & tickets","Customers, opportunities, campaigns & tickets","Customers, opportunities, campaigns & tickets","Customers, opportunities, campaigns & tickets",fallback-to-key,fallback-to-key,fallback-to-key,MISSING arabic — key shown to user,1,CrossBuy/Views/Portal/Choose.cshtml
Cutoff,تاريخ القطع,Cutoff,Date de coupure,view,view,view,translated in all three,1,CrossBuy/Views/Inventory/OpeningBalances.cshtml
Cycle,الدورة,Cycle,Cycle,view,view,view,translated in all three,2,CrossBuy/Views/Admin/Appraisals.cshtml
Cycle name,اسم الدورة,Cycle name,Nom du cycle,view,view,view,translated in all three,1,CrossBuy/Views/Admin/Appraisals.cshtml
DPO (days),متوسط سداد (يوم),DPO (days),DPO (jours),view,view,view,translated in all three,1,CrossBuy/Views/Accounting/Executive.cshtml
DSO (days),متوسط تحصيل (يوم),DSO (days),DSO (jours),view,view,view,translated in all three,1,CrossBuy/Views/Accounting/Executive.cshtml
Daily Best Sells,Daily Best Sells,Daily Best Sells,Daily Best Sells,fallback-to-key,fallback-to-key,fallback-to-key,MISSING arabic — key shown to user,1,CrossBuy/Views/Home/Store.cshtml
Daily rate,الأجر اليومي,Daily rate,Taux journalier,view,view,view,translated in all three,2,CrossBuy/Views/Admin/FinalSettlement.cshtml
Daily rate = (base + allowances) ÷ 30. Entry: Dr 520104 / Cr bank. Paid days reduce the balance.,الأجر اليومي = (الأساسي + البدلات) ÷ 30. القيد: مدين 520104 بدل إجازات / دائن البنك. الأيام المصروفة تُخصم من الرصيد.,Daily rate = (base + allowances) ÷ 30. Entry: Dr 520104 / Cr bank. Paid days reduce the balance.,Taux journalier = (base + indemnités) ÷ 30. Écriture : Dr 520104 / Cr banque. Les jours payés réduisent le solde.,view,view,view,translated in all three,1,CrossBuy/Views/Admin/LeaveAccrual.cshtml
DailyhortLeaveLimit,أقصى عدد استئذانات في اليوم,Daily Short Leave Limit,Limite quotidienne de congés courts,shared,shared,shared,translated in all three,1,CrossBuy/Views/Admin/Polices.cshtml
Damaged,تالف,Damaged,Endommagé,view,view,view,translated in all three,1,CrossBuy/Views/Inventory/NewWriteOff.cshtml
Dark,داكن,Dark,Sombre,view,view,view,translated in all three,4,CrossBuy/Views/Shared/_LayoutAccounting.cshtml
Dashboard,لوحة التحكم,Dashboard,Tableau de bord,shared,shared,shared,translated in all three,3,CrossBuy/Views/Pos/Dashboard.cshtml
Data availability,توفّر البيانات,Data availability,Disponibilité des données,view,view,view,translated in all three,1,CrossBuy/Views/Reports/Index.cshtml
Data scope,نطاق البيانات,Data scope,Périmètre des données,view,view,view,translated in all three,4,CrossBuy/Views/Accounting/AiInsights.cshtml
Data set,مجموعة البيانات,Data set,Jeu de données,view,view,view,translated in all three,1,CrossBuy/Views/Reports/Index.cshtml
Data sets,مجموعات البيانات,Data sets,Jeux de données,view,view,view,translated in all three,1,CrossBuy/Views/Reports/Index.cshtml
Date,التاريخ,Date,Date,view,view,view,translated in all three,76,CrossBuy/Views/Accounting/AiInsights.cshtml
Date & warehouse,Date & warehouse,Date & warehouse,Date & warehouse,fallback-to-key,fallback-to-key,fallback-to-key,MISSING arabic — key shown to user,2,CrossBuy/Views/Inventory/NewAssembly.cshtml
Date of Birth,تاريخ الميلاد,Date of Birth,Date de naissance,view,view,view,translated in all three,1,CrossBuy/Views/People/Profile.cshtml
Date of birth,تاريخ الميلاد,Date of birth,Date de naissance,view,view,view,translated in all three,2,CrossBuy/Views/Admin/ApplicationForm.cshtml
Date of joining,تاريخ الالتحاق,Date of joining,Date d'embauche,view,view,view,translated in all three,1,CrossBuy/Views/Admin/EmployeeData.cshtml
Day,يوم,Day,Jour,shared,shared,shared,translated in all three,1,CrossBuy/Views/Admin/Polices.cshtml
Days,أيام,Days,Jours,view,view,view,translated in all three,4,CrossBuy/Views/Accounting/MaintenanceDue.cshtml
Days / year,أيام / سنة,Days / year,Jours / an,view,view,view,translated in all three,1,CrossBuy/Views/Admin/EmployeeData.cshtml
Days cover,أيام التغطية,Days cover,Jours de couverture,view,view,view,translated in all three,1,CrossBuy/Views/Inventory/RiskInsights.cshtml
Days left,متبقٍ (يوم),Days left,Jours restants,view,view,view,translated in all three,2,CrossBuy/Views/Inventory/Batches.cshtml
Days remaining,الأيام المتبقية,Days remaining,Jours restants,view,view,view,translated in all three,1,CrossBuy/Views/Documents/Workspace.cshtml
Days silent,أيام الصمت,Days silent,Jours sans contact,view,view,view,translated in all three,1,CrossBuy/Views/Crm/AccountInsights.cshtml
Deactivate,إيقاف,Deactivate,Désactiver,view,view,view,translated in all three,4,CrossBuy/Views/Accounting/TaxCodes.cshtml
Deactivate driver?,إيقاف السائق؟,Deactivate driver?,Désactiver le livreur ?,view,view,view,translated in all three,1,CrossBuy/Views/Pos/Drivers.cshtml
Deactivate this announcement?,إيقاف هذا الإعلان؟,Deactivate this announcement?,Désactiver cette annonce ?,view,fallback-to-key,view,english falls back to key text,1,CrossBuy/Views/Announcements/Index.cshtml
Deactivate this tax code?,إيقاف كود الضريبة ده؟,Deactivate this tax code?,Deactivate this tax code?,view,fallback-to-key,fallback-to-key,english falls back to key text,1,CrossBuy/Views/Accounting/TaxCodes.cshtml
Deactivate zone?,إيقاف المنطقة؟,Deactivate zone?,Désactiver la zone ?,view,view,view,translated in all three,1,CrossBuy/Views/Pos/DeliveryZones.cshtml
Dead-stock value,قيمة المخزون الراكد,Dead-stock value,Valeur du stock mort,view,view,view,translated in all three,1,CrossBuy/Views/Accounting/AiInsights.cshtml
Deals,العروض,Deals,Offres,view,view,view,translated in all three,1,CrossBuy/Views/Shared/_mainLayout.cshtml
Deals Of The Day,Deals Of The Day,Deals Of The Day,Deals Of The Day,fallback-to-key,fallback-to-key,fallback-to-key,MISSING arabic — key shown to user,1,CrossBuy/Views/Home/Store.cshtml
Debit,مدين,Debit,Débit,shared,shared,shared,translated in all three,10,CrossBuy/Views/Accounting/ChartOfAccounts.cshtml
Debit Note,إشعار مدين,Debit Note,Note de débit,view,view,view,translated in all three,1,CrossBuy/Views/Accounting/PurchaseReturnDetail.cshtml
Debit nature,طبيعته مدين,Debit nature,Nature débitrice,view,view,view,translated in all three,1,CrossBuy/Views/Accounting/Ledger.cshtml
Dec,ديسمبر,Dec,Déc,view,view,view,translated in all three,3,CrossBuy/Views/Accounting/Payroll.cshtml
December,ديسمبر,December,Décembre,view,view,view,translated in all three,2,CrossBuy/Views/People/Attendance.cshtml
Decimals,خانات عشرية,Decimals,Décimales,view,view,view,translated in all three,1,CrossBuy/Views/Currency/Currencies.cshtml
Decision,قرار,Decision,Décision,view,view,view,translated in all three,1,CrossBuy/Views/People/Requests.cshtml
Declining activity,نشاط متراجع,Declining activity,Activité en baisse,view,view,view,translated in all three,1,CrossBuy/Views/Crm/AccountInsights.cshtml
Deduct,خصم,Deduct,Déduire,view,view,view,translated in all three,1,CrossBuy/Views/Admin/EmployeeData.cshtml
Deduct employee SI before tax,خصم حصة الموظف من التأمين قبل حساب الضريبة,Deduct employee SI before tax,Déduire l'AS de l'employé avant impôt,view,view,view,translated in all three,1,CrossBuy/Views/Accounting/PayrollTaxSettings.cshtml
Deduct if exceeded,خصم عند التجاوز,Deduct if exceeded,Déduire si dépassé,view,view,view,translated in all three,1,CrossBuy/Views/Admin/EmployeeData.cshtml
Deduction rates,معدلات الخصم,Deduction rates,Taux de retenue,view,view,view,translated in all three,1,CrossBuy/Views/Admin/EmployeeData.cshtml
DeductionOnLimitExceeded,خصم عند التجاوز,Deduction on Limit Exceeded,Retenue en cas de dépassement de la limite,shared,shared,shared,translated in all three,1,CrossBuy/Views/Admin/Polices.cshtml
Deductions,الاستقطاعات,Deductions,Retenues,view,view,view,translated in all three,4,CrossBuy/Views/Accounting/Payslip.cshtml
Default,افتراضي,Default,Par défaut,view,view,view,translated in all three,8,CrossBuy/Views/Accounting/TaxCodes.cshtml
Default (first kitchen),الافتراضية (أول مطبخ),Default (first kitchen),Par défaut (première cuisine),view,view,view,translated in all three,1,CrossBuy/Views/Pos/QuickMenu.cshtml
Default amount = contract value × advance %. You can edit it.,المبلغ الافتراضي = قيمة العقد × نسبة المقدّم. يمكنك تعديله.,Default amount = contract value × advance %. You can edit it.,Montant par défaut = valeur du contrat × % avance. Modifiable.,view,view,view,translated in all three,1,CrossBuy/Views/Project/Advance.cshtml
Default amount = full held balance. You can edit it (partial).,المبلغ الافتراضي = كامل الرصيد المحتجز. يمكنك تعديله (جزئي).,Default amount = full held balance. You can edit it (partial).,Montant par défaut = solde total retenu. Modifiable (partiel).,view,view,view,translated in all three,1,CrossBuy/Views/Project/SubRetentionRelease.cshtml
Default amount = full retention balance. You can edit it (partial release).,المبلغ الافتراضي = كامل رصيد المحتجز. يمكنك تعديله (رد جزئي).,Default amount = full retention balance. You can edit it (partial release).,Montant par défaut = solde total de retenue. Modifiable (libération partielle).,view,view,view,translated in all three,1,CrossBuy/Views/Project/RetentionRelease.cshtml
Default costing method,طريقة التقييم الافتراضية,Default costing method,Méthode de valorisation par défaut,view,view,view,translated in all three,1,CrossBuy/Views/Inventory/CategoryForm.cshtml
Default for kind,افتراضي لهذا النوع,Default for kind,Par défaut pour le type,view,view,view,translated in all three,1,CrossBuy/Views/Accounting/TaxCodes.cshtml
Default layout,النموذج الافتراضي,Default layout,Mise en page par défaut,view,view,view,translated in all three,1,CrossBuy/Views/Shared/_ReportPrintMenu.cshtml
Default life,العمر الافتراضي,Default life,Durée de vie par défaut,view,view,view,translated in all three,1,CrossBuy/Views/Accounting/AssetCategories.cshtml
Default reason,السبب الافتراضي,Default reason,Motif par défaut,view,view,view,translated in all three,1,CrossBuy/Views/Inventory/NewWriteOff.cshtml
Default sales warehouse,مخزن البيع الافتراضي,Default sales warehouse,Entrepôt de vente par défaut,view,view,view,translated in all three,1,CrossBuy/Views/Pos/Setup.cshtml
Default section,السيكشن الافتراضي,Default section,Section par défaut,view,view,view,translated in all three,1,CrossBuy/Views/Inventory/ItemLocations.cshtml
Define activity types first,عرّف أنواع النشاط أولًا,Define activity types first,Définissez d'abord les types d'activité,view,view,view,translated in all three,1,CrossBuy/Views/Project/Projects.cshtml
"Define per-branch payment methods and map each to its account — setup only, no payment or GL now.",تعريف طرق الدفع لكل فرع وربط كل طريقة بحسابها — إعداد فقط، لا دفع ولا قيد الآن.,"Define per-branch payment methods and map each to its account — setup only, no payment or GL now.","Définissez les modes de paiement par succursale et associez chacun à son compte — configuration uniquement, aucun paiement ni écriture comptable pour l'instant.",view,view,view,translated in all three,1,CrossBuy/Views/Pos/PaymentMethods.cshtml
Define your own project activity types (the system does not assume a fixed type).,عرّف أنواع نشاط مشاريعك بنفسك (النظام لا يفترض نوعًا ثابتًا).,Define your own project activity types (the system does not assume a fixed type).,Définissez vos propres types d'activité de projet (le système n'impose aucun type).,view,view,view,translated in all three,1,CrossBuy/Views/Project/ActivityTypes.cshtml
Definition,التعريف,Definition,Définition,view,view,view,translated in all three,1,CrossBuy/Views/Brand/BrandEditor.cshtml
Delete,حذف,Delete,Supprimer,shared,shared,shared,translated in all three,22,CrossBuy/Views/Accounting/PayrollTaxSettings.cshtml
Delete Event,حذف الحدث,Delete Event,Supprimer l'événement,view,fallback-to-key,view,english falls back to key text,1,CrossBuy/Views/Calendar/Index.cshtml
Delete Selected,حذف المحدد,Delete Selected,Supprimer la sélection,view,fallback-to-key,view,english falls back to key text,1,CrossBuy/Views/FileManager/Index.cshtml
Delete activity type?,حذف نوع النشاط؟,Delete activity type?,Supprimer le type d'activité ?,view,view,view,translated in all three,1,CrossBuy/Views/Project/ActivityTypes.cshtml
Delete allocation?,حذف التحميل؟,Delete allocation?,Supprimer l'affectation ?,view,view,view,translated in all three,1,CrossBuy/Views/Project/EquipmentDepreciation.cshtml
Delete area?,حذف الصالة؟,Delete area?,Supprimer la salle ?,view,view,view,translated in all three,1,CrossBuy/Views/Pos/Areas.cshtml
Delete attachment?,حذف المرفق؟,Delete attachment?,Delete attachment?,view,fallback-to-key,fallback-to-key,english falls back to key text,1,CrossBuy/Views/Admin/_HrDocGallery.cshtml
Delete billing?,حذف المستخلص؟,Delete billing?,Supprimer le décompte ?,view,view,view,translated in all three,2,CrossBuy/Views/Project/Billing.cshtml
Delete bracket?,حذف الشريحة؟,Delete bracket?,Supprimer la tranche ?,view,view,view,translated in all three,1,CrossBuy/Views/Accounting/PayrollTaxSettings.cshtml
Delete brand?,حذف العلامة؟,Delete brand?,Supprimer la marque ?,view,view,view,translated in all three,1,CrossBuy/Views/Brand/Brands.cshtml
Delete contact?,حذف جهة الاتصال؟,Delete contact?,Supprimer le contact ?,view,view,view,translated in all three,1,CrossBuy/Views/Crm/AccountEditor.cshtml
Delete contract?,حذف العقد؟,Delete contract?,Supprimer le contrat ?,view,view,view,translated in all three,1,CrossBuy/Views/Admin/HrDocuments.cshtml
Delete course and its enrollments?,حذف الدورة وتسجيلاتها؟,Delete course and its enrollments?,Supprimer la formation et ses inscriptions ?,view,view,view,translated in all three,1,CrossBuy/Views/Admin/TrainingCourses.cshtml
Delete document?,حذف المستند؟,Delete document?,Supprimer le document ?,view,view,view,translated in all three,1,CrossBuy/Views/Admin/HrDocuments.cshtml
Delete driver?,حذف السائق؟,Delete driver?,Supprimer le livreur ?,view,view,view,translated in all three,1,CrossBuy/Views/Pos/Drivers.cshtml
Delete field and its values?,حذف الحقل وقيمه؟,Delete field and its values?,Supprimer le champ et ses valeurs ?,view,view,view,translated in all three,1,CrossBuy/Views/Crm/CustomFields.cshtml
Delete holiday?,حذف العطلة؟,Delete holiday?,Supprimer le jour férié ?,view,view,view,translated in all three,1,CrossBuy/Views/Admin/HolidaysList.cshtml
Delete issue?,حذف الأذن؟,Delete issue?,Supprimer le bon ?,view,view,view,translated in all three,1,CrossBuy/Views/Project/MaterialIssues.cshtml
Delete measurement?,حذف القياس؟,Delete measurement?,Supprimer le relevé ?,view,view,view,translated in all three,1,CrossBuy/Views/Project/Progress.cshtml
Delete message?,حذف الرسالة؟,Delete message?,Delete message?,view,fallback-to-key,fallback-to-key,english falls back to key text,1,CrossBuy/Views/Chat/Index.cshtml
Delete option?,حذف الخيار؟,Delete option?,Supprimer l'option ?,view,view,view,translated in all three,1,CrossBuy/Views/Pos/Modifiers.cshtml
Delete order?,حذف الأمر؟,Delete order?,Supprimer l'ordre ?,view,view,view,translated in all three,1,CrossBuy/Views/Project/VariationOrders.cshtml
Delete payment method?,حذف طريقة الدفع؟,Delete payment method?,Supprimer le mode de paiement ?,view,view,view,translated in all three,1,CrossBuy/Views/Pos/PaymentMethods.cshtml
Delete project?,حذف المشروع؟,Delete project?,Supprimer le projet ?,view,view,view,translated in all three,1,CrossBuy/Views/Project/Projects.cshtml
Delete rack?,حذف الرف؟,Delete rack?,Supprimer le rayon ?,view,view,view,translated in all three,1,CrossBuy/Views/Inventory/WarehouseSections.cshtml
Delete row,حذف صف,Delete row,Supprimer la ligne,view,view,view,translated in all three,1,CrossBuy/Views/Accounting/CreateJournal.cshtml
Delete rule?,حذف القاعدة؟,Delete rule?,Supprimer la règle ?,view,view,view,translated in all three,1,CrossBuy/Views/Crm/AutomationRules.cshtml
Delete schedule?,حذف الجدول؟,Delete schedule?,Supprimer le programme ?,view,view,view,translated in all three,1,CrossBuy/Views/Accounting/FixedAssetDetail.cshtml
Delete section,حذف السيكشن,Delete section,Supprimer la section,view,view,view,translated in all three,1,CrossBuy/Views/Inventory/WarehouseSections.cshtml
Delete section?,حذف السيكشن؟,Delete section?,Supprimer la section ?,view,view,view,translated in all three,1,CrossBuy/Views/Inventory/WarehouseSections.cshtml
Delete station?,حذف المحطة؟,Delete station?,Supprimer le poste ?,view,view,view,translated in all three,1,CrossBuy/Views/Pos/Areas.cshtml
Delete tab? Its buttons stay ungrouped.,حذف التبويب؟ أزراره تبقى بدون تبويب.,Delete tab? Its buttons stay ungrouped.,Supprimer l'onglet ? Ses boutons resteront non groupés.,view,view,view,translated in all three,1,CrossBuy/Views/Pos/QuickMenu.cshtml
Delete table,حذف الطاولة,Delete table,Supprimer la table,view,view,view,translated in all three,1,CrossBuy/Views/Pos/FloorPlan.cshtml
Delete table?,حذف الطاولة؟,Delete table?,Supprimer la table ?,view,view,view,translated in all three,1,CrossBuy/Views/Pos/FloorPlan.cshtml
Delete template?,حذف النموذج؟,Delete template?,Supprimer le modèle ?,view,view,view,translated in all three,1,CrossBuy/Views/Admin/AppraisalTemplates.cshtml
Delete terminal? (its till account stays in the chart),حذف الجهاز؟ (حساب خزنته يبقى في الشجرة),Delete terminal? (its till account stays in the chart),Supprimer le terminal ? (son compte de caisse reste dans le plan comptable),view,view,view,translated in all three,1,CrossBuy/Views/Pos/Terminals.cshtml
Delete the group with its options and links?,حذف المجموعة وكل خياراتها وروابطها؟,Delete the group with its options and links?,Supprimer le groupe avec ses options et ses liens ?,view,view,view,translated in all three,1,CrossBuy/Views/Pos/Modifiers.cshtml
Delete the selected item(s)? Folders are deleted with their contents.,حذف العناصر المحددة؟ المجلدات تُحذف بكل محتوياتها.,Delete the selected item(s)? Folders are deleted with their contents.,Supprimer les éléments sélectionnés ? Les dossiers sont supprimés avec leur contenu.,view,fallback-to-key,view,english falls back to key text,1,CrossBuy/Views/FileManager/Index.cshtml
Delete this document?,حذف هذا المستند؟,Delete this document?,Supprimer ce document ?,view,view,view,translated in all three,1,CrossBuy/Views/Admin/ApplicationDetail.cshtml
Delete this draft?,حذف هذه المسودة؟,Delete this draft?,Supprimer ce brouillon ?,shared,shared,shared,translated in all three,1,CrossBuy/Views/Accounting/_JournalRows.cshtml
Delete this event?,حذف هذا الحدث؟,Delete this event?,Supprimer cet événement ?,view,fallback-to-key,view,english falls back to key text,1,CrossBuy/Views/Calendar/Index.cshtml
Delete this message?,حذف هذه الرسالة؟,Delete this message?,Delete this message?,view,fallback-to-key,fallback-to-key,english falls back to key text,1,CrossBuy/Views/Comm/View.cshtml
Delete this operation?,حذف هذه العملية؟,Delete this operation?,Supprimer cette opération ?,view,view,view,translated in all three,1,CrossBuy/Views/Inventory/Routing.cshtml
Delete this plan?,حذف الخطة؟,Delete this plan?,Supprimer ce plan ?,view,view,view,translated in all three,1,CrossBuy/Views/Inventory/ProductionPlanning.cshtml
Delete this price list?,حذف قائمة الأسعار؟,Delete this price list?,Supprimer cette liste de prix ?,view,view,view,translated in all three,1,CrossBuy/Views/Inventory/_PriceListRows.cshtml
Delete this promotion?,حذف هذا العرض؟,Delete this promotion?,Supprimer cette promotion ?,view,view,view,translated in all three,1,CrossBuy/Views/Inventory/_PromotionRows.cshtml
Delete zone?,حذف المنطقة؟,Delete zone?,Supprimer la zone ?,view,view,view,translated in all three,1,CrossBuy/Views/Pos/DeliveryZones.cshtml
Deleted,تم الحذف,Deleted,Supprimé,view,shared,view,translated in all three,2,CrossBuy/Views/Calendar/Index.cshtml
Deliver,تُسلّم,Deliver,Livrer,view,view,view,translated in all three,1,CrossBuy/Views/PosApp/Delivery.cshtml
Deliver goods,تسليم البضاعة,Deliver goods,Livrer les marchandises,view,view,view,translated in all three,1,CrossBuy/Views/Inventory/_SoRows.cshtml
Delivered,مُسلّم,Delivered,Delivered,view,fallback-to-key,fallback-to-key,english falls back to key text,5,CrossBuy/Views/Inventory/DocumentDetails.cshtml
Deliveries,أذون الصرف,Deliveries,Livraisons,view,view,view,translated in all three,2,CrossBuy/Views/Inventory/Deliveries.cshtml
Delivering against SO,صرف مقابل أمر البيع,Delivering against SO,Livraison sur commande client,view,view,view,translated in all three,1,CrossBuy/Views/Inventory/NewDelivery.cshtml
Delivery,توصيل,Delivery,Delivery,view,fallback-to-key,fallback-to-key,english falls back to key text,1,CrossBuy/Views/Pos/Dashboard.cshtml
Delivery Information,معلومات التوصيل,Delivery Information,Informations de livraison,view,view,view,translated in all three,1,CrossBuy/Views/Shared/_mainLayout.cshtml
Delivery No.,رقم الإذن,Delivery No.,N° livraison,view,view,view,translated in all three,1,CrossBuy/Views/Inventory/Deliveries.cshtml
Delivery board,لوحة التوصيل,Delivery board,Tableau des livraisons,view,view,view,translated in all three,2,CrossBuy/Views/Pos/Dashboard.cshtml
Delivery drivers,سائقو التوصيل,Delivery drivers,Livreurs,view,view,view,translated in all three,1,CrossBuy/Views/Pos/Drivers.cshtml
Delivery fee,رسم التوصيل,Delivery fee,Frais de livraison,view,view,view,translated in all three,1,CrossBuy/Views/Pos/DeliveryZones.cshtml
Delivery notes,أذون الصرف / التسليم,Delivery notes,Bons de livraison,view,view,view,translated in all three,1,CrossBuy/Views/Inventory/Deliveries.cshtml
Delivery zones & fees,Delivery zones & fees,Delivery zones & fees,Delivery zones & fees,fallback-to-key,fallback-to-key,fallback-to-key,MISSING arabic — key shown to user,1,CrossBuy/Views/Pos/DeliveryZones.cshtml
Demand window,نافذة الطلب,Demand window,Fenêtre de demande,view,view,view,translated in all three,1,CrossBuy/Views/Inventory/RiskInsights.cshtml
Dep. expense,حساب مصروف الإهلاك,Dep. expense,Charge d'amort.,view,view,view,translated in all three,1,CrossBuy/Views/Accounting/AssetCategories.cshtml
Department,القسم,Department,Département,shared,shared,shared,translated in all three,5,CrossBuy/Views/Admin/ApplicationDetail.cshtml
Deposit,وديعة,Deposit,Dépôt,view,view,view,translated in all three,1,CrossBuy/Views/Admin/PolicesData.cshtml
Depreciated,نسبة الإهلاك,Depreciated,Amorti,view,view,view,translated in all three,2,CrossBuy/Views/Accounting/FixedAssetDetail.cshtml
Depreciation,الإهلاك الشهري,Depreciation,Amortissement,view,view,view,translated in all three,2,CrossBuy/Views/Accounting/DepreciationRunDetail.cshtml
Depreciation JV,قيد الإهلاك,Depreciation JV,Écriture d'amortissement,view,view,view,translated in all three,1,CrossBuy/Views/Accounting/DepreciationRunDetail.cshtml
Depreciation allocations,تحميلات الإهلاك,Depreciation allocations,Affectations d'amortissement,view,view,view,translated in all three,1,CrossBuy/Views/Project/EquipmentDepreciation.cshtml
Depreciation expense,حساب مصروف الإهلاك,Depreciation expense,Charge d'amortissement,view,view,view,translated in all three,1,CrossBuy/Views/Accounting/AssetCategories.cshtml
Depreciation history,سجل الإهلاك,Depreciation history,Historique des amortissements,view,view,view,translated in all three,1,CrossBuy/Views/Accounting/FixedAssetDetail.cshtml
Depreciation month,شهر الإهلاك,Depreciation month,Mois d'amortissement,view,view,view,translated in all three,1,CrossBuy/Views/Accounting/DepreciationRuns.cshtml
Derived from the stage,يُحسب تلقائيًا من المرحلة,Derived from the stage,Dérivée de l'étape,view,view,view,translated in all three,1,CrossBuy/Views/Crm/Opportunities.cshtml
Description,الوصف,Description,Description,view,shared,shared,translated in all three,30,CrossBuy/Views/Accounting/CreateJournal.cshtml
Description (EN),Description (EN),Description (EN),Description (EN),fallback-to-key,fallback-to-key,fallback-to-key,MISSING arabic — key shown to user,2,CrossBuy/Views/Crm/ListEditor.cshtml
Design a layout,تصميم نموذج جديد,Design a layout,Concevoir une mise en page,view,view,view,translated in all three,1,CrossBuy/Views/Shared/_ReportPrintMenu.cshtml
Design in Studio,التصميم في الاستوديو,Design in Studio,Concevoir dans le Studio,view,view,view,translated in all three,1,CrossBuy/Views/Reports/Viewer.cshtml
Destination folder,المجلد الوجهة,Destination folder,Dossier de destination,view,fallback-to-key,view,english falls back to key text,1,CrossBuy/Views/FileManager/Index.cshtml
Detach?,فك الربط؟,Detach?,Détacher ?,view,view,view,translated in all three,1,CrossBuy/Views/Pos/Modifiers.cshtml
Details,التفاصيل,Details,Détails,view,view,shared,translated in all three,6,CrossBuy/Views/Accounting/Executive.cshtml
Details (JSON),التفاصيل (JSON),Details (JSON),Détails (JSON),view,view,view,translated in all three,1,CrossBuy/Views/BusinessEventMonitor/Index.cshtml
Development Mode,وضع التطوير,Development Mode,Mode développement,view,view,view,translated in all three,1,CrossBuy/Views/Shared/Error.cshtml
Deviations,توجد انحرافات,Deviations,Écarts,view,view,view,translated in all three,1,CrossBuy/Views/Inventory/IntegrityReconciliation.cshtml
DeviationsShort,انحرافات,Deviations,Écarts,view,view,view,translated in all three,1,CrossBuy/Views/Inventory/IntegrityReconciliation.cshtml
Device,جهاز بصمة,Device,Appareil,view,view,view,translated in all three,1,CrossBuy/Views/Admin/AttendanceEntry.cshtml
Diff,الفرق,Diff,Écart,view,view,view,translated in all three,3,CrossBuy/Views/Currency/Revaluation.cshtml
Diff:,فرق:,Diff:,Écart :,view,view,view,translated in all three,1,CrossBuy/Views/Accounting/CreateJournal.cshtml
Difference,الفرق,Difference,Différence,shared,shared,shared,translated in all three,4,CrossBuy/Views/Accounting/BalanceSheet.cshtml
Dine-in,الجلوس,Dine-in,Sur place,view,view,view,translated in all three,2,CrossBuy/Views/Pos/Dashboard.cshtml
Dining area,الصالة,Dining area,Salle,view,view,view,translated in all three,1,CrossBuy/Views/Pos/FloorPlan.cshtml
Dining areas,الصالات,Dining areas,Salles,view,view,view,translated in all three,1,CrossBuy/Views/Pos/Areas.cshtml
Dining areas & kitchen stations,Dining areas & kitchen stations,Dining areas & kitchen stations,Dining areas & kitchen stations,fallback-to-key,fallback-to-key,fallback-to-key,MISSING arabic — key shown to user,1,CrossBuy/Views/Pos/Areas.cshtml
Direct contact,التواصل المباشر,Direct contact,Contact direct,view,view,view,translated in all three,1,CrossBuy/Views/Portal/Choose.cshtml
Disabled,غير مفعل,Disabled,Désactivé,view,view,view,translated in all three,1,CrossBuy/Views/Admin/Polices.cshtml
Disassemble (return components),تفكيك (إرجاع المكوّنات),Disassemble (return components),Désassembler (retourner les composants),view,view,view,translated in all three,1,CrossBuy/Views/Inventory/NewAssembly.cshtml
Disassembly,تفكيك,Disassembly,Désassemblage,view,view,view,translated in all three,1,CrossBuy/Views/Inventory/Index.cshtml
Disburse,صرف الرواتب,Disburse,Décaisser,view,view,view,translated in all three,1,CrossBuy/Views/Accounting/PayrollDisbursement.cshtml
Disburse payroll and clear the payable account?,تأكيد صرف الرواتب وتصفية الحساب المستحق؟,Disburse payroll and clear the payable account?,Décaisser la paie et solder le compte à payer ?,view,view,view,translated in all three,1,CrossBuy/Views/Accounting/PayrollDisbursement.cshtml
Disbursed; payable cleared.,تم الصرف وتصفية الحساب المستحق.,Disbursed; payable cleared.,Décaissé ; compte à payer soldé.,view,view,view,translated in all three,1,CrossBuy/Views/Accounting/PayrollDisbursement.cshtml
Disbursement,صرف الرواتب,Disbursement,Décaissement,view,view,view,translated in all three,1,CrossBuy/Views/Accounting/PayrollDisbursement.cshtml
Disc,خصم,Disc,Rem.,view,view,view,translated in all three,11,CrossBuy/Views/Accounting/MovementSummary.cshtml
Disc %,خصم %,Disc %,Remise %,view,view,view,translated in all three,1,CrossBuy/Views/Inventory/PriceListEditor.cshtml
Disc%,خصم%,Disc%,Rem%,view,view,view,translated in all three,1,CrossBuy/Views/Crm/OpportunityProducts.cshtml
Discard,تجاهل,Discard,Discard,view,fallback-to-key,fallback-to-key,english falls back to key text,1,CrossBuy/Views/Comm/Compose.cshtml
Discount,الخصم,Discount,Remise,shared,shared,shared,translated in all three,2,CrossBuy/Views/Accounting/MovementSummary.cshtml
Discount %,خصم %,Discount %,Remise %,view,view,view,translated in all three,1,CrossBuy/Views/Inventory/PriceListEditor.cshtml
Discount approval,اعتماد الخصم,Discount approval,Approbation de remise,view,view,view,translated in all three,1,CrossBuy/Views/Inventory/Settings.cshtml
Discount type,نوع الخصم,Discount type,Type de remise,view,view,view,translated in all three,1,CrossBuy/Views/Inventory/PromotionEditor.cshtml
Dispatch status,حالة الإرسال,Dispatch status,Statut d'envoi,view,view,view,translated in all three,1,CrossBuy/Views/BusinessEventMonitor/Index.cshtml
Dispatcher,المُرسِل,Dispatcher,Répartiteur,view,view,view,translated in all three,1,CrossBuy/Views/BusinessEventMonitor/Index.cshtml
Display name (optional),اسم العرض (اختياري),Display name (optional),Nom d'affichage (facultatif),view,view,view,translated in all three,1,CrossBuy/Views/Pos/PaymentMethods.cshtml
Display name in English (optional),Display name in English (optional),Display name in English (optional),Display name in English (optional),fallback-to-key,fallback-to-key,fallback-to-key,MISSING arabic — key shown to user,1,CrossBuy/Views/Pos/PaymentMethods.cshtml
Disposal JV,قيد الاستبعاد,Disposal JV,Écriture de cession,view,view,view,translated in all three,1,CrossBuy/Views/Accounting/FixedAssetDetail.cshtml
Disposal date,تاريخ الاستبعاد,Disposal date,Date de cession,view,view,view,translated in all three,1,CrossBuy/Views/Accounting/FixedAssetDetail.cshtml
Dispose,استبعاد,Dispose,Céder,view,view,view,translated in all three,1,CrossBuy/Views/Accounting/FixedAssetDetail.cshtml
Dispose & post,Dispose & post,Dispose & post,Dispose & post,fallback-to-key,fallback-to-key,fallback-to-key,MISSING arabic — key shown to user,1,CrossBuy/Views/Accounting/FixedAssetDetail.cshtml
Dispose asset,استبعاد أصل,Dispose asset,Céder l'immobilisation,view,view,view,translated in all three,1,CrossBuy/Views/Accounting/FixedAssetDetail.cshtml
Disposed,مستبعد,Disposed,Cédé,view,view,view,translated in all three,2,CrossBuy/Views/Accounting/FixedAssetDetail.cshtml
Disposed on,تاريخ الاستبعاد,Disposed on,Cédé le,view,view,view,translated in all three,1,CrossBuy/Views/Accounting/FixedAssetDetail.cshtml
Distribute current item balances onto their default locations?,توزيع أرصدة الأصناف الحالية على مواقعها الافتراضية؟ (للأصناف التي لا مواقع لها بعد),Distribute current item balances onto their default locations?,Répartir les soldes d'articles actuels sur leurs emplacements par défaut ?,view,view,view,translated in all three,1,CrossBuy/Views/Inventory/RackBalances.cshtml
Divorced,مطلّق,Divorced,Divorcé(e),view,view,view,translated in all three,1,CrossBuy/Views/Admin/EmployeeData.cshtml
Do you want to edit this leave policy data?,هل تريد تعديل بيانات لائحة الإجازة؟,Do you want to edit this leave policy data?,Voulez-vous modifier les données de cette politique de congés ?,view,view,view,translated in all three,1,CrossBuy/Views/Admin/Polices.cshtml
Do you want to edit this policy data?,هل تريد تعديل بيانات هذه السياسة؟,Do you want to edit this policy data?,Voulez-vous modifier les données de cette politique ?,view,view,view,translated in all three,1,CrossBuy/Views/Admin/Polices.cshtml
Do you want to edit this salary policy data?,هل تريد تعديل بيانات لائحة الراتب؟,Do you want to edit this salary policy data?,Voulez-vous modifier les données de cette politique salariale ?,view,view,view,translated in all three,1,CrossBuy/Views/Admin/Polices.cshtml
Doc No.,رقم المستند,Doc No.,N° de document,view,view,view,translated in all three,1,CrossBuy/Views/Inventory/WriteOffs.cshtml
Document,المستند,Document,Document,view,view,view,translated in all three,7,CrossBuy/Views/Accounting/CustomerStatement.cshtml
Document & contract expiry alerts,Document & contract expiry alerts,Document & contract expiry alerts,Document & contract expiry alerts,fallback-to-key,fallback-to-key,fallback-to-key,MISSING arabic — key shown to user,2,CrossBuy/Views/Admin/DocExpiryAlerts.cshtml
Document / receipt data,بيانات المستند / الإيصال,Document / receipt data,Données du document / reçu,view,view,view,translated in all three,1,CrossBuy/Views/Brand/BrandEditor.cshtml
Document No.,رقم المستند,Document No.,N° document,view,view,view,translated in all three,1,CrossBuy/Views/Inventory/DocumentDetails.cshtml
Document approval threshold,حد الاعتماد للمستندات,Document approval threshold,Seuil d'approbation des documents,view,view,view,translated in all three,1,CrossBuy/Views/Inventory/Settings.cshtml
Document details,بيانات المستند,Document details,Détails du document,view,view,view,translated in all three,1,CrossBuy/Views/Inventory/DocumentDetails.cshtml
Document lines,سطور المستند,Document lines,Lignes du document,view,view,view,translated in all three,1,CrossBuy/Views/Accounting/MovementSummary.cshtml
Document number,رقم المستند,Document number,Numéro du document,view,view,view,translated in all three,1,CrossBuy/Views/Admin/ApplicationDetail.cshtml
Document vault,خزنة المستندات,Document vault,Coffre-fort de documents,view,view,view,translated in all three,1,CrossBuy/Views/Admin/HrDocuments.cshtml
Documents,المستندات,Documents,Documents,view,view,view,translated in all three,3,CrossBuy/Views/Admin/EmployeesList.cshtml
Documents above this value require approval (used by the approvals task).,المستندات التي تتجاوز قيمتها هذا الحد تتطلب موافقة (يُفعّل في مرحلة الصلاحيات والموافقات).,Documents above this value require approval (used by the approvals task).,Les documents dépassant cette valeur nécessitent une approbation (utilisé par la tâche d'approbations).,view,view,view,translated in all three,1,CrossBuy/Views/Inventory/Settings.cshtml
Documents expiring,مستندات قرب انتهاؤها,Documents expiring,Documents expiring,view,fallback-to-key,fallback-to-key,english falls back to key text,1,CrossBuy/Views/Admin/Index.cshtml
Documents for his branch warehouses only.,مستندات مخازن فرعه فقط.,Documents for his branch warehouses only.,Documents pour les entrepôts de sa succursale uniquement.,view,view,view,translated in all three,1,CrossBuy/Views/Inventory/InventoryRoles.cshtml
Documents on file,المستندات المتوفرة,Documents on file,Documents au dossier,view,view,view,translated in all three,1,CrossBuy/Views/EmployeeOnboarding/Index.cshtml
Done,تم,Done,Terminé,view,view,view,translated in all three,7,CrossBuy/Views/BusinessEventMonitor/Index.cshtml
Don’t miss amazing,Don’t miss amazing,Don’t miss amazing,Don’t miss amazing,fallback-to-key,fallback-to-key,fallback-to-key,MISSING arabic — key shown to user,1,CrossBuy/Views/Home/Store.cshtml
Download,Download,Download,Download,fallback-to-key,fallback-to-key,fallback-to-key,MISSING arabic — key shown to user,7,CrossBuy/Views/Admin/_HrDocGallery.cshtml
Dr 210204 SI payable / Cr bank (both shares),مدين 210204 تأمينات مستحقة / دائن البنك (حصتا الموظف والشركة),Dr 210204 SI payable / Cr bank (both shares),Débit 210204 AS à payer / Crédit banque (les deux parts),view,view,view,translated in all three,1,CrossBuy/Views/Accounting/PayrollDisbursement.cshtml
Dr 210205 Tax payable / Cr bank,مدين 210205 ضريبة مستحقة / دائن البنك,Dr 210205 Tax payable / Cr bank,Débit 210205 Taxe à payer / Crédit banque,view,view,view,translated in all three,1,CrossBuy/Views/Accounting/PayrollDisbursement.cshtml
Dr 2103 Payroll payable / Cr bank or cash,مدين 2103 رواتب مستحقة / دائن البنك أو الخزينة,Dr 2103 Payroll payable / Cr bank or cash,Débit 2103 Paie à payer / Crédit banque ou caisse,view,view,view,translated in all three,1,CrossBuy/Views/Accounting/PayrollDisbursement.cshtml
Draft,مسودة,Draft,Brouillon,view,view,view,translated in all three,24,CrossBuy/Views/Accounting/Journals.cshtml
Drag a deal between columns to change its stage,اسحب الفرصة بين الأعمدة لتغيير مرحلتها,Drag a deal between columns to change its stage,Faites glisser une affaire entre les colonnes pour changer son étape,view,view,view,translated in all three,1,CrossBuy/Views/Crm/Pipeline.cshtml
Drag an applicant between columns to change stage. Hiring is done from the applicant card.,اسحب المتقدّم بين الأعمدة لتغيير المرحلة. التعيين يتم من بطاقة المتقدّم.,Drag an applicant between columns to change stage. Hiring is done from the applicant card.,Glissez un candidat entre les colonnes pour changer d'étape. L'embauche se fait depuis la carte du candidat.,view,view,view,translated in all three,1,CrossBuy/Views/Admin/Applications.cshtml
"Drag tables to position them, then save. Each table has a QR for ordering later.",اسحب الطاولات لتحديد مواضعها ثم احفظ. لكل طاولة رمز QR للطلب لاحقًا.,"Drag tables to position them, then save. Each table has a QR for ordering later.","Faites glisser les tables pour les positionner, puis enregistrez. Chaque table dispose d'un QR pour commander ultérieurement.",view,view,view,translated in all three,1,CrossBuy/Views/Pos/FloorPlan.cshtml
Drag to move · hover to delete,اسحب لتحريك الطاولة · قف عليها لحذفها,Drag to move · hover to delete,Faire glisser pour déplacer · survoler pour supprimer,view,view,view,translated in all three,1,CrossBuy/Views/Pos/FloorPlan.cshtml
Drag to pan · Ctrl+wheel to zoom · double-click to focus an item,اسحب للتنقل · Ctrl+عجلة للتكبير · دبل-كليك للتركيز على عنصر,Drag to pan · Ctrl+wheel to zoom · double-click to focus an item,Glisser pour déplacer · Ctrl+molette pour zoomer · double-clic pour cibler un élément,view,view,view,translated in all three,1,CrossBuy/Views/Admin/AdministrativeStructure.cshtml
Drawer,الخزنة,Drawer,Tiroir,view,view,view,translated in all three,1,CrossBuy/Views/Pos/Terminals.cshtml
Driver,السائق,Driver,Livreur,view,view,view,translated in all three,1,CrossBuy/Views/PosApp/Delivery.cshtml
Drivers,السائقون,Drivers,Livreurs,view,view,view,translated in all three,1,CrossBuy/Views/Pos/Drivers.cshtml
Drop images here or click to upload,أفلت الصور هنا أو اضغط للرفع,Drop images here or click to upload,Drop images here or click to upload,view,fallback-to-key,fallback-to-key,english falls back to key text,1,CrossBuy/Views/Inventory/ItemForm.cshtml
Due,الاستحقاق,Due,Due,view,view,fallback-to-key,MISSING french — English key shown,7,CrossBuy/Views/Accounting/Index.cshtml
Due date,تاريخ الاستحقاق,Due date,Échéance,view,view,view,translated in all three,3,CrossBuy/Views/Crm/Activities.cshtml
Due in (days),الاستحقاق بعد (أيام),Due in (days),Échéance dans (jours),view,view,view,translated in all three,1,CrossBuy/Views/Crm/AutomationRules.cshtml
Duplicate assignment,إسناد مكرر,Duplicate assignment,Affectation en double,view,view,view,translated in all three,1,CrossBuy/Views/Roster/Index.cshtml
Duplicates,ازدواج,Duplicates,Doublons,view,view,view,translated in all three,1,CrossBuy/Views/Accounting/AiInsights.cshtml
During work,أثناء الدوام,During work,Pendant le travail,view,view,view,translated in all three,1,CrossBuy/Views/Admin/Polices.cshtml
E-Invoice,الفاتورة الإلكترونية,E-Invoice,Facture électronique,view,view,view,translated in all three,1,CrossBuy/Views/Accounting/SalesInvoiceDetail.cshtml
E-Invoice (ETA),الفاتورة الإلكترونية (ETA),E-Invoice (ETA),Facture électronique (ETA),view,view,view,translated in all three,1,CrossBuy/Views/Accounting/EtaStatus.cshtml
EGP,ج.م,EGP,EGP,view,view,view,translated in all three,7,CrossBuy/Views/Accounting/Executive.cshtml
"ETA e-invoice integration is isolated behind a service interface and deferred. Once enabled, sales invoices will be submitted automatically and their UUID/status stored.",تكامل منظومة الفاتورة الإلكترونية لمصلحة الضرائب المصرية معزول خلف واجهة برمجية ومؤجَّل التفعيل. عند التفعيل ستُرسَل فواتير البيع تلقائياً وتُحفظ أرقام الـ UUID والحالة.,"ETA e-invoice integration is isolated behind a service interface and deferred. Once enabled, sales invoices will be submitted automatically and their UUID/status stored.","L'intégration de la facturation électronique ETA est isolée derrière une interface de service et différée. Une fois activée, les factures de vente seront soumises automatiquement et leur UUID/statut seront enregistrés.",view,view,view,translated in all three,1,CrossBuy/Views/Accounting/EtaStatus.cshtml
ETA status,حالة ETA,ETA status,Statut ETA,view,view,view,translated in all three,1,CrossBuy/Views/Accounting/EtaStatus.cshtml
Each,نصيب كل شخص,Each,Chacun,view,view,view,translated in all three,1,CrossBuy/Views/PosApp/Terminal.cshtml
"Each currency has its own decimal places (USD 2, KWD 3) — used when displaying amounts in that currency.",لكل عملة عدد خانات عشرية خاص بها (الدولار 2، الدينار 3). يُستخدم في عرض المبالغ بتلك العملة.,"Each currency has its own decimal places (USD 2, KWD 3) — used when displaying amounts in that currency.","Chaque devise possède ses propres décimales (USD 2, KWD 3) — utilisées lors de l'affichage des montants dans cette devise.",view,view,view,translated in all three,1,CrossBuy/Views/Currency/Currencies.cshtml
"Each terminal = isolated drawer + own receipt sequence + shifts — setup only, no selling or GL.",كل جهاز = خزنة مستقلة + تسلسل أرقام خاص + ورديات — تأسيس فقط، لا بيع ولا قيد.,"Each terminal = isolated drawer + own receipt sequence + shifts — setup only, no selling or GL.","Chaque terminal = tiroir isolé + sa propre séquence de tickets + services — configuration uniquement, aucune vente ni écriture comptable.",view,view,view,translated in all three,1,CrossBuy/Views/Pos/Terminals.cshtml
Earlier,السابق,Earlier,Précédent,view,view,view,translated in all three,1,CrossBuy/Views/Roster/Mine.cshtml
Early,انصراف مبكر,Early,Départ anticipé,view,view,view,translated in all three,1,CrossBuy/Views/Roster/Mine.cshtml
Early leave,خروج مبكر,Early leave,Départ anticipé,view,view,view,translated in all three,1,CrossBuy/Views/Admin/Polices.cshtml
Earnings,المستحقات,Earnings,Gains,view,view,view,translated in all three,4,CrossBuy/Views/Accounting/Payslip.cshtml
EarningsAndDeductions,الإضافي والخصومات,Earnings and Deductions,Gains et retenues,shared,shared,shared,translated in all three,1,CrossBuy/Views/Admin/Polices.cshtml
Edit,تعديل,Edit,Modifier,shared,shared,shared,translated in all three,41,CrossBuy/Views/Accounting/ChartOfAccounts.cshtml
Edit Draft Entry,تعديل مسودة قيد,Edit Draft Entry,Modifier le brouillon,view,view,view,translated in all three,1,CrossBuy/Views/Accounting/CreateJournal.cshtml
Edit Event,تعديل الحدث,Edit Event,Modifier l'événement,view,fallback-to-key,view,english falls back to key text,1,CrossBuy/Views/Calendar/Index.cshtml
Edit account,تعديل حساب,Edit account,Modifier le compte,view,view,view,translated in all three,1,CrossBuy/Views/Accounting/ChartOfAccounts.cshtml
Edit activity,تعديل النشاط,Edit activity,Modifier l'activité,view,view,view,translated in all three,1,CrossBuy/Views/Crm/Activities.cshtml
Edit activity type,تعديل نوع النشاط,Edit activity type,Modifier le type d'activité,view,view,view,translated in all three,1,CrossBuy/Views/Project/ActivityTypes.cshtml
Edit allocation,تعديل التحميل,Edit allocation,Modifier l'affectation,view,view,view,translated in all three,1,CrossBuy/Views/Project/EquipmentDepreciation.cshtml
Edit application,تعديل الطلب,Edit application,Modifier la candidature,view,view,view,translated in all three,1,CrossBuy/Views/Admin/ApplicationForm.cshtml
Edit brand,تعديل علامة,Edit brand,Modifier la marque,view,view,view,translated in all three,1,CrossBuy/Views/Brand/BrandEditor.cshtml
Edit campaign,تعديل الحملة,Edit campaign,Modifier la campagne,view,view,view,translated in all three,1,CrossBuy/Views/Crm/Campaigns.cshtml
Edit category,تعديل فئة,Edit category,Modifier la catégorie,view,view,view,translated in all three,1,CrossBuy/Views/Inventory/CategoryForm.cshtml
Edit course,تعديل دورة,Edit course,Modifier la formation,view,view,view,translated in all three,1,CrossBuy/Views/Admin/TrainingCourseEditor.cshtml
Edit currency,تعديل العملة,Edit currency,Modifier la devise,view,view,view,translated in all three,1,CrossBuy/Views/Currency/Currencies.cshtml
Edit customer,تعديل العميل,Edit customer,Modifier le client,view,view,view,translated in all three,1,CrossBuy/Views/Accounting/Customers.cshtml
Edit group,تعديل المجموعة,Edit group,Modifier le groupe,view,view,view,translated in all three,1,CrossBuy/Views/Pos/Modifiers.cshtml
Edit in Report Studio,تعديل في استوديو التقارير,Edit in Report Studio,Modifier dans Report Studio,view,view,view,translated in all three,1,CrossBuy/Views/Reports/Viewer.cshtml
Edit in Report Studio — saving creates your own copy,تعديل في استوديو التقارير — الحفظ ينشئ نسخة خاصة بك,Edit in Report Studio — saving creates your own copy,Modifier dans Report Studio — l’enregistrement crée votre propre copie,view,view,view,translated in all three,2,CrossBuy/Views/Reports/Viewer.cshtml
Edit invoice,تعديل الفاتورة,Edit invoice,Edit invoice,shared,fallback-to-key,fallback-to-key,english falls back to key text,4,CrossBuy/Views/Accounting/NewPurchaseInvoice.cshtml
Edit item,تعديل صنف,Edit item,Modifier l'article,view,view,view,translated in all three,1,CrossBuy/Views/Inventory/ItemForm.cshtml
Edit lead,تعديل العميل المحتمل,Edit lead,Modifier le prospect,view,view,view,translated in all three,1,CrossBuy/Views/Crm/Leads.cshtml
Edit message,تعديل الرسالة,Edit message,Edit message,view,fallback-to-key,fallback-to-key,english falls back to key text,1,CrossBuy/Views/Chat/Index.cshtml
Edit operation,تعديل العملية,Edit operation,Modifier l'opération,view,view,view,translated in all three,1,CrossBuy/Views/Inventory/Routing.cshtml
Edit opportunity,تعديل الفرصة,Edit opportunity,Modifier l'opportunité,view,view,view,translated in all three,1,CrossBuy/Views/Crm/Opportunities.cshtml
Edit payment method,تعديل طريقة الدفع,Edit payment method,Modifier le mode de paiement,view,view,view,translated in all three,1,CrossBuy/Views/Pos/PaymentMethods.cshtml
Edit policy,تعديل سياسة,Edit policy,Modifier la politique,view,view,view,translated in all three,1,CrossBuy/Views/Crm/SlaPolicies.cshtml
Edit price list,تعديل قائمة أسعار,Edit price list,Modifier la liste de prix,view,view,view,translated in all three,1,CrossBuy/Views/Inventory/PriceListEditor.cshtml
Edit project,تعديل مشروع,Edit project,Modifier le projet,view,view,view,translated in all three,1,CrossBuy/Views/Project/Projects.cshtml
Edit promotion,تعديل العرض,Edit promotion,Modifier la promotion,view,view,view,translated in all three,1,CrossBuy/Views/Inventory/PromotionEditor.cshtml
Edit routing,تعديل مسار التصنيع,Edit routing,Modifier la gamme,view,view,view,translated in all three,1,CrossBuy/Views/Inventory/ItemForm.cshtml
Edit rule,تعديل قاعدة,Edit rule,Modifier la règle,view,view,view,translated in all three,1,CrossBuy/Views/Crm/ScoringRules.cshtml
Edit table,تعديل الطاولة,Edit table,Modifier la table,view,view,view,translated in all three,1,CrossBuy/Views/Pos/FloorPlan.cshtml
Edit tax code,تعديل كود الضريبة,Edit tax code,Edit tax code,view,fallback-to-key,fallback-to-key,english falls back to key text,1,CrossBuy/Views/Accounting/TaxCodes.cshtml
Edit template,تعديل نموذج,Edit template,Modifier le modèle,view,view,view,translated in all three,1,CrossBuy/Views/Admin/AppraisalTemplateEditor.cshtml
Edit terminal,تعديل جهاز,Edit terminal,Modifier le terminal,view,view,view,translated in all three,1,CrossBuy/Views/Pos/Terminals.cshtml
Edit the layout,تعديل النموذج,Edit the layout,Modifier la mise en page,view,view,view,translated in all three,1,CrossBuy/Views/Shared/_ReportPrintMenu.cshtml
Edit vendor,تعديل المورد,Edit vendor,Modifier le fournisseur,view,view,view,translated in all three,1,CrossBuy/Views/Accounting/Vendors.cshtml
Edit warehouse,تعديل مخزن,Edit warehouse,Modifier l'entrepôt,view,view,view,translated in all three,1,CrossBuy/Views/Inventory/Warehouses.cshtml
Edit work center,تعديل مركز العمل,Edit work center,Modifier le poste de charge,view,view,view,translated in all three,1,CrossBuy/Views/Inventory/WorkCenters.cshtml
Elevated,صلاحية موسّعة,Elevated,Élevé,view,view,view,translated in all three,1,CrossBuy/Views/BusinessEventMonitor/Index.cshtml
Email,الايميل,Email,E-mail,shared,shared,shared,translated in all three,20,CrossBuy/Views/Account/Profile.cshtml
Email is required.,البريد الإلكتروني مطلوب.,Email is required.,L'e-mail est requis.,view,view,view,translated in all three,1,CrossBuy/Views/Admin/EmployeeData.cshtml
Email sent,تم إرسال البريد,Email sent,E-mail envoyé,view,fallback-to-key,shared,english falls back to key text,1,CrossBuy/Views/Comm/Index.cshtml
Emergency,طارئة,Emergency,Urgence,view,view,view,translated in all three,1,CrossBuy/Views/Admin/PolicesData.cshtml
Emoji,إيموجي,Emoji,Emoji,view,fallback-to-key,fallback-to-key,english falls back to key text,1,CrossBuy/Views/Chat/Index.cshtml
Employee,الموظف,Employee,Employé,view,view,view,translated in all three,24,CrossBuy/Views/Accounting/AccountingRoles.cshtml
Employee No.,رقم الموظف,Employee No.,N° d'employé,view,view,view,translated in all three,1,CrossBuy/Views/People/Profile.cshtml
Employee Registration,تسجيل موظف,Employee Registration,Enregistrement d'un employé,view,view,view,translated in all three,1,CrossBuy/Views/Admin/EmployeeData.cshtml
Employee comment,تعليق الموظف,Employee comment,Commentaire de l'employé,view,view,view,translated in all three,1,CrossBuy/Views/Admin/AppraisalScore.cshtml
Employee contracts & documents,Employee contracts & documents,Employee contracts & documents,Employee contracts & documents,fallback-to-key,fallback-to-key,fallback-to-key,MISSING arabic — key shown to user,1,CrossBuy/Views/Admin/HrDocuments.cshtml
Employee has been saved successfully.,تم حفظ الموظف بنجاح.,Employee has been saved successfully.,L'employé a été enregistré avec succès.,view,view,view,translated in all three,1,CrossBuy/Views/Admin/EmployeeData.cshtml
Employee home address,عنوان سكن الموظف,Employee home address,Adresse du domicile de l'employé,view,view,view,translated in all three,1,CrossBuy/Views/Admin/EmployeeData.cshtml
Employee id,رقم الموظف,Employee id,Identifiant de l'employé,view,view,view,translated in all three,1,CrossBuy/Views/Roster/Index.cshtml
Employee is inactive,الموظف غير نشط,Employee is inactive,L'employé est inactif,view,view,view,translated in all three,1,CrossBuy/Views/Roster/Index.cshtml
Employee is not in this company,الموظف لا ينتمي لهذه الشركة,Employee is not in this company,L'employé n'appartient pas à cette société,view,view,view,translated in all three,1,CrossBuy/Views/Roster/Index.cshtml
Employee no.,رقم الموظف,Employee no.,N° d'employé,view,view,view,translated in all three,1,CrossBuy/Views/EmployeeOnboarding/Index.cshtml
Employee onboarding,التحاق الموظف,Employee onboarding,Intégration de l'employé,view,view,view,translated in all three,1,CrossBuy/Views/EmployeeOnboarding/Index.cshtml
Employee photo,صورة الموظف,Employee photo,Photo de l'employé,view,view,view,translated in all three,1,CrossBuy/Views/Admin/EmployeeData.cshtml
Employee requests,طلبات الموظفين,Employee requests,Employee requests,view,fallback-to-key,fallback-to-key,english falls back to key text,1,CrossBuy/Views/Approvals/Index.cshtml
Employee saved successfully.,تم حفظ الموظف بنجاح.,Employee saved successfully.,Employé enregistré avec succès.,view,view,view,translated in all three,1,CrossBuy/Views/Admin/EmployeeData.cshtml
Employee share,حصة الموظف,Employee share,Part de l'employé,view,view,view,translated in all three,1,CrossBuy/Views/Admin/EmployeeData.cshtml
"Employee: Dr WIP / Cr wage expense (reclass). External: Dr WIP / Cr cash or payable (+WHT). Foreign: rate in foreign, converted to functional at entry (Buy rate) — WIP stays functional.",الموظف: مدين WIP / دائن مصروف الأجور (إعادة تصنيف). الخارجي: مدين WIP / دائن نقدية أو مستحق (+ض.خصم). بعملة أجنبية: السعر بالأجنبي ويُحوَّل للوظيفية عند الإدخال (سعر «شراء») — WIP يبقى بالوظيفية. تُحمَّل القيمة فورًا.,"Employee: Dr WIP / Cr wage expense (reclass). External: Dr WIP / Cr cash or payable (+WHT). Foreign: rate in foreign, converted to functional at entry (Buy rate) — WIP stays functional.","Employé : Dr WIP / Cr charge de salaires (reclassement). Externe : Dr WIP / Cr trésorerie ou dette (+WHT). Devise étrangère : taux en devise, converti en devise fonctionnelle à la saisie (taux d'achat) — le WIP reste en devise fonctionnelle.",view,view,view,translated in all three,1,CrossBuy/Views/Inventory/WorkOrderDetails.cshtml
EmployeeInsuranceContribution,تأمين الموظف,Employee Insurance Contribution,Cotisation d'assurance du salarié,shared,shared,shared,translated in all three,1,CrossBuy/Views/Admin/Polices.cshtml
EmployeeSocialInsurance,تأمينات الموظف,Employee Social Insurance,Assurance sociale du salarié,shared,shared,shared,translated in all three,1,CrossBuy/Views/Admin/Polices.cshtml
Employees,الموظفون,Employees,Employés,shared,shared,shared,translated in all three,5,CrossBuy/Views/Admin/CourseEnrollments.cshtml
Employees List,قائمة الموظفين,Employees List,Liste des employés,view,view,view,translated in all three,1,CrossBuy/Views/Admin/EmployeesList.cshtml
Employees portal,بوابة الموظفين,Employees portal,Portail des employés,view,view,view,translated in all three,1,CrossBuy/Views/Portal/Choose.cshtml
Employer social insurance,التأمينات (حصة الشركة),Employer social insurance,Assurance sociale employeur,view,view,view,translated in all three,2,CrossBuy/Views/Accounting/Payslip.cshtml
EmployerInsuranceContribution,تأمين الشركة,Employer Insurance Contribution,Cotisation d'assurance de l'employeur,shared,shared,shared,translated in all three,1,CrossBuy/Views/Admin/Polices.cshtml
Employment,نوع التوظيف,Employment,Emploi,view,view,view,translated in all three,1,CrossBuy/Views/People/Profile.cshtml
Employment letter,إثبات عمل,Employment letter,Attestation d'emploi,view,view,view,translated in all three,1,CrossBuy/Views/People/Requests.cshtml
Employment type,نوع التوظيف,Employment type,Type d'emploi,view,view,view,translated in all three,1,CrossBuy/Views/Admin/ApplicationForm.cshtml
Empty,فارغ,Empty,Vide,view,view,view,translated in all three,1,CrossBuy/Views/Admin/Applications.cshtml
Empty fields inherit from the company when rendered on receipts.,الحقول الفارغة تُورَث من بيانات الشركة عند العرض على الإيصالات.,Empty fields inherit from the company when rendered on receipts.,Les champs vides héritent de la société lors de l'affichage sur les reçus.,view,view,view,translated in all three,1,CrossBuy/Views/Brand/BrandEditor.cshtml
EnableShortLeave,تفعيل الاستئذان,Enable Short Leave,Activer les congés courts,shared,shared,shared,translated in all three,1,CrossBuy/Views/Admin/Polices.cshtml
Enabled,مفعل,Enabled,Activé,view,view,view,translated in all three,2,CrossBuy/Views/Accounting/EtaStatus.cshtml
Enabled capabilities,القدرات المفعّلة,Enabled capabilities,Capacités activées,view,view,view,translated in all three,1,CrossBuy/Views/Pos/Setup.cshtml
Encash,صرف,Encash,Encaisser,view,view,view,translated in all three,1,CrossBuy/Views/Admin/LeaveAccrual.cshtml
Encashable leave,رصيد الإجازات القابل للصرف,Encashable leave,Congé encaissable,view,view,view,translated in all three,1,CrossBuy/Views/Admin/FinalSettlement.cshtml
Encashable leave types,أنواع الإجازات القابلة للصرف,Encashable leave types,Types de congés encaissables,view,view,view,translated in all three,1,CrossBuy/Views/Admin/LeaveAccrual.cshtml
End,إلى,End,Fin,view,view,view,translated in all three,4,CrossBuy/Views/Admin/HrDocuments.cshtml
End date,تاريخ النهاية,End date,Date de fin,view,view,view,translated in all three,2,CrossBuy/Views/Crm/Campaigns.cshtml
End membership,End membership,End membership,End membership,fallback-to-key,fallback-to-key,fallback-to-key,MISSING arabic — key shown to user,1,CrossBuy/Views/Project/Team.cshtml
End this membership?,End this membership?,End this membership?,End this membership?,fallback-to-key,fallback-to-key,fallback-to-key,MISSING arabic — key shown to user,1,CrossBuy/Views/Project/Team.cshtml
Ended,Ended,Ended,Ended,fallback-to-key,fallback-to-key,fallback-to-key,MISSING arabic — key shown to user,1,CrossBuy/Views/Project/Team.cshtml
Ends,ينتهي,Ends,Se termine,view,fallback-to-key,view,english falls back to key text,1,CrossBuy/Views/Calendar/Index.cshtml
Ends the next day,ينتهي في اليوم التالي,Ends the next day,Se termine le lendemain,view,view,view,translated in all three,2,CrossBuy/Views/Roster/Index.cshtml
"Engagement is compared across two equal, adjacent windows of",تتم مقارنة التفاعل عبر نافذتين متساويتين ومتجاورتين مدة كل منهما,"Engagement is compared across two equal, adjacent windows of",L'engagement est comparé sur deux fenêtres égales et adjacentes de,view,view,view,translated in all three,1,CrossBuy/Views/Crm/AccountInsights.cshtml
English,الإنجليزية,English,Anglais,view,view,view,translated in all three,1,CrossBuy/Views/Shared/_mainLayout.cshtml
Enroll,تسجيل,Enroll,Inscrire,view,view,view,translated in all three,1,CrossBuy/Views/Admin/CourseEnrollments.cshtml
Enroll employees,تسجيل موظفين,Enroll employees,Inscrire des employés,view,view,view,translated in all three,1,CrossBuy/Views/Admin/CourseEnrollments.cshtml
Enrollments,التسجيلات,Enrollments,Inscriptions,view,view,view,translated in all three,1,CrossBuy/Views/Admin/TrainingCourses.cshtml
Enter,دخول,Enter,Entrer,view,view,view,translated in all three,2,CrossBuy/Views/Portal/Choose.cshtml
Enter item name,أدخل اسم الصنف,Enter item name,Saisir le nom de l'article,view,view,view,translated in all three,1,CrossBuy/Views/Pos/QuickMenu.cshtml
Enter opening balances,إدخال الأرصدة الافتتاحية,Enter opening balances,Saisir les soldes d'ouverture,view,view,view,translated in all three,1,CrossBuy/Views/Inventory/OpeningBalances.cshtml
Enter personal and contact information for the new employee.,أدخل المعلومات الشخصية وبيانات الاتصال للموظف الجديد.,Enter personal and contact information for the new employee.,Saisissez les informations personnelles et de contact du nouvel employé.,view,view,view,translated in all three,1,CrossBuy/Views/Admin/EmployeeData.cshtml
Enter score,إدخال,Score,Noter,view,view,view,translated in all three,1,CrossBuy/Views/Admin/Appraisals.cshtml
Enter the remaining trial-balance accounts (cash/banks/loans/capital…). The system balances via the Opening Balance Equity account.,أدخل أرصدة باقي حسابات الميزان (نقدية/بنوك/قروض/رأس المال…). يوازن النظام تلقائيًا عبر حساب الرصيد الافتتاحي.,Enter the remaining trial-balance accounts (cash/banks/loans/capital…). The system balances via the Opening Balance Equity account.,Saisissez les comptes restants de la balance générale (caisse/banques/emprunts/capital…). Le système équilibre via le compte de capitaux propres d'ouverture.,view,view,view,translated in all three,1,CrossBuy/Views/Inventory/OpeningBalances.cshtml
Entitlement days per year,عدد أيام الاستحقاق سنويًا,Entitlement days per year,Jours de droit par an,view,view,view,translated in all three,1,CrossBuy/Views/Admin/PolicesData.cshtml
EntitlementDaysPerYear,عدد ايام الاجازه السنوية,Entitlement Days Per Year,Jours de droit par an,shared,shared,shared,translated in all three,1,CrossBuy/Views/Admin/PolicesData.cshtml
Entity,الكيان,Entity,Entité,view,view,view,translated in all three,3,CrossBuy/Views/BusinessEventMonitor/Index.cshtml
Entity #,رقم الكيان,Entity #,N° d'entité,view,view,view,translated in all three,1,CrossBuy/Views/BusinessEventMonitor/Index.cshtml
Entity type,نوع الكيان,Entity type,Type d'entité,view,view,view,translated in all three,1,CrossBuy/Views/BusinessEventMonitor/Index.cshtml
Entries examined,القيود التي تم فحصها,Entries examined,Écritures examinées,view,view,view,translated in all three,1,CrossBuy/Views/Accounting/AiInsights.cshtml
Entry,تسجيل,Entry,Saisie,view,view,view,translated in all three,7,CrossBuy/Views/Accounting/AiInsights.cshtml
Entry Lines,سطور القيد,Entry Lines,Lignes d'écriture,view,view,view,translated in all three,1,CrossBuy/Views/Accounting/CreateJournal.cshtml
Entry No,رقم القيد,Entry No,N° d'écriture,view,view,view,translated in all three,3,CrossBuy/Views/Accounting/Journals.cshtml
Entry description,وصف القيد,Entry description,Description de l'écriture,view,view,view,translated in all three,1,CrossBuy/Views/Accounting/CreateJournal.cshtml
Entry lines,بنود القيد,Entry lines,Lignes d écriture,view,view,view,translated in all three,1,CrossBuy/Views/Accounting/JournalEntry.cshtml
Entry log,سجل الإدخال,Entry log,Journal des saisies,view,view,view,translated in all three,1,CrossBuy/Views/Inventory/OpeningBalances.cshtml
Entry on post: Dr project execution cost (510104) / Cr inventory (1103) — tagged to the project. Stock is issued via the inventory service.,القيد عند الترحيل: مدين تكلفة تنفيذ المشاريع (510104) / دائن المخزون (1103) — موسوم بالمشروع. الصرف يتم عبر خدمة المخزون.,Entry on post: Dr project execution cost (510104) / Cr inventory (1103) — tagged to the project. Stock is issued via the inventory service.,Écriture à la comptabilisation : Débit coût exécution projets (510104) / Crédit stock (1103) — affecté au projet. La sortie passe par le service de stock.,view,view,view,translated in all three,1,CrossBuy/Views/Project/MaterialIssues.cshtml
Entry: Dr cost / Cr accumulated depreciation / Cr opening equity (NBV). Future depreciation continues on remaining life.,القيد: مدين تكلفة الأصل / دائن مجمّع الإهلاك (بالمجمّع) / دائن الرصيد الافتتاحي (بالقيمة الدفترية). يكمل الإهلاك على العمر المتبقي.,Entry: Dr cost / Cr accumulated depreciation / Cr opening equity (NBV). Future depreciation continues on remaining life.,Écriture : Dr coût / Cr amortissement cumulé / Cr capitaux propres d'ouverture (VNC). L'amortissement futur se poursuit sur la durée restante.,view,view,view,translated in all three,1,CrossBuy/Views/Inventory/OpeningBalances.cshtml
Entry: Dr write-off expense (510103) / Cr inventory (1103). Expired batches may be written off.,القيد: مدين مصروف الإعدام (510103) / دائن المخزون (1103). الدفعات المنتهية مسموح بإعدامها.,Entry: Dr write-off expense (510103) / Cr inventory (1103). Expired batches may be written off.,Écriture : Dr charge de radiation (510103) / Cr stock (1103). Les lots expirés peuvent être radiés.,view,view,view,translated in all three,1,CrossBuy/Views/Inventory/NewWriteOff.cshtml
Environment,البيئة,Environment,Environnement,view,view,view,translated in all three,1,CrossBuy/Views/Accounting/EtaStatus.cshtml
Equipment,معدات,Equipment,Équipement,view,view,view,translated in all three,3,CrossBuy/Views/Project/Boq.cshtml
Equipment depreciation,إهلاك المعدات,Equipment depreciation,Amortissement des équipements,view,view,view,translated in all three,2,CrossBuy/Views/Project/EquipmentDepreciation.cshtml
Equity,حقوق الملكية,Equity,Capitaux propres,view,view,view,translated in all three,2,CrossBuy/Views/Accounting/BalanceSheet.cshtml
Error,خطـــــأ,Error,Erreur,shared,shared,shared,translated in all three,5,CrossBuy/Views/Admin/EmployeeData.cshtml
Error / actions,الخطأ / الإجراءات,Error / actions,Erreur / actions,view,view,view,translated in all three,1,CrossBuy/Views/BusinessEventMonitor/Index.cshtml
Error.,خطأ.,Error.,Erreur.,view,view,view,translated in all three,1,CrossBuy/Views/Shared/Error.cshtml
Errors only,الأخطاء فقط,Errors only,Erreurs uniquement,view,view,view,translated in all three,1,CrossBuy/Views/BusinessEventMonitor/Index.cshtml
Est. cost,التكلفة المقدّرة,Est. cost,Coût estimé,view,view,view,translated in all three,4,CrossBuy/Views/Accounting/FixedAssetDetail.cshtml
Est. value,القيمة المتوقعة,Est. value,Valeur est.,view,view,view,translated in all three,2,CrossBuy/Views/Crm/Leads.cshtml
Estimated,التقديري,Estimated,Estimé,view,view,view,translated in all three,1,CrossBuy/Views/Project/Budget.cshtml
Estimated = BOQ cost breakdown · Actual (per item) = posted material issues attributed via BOQ item · Total actual (510104) also includes labor & unattributed material.,Estimated = BOQ cost breakdown · Actual (per item) = posted material issues attributed via BOQ item · Total actual (510104) also includes labor & unattributed material.,Estimated = BOQ cost breakdown · Actual (per item) = posted material issues attributed via BOQ item · Total actual (510104) also includes labor & unattributed material.,Estimated = BOQ cost breakdown · Actual (per item) = posted material issues attributed via BOQ item · Total actual (510104) also includes labor & unattributed material.,fallback-to-key,fallback-to-key,fallback-to-key,MISSING arabic — key shown to user,1,CrossBuy/Views/Project/Budget.cshtml
Evening,مسائي,Evening,Soir,view,view,view,translated in all three,2,CrossBuy/Views/Pos/Terminals.cshtml
Evening shift,وردية مسائية,Evening shift,Service du soir,view,view,view,translated in all three,1,CrossBuy/Views/PosApp/Start.cshtml
Event,الحدث,Event,Événement,view,view,view,translated in all three,1,CrossBuy/Views/BusinessEventMonitor/Index.cshtml
Event Description,وصف الحدث,Event Description,Description de l'événement,view,fallback-to-key,view,english falls back to key text,1,CrossBuy/Views/Calendar/Index.cshtml
Event End Date,تاريخ النهاية,Event End Date,Date de fin,view,fallback-to-key,view,english falls back to key text,1,CrossBuy/Views/Calendar/Index.cshtml
Event End Time,وقت النهاية,Event End Time,Heure de fin,view,fallback-to-key,view,english falls back to key text,1,CrossBuy/Views/Calendar/Index.cshtml
Event Location,مكان الحدث,Event Location,Lieu de l'événement,view,fallback-to-key,view,english falls back to key text,1,CrossBuy/Views/Calendar/Index.cshtml
Event Name,اسم الحدث,Event Name,Nom de l'événement,view,fallback-to-key,view,english falls back to key text,1,CrossBuy/Views/Calendar/Index.cshtml
Event Start Date,تاريخ البداية,Event Start Date,Date de début,view,fallback-to-key,view,english falls back to key text,1,CrossBuy/Views/Calendar/Index.cshtml
Event Start Time,وقت البداية,Event Start Time,Heure de début,view,fallback-to-key,view,english falls back to key text,1,CrossBuy/Views/Calendar/Index.cshtml
Event completed (all consumers),اكتمال الحدث (جميع المستهلكين),Event completed (all consumers),Événement terminé (tous les consommateurs),view,view,view,translated in all three,1,CrossBuy/Views/BusinessEventMonitor/_Details.cshtml
Event name is required,اسم الحدث مطلوب,Event name is required,Le nom de l'événement est requis,view,fallback-to-key,view,english falls back to key text,1,CrossBuy/Views/Calendar/Index.cshtml
Event starting now,حدث يبدأ الآن,Event starting now,Événement commençant maintenant,shared,fallback-to-key,shared,english falls back to key text,1,CrossBuy/Views/Shared/_CalendarReminders.cshtml
Event type,نوع الحدث,Event type,Type d'événement,view,view,view,translated in all three,1,CrossBuy/Views/BusinessEventMonitor/Index.cshtml
Event uid,المعرّف الفريد للحدث,Event uid,Uid d'événement,view,view,view,translated in all three,1,CrossBuy/Views/BusinessEventMonitor/Index.cshtml
Events,الأحداث,Events,Événements,view,view,view,translated in all three,1,CrossBuy/Views/BusinessEventMonitor/Index.cshtml
Every,كل,Every,Tous les,view,view,view,translated in all three,1,CrossBuy/Views/Accounting/FixedAssetDetail.cshtml
Every (months),كل (أشهر),Every (months),Tous les (mois),view,view,view,translated in all three,1,CrossBuy/Views/Accounting/FixedAssetDetail.cshtml
"Every journal entry this movement produced is listed below, with its own lines.",كل قيد أنتجته هذه الحركة موجود بالأسفل، بسطوره كاملة.,"Every journal entry this movement produced is listed below, with its own lines.","Chaque écriture produite par ce mouvement est listée ci-dessous, avec ses lignes.",view,view,view,translated in all three,1,CrossBuy/Views/Accounting/MovementSummary.cshtml
Every movement in this period is matched: nothing is outstanding on this account.,كل الحركات في هذه الفترة متطابقة: لا يوجد رصيد قائم على هذا الحساب.,Every movement in this period is matched: nothing is outstanding on this account.,Tous les mouvements de la période se compensent : aucun solde en souffrance.,view,view,view,translated in all three,2,CrossBuy/Views/Accounting/CustomerStatement.cshtml
Everyday Fresh &,Everyday Fresh &,Everyday Fresh &,Everyday Fresh &,fallback-to-key,fallback-to-key,fallback-to-key,MISSING arabic — key shown to user,1,CrossBuy/Views/Home/Store.cshtml
Everyone,الجميع,Everyone,Tout le monde,view,view,view,translated in all three,1,CrossBuy/Views/Roster/Index.cshtml
Everything that happens to this record will appear here,كل ما يحدث لهذا السجل سيظهر هنا,Everything that happens to this record will appear here,Everything that happens to this record will appear here,shared,fallback-to-key,fallback-to-key,english falls back to key text,1,CrossBuy/Views/Shared/_DocEventTimeline.cshtml
Excel mode,وضع الإكسل,Excel mode,Mode Excel,view,view,view,translated in all three,1,CrossBuy/Views/Accounting/CreateJournal.cshtml
Exchange Rates,أسعار الصرف,Exchange Rates,Taux de change,view,view,view,translated in all three,1,CrossBuy/Views/Currency/ExchangeRates.cshtml
Exchange rate,سعر الصرف,Exchange rate,Taux de change,shared,shared,shared,translated in all three,2,CrossBuy/Views/Accounting/PurchaseReturnDetail.cshtml
Execute transfer,تنفيذ التحويل,Execute transfer,Exécuter le virement,view,view,view,translated in all three,1,CrossBuy/Views/Accounting/Transfer.cshtml
Executed qty (cumulative),الكمية المنفّذة (تراكمي),Executed qty (cumulative),Qté exécutée (cumul),view,view,view,translated in all three,1,CrossBuy/Views/Project/Progress.cshtml
Executed value,قيمة المنفّذ,Executed value,Valeur exécutée,view,view,view,translated in all three,1,CrossBuy/Views/Project/Progress.cshtml
Execution & progress,Execution & progress,Execution & progress,Execution & progress,fallback-to-key,fallback-to-key,fallback-to-key,MISSING arabic — key shown to user,2,CrossBuy/Views/Project/Progress.cshtml
Executive Dashboard,اللوحة التنفيذية,Executive Dashboard,Tableau de bord de direction,view,view,view,translated in all three,1,CrossBuy/Views/Accounting/Executive.cshtml
Exempt,معفى,Exempt,Exonéré,shared,shared,shared,translated in all three,1,CrossBuy/Views/Admin/Polices.cshtml
Exhausted,استُنفدت المحاولات,Exhausted,Tentatives épuisées,view,view,view,translated in all three,1,CrossBuy/Views/BusinessEventMonitor/Index.cshtml
Existing BOQ item,بند BOQ قائم,Existing BOQ item,Article BOQ existant,view,view,view,translated in all three,1,CrossBuy/Views/Project/VariationOrders.cshtml
Exit,خروج,Exit,Quitter,view,view,view,translated in all three,1,CrossBuy/Views/PosApp/Terminal.cshtml
Expand,توسيع,Expand,Développer,view,view,view,translated in all three,5,CrossBuy/Views/Accounting/ChartOfAccounts.cshtml
Expand all,توسيع الكل,Expand all,Tout développer,view,view,view,translated in all three,2,CrossBuy/Views/Accounting/ChartOfAccounts.cshtml
Expected,تاريخ التسليم المتوقع,Expected,Prévu,view,view,view,translated in all three,4,CrossBuy/Views/Crm/OpportunityInsights.cshtml
Expected cash,النقد المتوقّع,Expected cash,Expected cash,view,fallback-to-key,fallback-to-key,english falls back to key text,1,CrossBuy/Views/PosApp/Terminal.cshtml
Expected close,تاريخ الإغلاق المتوقع,Expected close,Expected close,view,fallback-to-key,fallback-to-key,english falls back to key text,2,CrossBuy/Views/Crm/Opportunities.cshtml
Expected close date passed,تجاوز تاريخ الإغلاق المتوقع منذ,Expected close date passed,Date de clôture prévue dépassée depuis,view,view,view,translated in all three,1,CrossBuy/Views/Crm/OpportunityInsights.cshtml
Expected inflow,متحصلات متوقعة,Expected inflow,Entrées attendues,view,view,view,translated in all three,1,CrossBuy/Views/Accounting/AiInsights.cshtml
Expected outflow,مدفوعات متوقعة,Expected outflow,Sorties attendues,view,view,view,translated in all three,1,CrossBuy/Views/Accounting/AiInsights.cshtml
Expected salary,الراتب المتوقّع,Expected salary,Salaire attendu,view,view,view,translated in all three,2,CrossBuy/Views/Admin/ApplicationDetail.cshtml
Expense,المصروفات,Expense,Charges,view,view,view,translated in all three,2,CrossBuy/Views/Accounting/Executive.cshtml
Expense Distribution,توزيع المصروفات,Expense Distribution,Répartition des charges,view,view,view,translated in all three,1,CrossBuy/Views/Accounting/Index.cshtml
Expense acct,حساب المصروف,Expense acct,Compte de charge,view,view,view,translated in all three,1,CrossBuy/Views/Accounting/NewPurchaseInvoice.cshtml
Expenses,المصروفات,Expenses,Charges,view,view,view,translated in all three,2,CrossBuy/Views/Accounting/IncomeStatement.cshtml
Experience letter,شهادة خبرة,Experience letter,Certificat de travail,view,view,view,translated in all three,1,CrossBuy/Views/People/Requests.cshtml
Expired,منتهٍ,Expired,Expiré,view,view,view,translated in all three,8,CrossBuy/Views/Admin/HrDocuments.cshtml
Expired or soon-to-expire batches,دفعات منتهية أو قرب انتهائها,Expired or soon-to-expire batches,Lots expirés ou proches de l'expiration,view,view,view,translated in all three,1,CrossBuy/Views/Inventory/Reports.cshtml
Expires,ينتهي في,Expires,Expire le,view,view,view,translated in all three,2,CrossBuy/Views/Documents/Workspace.cshtml
Expires at,ينتهي في,Expires at,Expires at,view,fallback-to-key,fallback-to-key,english falls back to key text,1,CrossBuy/Views/Announcements/Index.cshtml
Expiring documents,مستندات قرب انتهاؤها,Expiring documents,Expiring documents,view,fallback-to-key,fallback-to-key,english falls back to key text,1,CrossBuy/Views/Admin/Index.cshtml
Expiring soon,يقترب من الانتهاء,Expiring soon,Bientôt expiré,view,view,view,translated in all three,1,CrossBuy/Views/Documents/Workspace.cshtml
Expiring within,دفعات تنتهي خلال,Expiring within,Expirant dans,view,view,view,translated in all three,1,CrossBuy/Views/Inventory/ExpiryAlerts.cshtml
Expiry,الصلاحية,Expiry,Expiration,view,view,view,translated in all three,4,CrossBuy/Views/Admin/HrDocuments.cshtml
Expiry alerts,تنبيهات الصلاحية,Expiry alerts,Alertes d'expiration,view,view,view,translated in all three,4,CrossBuy/Views/Admin/Index.cshtml
Expiry date,تاريخ الصلاحية,Expiry date,Date d'expiration,view,view,view,translated in all three,3,CrossBuy/Views/Admin/ApplicationDetail.cshtml
Expiry-tracked,مُتتبَّع الصلاحية,Expiry-tracked,Expiry-tracked,view,fallback-to-key,fallback-to-key,english falls back to key text,1,CrossBuy/Views/Inventory/NewCount.cshtml
Expiry-tracked items are counted per batch. A batch you do not tick is treated as NOT counted — left untouched and reported as uncounted (its stock is never zeroed).,الأصناف مُتتبَّعة الصلاحية تُعَدّ لكل دفعة. الدفعة التي لا تؤشّرها تُعتبَر غير معدودة — تُترَك دون مساس وتُعرَض كغير معدودة (لا يُصفَّر رصيدها أبدًا).,Expiry-tracked items are counted per batch. A batch you do not tick is treated as NOT counted — left untouched and reported as uncounted (its stock is never zeroed).,Expiry-tracked items are counted per batch. A batch you do not tick is treated as NOT counted — left untouched and reported as uncounted (its stock is never zeroed).,view,fallback-to-key,fallback-to-key,english falls back to key text,1,CrossBuy/Views/Inventory/NewCount.cshtml
Export,تصدير,Export,Exporter,shared,shared,shared,translated in all three,1,CrossBuy/Views/Inventory/IntegrityReconciliation.cshtml
Export Excel,تصدير Excel,Export Excel,Exporter vers Excel,view,view,view,translated in all three,4,CrossBuy/Views/Accounting/CustomerAnalytics.cshtml
External,خارجي,External,Externe,view,view,view,translated in all three,1,CrossBuy/Views/Inventory/WorkOrderDetails.cshtml
External worker,عامل خارجي,External worker,Travailleur externe,view,view,view,translated in all three,1,CrossBuy/Views/Inventory/WorkOrderDetails.cshtml
ExternalNotConfigured,الدخول الموحّد غير مُفعّل في هذا التنصيب. مدير النظام يستطيع تفعيله.,Single sign-on is not set up for this installation. Your system administrator can enable it.,L'authentification unique n'est pas configurée sur cette installation. Votre administrateur peut l'activer.,shared,shared,shared,translated in all three,1,CrossBuy/Views/Shared/Components/ExternalSignIn/Default.cshtml
Extra images shown in the storefront product gallery. The first one is also used as the catalog hover image. Display only.,صور إضافية تظهر في معرض المنتج بالمتجر، وأول صورة تُستخدم كصورة التمرير في الكتالوج. للعرض فقط.,Extra images shown in the storefront product gallery. The first one is also used as the catalog hover image. Display only.,Extra images shown in the storefront product gallery. The first one is also used as the catalog hover image. Display only.,view,fallback-to-key,fallback-to-key,english falls back to key text,1,CrossBuy/Views/Inventory/ItemForm.cshtml
Extra price,سعر إضافي,Extra price,Prix supplémentaire,view,view,view,translated in all three,1,CrossBuy/Views/Pos/Modifiers.cshtml
FAQ Page,صفحة الأسئلة الشائعة,FAQ Page,Page FAQ,view,view,view,translated in all three,1,CrossBuy/Views/Shared/_LayoutManufacturing.cshtml
FX Revaluation,إعادة تقييم العملات الأجنبية,FX Revaluation,Réévaluation de change,view,view,view,translated in all three,1,CrossBuy/Views/Currency/Revaluation.cshtml
FX rate,سعر الصرف,FX rate,Taux de change,view,view,view,translated in all three,8,CrossBuy/Views/Accounting/NewPurchaseInvoice.cshtml
FY,السنة,FY,Exercice,view,view,view,translated in all three,1,CrossBuy/Views/Accounting/Index.cshtml
Failed,فشل,Failed,Échec,view,view,view,translated in all three,6,CrossBuy/Views/BusinessEventMonitor/Index.cshtml
Failed to load data.,تعذّر تحميل البيانات.,Failed to load data.,Échec du chargement des données.,view,view,view,translated in all three,2,CrossBuy/Views/Admin/LeaveTypesList.cshtml
Failed to load parent data.,تعذر جلب بيانات الأب.,Failed to load parent data.,Échec du chargement des données parentes.,view,view,view,translated in all three,1,CrossBuy/Views/Admin/AdministrativeStructure.cshtml
Failed to load policies.,فشل تحميل السياسات.,Failed to load policies.,Échec du chargement des politiques.,view,view,view,translated in all three,1,CrossBuy/Views/Admin/EmployeeData.cshtml
Failed to load policy details.,فشل تحميل تفاصيل السياسة.,Failed to load policy details.,Échec du chargement des détails de la politique.,view,view,view,translated in all three,1,CrossBuy/Views/Admin/EmployeeData.cshtml
Failed to load types,فشل تحميل الأنواع,Failed to load types,Échec du chargement des types,view,view,view,translated in all three,1,CrossBuy/Views/Admin/Polices.cshtml
Falls on approved leave,يقع ضمن إجازة معتمدة,Falls on approved leave,Tombe pendant un congé approuvé,view,view,view,translated in all three,1,CrossBuy/Views/Roster/Index.cshtml
Farm Business,أعمال المزارع,Farm Business,Activité agricole,view,view,view,translated in all three,1,CrossBuy/Views/Shared/_mainLayout.cshtml
Farm Careers,وظائف المزارع,Farm Careers,Carrières agricoles,view,view,view,translated in all three,1,CrossBuy/Views/Shared/_mainLayout.cshtml
Fast & reliable,Fast & reliable,Fast & reliable,Fast & reliable,fallback-to-key,fallback-to-key,fallback-to-key,MISSING arabic — key shown to user,1,CrossBuy/Views/Portal/Choose.cshtml
Favourite,إضافة للمفضّلة,Favourite,Ajouter aux favoris,view,view,view,translated in all three,1,CrossBuy/Views/Reports/Viewer.cshtml
Favourite Reports,التقارير المفضلة,Favourite Reports,Favourite Reports,view,view,fallback-to-key,MISSING french — English key shown,1,CrossBuy/Views/Workspace/Index.cshtml
Favourites,المفضّلة,Favourites,Favoris,view,view,view,translated in all three,1,CrossBuy/Views/Reports/Index.cshtml
Favourites only,المفضّلة فقط,Favourites only,Favoris uniquement,view,view,view,translated in all three,1,CrossBuy/Views/Reports/Index.cshtml
Featured,المميّزة,Featured,Featured,view,fallback-to-key,fallback-to-key,english falls back to key text,2,CrossBuy/Views/Home/Store.cshtml
Featured Categories,Featured Categories,Featured Categories,Featured Categories,fallback-to-key,fallback-to-key,fallback-to-key,MISSING arabic — key shown to user,1,CrossBuy/Views/Home/Store.cshtml
Feb,فبراير,Feb,Févr,view,view,view,translated in all three,3,CrossBuy/Views/Accounting/Payroll.cshtml
February,فبراير,February,Février,view,view,view,translated in all three,2,CrossBuy/Views/People/Attendance.cshtml
Fee,الرسم,Fee,Frais,view,view,view,translated in all three,1,CrossBuy/Views/Pos/DeliveryZones.cshtml
Female,أنثى,Female,Femme,view,view,view,translated in all three,2,CrossBuy/Views/Admin/ApplicationForm.cshtml
Field,الحقل,Field,Champ,view,view,view,translated in all three,1,CrossBuy/Views/Crm/ScoringRules.cshtml
Fields,الحقول,Fields,Champs,view,view,view,translated in all three,1,CrossBuy/Views/Reports/Index.cshtml
File,الملف,File,Fichier,view,view,view,translated in all three,1,CrossBuy/Views/Admin/ApplicationDetail.cshtml
File Manager,إدارة الملفات,File Manager,Gestionnaire de fichiers,view,fallback-to-key,view,english falls back to key text,1,CrossBuy/Views/FileManager/Index.cshtml
File not found,الملف غير موجود,File not found,Fichier introuvable,view,view,view,translated in all three,1,CrossBuy/Views/Admin/ApplicationDetail.cshtml
File return,تقديم الإقرار,File return,Déposer la déclaration,view,view,view,translated in all three,1,CrossBuy/Views/Accounting/VatReturns.cshtml
File swept,تم حذف الملف,File swept,Fichier supprimé,view,view,view,translated in all three,2,CrossBuy/Views/Reports/Index.cshtml
File_size,الحد الاقصي لحجم الملف هو 1 ميجا بايت واقصي عدد ممكن هو 5 ملفات,Max file size is 1MB and max number of files is 5.,La taille maximale d'un fichier est de 1 Mo et le nombre maximal de fichiers est de 5.,shared,shared,shared,translated in all three,2,CrossBuy/Views/Service/BranchDetails.cshtml
Filed,مُقدَّم,Filed,Déposée,view,view,view,translated in all three,2,CrossBuy/Views/Accounting/VatReturnDetail.cshtml
Filed at,تاريخ التقديم,Filed at,Déposée le,view,view,view,translated in all three,1,CrossBuy/Views/Accounting/VatReturnDetail.cshtml
Files,الملفات,Files,Fichiers,shared,shared,shared,translated in all three,2,CrossBuy/Views/Service/BranchDetails.cshtml
Files (optional),ملفات (اختياري),Files (optional),Files (optional),view,fallback-to-key,fallback-to-key,english falls back to key text,1,CrossBuy/Views/Admin/HrDocuments.cshtml
Fill down,تعبئة لأسفل,Fill down,Recopier vers le bas,view,view,view,translated in all three,1,CrossBuy/Views/Accounting/CreateJournal.cshtml
Fill the required fields,أكمل الحقول المطلوبة,Fill the required fields,Fill the required fields,shared,fallback-to-key,fallback-to-key,english falls back to key text,1,CrossBuy/Views/Shared/_QuickAdd.cshtml
Fill when won or lost,يُملأ عند الربح أو الخسارة,Fill when won or lost,À renseigner en cas de gain ou de perte,view,view,view,translated in all three,1,CrossBuy/Views/Crm/Opportunities.cshtml
FillRequiredFields,اكمل الحقول المطلوبة !,FillRequiredFields,Veuillez remplir les champs obligatoires,shared,shared,shared,translated in all three,5,CrossBuy/Views/Admin/ApplicationForm.cshtml
FillRequiredFieldsForParentCompany,قم بإختيار الشركة الام للشركة الحالية !,Fill Required Fields ForParent Company,Veuillez remplir les champs obligatoires pour la société mère,shared,shared,shared,translated in all three,1,CrossBuy/Views/Service/CompanyDetails.cshtml
Filter,تصفية,Filter,Filtrer,shared,shared,shared,translated in all three,1,CrossBuy/Views/Inventory/StockBalances.cshtml
Filtered,Filtered,Filtered,Filtered,fallback-to-key,fallback-to-key,fallback-to-key,MISSING arabic — key shown to user,1,CrossBuy/Views/BusinessEventMonitor/Index.cshtml
Final score = Σ(score ÷ max × weight) ÷ Σweights × 100.,الدرجة النهائية = مجموع (الدرجة ÷ السقف × الوزن) ÷ مجموع الأوزان × 100.,Final score = Σ(score ÷ max × weight) ÷ Σweights × 100.,Note finale = Σ(note ÷ max × pondération) ÷ Σpondérations × 100.,view,view,view,translated in all three,1,CrossBuy/Views/Admin/AppraisalTemplateEditor.cshtml
Final value is computed at the item's average cost on posting.,القيمة النهائية تُحتسب بمتوسط تكلفة الصنف وقت الترحيل.,Final value is computed at the item's average cost on posting.,La valeur finale est calculée au coût moyen de l'article lors de la comptabilisation.,view,view,view,translated in all three,1,CrossBuy/Views/Accounting/NewPurchaseReturn.cshtml
Finalize is enabled only when all checks match.,التثبيت متاح فقط عندما تتطابق كل الثوابت.,Finalize is enabled only when all checks match.,La finalisation n'est activée que lorsque tous les contrôles concordent.,view,view,view,translated in all three,1,CrossBuy/Views/Inventory/OpeningBalances.cshtml
Finalize load,تثبيت التحميل,Finalize load,Finaliser le chargement,view,view,view,translated in all three,1,CrossBuy/Views/Inventory/OpeningBalances.cshtml
Finalize opening balances and lock further edits? Requires all checks to match.,تثبيت الأرصدة الافتتاحية ومنع أي تعديل لاحق؟ يتطلب تطابق كل الثوابت.,Finalize opening balances and lock further edits? Requires all checks to match.,Finaliser les soldes d'ouverture et verrouiller les modifications ultérieures ? Nécessite que tous les contrôles concordent.,view,view,view,translated in all three,1,CrossBuy/Views/Inventory/OpeningBalances.cshtml
Finalized,مثبَّتة,Finalized,Finalisé,view,view,view,translated in all three,1,CrossBuy/Views/Inventory/OpeningBalances.cshtml
Financial,Financial,Financial,Financial,fallback-to-key,fallback-to-key,fallback-to-key,MISSING arabic — key shown to user,2,CrossBuy/Views/Crm/Accounts.cshtml
Financial Dashboard,لوحة التحكم المالية,Financial Dashboard,Tableau de bord financier,view,view,view,translated in all three,1,CrossBuy/Views/Accounting/Index.cshtml
Financial Position,المركز المالي,Financial Position,Situation financière,view,view,view,translated in all three,1,CrossBuy/Views/Accounting/Index.cshtml
Financial item,البند المالي,Financial item,Élément financier,view,view,view,translated in all three,1,CrossBuy/Views/Admin/PolicesData.cshtml
Financial position,Financial position,Financial position,Financial position,fallback-to-key,fallback-to-key,fallback-to-key,MISSING arabic — key shown to user,1,CrossBuy/Views/ProjectCloseout/Index.cshtml
Financial reports,التقارير المالية,Financial reports,Rapports financiers,view,view,view,translated in all three,1,CrossBuy/Views/Portal/Choose.cshtml
Financing,تمويلي,Financing,Financement,view,view,view,translated in all three,1,CrossBuy/Views/Accounting/ChartOfAccounts.cshtml
Find a customer by phone,ابحث عن عميل بالهاتف,Find a customer by phone,Find a customer by phone,shared,fallback-to-key,fallback-to-key,english falls back to key text,1,CrossBuy/Views/Hyper/Customer.cshtml
Finding,الملاحظة,Finding,Constat,view,view,view,translated in all three,3,CrossBuy/Views/Crm/AccountInsights.cshtml
First name,الاسم الأول,First name,Prénom,view,view,view,translated in all three,2,CrossBuy/Views/Admin/ApplicationForm.cshtml
First name is required.,الاسم الأول مطلوب.,First name is required.,Le prénom est requis.,view,view,view,translated in all three,1,CrossBuy/Views/Admin/EmployeeData.cshtml
First page,الصفحة الأولى,First page,Première page,view,view,view,translated in all three,1,CrossBuy/Views/Reports/Viewer.cshtml
First responded,تمّت أول استجابة,First responded,Première réponse effectuée,view,view,view,translated in all three,1,CrossBuy/Views/Crm/TicketEditor.cshtml
First response,أول استجابة,First response,Première réponse,view,view,view,translated in all three,1,CrossBuy/Views/Crm/SlaPolicies.cshtml
First response (min),أول استجابة (دقيقة),First response (min),Première réponse (min),view,view,view,translated in all three,1,CrossBuy/Views/Crm/SlaPolicies.cshtml
First response due,أول استجابة — الموعد,First response due,Première réponse attendue,view,view,view,translated in all three,1,CrossBuy/Views/Crm/TicketEditor.cshtml
First-response breached,تجاوز أول استجابة,First-response breached,Première réponse dépassée,view,view,view,translated in all three,2,CrossBuy/Views/Crm/Tickets.cshtml
Fiscal Periods,الفترات المالية,Fiscal Periods,Périodes fiscales,view,view,view,translated in all three,1,CrossBuy/Views/Accounting/Periods.cshtml
Fiscal Years,السنوات المالية,Fiscal Years,Exercices,view,view,view,translated in all three,1,CrossBuy/Views/Accounting/YearEndClose.cshtml
Fit,ملاءمة,Fit,Ajuster,view,view,view,translated in all three,1,CrossBuy/Views/Admin/AdministrativeStructure.cshtml
Fixed,ثابت,Fixed,Fixe,view,view,view,translated in all three,1,CrossBuy/Views/Inventory/PriceListEditor.cshtml
Fixed Assets,الأصول الثابتة,Fixed Assets,Immobilisations,view,view,view,translated in all three,3,CrossBuy/Views/Accounting/FixedAssetDetail.cshtml
Fixed Assets NBV,صافي الأصول الثابتة,Fixed Assets NBV,VNC des immobilisations,view,view,view,translated in all three,2,CrossBuy/Views/Accounting/Executive.cshtml
Fixed amount,مبلغ ثابت,Fixed amount,Montant fixe,shared,fallback-to-key,shared,english falls back to key text,1,CrossBuy/Views/Inventory/BulkPriceChange.cshtml
Fixed amount / unit,مبلغ ثابت / وحدة,Fixed amount / unit,Montant fixe / unité,view,view,view,translated in all three,1,CrossBuy/Views/Inventory/PromotionEditor.cshtml
Fixed price,سعر ثابت,Fixed price,Prix fixe,view,view,view,translated in all three,1,CrossBuy/Views/Inventory/PriceListEditor.cshtml
Fixed-term,محدد المدة,Fixed-term,Durée déterminée,view,view,view,translated in all three,2,CrossBuy/Views/Admin/DocExpiryAlerts.cshtml
Flagged,مُعلَّم,Flagged,Signalés,view,view,view,translated in all three,1,CrossBuy/Views/Inventory/RiskInsights.cshtml
Flagged items,الأصناف المُعلَّمة,Flagged items,Articles signalés,view,view,view,translated in all three,1,CrossBuy/Views/Inventory/RiskInsights.cshtml
Flagged of,قيود مشبوهة من أصل,Flagged of,Signalés sur,view,view,view,translated in all three,1,CrossBuy/Views/Accounting/AiInsights.cshtml
Floor plan,رسم الطاولات,Floor plan,Plan de salle,view,view,view,translated in all three,5,CrossBuy/Views/Pos/Areas.cshtml
Flow,تدفق,Flow,Flux,view,view,view,translated in all three,1,CrossBuy/Views/Admin/AdministrativeStructure.cshtml
Folder created,تم إنشاء المجلد,Folder created,Dossier créé,view,fallback-to-key,view,english falls back to key text,1,CrossBuy/Views/FileManager/Index.cshtml
Follow Us,تابعنا,Follow Us,Suivez-nous,view,view,view,translated in all three,1,CrossBuy/Views/Shared/_mainLayout.cshtml
For Approval,للاعتماد,For Approval,À approuver,view,view,view,translated in all three,1,CrossBuy/Views/People/Leaves.cshtml
For an Asset-type item in stock: issues it at actual cost and creates a fixed asset that enters the depreciation schedule. Entry: Dr Fixed asset (1201) / Cr Inventory (1103).,لصنف من نوع «أصل ثابت» موجود في المخزون: يصرفه بتكلفته الفعلية وينشئ سجل أصل ثابت يدخل جدول الإهلاك. القيد: مدين الأصل الثابت (1201) / دائن المخزون (1103).,For an Asset-type item in stock: issues it at actual cost and creates a fixed asset that enters the depreciation schedule. Entry: Dr Fixed asset (1201) / Cr Inventory (1103).,Pour un article de type Immobilisation en stock : le sort au coût réel et crée une immobilisation qui entre dans le plan d'amortissement. Écriture : Dr Immobilisation (1201) / Cr Stock (1103).,view,view,view,translated in all three,1,CrossBuy/Views/Inventory/CapitalizeAsset.cshtml
For month,عن شهر,For month,Pour le mois,view,view,view,translated in all three,1,CrossBuy/Views/People/LetterPrint.cshtml
For the period,عن الفترة من,For the period,Pour la période,view,view,view,translated in all three,2,CrossBuy/Views/Accounting/CashFlow.cshtml
Forecast,التنبؤ بالمبيعات,Forecast,Prévisions,shared,shared,shared,translated in all three,2,CrossBuy/Views/Crm/Forecast.cshtml
Forecast by expected close month,التنبؤ حسب شهر الإغلاق المتوقَّع,Forecast by expected close month,Prévision par mois de clôture attendu,view,view,view,translated in all three,1,CrossBuy/Views/Crm/Forecast.cshtml
Foreign bal.,الرصيد الأجنبي,Foreign bal.,Solde dev.,view,view,view,translated in all three,1,CrossBuy/Views/Currency/Revaluation.cshtml
Foreign balance,الرصيد بالعملة الأجنبية,Foreign balance,Solde en devise étrangère,view,view,view,translated in all three,1,CrossBuy/Views/Accounting/BankAccounts.cshtml
Forgot password,نسيت كلمة المرور,Forgot password,Mot de passe oublié,view,view,view,translated in all three,1,CrossBuy/Views/Shared/_mainLayout.cshtml
ForgotPasswordHelp,نسيت كلمة المرور؟ مدير النظام في شركتك يستطيع تغييرها.,Forgot your password? Your system administrator can reset it.,Mot de passe oublié ? Votre administrateur peut le réinitialiser.,shared,shared,shared,translated in all three,1,CrossBuy/Views/Account/Login.cshtml
ForgotPasswordQ,نسيت كلمة المرور؟,Forgot password?,Mot de passe oublié ?,shared,shared,shared,translated in all three,1,CrossBuy/Views/Account/Login.cshtml
Fork template,نسخ القالب,Fork template,Dupliquer le modèle,view,view,view,translated in all three,1,CrossBuy/Views/Reports/Viewer.cshtml
Forward,تحويل,Forward,Forward,view,fallback-to-key,fallback-to-key,english falls back to key text,3,CrossBuy/Views/Comm/Compose.cshtml
Forwarded attachments,مرفقات مُحوَّلة,Forwarded attachments,Pièces jointes transférées,shared,fallback-to-key,shared,english falls back to key text,1,CrossBuy/Views/Comm/Compose.cshtml
Freight / customs,شحن / جمارك,Freight / customs,Fret / douane,view,view,view,translated in all three,1,CrossBuy/Views/Inventory/NewLandedCost.cshtml
French,الفرنسية,French,Français,view,view,view,translated in all three,1,CrossBuy/Views/Shared/_mainLayout.cshtml
Fresh vegetables,Fresh vegetables,Fresh vegetables,Fresh vegetables,fallback-to-key,fallback-to-key,fallback-to-key,MISSING arabic — key shown to user,1,CrossBuy/Views/Home/Store.cshtml
Fri,جمعة,Fri,Ven,view,view,view,translated in all three,2,CrossBuy/Views/Admin/EmployeeData.cshtml
Friday,الجمعة,Friday,Vendredi,shared,shared,shared,translated in all three,1,CrossBuy/Views/Admin/Polices.cshtml
From,من,From,Du,view,view,view,translated in all three,16,CrossBuy/Views/Accounting/CustomerStatement.cshtml
From (annual),من (سنوي),From (annual),À partir de (annuel),view,view,view,translated in all three,1,CrossBuy/Views/Accounting/PayrollTaxSettings.cshtml
From App Store or Google Play,من App Store أو Google Play,From App Store or Google Play,Depuis l'App Store ou Google Play,view,view,view,translated in all three,1,CrossBuy/Views/Shared/_mainLayout.cshtml
From account,من حساب,From account,Compte source,view,view,view,translated in all three,1,CrossBuy/Views/Accounting/Transfer.cshtml
From category,حسب الفئة,From category,Depuis la catégorie,view,view,view,translated in all three,1,CrossBuy/Views/Inventory/ItemForm.cshtml
From location (source),من الموقع (المصدر),From location (source),Depuis l'emplacement (source),view,view,view,translated in all three,1,CrossBuy/Views/Inventory/NewTransfer.cshtml
From the library,من المكتبة,From the library,Depuis la bibliothèque,shared,fallback-to-key,shared,english falls back to key text,1,CrossBuy/Views/Comm/Compose.cshtml
From warehouse,من مخزن,From warehouse,Depuis l'entrepôt,view,view,view,translated in all three,1,CrossBuy/Views/Inventory/NewTransfer.cshtml
From year,من عام,From year,Depuis l'année,view,view,view,translated in all three,1,CrossBuy/Views/Admin/LeaveCarryOver.cshtml
Fruits,Fruits,Fruits,Fruits,fallback-to-key,fallback-to-key,fallback-to-key,MISSING arabic — key shown to user,1,CrossBuy/Views/Home/Store.cshtml
Full Name,الاسم الكامل,Full Name,Nom complet,view,view,view,translated in all three,1,CrossBuy/Views/People/Profile.cshtml
"Full access incl. period close, large-entry approval & roles.","Full access incl. period close, large-entry approval & roles.","Full access incl. period close, large-entry approval & roles.","Full access incl. period close, large-entry approval & roles.",fallback-to-key,fallback-to-key,fallback-to-key,MISSING arabic — key shown to user,1,CrossBuy/Views/Accounting/AccountingRoles.cshtml
Full access incl. settings & roles.,Full access incl. settings & roles.,Full access incl. settings & roles.,Full access incl. settings & roles.,fallback-to-key,fallback-to-key,fallback-to-key,MISSING arabic — key shown to user,1,CrossBuy/Views/Inventory/InventoryRoles.cshtml
Full name,الاسم الكامل,Full name,Nom complet,view,view,view,translated in all three,1,CrossBuy/Views/Admin/EmployeeData.cshtml
Full name (English),الاسم بالإنجليزية,Full name (English),Nom complet (anglais),view,view,view,translated in all three,2,CrossBuy/Views/Admin/ApplicationForm.cshtml
Full-time,دوام كامل,Full-time,Temps plein,view,view,view,translated in all three,1,CrossBuy/Views/Admin/ApplicationForm.cshtml
Fullscreen,عرض كامل,Fullscreen,Plein écran,view,view,view,translated in all three,1,CrossBuy/Views/Admin/AdministrativeStructure.cshtml
Fully dep.,مهلك بالكامل,Fully dep.,Entièrement amorti,view,view,view,translated in all three,2,CrossBuy/Views/Accounting/FixedAssetDetail.cshtml
Functional Currency Setup,إعداد العملة الوظيفية,Functional Currency Setup,Configuration de la devise fonctionnelle,view,view,view,translated in all three,1,CrossBuy/Views/Currency/Setup.cshtml
Functional currency,العملة الوظيفية,Functional currency,Devise fonctionnelle,view,view,view,translated in all three,1,CrossBuy/Views/Currency/Setup.cshtml
Functional currency per branch,العملة الوظيفية لكل فرع,Functional currency per branch,Devise fonctionnelle par succursale,view,view,view,translated in all three,1,CrossBuy/Views/Currency/Setup.cshtml
Functional placeholder layout — awaiting the final report design.,تخطيط وظيفيّ مؤقّت — بانتظار تصميم التقرير النهائيّ.,Functional placeholder layout — awaiting the final report design.,Functional placeholder layout — awaiting the final report design.,shared,fallback-to-key,fallback-to-key,english falls back to key text,2,CrossBuy/Views/Hyper/HyperItemMargin.cshtml
Funded from,حساب التمويل (نقدية/مورد),Funded from,Financé depuis,view,view,view,translated in all three,1,CrossBuy/Views/Accounting/FixedAssets.cshtml
GL,حسابات GL,GL,GL,view,view,view,translated in all three,2,CrossBuy/Views/Accounting/FixedAssetDetail.cshtml
GL account,الحساب الدفتري,GL account,Compte du grand livre,view,view,view,translated in all three,2,CrossBuy/Views/Accounting/BankAccounts.cshtml
GL account mapping,ربط حسابات دفتر الأستاذ,GL account mapping,Mappage de compte GL,view,view,view,translated in all three,1,CrossBuy/Views/Inventory/CategoryForm.cshtml
GL behavior when branches differ,الترحيل المحاسبي عند اختلاف الفرع,GL behavior when branches differ,Comportement du GL lorsque les succursales diffèrent,view,view,view,translated in all three,1,CrossBuy/Views/Inventory/Settings.cshtml
GRNI account,حساب بضاعة لم تُفوتر (GRNI),GRNI account,Compte GRNI,view,view,view,translated in all three,1,CrossBuy/Views/Inventory/CategoryForm.cshtml
Gender,الجنس,Gender,Sexe,view,view,view,translated in all three,3,CrossBuy/Views/Admin/ApplicationForm.cshtml
General,البيانات العامة,General,Général,view,view,view,translated in all three,1,CrossBuy/Views/Inventory/ItemForm.cshtml
Generate,توليد,Generate,Générer,view,view,view,translated in all three,1,CrossBuy/Views/Inventory/ItemForm.cshtml
Generate PO,توليد أمر شراء,Generate PO,Générer un bon de commande,view,view,view,translated in all three,1,CrossBuy/Views/Inventory/Planning.cshtml
Generate Reports,إنشاء التقارير,Generate Reports,Générer des rapports,view,view,view,translated in all three,1,CrossBuy/Views/Service/BranchDetails.cshtml
Generate WOs,توليد أوامر التشغيل,Generate WOs,Générer les OF,view,view,view,translated in all three,1,CrossBuy/Views/Inventory/PlanDetails.cshtml
Generated,تاريخ الإنشاء,Generated,Généré le,view,view,view,translated in all three,6,CrossBuy/Views/Accounting/AiInsights.cshtml
Generated from first + last name,يُولَّد من الاسم الأول + اسم العائلة,Generated from first + last name,Généré à partir du prénom + nom,view,view,view,translated in all three,1,CrossBuy/Views/Admin/EmployeeData.cshtml
German,الألمانية,German,Allemand,view,view,view,translated in all three,1,CrossBuy/Views/Shared/_mainLayout.cshtml
Go to page,انتقل إلى صفحة,Go to page,Aller à la page,view,view,view,translated in all three,1,CrossBuy/Views/Reports/Viewer.cshtml
Goods receipt,إذن الاستلام,Goods receipt,Réception de marchandises,view,view,view,translated in all three,1,CrossBuy/Views/Inventory/NewLandedCost.cshtml
Goods receipts,أذون الاستلام,Goods receipts,Réceptions de marchandises,view,view,view,translated in all three,1,CrossBuy/Views/Inventory/GoodsReceipts.cshtml
Got it,حسنًا,Got it,Compris,shared,fallback-to-key,shared,english falls back to key text,1,CrossBuy/Views/Shared/_CalendarReminders.cshtml
Grace min,دقائق السماح,Grace min,Tolérance min,view,view,view,translated in all three,1,CrossBuy/Views/Admin/EmployeeData.cshtml
GraceMinutes,دقائق السماح,Grace Minutes,Minutes de tolérance,shared,shared,shared,translated in all three,1,CrossBuy/Views/Admin/Polices.cshtml
Grand Total,الإجمالي المستحق,Grand Total,Grand Total,view,fallback-to-key,fallback-to-key,english falls back to key text,1,CrossBuy/Views/Accounting/SalesInvoicePrint.cshtml
GrandTotal,الإجمالي الكلي,Grand Total,Total général,shared,shared,shared,translated in all three,3,CrossBuy/Views/Accounting/PurchaseInvoiceDetail.cshtml
Gratuity,مكافأة,Gratuity,Indemnité,view,view,view,translated in all three,1,CrossBuy/Views/Admin/FinalSettlement.cshtml
Gray: time outside the work range during the day,رمادي: الوقت خارج نطاق الدوام خلال اليوم,Gray: time outside the work range during the day,Gris : temps hors de la plage de travail pendant la journée,view,view,view,translated in all three,1,CrossBuy/Views/Admin/Polices.cshtml
Grid,شبكة,Grid,Grille,view,view,view,translated in all three,1,CrossBuy/Views/Pos/FloorPlan.cshtml
Grill,مشويات,Grill,Gril,view,view,view,translated in all three,1,CrossBuy/Views/Pos/Areas.cshtml
Gross,الإجمالي,Gross,Brut,view,view,view,translated in all three,2,CrossBuy/Views/Accounting/Payroll.cshtml
Gross Total,الإجمالي,Gross Total,Total brut,view,view,view,translated in all three,1,CrossBuy/Views/Admin/EmployeeData.cshtml
Gross earnings,إجمالي الاستحقاق,Gross earnings,Gains bruts,view,view,view,translated in all three,1,CrossBuy/Views/People/LetterPrint.cshtml
Gross margin,مجمل الربح,Gross margin,Gross margin,shared,fallback-to-key,fallback-to-key,english falls back to key text,3,CrossBuy/Views/Accounting/CustomerAnalytics.cshtml
Gross work,إجمالي العمل,Gross work,Travaux bruts,view,view,view,translated in all three,2,CrossBuy/Views/Project/Billing.cshtml
Gross-margin floor (min price),الحدّ الأدنى للربح (السعر الأدنى),Gross-margin floor (min price),Plancher de marge brute (prix minimum),view,view,view,translated in all three,1,CrossBuy/Views/Inventory/Settings.cshtml
Group,المجموعة,Group,Groupe,view,view,view,translated in all three,2,CrossBuy/Views/Chat/Index.cshtml
Group (under a category),مجموعة (تحت فئة),Group (under a category),Groupe (sous une catégorie),view,view,view,translated in all three,1,CrossBuy/Views/Inventory/CategoryForm.cshtml
Group name,اسم المجموعة,Group name,Nom du groupe,view,view,view,translated in all three,3,CrossBuy/Views/Chat/Index.cshtml
Groups,المجموعات,Groups,Groupes,view,view,view,translated in all three,4,CrossBuy/Views/Pos/Modifiers.cshtml
GrowingTogether,معًا نحو نمو أكبر,Growing together,Grandir ensemble,shared,shared,shared,translated in all three,1,CrossBuy/Views/Portal/Choose.cshtml
Guest,ضيف,Guest,Invité,view,view,view,translated in all three,2,CrossBuy/Views/Pos/Reservations.cshtml
HR,الموارد البشرية,HR,RH,shared,shared,shared,translated in all three,6,CrossBuy/Views/Admin/Attendance.cshtml
HR Dashboard,لوحة الموارد البشرية,HR Dashboard,HR Dashboard,view,fallback-to-key,fallback-to-key,english falls back to key text,1,CrossBuy/Views/Admin/Index.cshtml
Has attachment,يحتوي على مرفق,Has attachment,A une pièce jointe,view,view,view,translated in all three,1,CrossBuy/Views/Shared/_LayoutManufacturing.cshtml
Headcount,عدد الموظفين,Headcount,Effectif,view,view,view,translated in all three,1,CrossBuy/Views/Accounting/Executive.cshtml
Headcount by job title,التوزيع حسب المسمى الوظيفي,Headcount by job title,Headcount by job title,view,fallback-to-key,fallback-to-key,english falls back to key text,1,CrossBuy/Views/Admin/Index.cshtml
Header,تجميعي,Header,En-tête,view,view,view,translated in all three,1,CrossBuy/Views/Accounting/ChartOfAccounts.cshtml
Healthy and Easy,Healthy and Easy,Healthy and Easy,Healthy and Easy,fallback-to-key,fallback-to-key,fallback-to-key,MISSING arabic — key shown to user,1,CrossBuy/Views/Home/Store.cshtml
Held,معلّقة,Held,En attente,view,view,view,translated in all three,1,CrossBuy/Views/PosApp/Terminal.cshtml
Held in WIP,محتجز بالإنتاج تحت التشغيل (WIP),Held in WIP,Détenu en WIP,view,view,view,translated in all three,1,CrossBuy/Views/Inventory/WorkOrderDetails.cshtml
Help Ticket,تذكرة الدعم,Help Ticket,Ticket d'assistance,view,view,view,translated in all three,1,CrossBuy/Views/Shared/_mainLayout.cshtml
HidePassword,إخفاء كلمة المرور,Hide password,Masquer le mot de passe,shared,shared,shared,translated in all three,1,CrossBuy/Views/Account/Login.cshtml
High,High,High,High,fallback-to-key,fallback-to-key,fallback-to-key,MISSING arabic — key shown to user,10,CrossBuy/Views/Announcements/Index.cshtml
High performance,أداء عالي,High performance,Haute performance,view,view,view,translated in all three,1,CrossBuy/Views/Portal/Choose.cshtml
High priority,أولوية مرتفعة,High priority,Priorité élevée,view,view,view,translated in all three,1,CrossBuy/Views/Crm/OpportunityInsights.cshtml
Hire (convert to employee),تعيين (تحويل إلى موظف),Hire (convert to employee),Embaucher (convertir en employé),view,view,view,translated in all three,1,CrossBuy/Views/Admin/ApplicationDetail.cshtml
Hired,مُعيّن,Hired,Embauché,view,view,view,translated in all three,2,CrossBuy/Views/Admin/ApplicationDetail.cshtml
Historical,تاريخي,Historical,Historique,shared,shared,shared,translated in all three,1,CrossBuy/Views/Shared/_DocEventTimeline.cshtml
History,السجل,History,Historique,view,view,view,translated in all three,1,CrossBuy/Views/Documents/Workspace.cshtml
Hold,تعليق,Hold,Mettre en attente,view,view,view,translated in all three,1,CrossBuy/Views/PosApp/Terminal.cshtml
Holiday,عطلة,Holiday,Jour férié,view,view,view,translated in all three,2,CrossBuy/Views/Admin/AttendanceEntry.cshtml
Holidays,العطلات الرسمية,Holidays,Jours fériés,view,view,view,translated in all three,1,CrossBuy/Views/Admin/HolidaysList.cshtml
Home,الرئيسية,Home,Accueil,view,view,shared,translated in all three,35,CrossBuy/Views/Accounting/Executive.cshtml
Home Page,الصفحة الرئيسية,Home Page,Page d'accueil,view,view,view,translated in all three,1,CrossBuy/Views/Home/Index.cshtml
Hot,Hot,Hot,Hot,fallback-to-key,fallback-to-key,fallback-to-key,MISSING arabic — key shown to user,3,CrossBuy/Views/Crm/Reports.cshtml
Hot threshold,"حدّ ""ساخن"" (Hot)",Hot threshold,Seuil chaud,view,view,view,translated in all three,1,CrossBuy/Views/Crm/ScoringRules.cshtml
Hour,الساعة,Hour,Heure,view,view,view,translated in all three,1,CrossBuy/Views/Admin/Polices.cshtml
Hourly permission,إذن ساعي,Hourly permission,Autorisation horaire,view,view,view,translated in all three,1,CrossBuy/Views/People/Requests.cshtml
Hours,الساعات,Hours,Heures,view,view,view,translated in all three,9,CrossBuy/Views/Admin/TrainingCourseEditor.cshtml
Housing,السكن,Housing,Logement,view,view,view,translated in all three,1,CrossBuy/Views/Admin/EmployeeData.cshtml
HousingAllowance,بدل السكن,Housing Allowance,Indemnité de logement,shared,shared,shared,translated in all three,1,CrossBuy/Views/Admin/Polices.cshtml
"How the buttons & tabs will look to the cashier — preview only, no selling or payment.","How the buttons & tabs will look to the cashier — preview only, no selling or payment.","How the buttons & tabs will look to the cashier — preview only, no selling or payment.","How the buttons & tabs will look to the cashier — preview only, no selling or payment.",fallback-to-key,fallback-to-key,fallback-to-key,MISSING arabic — key shown to user,1,CrossBuy/Views/Pos/Preview.cshtml
How write-offs are recorded,طريقة تسجيل الإعدام,How write-offs are recorded,Comment les radiations sont enregistrées,view,view,view,translated in all three,1,CrossBuy/Views/Inventory/Settings.cshtml
Hrs,ساعات,Hrs,H,view,view,view,translated in all three,2,CrossBuy/Views/Admin/AttendanceEntry.cshtml
Human Resources,الموارد البشرية,Human Resources,Human Resources,view,fallback-to-key,fallback-to-key,english falls back to key text,1,CrossBuy/Views/Admin/Index.cshtml
HumanResources,الموارد البشرية,Human Resources,Ressources humaines,shared,shared,shared,translated in all three,3,CrossBuy/Views/Admin/ApplicationDetail.cshtml
Hyper sales,مبيعات الهايبر,Hyper sales,Hyper sales,shared,fallback-to-key,fallback-to-key,english falls back to key text,1,CrossBuy/Views/Hyper/HyperSales.cshtml
Hypermarket,هايبر ماركت,Hypermarket,Hypermarket,shared,shared,fallback-to-key,MISSING french — English key shown,1,CrossBuy/Views/Portal/Choose.cshtml
I acknowledge,أقر بالاطلاع,I acknowledge,J'accuse réception,view,view,view,translated in all three,1,CrossBuy/Views/People/MyAppraisal.cshtml
I confirm the elevated override,أُقرّ بالتجاوز بصلاحية موسّعة,I confirm the elevated override,Je confirme la dérogation élevée,view,view,view,translated in all three,1,CrossBuy/Views/BusinessEventMonitor/Index.cshtml
Identity,الهوية,Identity,Identité,view,view,view,translated in all three,1,CrossBuy/Views/Brand/Brands.cshtml
Identity colors,ألوان الهوية,Identity colors,Couleurs d'identité,view,view,view,translated in all three,1,CrossBuy/Views/Brand/BrandEditor.cshtml
Idle days,أيام السكون,Idle days,Jours d'inactivité,view,view,view,translated in all three,1,CrossBuy/Views/Inventory/StagnantReport.cshtml
Idle ≥,ساكنة منذ,Idle ≥,Inactif ≥,view,view,view,translated in all three,1,CrossBuy/Views/Inventory/StagnantReport.cshtml
"If you need more info, please check",إذا كنت بحاجة إلى مزيد من المعلومات، يرجى مراجعة,"If you need more info, please check","Si vous avez besoin de plus d'informations, veuillez consulter",view,view,view,translated in all three,1,CrossBuy/Views/Shared/_LayoutManufacturing.cshtml
"If you need more info, please check budget planning",إذا كنت بحاجة إلى مزيد من المعلومات، يرجى مراجعة تخطيط الميزانية,"If you need more info, please check budget planning","Si vous avez besoin de plus d'informations, veuillez consulter la planification budgétaire",view,view,view,translated in all three,1,CrossBuy/Views/Shared/_LayoutManufacturing.cshtml
"If you need more info, please check out",إذا كنت بحاجة إلى مزيد من المعلومات، يرجى المراجعة,"If you need more info, please check out","Si vous avez besoin de plus d'informations, veuillez consulter",view,view,view,translated in all three,1,CrossBuy/Views/Shared/_LayoutManufacturing.cshtml
"If you need more info, please check out our",إذا كنت بحاجة إلى مزيد من المعلومات، يرجى مراجعة,"If you need more info, please check out our","Si vous avez besoin de plus d'informations, veuillez consulter notre",view,view,view,translated in all three,1,CrossBuy/Views/Shared/_LayoutManufacturing.cshtml
Image too large,الصورة كبيرة جدًا (الحد 50 ميجابايت),Image too large,Image too large,view,fallback-to-key,fallback-to-key,english falls back to key text,1,CrossBuy/Views/Chat/Index.cshtml
Immediate,فوري,Immediate,Immédiate,view,view,view,translated in all three,2,CrossBuy/Views/Inventory/ItemForm.cshtml
Import,استيراد,Import,Importer,view,view,view,translated in all three,1,CrossBuy/Views/Crm/CampaignDetail.cshtml
Import from list,استيراد من قائمة تسويقية,Import from list,Importer depuis une liste,view,view,view,translated in all three,1,CrossBuy/Views/Crm/CampaignDetail.cshtml
In,داخل,In,Entrée,view,view,view,translated in all three,3,CrossBuy/Views/Admin/AttendanceEntry.cshtml
In progress,قيد التنفيذ,In progress,In progress,view,fallback-to-key,fallback-to-key,english falls back to key text,3,CrossBuy/Views/EmployeeOnboarding/Index.cshtml
In stock,في المخزون,In stock,En stock,view,view,view,translated in all three,1,CrossBuy/Views/Inventory/Serials.cshtml
Inactive,غير نشط,Inactive,Inactif,shared,shared,shared,translated in all three,39,CrossBuy/Views/Accounting/BankAccounts.cshtml
Inactive accounts,حسابات خاملة,Inactive accounts,Comptes inactifs,view,view,view,translated in all three,1,CrossBuy/Views/Crm/AccountInsights.cshtml
Inactive items are hidden from purchase and sales operations.,الأصناف الموقوفة لا تظهر في عمليات الشراء والبيع.,Inactive items are hidden from purchase and sales operations.,Les articles inactifs sont masqués dans les opérations d'achat et de vente.,view,view,view,translated in all three,1,CrossBuy/Views/Inventory/ItemForm.cshtml
Inbound — increases stock,حركة إدخال — تزيد الرصيد,Inbound — increases stock,Entrant — augmente le stock,view,view,view,translated in all three,1,CrossBuy/Views/Inventory/NewMovement.cshtml
Income Statement,قائمة الدخل,Income Statement,Compte de résultat,view,view,view,translated in all three,2,CrossBuy/Views/Accounting/IncomeStatement.cshtml
Income tax,ضريبة كسب العمل,Income tax,Impôt sur le revenu,view,view,view,translated in all three,3,CrossBuy/Views/Accounting/PayrollDisbursement.cshtml
"Income-tax brackets (progressive, annual)",شرائح ضريبة كسب العمل (تصاعدية، سنوية),"Income-tax brackets (progressive, annual)","Tranches d'imposition sur le revenu (progressives, annuelles)",view,view,view,translated in all three,1,CrossBuy/Views/Accounting/PayrollTaxSettings.cshtml
IncomeTax,ضريبة الدخل,Income Tax,Impôt sur le revenu,shared,shared,shared,translated in all three,1,CrossBuy/Views/Admin/Polices.cshtml
Incomplete,غير مكتمل,Incomplete,Incomplet,view,view,view,translated in all three,1,CrossBuy/Views/Documents/Workspace.cshtml
IncompleteData,بيانات غير مكتملة,Incomplete Data,Données incomplètes,shared,shared,shared,translated in all three,1,CrossBuy/Views/Admin/Polices.cshtml
Increase ← Dr 520106 / Cr 210206; release ← reverse. Only the difference is posted to match the liability.,القيد: زيادة المخصص ← مدين 520106 / دائن 210206؛ الرد ← العكس. يُرحَّل الفرق فقط لمطابقة الالتزام المستحق.,Increase ← Dr 520106 / Cr 210206; release ← reverse. Only the difference is posted to match the liability.,Augmentation ← Dr 520106 / Cr 210206 ; reprise ← contre-passation. Seule la différence est comptabilisée pour ajuster le passif.,view,view,view,translated in all three,1,CrossBuy/Views/Admin/LeaveAccrual.cshtml
Index,الرئيسية,Index,Index,view,view,view,translated in all three,1,CrossBuy/Views/Service/Index.cshtml
Industry,الصناعة,Industry,Secteur d'activité,view,view,view,translated in all three,1,CrossBuy/Views/Crm/AccountEditor.cshtml
Industry (EN),الصناعة (إنجليزي),Industry (EN),Secteur (EN),view,view,view,translated in all three,1,CrossBuy/Views/Crm/AccountEditor.cshtml
Industry/Segment,الصناعة/الشريحة,Industry/Segment,Secteur/Segment,view,view,view,translated in all three,1,CrossBuy/Views/Crm/Accounts.cshtml
Initialize from defaults,تهيئة من المواقع الافتراضية,Initialize from defaults,Initialiser à partir des valeurs par défaut,view,view,view,translated in all three,1,CrossBuy/Views/Inventory/RackBalances.cshtml
Input VAT,ضريبة المدخلات,Input VAT,TVA déductible,view,view,view,translated in all three,2,CrossBuy/Views/Accounting/Index.cshtml
Input VAT (purchases),ضريبة المدخلات (مشتريات),Input VAT (purchases),TVA déductible (achats),view,view,view,translated in all three,1,CrossBuy/Views/Accounting/VatReturnDetail.cshtml
Inquiry / complaint / support,استفسار / شكوى / دعم فني,Inquiry / complaint / support,Demande / réclamation / support,view,view,view,translated in all three,1,CrossBuy/Views/Crm/TicketEditor.cshtml
Insert an emoji,إدراج إيموجي,Insert an emoji,Insérer un emoji,view,fallback-to-key,view,english falls back to key text,1,CrossBuy/Views/Shared/_EntityConversation.cshtml
Insert link,إدراج كرابط,Insert link,Insérer un lien,shared,fallback-to-key,shared,english falls back to key text,1,CrossBuy/Views/Comm/Compose.cshtml
Insert row,إدراج صف,Insert row,Insérer une ligne,view,view,view,translated in all three,1,CrossBuy/Views/Accounting/CreateJournal.cshtml
Install App,تثبيت التطبيق,Install App,Installer l'application,view,view,view,translated in all three,1,CrossBuy/Views/Shared/_mainLayout.cshtml
Instance,النسخة,Instance,Instance,view,view,view,translated in all three,1,CrossBuy/Views/BusinessEventMonitor/Index.cshtml
Insurance,تأمين,Insurance,Assurance,view,view,view,translated in all three,2,CrossBuy/Views/Admin/DocExpiryAlerts.cshtml
IntegrateShortLeavewithBiometricAttendance,ربط الاستئذان بالبصمة,Integrate Short Leave with Biometric Attendance,Intégrer les congés courts à la pointeuse biométrique,shared,shared,shared,translated in all three,1,CrossBuy/Views/Admin/Polices.cshtml
Integrity,تسوية السلامة,Integrity,Intégrité,view,view,view,translated in all three,1,CrossBuy/Views/Inventory/IntegrityReconciliation.cshtml
Integrity checks,تحقّق الثوابت,Integrity checks,Contrôles d'intégrité,view,view,view,translated in all three,1,CrossBuy/Views/Inventory/OpeningBalances.cshtml
Integrity reconciliation,تسوية السلامة,Integrity reconciliation,Rapprochement d'intégrité,view,view,view,translated in all three,1,CrossBuy/Views/Inventory/IntegrityReconciliation.cshtml
Inter-branch transfer,التحويل بين الفروع,Inter-branch transfer,Transfert inter-succursales,view,view,view,translated in all three,2,CrossBuy/Views/Inventory/Approvals.cshtml
InteractiveSummary,ملخص تفاعلي,Interactive Summary,Résumé interactif,shared,shared,shared,translated in all three,1,CrossBuy/Views/Admin/Polices.cshtml
Internal Transfer,تحويل بين الحسابات,Internal Transfer,Virement interne,view,view,view,translated in all three,1,CrossBuy/Views/Accounting/Transfer.cshtml
Interview,مقابلة,Interview,Entretien,view,view,view,translated in all three,2,CrossBuy/Views/Admin/ApplicationDetail.cshtml
Inventory,المخزون,Inventory,Stock,shared,shared,shared,translated in all three,46,CrossBuy/Views/Approvals/Index.cshtml
Inventory Dashboard,لوحة تحكم المخزون,Inventory Dashboard,Tableau de bord du stock,view,view,view,translated in all three,1,CrossBuy/Views/Inventory/Index.cshtml
Inventory Valuation,تقرير تقييم المخزون,Inventory Valuation,Valorisation du stock,view,view,view,translated in all three,1,CrossBuy/Views/Inventory/ValuationReport.cshtml
Inventory Value,قيمة المخزون,Inventory Value,Valeur du stock,view,view,view,translated in all three,2,CrossBuy/Views/Accounting/Executive.cshtml
Inventory account,حساب المخزون,Inventory account,Compte de stock,view,view,view,translated in all three,1,CrossBuy/Views/Inventory/CategoryForm.cshtml
Inventory acct,حساب المخزون,Inventory acct,Compte de stock,view,view,view,translated in all three,1,CrossBuy/Views/Inventory/Categories.cshtml
Inventory alerts,تنبيهات المخزون,Inventory alerts,Alertes de stock,view,view,view,translated in all three,1,CrossBuy/Views/Accounting/AiInsights.cshtml
Inventory approvals,اعتمادات المخزون,Inventory approvals,Approbations de stock,view,view,view,translated in all three,1,CrossBuy/Views/Inventory/Approvals.cshtml
Inventory approvals appear here only for Inventory Managers.,موافقات المخزون تظهر هنا فقط لمديري المخزون.,Inventory approvals appear here only for Inventory Managers.,Inventory approvals appear here only for Inventory Managers.,view,fallback-to-key,fallback-to-key,english falls back to key text,1,CrossBuy/Views/Approvals/Index.cshtml
Inventory reports,تقارير المخزون,Inventory reports,Rapports d'inventaire,view,view,view,translated in all three,2,CrossBuy/Views/Inventory/Reports.cshtml
Inventory risk,مخاطر المخزون,Inventory risk,Risque de stock,view,view,view,translated in all three,1,CrossBuy/Views/Accounting/AiInsights.cshtml
Inventory roles,أدوار وصلاحيات المخزون,Inventory roles,Rôles de stock,view,view,view,translated in all three,1,CrossBuy/Views/Inventory/InventoryRoles.cshtml
Inventory settings,إعدادات المخزون,Inventory settings,Paramètres du stock,view,view,view,translated in all three,1,CrossBuy/Views/Inventory/Settings.cshtml
Inventory valuation,تقييم المخزون,Inventory valuation,Valorisation des stocks,view,view,view,translated in all three,1,CrossBuy/Views/Inventory/Reports.cshtml
Investing,استثماري,Investing,Investissement,view,view,view,translated in all three,1,CrossBuy/Views/Accounting/ChartOfAccounts.cshtml
Invitations emailed to attendees,تم إرسال الدعوات بالبريد للمدعوين,Invitations emailed to attendees,Invitations envoyées par e-mail aux participants,view,fallback-to-key,view,english falls back to key text,1,CrossBuy/Views/Calendar/Index.cshtml
Invite Collaborators To Your Project,ادعُ متعاونين إلى مشروعك,Invite Collaborators To Your Project,Inviter des collaborateurs à votre projet,view,view,view,translated in all three,1,CrossBuy/Views/Shared/_LayoutManufacturing.cshtml
Invite Contacts,دعوة جهات الاتصال,Invite Contacts,Inviter des contacts,view,view,view,translated in all three,1,CrossBuy/Views/Shared/_LayoutManufacturing.cshtml
Invite Gmail Contacts,دعوة جهات اتصال Gmail,Invite Gmail Contacts,Inviter des contacts Gmail,view,view,view,translated in all three,1,CrossBuy/Views/Shared/_LayoutManufacturing.cshtml
Invite Members,دعوة أعضاء,Invite Members,Inviter des membres,view,view,view,translated in all three,1,CrossBuy/Views/Shared/_LayoutManufacturing.cshtml
Invite a Friend,دعوة صديق,Invite a Friend,Inviter un ami,view,view,view,translated in all three,1,CrossBuy/Views/Shared/_LayoutManufacturing.cshtml
Invite attendees,دعوة حضور,Invite attendees,Inviter des participants,view,fallback-to-key,view,english falls back to key text,1,CrossBuy/Views/Calendar/Index.cshtml
Invoice,فاتورة,Invoice,Invoice,view,fallback-to-key,fallback-to-key,english falls back to key text,2,CrossBuy/Views/Accounting/EtaStatus.cshtml
Invoice No,رقم الفاتورة,Invoice No,N° de facture,view,view,view,translated in all three,2,CrossBuy/Views/Accounting/PurchaseInvoices.cshtml
Invoice amount,مبلغ الفاتورة,Invoice amount,Invoice amount,view,fallback-to-key,fallback-to-key,english falls back to key text,1,CrossBuy/Views/Accounting/MatchReceipts.cshtml
Invoice date,تاريخ الفاتورة,Invoice date,Invoice date,view,fallback-to-key,fallback-to-key,english falls back to key text,1,CrossBuy/Views/Accounting/MatchReceipts.cshtml
Invoice voided,أُلغيت الفاتورة,Invoice voided,Invoice voided,view,fallback-to-key,fallback-to-key,english falls back to key text,1,CrossBuy/Views/PosApp/Terminal.cshtml
Invoiced,مفوتر,Invoiced,Facturé,view,view,view,translated in all three,3,CrossBuy/Views/Inventory/SalesOrders.cshtml
Invoices,الفواتير,Invoices,Factures,view,view,view,translated in all three,2,CrossBuy/Views/Accounting/CustomerAnalytics.cshtml
Invoices & payments,Invoices & payments,Invoices & payments,Invoices & payments,fallback-to-key,fallback-to-key,fallback-to-key,MISSING arabic — key shown to user,1,CrossBuy/Views/Portal/Choose.cshtml
Issue,صرف,Issue,Sortie,view,view,view,translated in all three,3,CrossBuy/Views/Inventory/Index.cshtml
Issue & post,Issue & post,Issue & post,Issue & post,fallback-to-key,fallback-to-key,fallback-to-key,MISSING arabic — key shown to user,1,CrossBuy/Views/Accounting/NewSalesInvoice.cshtml
Issue date,تاريخ الإصدار,Issue date,Date de délivrance,view,view,view,translated in all three,2,CrossBuy/Views/Admin/ApplicationDetail.cshtml
Issue qty,كمية الصرف,Issue qty,Qté sortie,view,view,view,translated in all three,1,CrossBuy/Views/Project/MaterialIssues.cshtml
Issued,المصروفة,Issued,Sorti,view,view,view,translated in all three,3,CrossBuy/Views/Documents/Workspace.cshtml
Issued items,الأصناف المصروفة,Issued items,Articles sortis,view,view,view,translated in all three,1,CrossBuy/Views/Inventory/NewDelivery.cshtml
"Issues goods out, reverses the vendor payable & input VAT. Value is computed at the item's cost.","Issues goods out, reverses the vendor payable & input VAT. Value is computed at the item's cost.","Issues goods out, reverses the vendor payable & input VAT. Value is computed at the item's cost.","Issues goods out, reverses the vendor payable & input VAT. Value is computed at the item's cost.",fallback-to-key,fallback-to-key,fallback-to-key,MISSING arabic — key shown to user,1,CrossBuy/Views/Accounting/NewPurchaseReturn.cshtml
Issuing WH,مخزن الصرف,Issuing WH,Entrepôt d'expédition,view,view,view,translated in all three,1,CrossBuy/Views/Inventory/NewSalesOrder.cshtml
It saves the report with the parameters currently on screen.,يُحفظ التقرير بالمعايير الظاهرة على الشاشة الآن.,It saves the report with the parameters currently on screen.,Le rapport est enregistré avec les paramètres actuellement affichés.,view,view,view,translated in all three,1,CrossBuy/Views/Reports/Viewer.cshtml
Item,العنصر,Item,Article,view,view,shared,translated in all three,47,CrossBuy/Views/Accounting/AiInsights.cshtml
Item (stock),الصنف (مخزون),Item (stock),Article (stock),view,view,view,translated in all three,3,CrossBuy/Views/Accounting/NewPurchaseInvoice.cshtml
Item Categories,تصنيفات الأصناف,Item Categories,Catégories d'articles,view,view,view,translated in all three,1,CrossBuy/Views/Inventory/Categories.cshtml
Item analytics,تحليلات الصنف,Item analytics,Analyses de l'article,view,view,view,translated in all three,1,CrossBuy/Views/Inventory/ItemForm.cshtml
Item balance over time,مخطط رصيد الصنف عبر الزمن,Item balance over time,Solde de l'article dans le temps,view,view,view,translated in all three,1,CrossBuy/Views/Inventory/ItemLedger.cshtml
Item category,فئة الأصناف,Item category,Catégorie d'article,view,view,view,translated in all three,1,CrossBuy/Views/Inventory/PromotionEditor.cshtml
Item code,كود الصنف,Item code,Code article,view,view,view,translated in all three,2,CrossBuy/Views/Accounting/MovementSummary.cshtml
Item ledger,دفتر حركة الصنف,Item ledger,Grand livre des articles,view,view,view,translated in all three,2,CrossBuy/Views/Inventory/ItemLedger.cshtml
Item locations,مواقع الأصناف,Item locations,Emplacements des articles,view,view,view,translated in all three,1,CrossBuy/Views/Inventory/ItemLocations.cshtml
Item margin,هامش الصنف,Item margin,Item margin,shared,fallback-to-key,fallback-to-key,english falls back to key text,1,CrossBuy/Views/Hyper/HyperSales.cshtml
Item margin (hyper),هامش الصنف (هايبر),Item margin (hyper),Item margin (hyper),shared,fallback-to-key,fallback-to-key,english falls back to key text,1,CrossBuy/Views/Hyper/HyperItemMargin.cshtml
Item name,اسم الصنف,Item name,Nom de l'article,view,view,view,translated in all three,1,CrossBuy/Views/Pos/QuickMenu.cshtml
Item name/code,اسم/كود الصنف,Item name/code,Nom/code de l'article,view,view,view,translated in all three,1,CrossBuy/Views/Pos/Modifiers.cshtml
Item price,سعر الصنف,Item price,Prix de l'article,view,view,view,translated in all three,1,CrossBuy/Views/Inventory/PriceListEditor.cshtml
ItemUnit,صنف,items,articles,view,view,view,translated in all three,1,CrossBuy/Views/PosApp/Terminal.cshtml
Items,البنود,Items,Postes,view,view,view,translated in all three,6,CrossBuy/Views/Inventory/Index.cshtml
Items & BOMs,Items & BOMs,Items & BOMs,Items & BOMs,fallback-to-key,fallback-to-key,fallback-to-key,MISSING arabic — key shown to user,1,CrossBuy/Views/Inventory/ManufDashboard.cshtml
Items & counted quantities,Items & counted quantities,Items & counted quantities,Items & counted quantities,fallback-to-key,fallback-to-key,fallback-to-key,MISSING arabic — key shown to user,1,CrossBuy/Views/Inventory/NewCount.cshtml
Items & warehouses,Items & warehouses,Items & warehouses,Items & warehouses,fallback-to-key,fallback-to-key,fallback-to-key,MISSING arabic — key shown to user,1,CrossBuy/Views/Portal/Choose.cshtml
Items analysed,الأصناف التي تم تحليلها,Items analysed,Articles analysés,view,view,view,translated in all three,2,CrossBuy/Views/Accounting/AiInsights.cshtml
"Items are classified from on-hand quantity, value and outbound demand over the window above, using fixed rules and simple statistics. This is not a demand forecast and carries no prediction of future sales.",يتم تصنيف الأصناف من الكمية المتاحة والقيمة والطلب الصادر خلال النافذة أعلاه، باستخدام قواعد ثابتة وإحصاءات بسيطة. هذا ليس تنبؤاً بالطلب ولا يتضمن أي توقع للمبيعات المستقبلية.,"Items are classified from on-hand quantity, value and outbound demand over the window above, using fixed rules and simple statistics. This is not a demand forecast and carries no prediction of future sales.","Les articles sont classés à partir de la quantité en stock, de la valeur et de la demande sortante sur la fenêtre ci-dessus, selon des règles fixes et des statistiques simples. Il ne s'agit pas d'une prévision de la demande.",view,view,view,translated in all three,1,CrossBuy/Views/Inventory/RiskInsights.cshtml
Items at/below reorder point,أصناف وصلت حد إعادة الطلب,Items at/below reorder point,Articles au/sous le point de réapprovisionnement,view,view,view,translated in all three,1,CrossBuy/Views/Inventory/Planning.cshtml
Items at/below reorder point or out of stock,أصناف تحت حد إعادة الطلب أو نفد مخزونها,Items at/below reorder point or out of stock,"Articles au point de réapprovisionnement ou en dessous, ou en rupture de stock",view,view,view,translated in all three,1,CrossBuy/Views/Inventory/Reports.cshtml
Items count (display),عدد الأصناف (للعرض),Items count (display),Items count (display),view,fallback-to-key,fallback-to-key,english falls back to key text,1,CrossBuy/Views/Inventory/CategoryForm.cshtml
Items in this category inherit this method unless set on the item.,الأصناف داخل هذه الفئة ترث هذه الطريقة ما لم تُحدَّد على الصنف.,Items in this category inherit this method unless set on the item.,Les articles de cette catégorie héritent de cette méthode sauf si elle est définie sur l'article.,view,view,view,translated in all three,1,CrossBuy/Views/Inventory/CategoryForm.cshtml
Items returned,تم إرجاع الأصناف,Items returned,Items returned,view,fallback-to-key,fallback-to-key,english falls back to key text,1,CrossBuy/Views/PosApp/Terminal.cshtml
Items to issue,الأصناف المطلوب صرفها,Items to issue,Articles à sortir,view,view,view,translated in all three,1,CrossBuy/Views/Project/MaterialIssues.cshtml
Items to write off,أصناف الإعدام,Items to write off,Articles à radier,view,view,view,translated in all three,1,CrossBuy/Views/Inventory/NewWriteOff.cshtml
Items using this group,الأصناف المرتبطة بهذه المجموعة,Items using this group,Articles utilisant ce groupe,view,view,view,translated in all three,1,CrossBuy/Views/Pos/Modifiers.cshtml
Items with no movement for a while,أصناف لم تتحرك منذ فترة,Items with no movement for a while,Articles sans mouvement depuis un certain temps,view,view,view,translated in all three,1,CrossBuy/Views/Inventory/Reports.cshtml
"Items, stock & movements","Items, stock & movements","Items, stock & movements","Items, stock & movements",fallback-to-key,fallback-to-key,fallback-to-key,MISSING arabic — key shown to user,1,CrossBuy/Views/Portal/Choose.cshtml
Item→station routing comes with the KDS screen later.,توجيه الأصناف للمحطات يأتي مع شاشة المطبخ (KDS) لاحقًا.,Item→station routing comes with the KDS screen later.,Le routage article→poste sera disponible avec l'écran KDS ultérieurement.,view,view,view,translated in all three,1,CrossBuy/Views/Pos/Areas.cshtml
JE,القيد,JE,JE,view,view,view,translated in all three,5,CrossBuy/Views/Accounting/PurchaseReturns.cshtml
JE / Reversal,القيد / العكس,JE / Reversal,Écriture / Contre-passation,view,view,view,translated in all three,1,CrossBuy/Views/Currency/Revaluation.cshtml
Jan,يناير,Jan,Janv,view,view,view,translated in all three,3,CrossBuy/Views/Accounting/Payroll.cshtml
January,يناير,January,Janvier,view,view,view,translated in all three,2,CrossBuy/Views/People/Attendance.cshtml
Job Titles List,قائمة المسميات الوظيفية,Job Titles List,Liste des intitulés de poste,view,view,view,translated in all three,1,CrossBuy/Views/Admin/JobTitlesList.cshtml
Job applications,طلبات التوظيف,Job applications,Candidatures,view,view,view,translated in all three,3,CrossBuy/Views/Admin/ApplicationDetail.cshtml
Job title,المسمى الوظيفي,Job title,Intitulé du poste,view,view,view,translated in all three,2,CrossBuy/Views/Admin/ApplicationForm.cshtml
Job titles,المسميات الوظيفية,Job titles,Intitulés de poste,view,shared,shared,translated in all three,1,CrossBuy/Views/Admin/Index.cshtml
JobTitle,المسمي الوظيفي,Job Title,Intitulé du poste,shared,shared,shared,translated in all three,5,CrossBuy/Views/Admin/EmployeeData.cshtml
JobTitleArabic,المسمي الوظيفي - اللغة العربية,Job Title - Arabic,Intitulé du poste - Arabe,shared,shared,shared,translated in all three,1,CrossBuy/Views/Admin/JobTitle.cshtml
JobTitleData,بيانات المسمي الوظيفي,Job Title Data,Données de l'intitulé du poste,shared,shared,shared,translated in all three,1,CrossBuy/Views/Admin/JobTitle.cshtml
JobTitleEnglish,المسمي الوظيفي - اللغة الانجليزية,Job Title - English,Intitulé du poste - Anglais,shared,shared,shared,translated in all three,1,CrossBuy/Views/Admin/JobTitle.cshtml
JobTitleList,قائمة المسميات,Job Titles List,Liste des intitulés de poste,shared,shared,shared,translated in all three,1,CrossBuy/Views/Admin/JobTitlesList.cshtml
Join date,تاريخ التعيين,Join date,Date d'embauche,view,view,view,translated in all three,1,CrossBuy/Views/Admin/FinalSettlement.cshtml
Joined,Joined,Joined,Joined,fallback-to-key,fallback-to-key,fallback-to-key,MISSING arabic — key shown to user,1,CrossBuy/Views/Project/Team.cshtml
Joining Date,تاريخ الالتحاق,Joining Date,Date d'embauche,view,view,view,translated in all three,1,CrossBuy/Views/People/Profile.cshtml
Joining date,تاريخ الالتحاق,Joining date,Date d'entrée,view,view,view,translated in all three,2,CrossBuy/Views/Admin/EmployeeData.cshtml
Journal Entries,القيود اليومية,Journal Entries,Écritures de journal,view,view,view,translated in all three,1,CrossBuy/Views/Accounting/Journals.cshtml
Journal anomalies,شذوذ القيود اليومية,Journal anomalies,Anomalies d'écritures,view,view,view,translated in all three,1,CrossBuy/Views/Accounting/AiInsights.cshtml
Journal entry,القيد,Journal entry,Écriture comptable,view,view,view,translated in all three,6,CrossBuy/Views/Accounting/MovementSummary.cshtml
Journal voucher,سند قيد,Journal voucher,Bon de journal,view,view,view,translated in all three,1,CrossBuy/Views/Accounting/JournalEntry.cshtml
Journal: Dr destination / Cr source.,القيد: مدين الحساب المستلم / دائن الحساب المرسِل.,Journal: Dr destination / Cr source.,Journal : Débit destination / Crédit source.,view,view,view,translated in all three,1,CrossBuy/Views/Accounting/Transfer.cshtml
Journal: Dr salaries expense (split by cost center) / Cr payroll payable (+ tax & SI if any).,Journal: Dr salaries expense (split by cost center) / Cr payroll payable (+ tax & SI if any).,Journal: Dr salaries expense (split by cost center) / Cr payroll payable (+ tax & SI if any).,Journal: Dr salaries expense (split by cost center) / Cr payroll payable (+ tax & SI if any).,fallback-to-key,fallback-to-key,fallback-to-key,MISSING arabic — key shown to user,1,CrossBuy/Views/Accounting/Payroll.cshtml
Journals,القيود,Journals,Journaux,view,view,view,translated in all three,4,CrossBuy/Views/Accounting/CreateJournal.cshtml
Journals & accounts,Journals & accounts,Journals & accounts,Journals & accounts,fallback-to-key,fallback-to-key,fallback-to-key,MISSING arabic — key shown to user,1,CrossBuy/Views/Portal/Choose.cshtml
Journals/payments at or above this amount need ChiefAccountant approval (and SoD: a creator can't approve own). 0 = off.,القيود والمدفوعات التي تساوي أو تتجاوز هذا المبلغ تتطلب اعتماد رئيس الحسابات (وفصل مهام: المُنشئ لا يعتمد قيده). صفر = إيقاف.,Journals/payments at or above this amount need ChiefAccountant approval (and SoD: a creator can't approve own). 0 = off.,Les écritures/paiements égaux ou supérieurs à ce montant nécessitent l'approbation du chef comptable (et SoD : un créateur ne peut pas approuver les siens). 0 = désactivé.,view,view,view,translated in all three,1,CrossBuy/Views/Accounting/AccountingRoles.cshtml
Jul,يوليو,Jul,Juil,view,view,view,translated in all three,3,CrossBuy/Views/Accounting/Payroll.cshtml
July,يوليو,July,Juillet,view,view,view,translated in all three,2,CrossBuy/Views/People/Attendance.cshtml
Jun,يونيو,Jun,Juin,view,view,view,translated in all three,3,CrossBuy/Views/Accounting/Payroll.cshtml
June,يونيو,June,Juin,view,view,view,translated in all three,2,CrossBuy/Views/People/Attendance.cshtml
June plan,خطة يونيو,June plan,Plan de juin,view,view,view,translated in all three,1,CrossBuy/Views/Inventory/ProductionPlanning.cshtml
KWD,د.ك,KWD,KWD,shared,fallback-to-key,shared,english falls back to key text,2,CrossBuy/Views/Hyper/PriceCheck.cshtml
Keeper,أمين المخزن,Keeper,Gardien,view,view,view,translated in all three,2,CrossBuy/Views/Inventory/InventoryRoles.cshtml
Key Ratios,المؤشرات المالية,Key Ratios,Ratios clés,view,view,view,translated in all three,1,CrossBuy/Views/Accounting/Executive.cshtml
Key performance indicators,مؤشرات الأداء الرئيسية,Key performance indicators,Indicateurs de performance,view,view,view,translated in all three,1,CrossBuy/Views/Portal/Choose.cshtml
Keyboard shortcuts,اختصارات لوحة المفاتيح,Keyboard shortcuts,Keyboard shortcuts,shared,fallback-to-key,fallback-to-key,english falls back to key text,1,CrossBuy/Views/Shared/_QuickAdd.cshtml
Kind,النوع,Kind,Type,view,view,view,translated in all three,4,CrossBuy/Views/Accounting/ChartOfAccounts.cshtml
Kitchen,مطبخ,Kitchen,Cuisine,view,view,view,translated in all three,2,CrossBuy/Views/Pos/Areas.cshtml
Kitchen Display,شاشة المطبخ,Kitchen Display,Écran de cuisine,view,view,view,translated in all three,1,CrossBuy/Views/PosApp/Kitchen.cshtml
Kitchen display,شاشة المطبخ,Kitchen display,Écran cuisine,view,shared,shared,translated in all three,1,CrossBuy/Views/Pos/Dashboard.cshtml
Kitchen station,محطة المطبخ,Kitchen station,Poste de cuisine,view,view,view,translated in all three,1,CrossBuy/Views/Pos/QuickMenu.cshtml
Knowledge base,قاعدة المعرفة,Knowledge base,Base de connaissances,view,view,view,translated in all three,1,CrossBuy/Views/Portal/Choose.cshtml
L,م,L,L,view,view,view,translated in all three,1,CrossBuy/Views/People/Leaves.cshtml
Label,التسمية,Label,Libellé,view,view,view,translated in all three,1,CrossBuy/Views/Crm/CustomFields.cshtml
Label (EN),التسمية (EN),Label (EN),Libellé (EN),view,view,view,translated in all three,1,CrossBuy/Views/Crm/CustomFields.cshtml
Labor,عمالة,Labor,Main-d'oeuvre,view,view,view,translated in all three,5,CrossBuy/Views/Inventory/ManufDashboard.cshtml
Labor (routing),العمالة (المسار),Labor (routing),Main-d'œuvre (gamme),view,view,view,translated in all three,1,CrossBuy/Views/Inventory/ItemForm.cshtml
Labor + OH,عمالة + أوفرهيد,Labor + OH,Main-d'œuvre + frais généraux,view,view,view,translated in all three,1,CrossBuy/Views/Inventory/ManufReports.cshtml
Labor cost,تكلفة العمالة,Labor cost,Coût main-d'oeuvre,view,view,view,translated in all three,2,CrossBuy/Views/Inventory/ManufReports.cshtml
Labor cost (total),تكلفة العمالة (إجمالي),Labor cost (total),Coût de main-d'œuvre (total),view,view,view,translated in all three,1,CrossBuy/Views/Inventory/NewWorkOrder.cshtml
Labor cost/hour,تكلفة العمالة/ساعة,Labor cost/hour,Coût de main-d'œuvre/heure,view,view,view,translated in all three,1,CrossBuy/Views/Inventory/WorkCenters.cshtml
Labor/hr,تكلفة العمالة/ساعة,Labor/hr,Main-d'œuvre/h,view,view,view,translated in all three,1,CrossBuy/Views/Inventory/WorkCenters.cshtml
Labor/unit,عمالة/وحدة,Labor/unit,Main-d'œuvre/unité,view,view,view,translated in all three,1,CrossBuy/Views/Inventory/Routing.cshtml
Landed Cost,Landed Cost,Landed Cost,Coût de revient,view,view,view,translated in all three,1,CrossBuy/Views/Inventory/LandedCosts.cshtml
Landed costs,التكاليف الإضافية,Landed costs,Coûts de revient,view,view,view,translated in all three,2,CrossBuy/Views/Inventory/LandedCosts.cshtml
Language,اللغة,Language,Langue,shared,shared,shared,translated in all three,8,CrossBuy/Views/Account/Login.cshtml
LanguageNameAr,العربية,العربية,العربية,shared,shared,shared,translated in all three,1,CrossBuy/Views/Account/Login.cshtml
LanguageNameEn,English,English,English,shared,shared,shared,translated in all three,1,CrossBuy/Views/Account/Login.cshtml
LanguageNameFr,Français,Français,Français,shared,shared,shared,translated in all three,1,CrossBuy/Views/Account/Login.cshtml
Largest deviation,أكبر انحراف,Largest deviation,Écart le plus important,view,view,view,translated in all three,1,CrossBuy/Views/Inventory/IntegrityReconciliation.cshtml
Last,آخر فاتورة,Last,Dernier,view,view,view,translated in all three,1,CrossBuy/Views/Accounting/CustomerAnalytics.cshtml
Last 6 months,آخر 6 شهور,Last 6 months,Last 6 months,view,fallback-to-key,fallback-to-key,english falls back to key text,3,CrossBuy/Views/Accounting/Executive.cshtml
Last 6 months — by value,آخر 6 أشهر — بالقيمة,Last 6 months — by value,6 derniers mois — par valeur,view,view,view,translated in all three,2,CrossBuy/Views/Crm/Index.cshtml
Last 6 months — completed value,آخر 6 أشهر — القيمة المكتملة,Last 6 months — completed value,6 derniers mois — valeur terminée,view,view,view,translated in all three,1,CrossBuy/Views/Inventory/ManufDashboard.cshtml
Last 7 days,آخر 7 أيام,Last 7 days,Last 7 days,view,fallback-to-key,fallback-to-key,english falls back to key text,1,CrossBuy/Views/Pos/Dashboard.cshtml
Last CRM activity was,آخر نشاط في CRM كان منذ,Last CRM activity was,Dernière activité CRM il y a,view,view,view,translated in all three,1,CrossBuy/Views/Crm/OpportunityInsights.cshtml
Last Modified,آخر تعديل,Last Modified,Dernière modification,view,fallback-to-key,view,english falls back to key text,1,CrossBuy/Views/FileManager/Index.cshtml
Last billing,Last billing,Last billing,Last billing,fallback-to-key,fallback-to-key,fallback-to-key,MISSING arabic — key shown to user,1,CrossBuy/Views/ProjectCloseout/Index.cshtml
Last done,آخر تنفيذ,Last done,Dernière réalisation,view,view,view,translated in all three,1,CrossBuy/Views/Accounting/FixedAssetDetail.cshtml
Last entry,آخر دخول,Last entry,Dernière entrée,view,view,view,translated in all three,1,CrossBuy/Views/Inventory/ItemForm.cshtml
Last entry date,آخر تاريخ دخول,Last entry date,Date de dernière entrée,view,view,view,translated in all three,1,CrossBuy/Views/Inventory/ItemLedger.cshtml
Last error (full),آخر خطأ (كامل),Last error (full),Dernière erreur (complète),view,view,view,translated in all three,1,CrossBuy/Views/BusinessEventMonitor/_Details.cshtml
Last exit,آخر خروج,Last exit,Dernière sortie,view,view,view,translated in all three,1,CrossBuy/Views/Inventory/ItemForm.cshtml
Last exit date,آخر تاريخ خروج,Last exit date,Date de dernière sortie,view,view,view,translated in all three,1,CrossBuy/Views/Inventory/ItemLedger.cshtml
Last move,آخر حركة,Last move,Dernier mouvement,view,view,view,translated in all three,1,CrossBuy/Views/Inventory/StagnantReport.cshtml
Last name,اسم العائلة,Last name,Nom,view,view,view,translated in all three,2,CrossBuy/Views/Admin/ApplicationForm.cshtml
Last name is required.,اسم العائلة مطلوب.,Last name is required.,Le nom est requis.,view,view,view,translated in all three,1,CrossBuy/Views/Admin/EmployeeData.cshtml
Last op,آخر عملية,Last op,Dernière op.,view,view,view,translated in all three,1,CrossBuy/Views/Inventory/ItemForm.cshtml
Last operation,آخر عملية,Last operation,Dernière opération,view,view,view,translated in all three,1,CrossBuy/Views/Inventory/ItemLedger.cshtml
Last page,الصفحة الأخيرة,Last page,Dernière page,view,view,view,translated in all three,1,CrossBuy/Views/Reports/Viewer.cshtml
Last purchase,آخر عملية شراء,Last purchase,Dernier achat,view,view,view,translated in all three,2,CrossBuy/Views/Inventory/ItemForm.cshtml
Last run,آخر فحص,Last run,Dernier contrôle,view,view,view,translated in all three,1,CrossBuy/Views/Inventory/IntegrityReconciliation.cshtml
Last updated by,Last updated by,Last updated by,Last updated by,fallback-to-key,fallback-to-key,fallback-to-key,MISSING arabic — key shown to user,1,CrossBuy/Views/Project/Billing.cshtml
Late,تأخير,Late,Retard,view,view,view,translated in all three,5,CrossBuy/Views/Accounting/Payslips.cshtml
Late (min),التأخير (دقيقة),Late (min),Retard (min),view,view,view,translated in all three,1,CrossBuy/Views/People/Attendance.cshtml
Late / min,تأخير / دقيقة,Late / min,Retard / min,view,view,view,translated in all three,1,CrossBuy/Views/Admin/EmployeeData.cshtml
"Late = check-in − (start + grace); overtime = check-out − end; computed from the attendance policy, with holidays/rest/leave excluded.",التأخير = الحضور − (بداية الدوام + السماحية)، والإضافي = الانصراف − نهاية الدوام، تُحسب من سياسة الحضور وتُستبعَد العطلات/الراحة/الإجازات.,"Late = check-in − (start + grace); overtime = check-out − end; computed from the attendance policy, with holidays/rest/leave excluded.","Retard = pointage d'entrée − (début + tolérance) ; heures supplémentaires = pointage de sortie − fin ; calculé à partir de la politique de présence, hors jours fériés/repos/congés.",view,view,view,translated in all three,1,CrossBuy/Views/Admin/AttendanceEntry.cshtml
Late arrivals,التأخيرات,Late arrivals,Late arrivals,view,fallback-to-key,fallback-to-key,english falls back to key text,1,CrossBuy/Views/Admin/Index.cshtml
Late count,مرات التأخير,Late count,Nombre de retards,view,view,view,translated in all three,1,CrossBuy/Views/Admin/Attendance.cshtml
Late min,دقائق التأخير,Late min,Minutes de retard,view,view,view,translated in all three,1,CrossBuy/Views/Admin/Attendance.cshtml
Late penalty,خصم تأخير,Late penalty,Pénalité de retard,view,view,view,translated in all three,2,CrossBuy/Views/Accounting/Payslip.cshtml
Late/overtime minutes and absences are ready to feed payroll in the next phase (HR-3) via SalaryPolicies components.,دقائق التأخير/الإضافي والغياب جاهزة لتغذية الراتب في المرحلة التالية (HR-3) عبر مكوّنات SalaryPolicies.,Late/overtime minutes and absences are ready to feed payroll in the next phase (HR-3) via SalaryPolicies components.,Les minutes de retard/heures supplémentaires et les absences sont prêtes à alimenter la paie dans la phase suivante (HR-3) via les composants SalaryPolicies.,view,view,view,translated in all three,1,CrossBuy/Views/Admin/Attendance.cshtml
LateOccurrencesBeforeWarning,التأخيرات قبل الإنذار,Late Occurrences Before Warning,Nombre de retards avant avertissement,shared,shared,shared,translated in all three,1,CrossBuy/Views/Admin/Polices.cshtml
LatenessAndDeductions,التأخير والخصومات,Lateness and Deductions,Retards et retenues,shared,shared,shared,translated in all three,1,CrossBuy/Views/Admin/Polices.cshtml
LatenessDeductionPerMinute,خصم التأخير / دقيقة,Lateness Deduction per Minute,Retenue pour retard par minute,shared,shared,shared,translated in all three,1,CrossBuy/Views/Admin/Polices.cshtml
LatenessDeductionRate,نسبة خصم التأخير,Lateness Deduction Rate,Taux de retenue pour retard,shared,shared,shared,translated in all three,1,CrossBuy/Views/Admin/Polices.cshtml
Later,التالي,Later,Suivant,view,view,view,translated in all three,1,CrossBuy/Views/Roster/Mine.cshtml
Latest 10,أحدث 10,Latest 10,10 derniers,view,view,view,translated in all three,2,CrossBuy/Views/Inventory/Index.cshtml
Lead,محتمل,Lead,Prospect,view,view,view,translated in all three,3,CrossBuy/Views/Crm/CampaignDetail.cshtml
Lead created,إنشاء عميل محتمل,Lead created,Prospect créé,view,view,view,translated in all three,1,CrossBuy/Views/Crm/AutomationRules.cshtml
Lead funnel,قُمع العملاء المحتملين,Lead funnel,Entonnoir de prospects,view,view,view,translated in all three,1,CrossBuy/Views/Crm/Reports.cshtml
Lead scoring & automation,Lead scoring & automation,Lead scoring & automation,Lead scoring & automation,fallback-to-key,fallback-to-key,fallback-to-key,MISSING arabic — key shown to user,1,CrossBuy/Views/Crm/ScoringRules.cshtml
Leads,عملاء محتملون,Leads,Prospects,view,view,view,translated in all three,4,CrossBuy/Views/Crm/Campaigns.cshtml
Leads / Opps / Won,محتملون / فرص / رابحة,Leads / Opps / Won,Prospects / Opportunités / Gagné,view,view,view,translated in all three,1,CrossBuy/Views/Crm/CampaignDetail.cshtml
Learn about,تعرّف على,Learn about,En savoir plus sur,view,view,view,translated in all three,1,CrossBuy/Views/Home/Index.cshtml
Leave,إجازة,Leave,Congé,view,view,view,translated in all three,5,CrossBuy/Views/Admin/Attendance.cshtml
Leave & attendance,Leave & attendance,Leave & attendance,Leave & attendance,fallback-to-key,fallback-to-key,fallback-to-key,MISSING arabic — key shown to user,1,CrossBuy/Views/Admin/LeaveAccrual.cshtml
Leave & salary,Leave & salary,Leave & salary,Leave & salary,fallback-to-key,fallback-to-key,fallback-to-key,MISSING arabic — key shown to user,1,CrossBuy/Views/Admin/EmployeeData.cshtml
Leave Balances,رصيد الإجازات,Leave Balances,Soldes de congés,view,view,view,translated in all three,1,CrossBuy/Views/People/Dashboard.cshtml
Leave Types List,قائمة أنواع الإجازات,Leave Types List,Liste des types de congé,view,view,view,translated in all three,1,CrossBuy/Views/Admin/LeaveTypesList.cshtml
Leave a field empty to match all. The promotion applies when every set field matches together.,اترك أي حقل فارغًا ليطابق الكل. يُطبَّق العرض عندما تتحقّق كل الحقول المحدَّدة معًا.,Leave a field empty to match all. The promotion applies when every set field matches together.,Laissez un champ vide pour correspondre à tout. La promotion s'applique lorsque chaque champ renseigné correspond simultanément.,view,view,view,translated in all three,1,CrossBuy/Views/Inventory/PromotionEditor.cshtml
Leave days,أيام إجازة,Leave days,Jours de congé,view,view,view,translated in all three,2,CrossBuy/Views/People/Attendance.cshtml
Leave empty to use the global floor from inventory settings.,اتركه فارغًا لاستخدام الحدّ الأدنى العام من إعدادات المخزون.,Leave empty to use the global floor from inventory settings.,Laisser vide pour utiliser le seuil global des paramètres de stock.,view,view,view,translated in all three,1,CrossBuy/Views/Inventory/ItemForm.cshtml
Leave encashment,بدل الإجازة النقدي,Leave encashment,Encaissement de congés,view,view,view,translated in all three,1,CrossBuy/Views/Admin/LeaveAccrual.cshtml
Leave encashment & provision,Leave encashment & provision,Leave encashment & provision,Leave encashment & provision,fallback-to-key,fallback-to-key,fallback-to-key,MISSING arabic — key shown to user,1,CrossBuy/Views/Admin/LeaveAccrual.cshtml
Leave group,مغادرة المجموعة,Leave group,Leave group,view,fallback-to-key,fallback-to-key,english falls back to key text,1,CrossBuy/Views/Chat/Index.cshtml
Leave policy,لائحة إجازات,Leave policy,Politique de congés,view,view,view,translated in all three,1,CrossBuy/Views/Admin/PolicesData.cshtml
Leave provision,مخصص الإجازات,Leave provision,Provision de congés,view,view,view,translated in all three,1,CrossBuy/Views/Admin/LeaveAccrual.cshtml
Leave request,طلب الإجازة,Leave request,Demande de congé,view,view,view,translated in all three,1,CrossBuy/Views/Roster/Index.cshtml
Leave requests,طلبات الإجازات,Leave requests,Leave requests,view,fallback-to-key,fallback-to-key,english falls back to key text,1,CrossBuy/Views/Admin/Index.cshtml
Leave rule,قاعدة إجازة,Leave rule,Règle de congé,view,view,view,translated in all three,1,CrossBuy/Views/Admin/EmployeeData.cshtml
Leave this group?,مغادرة هذه المجموعة؟,Leave this group?,Leave this group?,view,fallback-to-key,fallback-to-key,english falls back to key text,1,CrossBuy/Views/Chat/Index.cshtml
Leave types,أنواع الإجازات,Leave types,Types de congé,view,shared,shared,translated in all three,1,CrossBuy/Views/Admin/Index.cshtml
Leave value,قيمة بدل الإجازة,Leave value,Valeur du congé,view,view,view,translated in all three,1,CrossBuy/Views/Admin/FinalSettlement.cshtml
LeaveName,اسم الإجازة,Leave Name,Nom du congé,shared,shared,shared,translated in all three,1,CrossBuy/Views/Admin/LeaveTypesList.cshtml
LeavePermission,الاستئذان,Leave Permission,Autorisation de sortie,shared,shared,shared,translated in all three,1,CrossBuy/Views/Admin/Polices.cshtml
LeavePolicesList,قائمة لوائح الاجازات,List of leave regulations,Liste des règlements de congé,shared,shared,shared,translated in all three,1,CrossBuy/Views/Admin/PolicesData.cshtml
LeavePolicy,لائحة الإجازات,Leave Policy,Politique de congé,shared,shared,shared,translated in all three,1,CrossBuy/Views/Admin/Polices.cshtml
LeaveType,نوع الإجازة,Leave Type,Type de congé,shared,shared,shared,translated in all three,5,CrossBuy/Views/Admin/LeaveAccrual.cshtml
LeaveTypeAndEntitlementDetails,بيانات نوع الإجازة والأيام المستحقة,Leave Type and Entitlement Details,Type de congé et détails des droits,shared,shared,shared,translated in all three,1,CrossBuy/Views/Admin/Polices.cshtml
Leaves,الإجازات,Leaves,Congés,view,view,view,translated in all three,3,CrossBuy/Views/Admin/EmployeeData.cshtml
Leaves & attendance,Leaves & attendance,Leaves & attendance,Leaves & attendance,fallback-to-key,fallback-to-key,fallback-to-key,MISSING arabic — key shown to user,1,CrossBuy/Views/Portal/Choose.cshtml
Ledger,دفتر الصنف,Ledger,Grand livre,view,view,view,translated in all three,3,CrossBuy/Views/Inventory/ItemForm.cshtml
Legend,مفتاح الرموز,Legend,Légende,view,view,view,translated in all three,1,CrossBuy/Views/Admin/AdministrativeStructure.cshtml
Lenght,الطول,Lenght,Durée,view,view,view,translated in all three,1,CrossBuy/Views/Shared/_LayoutManufacturing.cshtml
Letter,خطاب,Letter,Lettre,view,view,view,translated in all three,2,CrossBuy/Views/People/LetterPrint.cshtml
Letter type,نوع الخطاب,Letter type,Type de lettre,view,view,view,translated in all three,1,CrossBuy/Views/People/Requests.cshtml
Level,المستوى,Level,Niveau,view,view,view,translated in all three,1,CrossBuy/Views/Inventory/CategoryForm.cshtml
Liab. + Equity,التزامات + حقوق ملكية,Liab. + Equity,Passif + Capitaux propres,view,view,view,translated in all three,1,CrossBuy/Views/Accounting/Index.cshtml
Liabilities,الالتزامات,Liabilities,Passif,view,view,view,translated in all three,2,CrossBuy/Views/Accounting/BalanceSheet.cshtml
Library,المكتبة,Library,Bibliothèque,view,fallback-to-key,view,english falls back to key text,2,CrossBuy/Views/Comm/Compose.cshtml
Life (mo),العمر (شهور),Life (mo),Durée (mois),view,view,view,translated in all three,1,CrossBuy/Views/Inventory/OpeningBalances.cshtml
Life (months),العمر (شهور),Life (months),Durée de vie (mois),view,view,view,translated in all three,1,CrossBuy/Views/Accounting/AssetCategories.cshtml
Light,فاتح,Light,Clair,view,view,view,translated in all three,4,CrossBuy/Views/Shared/_LayoutAccounting.cshtml
Light blue: total grace period before and after work,أزرق فاتح: إجمالي فترة السماح قبل وبعد الدوام,Light blue: total grace period before and after work,Bleu clair : durée totale de tolérance avant et après le travail,view,view,view,translated in all three,1,CrossBuy/Views/Admin/Polices.cshtml
Limit,السقف,Limit,Limite,view,view,view,translated in all three,1,CrossBuy/Views/Admin/LeaveCarryOver.cshtml
Line manager,المدير المباشر,Line manager,Responsable hiérarchique,view,view,view,translated in all three,1,CrossBuy/Views/EmployeeOnboarding/Index.cshtml
Line note,بيان السطر,Line note,Note de ligne,view,view,view,translated in all three,1,CrossBuy/Views/Accounting/CreateJournal.cshtml
Line value,قيمة البند,Line value,Valeur ligne,view,view,view,translated in all three,2,CrossBuy/Views/Project/Boq.cshtml
Lines,الأسطر,Lines,Lignes,view,view,view,translated in all three,10,CrossBuy/Views/Accounting/NewPurchaseInvoice.cshtml
Lines (items),بنود المرتجع (أصناف),Lines (items),Lignes (articles),view,view,view,translated in all three,1,CrossBuy/Views/Accounting/NewPurchaseReturn.cshtml
Link,ربط,Link,Link,shared,fallback-to-key,fallback-to-key,english falls back to key text,1,CrossBuy/Views/Hyper/Customer.cshtml
Linked entry,القيد المرتبط,Linked entry,Écriture liée,view,view,view,translated in all three,2,CrossBuy/Views/Accounting/PurchaseInvoiceDetail.cshtml
Linked item,الصنف المرتبط,Linked item,Article lié,view,view,view,translated in all three,1,CrossBuy/Views/Pos/Modifiers.cshtml
Linked to a financial customer,هذا الحساب مرتبط بعميل مالي,Linked to a financial customer,Lié à un client financier,view,view,view,translated in all three,1,CrossBuy/Views/Crm/AccountEditor.cshtml
Linked to org tree,مرتبط بالهيكل التنظيمي,Linked to org tree,Lié à l'organigramme,view,view,view,translated in all three,1,CrossBuy/Views/Accounting/CostCenters.cshtml
Linked to the order,مربوط بالطلب,Linked to the order,Linked to the order,shared,fallback-to-key,fallback-to-key,english falls back to key text,1,CrossBuy/Views/Hyper/Customer.cshtml
Liquid,نقدية,Liquid,Liquidités,view,view,view,translated in all three,2,CrossBuy/Views/Accounting/Executive.cshtml
List,القائمة,List,Liste,view,view,view,translated in all three,2,CrossBuy/Views/Crm/CampaignDetail.cshtml
List members,أعضاء القائمة,List members,Membres de la liste,view,view,view,translated in all three,1,CrossBuy/Views/Crm/ListEditor.cshtml
List of Administrative Bodies in the Company,قائمة الوحدات الإدارية في الشركة,List of Administrative Bodies in the Company,Liste des organes administratifs de l'entreprise,view,view,view,translated in all three,1,CrossBuy/Views/Admin/AdministrativeBodiesCompanyList.cshtml
List view,عرض قائمة,List view,Vue liste,view,view,view,translated in all three,1,CrossBuy/Views/Crm/Pipeline.cshtml
ListOfAdministrativeBodiesInTheCompany,قائمة الجهات الادارية للشركة,List of Administrative Bodies in the Company,Liste des organes administratifs de l'entreprise,shared,shared,shared,translated in all three,1,CrossBuy/Views/Admin/AdministrativeBodiesCompanyList.cshtml
ListOfBranches,قائمة الأفرع,List Of Branches,Liste des succursales,shared,shared,shared,translated in all three,1,CrossBuy/Views/Service/BranchesList.cshtml
Load,تحميل,Load,Charger,view,view,view,translated in all three,2,CrossBuy/Views/Accounting/Reconcile.cshtml
Loaded,إجمالي محمّل,Loaded,Chargé,view,view,view,translated in all three,1,CrossBuy/Views/Inventory/WorkOrderDetails.cshtml
Loading,تحمــــــــــــيل ........,Loading...,Chargement...,shared,shared,shared,translated in all three,7,CrossBuy/Views/Admin/Polices.cshtml
Loading ...,جاري التحميل ...,Loading ...,Chargement ...,view,view,view,translated in all three,1,CrossBuy/Views/Admin/Polices.cshtml
Loading policies…,جارٍ تحميل السياسات…,Loading policies…,Chargement des politiques…,view,view,view,translated in all three,1,CrossBuy/Views/Admin/EmployeeData.cshtml
Loading policy details…,جارٍ تحميل تفاصيل السياسة…,Loading policy details…,Chargement des détails de la politique…,view,view,view,translated in all three,1,CrossBuy/Views/Admin/EmployeeData.cshtml
Loading the conversation,جارٍ تحميل المحادثة…,Loading the conversation,Chargement de la conversation…,view,fallback-to-key,view,english falls back to key text,1,CrossBuy/Views/Shared/_EntityConversation.cshtml
Loading...,جارٍ التحميل...,Loading...,Chargement...,view,view,view,translated in all three,3,CrossBuy/Views/Shared/_DocEventTimeline.cshtml
Loading…,جارٍ التحميل…,Loading…,Chargement…,view,view,view,translated in all three,25,CrossBuy/Views/Accounting/Customers.cshtml
Location,الموقع,Location,Emplacement,view,view,view,translated in all three,3,CrossBuy/Views/Inventory/RackBalances.cshtml
Location (section/rack),الموقع (سيكشن/رف),Location (section/rack),Emplacement (section/rayon),view,view,view,translated in all three,1,CrossBuy/Views/Inventory/NewGoodsReceipt.cshtml
Locked after first transaction,مقفلة بعد أول معاملة,Locked after first transaction,Verrouillé après la première transaction,view,view,view,translated in all three,1,CrossBuy/Views/Currency/Setup.cshtml
Log In / Sign Up,تسجيل الدخول / إنشاء حساب,Log In / Sign Up,Connexion / Inscription,view,view,view,translated in all three,1,CrossBuy/Views/Shared/_mainLayout.cshtml
Log a performed maintenance,تسجيل صيانة منفّذة,Log a performed maintenance,Enregistrer une maintenance effectuée,view,view,view,translated in all three,1,CrossBuy/Views/Accounting/FixedAssetDetail.cshtml
Login,تسجيل الدخول,Login,Connexion,view,view,view,translated in all three,1,CrossBuy/Views/Shared/_mainLayout.cshtml
Logo,الشعار,Logo,Logo,shared,shared,shared,translated in all three,2,CrossBuy/Views/Brand/BrandEditor.cshtml
Logout,خروج,Sign Out,Se déconnecter,shared,shared,shared,translated in all three,4,CrossBuy/Views/Shared/_LayoutAccounting.cshtml
Loss,خسارة,Loss,Perte,view,view,view,translated in all three,3,CrossBuy/Views/Accounting/Executive.cshtml
Lost,فاقد,Lost,Perdu,view,view,view,translated in all three,7,CrossBuy/Views/Accounting/Executive.cshtml
Low,منخفض,Low,Faible,view,view,view,translated in all three,8,CrossBuy/Views/Crm/AccountInsights.cshtml
MFG,مُصنَّع,MFG,FAB,view,view,view,translated in all three,1,CrossBuy/Views/Inventory/_ItemRows.cshtml
Mada,مدى,Mada,Mada,view,view,view,translated in all three,1,CrossBuy/Views/Pos/PaymentMethods.cshtml
Main,رئيسي,Main,Principal,view,view,view,translated in all three,1,CrossBuy/Views/Project/Boq.cshtml
MainPolicyData,بيانات اللائحة الرئيسية,Main policy data,Données principales de la politique,shared,shared,shared,translated in all three,2,CrossBuy/Views/Admin/Polices.cshtml
Maintenance,الصيانة,Maintenance,Maintenance,view,view,view,translated in all three,1,CrossBuy/Views/Accounting/MaintenanceDue.cshtml
Maintenance due,صيانة مستحقّة,Maintenance due,Maintenance à échéance,view,view,view,translated in all three,1,CrossBuy/Views/Accounting/MaintenanceDue.cshtml
Make,تصنيع,Make,Fabriquer,view,view,view,translated in all three,2,CrossBuy/Views/Inventory/PlanDetails.cshtml
Make your Breakfast,Make your Breakfast,Make your Breakfast,Make your Breakfast,fallback-to-key,fallback-to-key,fallback-to-key,MISSING arabic — key shown to user,1,CrossBuy/Views/Home/Store.cshtml
Male,ذكر,Male,Homme,view,view,view,translated in all three,2,CrossBuy/Views/Admin/ApplicationForm.cshtml
Manage,إدارة,Manage,Manage,view,fallback-to-key,fallback-to-key,english falls back to key text,1,CrossBuy/Views/Admin/DocExpiryAlerts.cshtml
Manage branches,إدارة الفروع,Manage branches,Gérer les succursales,view,view,view,translated in all three,3,CrossBuy/Views/Pos/Areas.cshtml
Manage your requests easily,إدارة طلباتك بسهولة,Manage your requests easily,Gérez vos demandes facilement,view,view,view,translated in all three,1,CrossBuy/Views/People/Dashboard.cshtml
Manager,مدير المخزون,Manager,Responsable,view,view,view,translated in all three,1,CrossBuy/Views/Inventory/InventoryRoles.cshtml
Manager comment,تعليق المدير,Manager comment,Commentaire du manager,view,view,view,translated in all three,2,CrossBuy/Views/Admin/AppraisalScore.cshtml
ManagingCompany,شركة رئيسية,Managing company,Société gestionnaire,shared,shared,shared,translated in all three,2,CrossBuy/Views/Service/BranchDetails.cshtml
Mandatory,إلزامي,Mandatory,Obligatoire,view,view,view,translated in all three,2,CrossBuy/Views/Admin/ApplicationDetail.cshtml
Mandatory documents,المستندات الإلزامية,Mandatory documents,Documents obligatoires,view,view,view,translated in all three,1,CrossBuy/Views/Admin/ApplicationDetail.cshtml
Mandatory requirements,المتطلبات الإلزامية,Mandatory requirements,Exigences obligatoires,view,view,view,translated in all three,1,CrossBuy/Views/EmployeeOnboarding/Index.cshtml
Manual,يدوي,Manual,Manuel,view,view,view,translated in all three,4,CrossBuy/Views/Accounting/_JournalRows.cshtml
Manual %,نسبة يدوية %,Manual %,% manuel,view,view,view,translated in all three,1,CrossBuy/Views/Project/Progress.cshtml
Manufactured (has a BOM),صنف مُصنَّع (له قائمة مواد),Manufactured (has a BOM),Fabriqué (avec nomenclature BOM),view,view,view,translated in all three,1,CrossBuy/Views/Inventory/_ItemRows.cshtml
Manufactured from,مُصنَّع من,Manufactured from,Fabriqué à partir de,view,view,view,translated in all three,1,CrossBuy/Views/Inventory/ItemForm.cshtml
Manufactured item,الصنف المُصنَّع,Manufactured item,Article fabriqué,view,view,view,translated in all three,2,CrossBuy/Views/Inventory/ItemForm.cshtml
Manufactured item (has a BOM),الصنف المُصنَّع (له قائمة مواد BOM),Manufactured item (has a BOM),Article fabriqué (dispose d'une BOM),view,view,view,translated in all three,1,CrossBuy/Views/Inventory/NewWorkOrder.cshtml
Manufacturing,التصنيع,Manufacturing,Fabrication,shared,shared,shared,translated in all three,8,CrossBuy/Views/Inventory/ManufDashboard.cshtml
Manufacturing dashboard,لوحة التصنيع,Manufacturing dashboard,Tableau de bord de fabrication,view,view,view,translated in all three,1,CrossBuy/Views/Inventory/ManufDashboard.cshtml
Manufacturing hour rate,معدل ساعة التصنيع,Manufacturing hour rate,Taux horaire de fabrication,view,view,view,translated in all three,1,CrossBuy/Views/Admin/EmployeeData.cshtml
Manufacturing reports,تقارير التصنيع,Manufacturing reports,Rapports de fabrication,view,view,view,translated in all three,1,CrossBuy/Views/Inventory/ManufReports.cshtml
Mar,مارس,Mar,Mars,view,view,view,translated in all three,3,CrossBuy/Views/Accounting/Payroll.cshtml
March,مارس,March,Mars,view,view,view,translated in all three,2,CrossBuy/Views/People/Attendance.cshtml
Margin,الهامش,Margin,Marge,view,view,view,translated in all three,5,CrossBuy/Views/Accounting/CustomerAnalytics.cshtml
Margin %,الهامش %,Margin %,Marge %,shared,shared,shared,translated in all three,3,CrossBuy/Views/Accounting/CustomerAnalytics.cshtml
Margin%,الهامش%,Margin%,Marge %,view,view,view,translated in all three,1,CrossBuy/Views/Project/Profitability.cshtml
Marital Status,الحالة الاجتماعية,Marital Status,État civil,view,view,view,translated in all three,1,CrossBuy/Views/People/Profile.cshtml
Marital status,الحالة الاجتماعية,Marital status,État civil,view,view,view,translated in all three,2,CrossBuy/Views/Admin/ApplicationForm.cshtml
Mark all read,تعليم الكل كمقروء,Mark all read,Mark all read,view,fallback-to-key,fallback-to-key,english falls back to key text,3,CrossBuy/Views/Notifications/Index.cshtml
Mark as no-show?,تعليم لم يحضر؟,Mark as no-show?,Marquer comme absence ?,view,view,view,translated in all three,1,CrossBuy/Views/Pos/Reservations.cshtml
Mark complete,تعليم كمكتمل,Mark complete,Marquer comme terminé,view,view,view,translated in all three,1,CrossBuy/Views/EmployeeOnboarding/Index.cshtml
Mark done,إنجاز,Mark done,Marquer comme terminé,view,view,view,translated in all three,1,CrossBuy/Views/Crm/_ActivityRows.cshtml
Mark sent,تعليم كمُرسَل,Mark sent,Marquer comme envoyé,view,view,view,translated in all three,1,CrossBuy/Views/Inventory/QuotationDetails.cshtml
Mark this activity as done?,تأكيد إنجاز هذا النشاط؟,Mark this activity as done?,Marquer cette activité comme terminée ?,view,view,view,translated in all three,2,CrossBuy/Views/Crm/_ActivityRows.cshtml
Mark which types may be paid out and included in the provision (usually annual leave only).,حدّد الأنواع التي يجوز صرفها نقدًا وإدراجها في المخصص (عادةً الإجازة السنوية فقط).,Mark which types may be paid out and included in the provision (usually annual leave only).,Indiquez quels types peuvent être payés et inclus dans la provision (généralement le congé annuel seulement).,view,view,view,translated in all three,1,CrossBuy/Views/Admin/LeaveAccrual.cshtml
Marketing lists,القوائم التسويقية,Marketing lists,Listes marketing,view,view,view,translated in all three,2,CrossBuy/Views/Crm/ListEditor.cshtml
Markup %,هامش %,Markup %,Marge %,view,view,view,translated in all three,1,CrossBuy/Views/Inventory/PriceListEditor.cshtml
Married,متزوج,Married,Marié(e),view,view,view,translated in all three,2,CrossBuy/Views/Admin/ApplicationForm.cshtml
Mat.,مواد,Mat.,Mat.,view,view,view,translated in all three,1,CrossBuy/Views/Inventory/ManufReports.cshtml
Match,مطابقة,Match,Rapprochement,view,view,view,translated in all three,2,CrossBuy/Views/Inventory/IntegrityReconciliation.cshtml
Match & post,Match & post,Match & post,Match & post,fallback-to-key,fallback-to-key,fallback-to-key,MISSING arabic — key shown to user,1,CrossBuy/Views/Accounting/MatchReceipts.cshtml
Match a goods receipt,طابِق إذن استلام,Match a goods receipt,Match a goods receipt,view,fallback-to-key,fallback-to-key,english falls back to key text,1,CrossBuy/Views/Accounting/PurchaseInvoices.cshtml
Match passed ✔,مطابقة سليمة ✔,Match passed ✔,Rapprochement réussi ✔,view,view,view,translated in all three,1,CrossBuy/Views/Inventory/PoMatch.cshtml
Match vendor invoice to goods receipt,مطابقة فاتورة المورّد مع إذن الاستلام,Match vendor invoice to goods receipt,Match vendor invoice to goods receipt,view,fallback-to-key,fallback-to-key,english falls back to key text,1,CrossBuy/Views/Accounting/MatchReceipts.cshtml
Matched,مطابق,Matched,Équilibré,shared,shared,shared,translated in all three,4,CrossBuy/Views/Accounting/BalanceSheet.cshtml
Material,مواد,Material,Matériaux,view,view,view,translated in all three,3,CrossBuy/Views/Inventory/ManufDashboard.cshtml
Material issue,صرف مواد,Material issue,Sortie de matériaux,view,view,view,translated in all three,2,CrossBuy/Views/Project/MaterialIssues.cshtml
Material issues,أذون صرف المواد,Material issues,Bons de sortie,view,view,view,translated in all three,2,CrossBuy/Views/Project/Dashboard.cshtml
Materials,تكلفة المواد,Materials,Matières,view,view,view,translated in all three,2,CrossBuy/Views/Inventory/ManufReports.cshtml
Materials (BOM),المواد (BOM),Materials (BOM),Matières (BOM),view,view,view,translated in all three,1,CrossBuy/Views/Inventory/ItemForm.cshtml
"Materials issued to WIP. Click \""Complete production\"" to receive finished goods and clear WIP.","Materials issued to WIP. Click \""Complete production\"" to receive finished goods and clear WIP.","Materials issued to WIP. Click \""Complete production\"" to receive finished goods and clear WIP.","Materials issued to WIP. Click \""Complete production\"" to receive finished goods and clear WIP.",fallback-to-key,fallback-to-key,fallback-to-key,MISSING arabic — key shown to user,1,CrossBuy/Views/Inventory/WorkOrderDetails.cshtml
Max,السقف,Max,Max,view,view,view,translated in all three,4,CrossBuy/Views/Admin/AppraisalScore.cshtml
Max (0=∞),أقصى اختيار (0=غير محدود),Max (0=∞),Max (0=∞),view,view,view,translated in all three,1,CrossBuy/Views/Pos/Modifiers.cshtml
Max insurable wage (monthly),الحد الأقصى للأجر التأميني (شهري),Max insurable wage (monthly),Salaire assurable maximum (mensuel),view,view,view,translated in all three,1,CrossBuy/Views/Accounting/PayrollTaxSettings.cshtml
Max line discount %,أقصى خصم للسطر %,Max line discount %,Remise max par ligne %,view,view,view,translated in all three,1,CrossBuy/Views/Inventory/Settings.cshtml
Max/day,الحد الأقصى/اليوم,Max/day,Max/jour,view,view,view,translated in all three,1,CrossBuy/Views/Admin/EmployeeData.cshtml
Max/month,الحد الأقصى/الشهر,Max/month,Max/mois,view,view,view,translated in all three,1,CrossBuy/Views/Admin/EmployeeData.cshtml
Maximum allowed image size is 2 MB.,الحد الأقصى المسموح لحجم الصورة هو 2 ميجابايت.,Maximum allowed image size is 2 MB.,La taille maximale d'image autorisée est de 2 Mo.,view,view,view,translated in all three,1,CrossBuy/Views/Admin/EmployeeData.cshtml
MaximumDailyDuration,أقصى مدة في اليوم,Maximum Daily Duration,Durée quotidienne maximale,shared,shared,shared,translated in all three,1,CrossBuy/Views/Admin/Polices.cshtml
MaximumMonthlyDuration,أقصى مدة في الشهر,Maximum Monthly Duration,Durée mensuelle maximale,shared,shared,shared,translated in all three,1,CrossBuy/Views/Admin/Polices.cshtml
MaximumWeeklyDuration,أقصى مدة في الأسبوع,Maximum Weekly Duration,Durée hebdomadaire maximale,shared,shared,shared,translated in all three,1,CrossBuy/Views/Admin/Polices.cshtml
May,مايو,May,Mai,view,view,view,translated in all three,5,CrossBuy/Views/Accounting/Payroll.cshtml
Measured against your published roster,مُحتسب مقابل جدول المناوبات المنشور,Measured against your published roster,Calculé par rapport à votre planning publié,view,view,view,translated in all three,1,CrossBuy/Views/Roster/Mine.cshtml
Measured against your standard working hours,مُحتسب مقابل ساعات العمل المعتادة,Measured against your standard working hours,Calculé par rapport à vos horaires de travail habituels,view,view,view,translated in all three,1,CrossBuy/Views/Roster/Mine.cshtml
Measurement,قياس,Measurement,Relevé,view,view,view,translated in all three,2,CrossBuy/Views/Project/Billing.cshtml
Measurement (Confirmed),القياس (مؤكَّد),Measurement (Confirmed),Relevé (confirmé),view,view,view,translated in all three,1,CrossBuy/Views/Project/Billing.cshtml
Measurement date,تاريخ القياس,Measurement date,Date du relevé,view,view,view,translated in all three,1,CrossBuy/Views/Project/Progress.cshtml
Measurements,القياسات,Measurements,Relevés,view,view,view,translated in all three,1,CrossBuy/Views/Project/Progress.cshtml
Meats,Meats,Meats,Meats,fallback-to-key,fallback-to-key,fallback-to-key,MISSING arabic — key shown to user,1,CrossBuy/Views/Home/Store.cshtml
Medical certificate required,شهادة طبية مطلوبة,Medical certificate required,Certificat médical requis,view,view,view,translated in all three,1,CrossBuy/Views/Admin/EmployeeData.cshtml
MedicalCertificateRequired,شهادة طبية مطلوبة,Medical Certificate Required,Certificat médical requis,shared,shared,shared,translated in all three,1,CrossBuy/Views/Admin/Polices.cshtml
Medium,متوسط,Medium,Moyen,view,view,view,translated in all three,2,CrossBuy/Views/Crm/AccountInsights.cshtml
Meeting,اجتماع,Meeting,Réunion,view,view,view,translated in all three,4,CrossBuy/Views/Crm/Activities.cshtml
Meeza,ميزة,Meeza,Meeza,view,view,view,translated in all three,1,CrossBuy/Views/Pos/PaymentMethods.cshtml
Mega menu,القائمة الكبرى,Mega menu,Méga menu,view,view,view,translated in all three,1,CrossBuy/Views/Shared/_mainLayout.cshtml
Member,العضو,Member,Membre,view,view,view,translated in all three,2,CrossBuy/Views/Crm/CampaignDetail.cshtml
Member Group,مجموعة الأعضاء,Member Group,Groupe de membres,view,view,view,translated in all three,1,CrossBuy/Views/Service/BranchDetails.cshtml
Members,الأعضاء,Members,Membres,view,view,view,translated in all three,3,CrossBuy/Views/Chat/Index.cshtml
Members & ROI,Members & ROI,Members & ROI,Members & ROI,fallback-to-key,fallback-to-key,fallback-to-key,MISSING arabic — key shown to user,2,CrossBuy/Views/Crm/CampaignDetail.cshtml
"Membership grants access to this project's record. Manager may also manage this team. Membership never grants budget, billing or company-wide project administration.","Membership grants access to this project's record. Manager may also manage this team. Membership never grants budget, billing or company-wide project administration.","Membership grants access to this project's record. Manager may also manage this team. Membership never grants budget, billing or company-wide project administration.","Membership grants access to this project's record. Manager may also manage this team. Membership never grants budget, billing or company-wide project administration.",fallback-to-key,fallback-to-key,fallback-to-key,MISSING arabic — key shown to user,1,CrossBuy/Views/Project/Team.cshtml
Mentions,الإشارات إليّ,Mentions,Mentions,view,view,fallback-to-key,MISSING french — English key shown,1,CrossBuy/Views/Workspace/Index.cshtml
Menu,الأصناف,Menu,Menu,view,view,view,translated in all three,1,CrossBuy/Views/PosApp/Terminal.cshtml
Merge,دمج,Merge,Fusionner,view,view,view,translated in all three,1,CrossBuy/Views/PosApp/Terminal.cshtml
Merge both tables' orders into one?,دمج طلبَي الطاولتين في طلب واحد؟,Merge both tables' orders into one?,Fusionner les commandes des deux tables en une seule ?,view,view,view,translated in all three,1,CrossBuy/Views/PosApp/Terminal.cshtml
Message,رسالة,Message,Message,view,fallback-to-key,fallback-to-key,english falls back to key text,3,CrossBuy/Views/Admin/Polices.cshtml
Message added to Outbox (SMTP not configured — it will be sent automatically once set).,تمت إضافة الرسالة إلى الصادر (SMTP غير مضبوط — ستُرسَل تلقائيًا بمجرد ضبطه).,Message added to Outbox (SMTP not configured — it will be sent automatically once set).,Message added to Outbox (SMTP not configured — it will be sent automatically once set).,view,fallback-to-key,fallback-to-key,english falls back to key text,1,CrossBuy/Views/Comm/Index.cshtml
Message deleted,حُذفت الرسالة,Message deleted,Message deleted,view,fallback-to-key,fallback-to-key,english falls back to key text,1,CrossBuy/Views/Chat/Index.cshtml
Messages,الرسائل,Messages,Messages,view,view,view,translated in all three,3,CrossBuy/Views/Shared/_LayoutAccounting.cshtml
Meta Options,خيارات الميتا,Meta Options,Options Meta,view,view,view,translated in all three,1,CrossBuy/Views/Admin/PolicesData.cshtml
Meta Tag Description,وصف وسم الميتا,Meta Tag Description,Description de balise Meta,view,view,view,translated in all three,1,CrossBuy/Views/Admin/PolicesData.cshtml
Meta Tag Keywords,كلمات وسم الميتا,Meta Tag Keywords,Mots-clés de balise Meta,view,view,view,translated in all three,1,CrossBuy/Views/Admin/PolicesData.cshtml
Meta Tag Title,عنوان وسم الميتا,Meta Tag Title,Titre de balise Meta,view,view,view,translated in all three,1,CrossBuy/Views/Admin/PolicesData.cshtml
Meta tag name,اسم وسم الميتا,Meta tag name,Nom de la balise Meta,view,view,view,translated in all three,1,CrossBuy/Views/Admin/PolicesData.cshtml
Method,الطريقة,Method,Mode,view,view,view,translated in all three,6,CrossBuy/Views/Accounting/Payments.cshtml
Milks & Dairies,Milks & Dairies,Milks & Dairies,Milks & Dairies,fallback-to-key,fallback-to-key,fallback-to-key,MISSING arabic — key shown to user,1,CrossBuy/Views/Home/Store.cshtml
Min,أدنى اختيار,Min,Min,view,view,view,translated in all three,2,CrossBuy/Views/Inventory/ReorderSettings.cshtml
Min attempts,أدنى عدد محاولات,Min attempts,Tentatives min.,view,view,view,translated in all three,1,CrossBuy/Views/BusinessEventMonitor/Index.cshtml
Min insurable wage (monthly),الحد الأدنى للأجر التأميني (شهري),Min insurable wage (monthly),Salaire assurable minimum (mensuel),view,view,view,translated in all three,1,CrossBuy/Views/Accounting/PayrollTaxSettings.cshtml
Min margin % (override),الحدّ الأدنى للربح % (تجاوز),Min margin % (override),Marge min. % (dérogation),view,view,view,translated in all three,1,CrossBuy/Views/Inventory/ItemForm.cshtml
Min projected balance,أدنى رصيد متوقع,Min projected balance,Solde projeté minimum,view,view,view,translated in all three,1,CrossBuy/Views/Accounting/AiInsights.cshtml
Min qty,حد الكمية,Min qty,Qté min,view,view,view,translated in all three,3,CrossBuy/Views/Inventory/PriceListEditor.cshtml
Min qty ≥,حد الكمية ≥,Min qty ≥,Qté min ≥,view,view,view,translated in all three,1,CrossBuy/Views/Inventory/PriceListEditor.cshtml
Minimum margin %,هامش الربح الأدنى %,Minimum margin %,Marge minimum %,view,view,view,translated in all three,1,CrossBuy/Views/Inventory/Settings.cshtml
Minute,الدقيقة,Minute,Minute,view,view,view,translated in all three,1,CrossBuy/Views/Admin/Polices.cshtml
Minutes,الدقائق,Minutes,Minutes,view,view,view,translated in all three,2,CrossBuy/Views/Admin/Polices.cshtml
Minutes / request,دقائق / طلب,Minutes / request,Minutes / demande,view,view,view,translated in all three,1,CrossBuy/Views/Admin/Polices.cshtml
Mismatch,توجد فروق,Mismatch,Écart,view,view,view,translated in all three,1,CrossBuy/Views/Inventory/OpeningBalances.cshtml
Missing or expired,مفقود أو منتهي الصلاحية,Missing or expired,Manquant ou expiré,view,view,view,translated in all three,1,CrossBuy/Views/EmployeeOnboarding/Index.cshtml
MoM,شهريًا,MoM,MoM,view,view,view,translated in all three,1,CrossBuy/Views/Accounting/Executive.cshtml
Mobile,موبايل,Mobile,Mobile,view,view,view,translated in all three,1,CrossBuy/Views/Admin/AttendanceEntry.cshtml
Mode,الوضع,Mode,Mode,view,view,view,translated in all three,6,CrossBuy/Views/Inventory/PriceListEditor.cshtml
Modern security tech,تقنيات أمنية حديثة,Modern security tech,Technologie de sécurité moderne,view,view,view,translated in all three,1,CrossBuy/Views/Portal/Choose.cshtml
Modifiers,الإضافات (Modifiers),Modifiers,Modificateurs,view,view,view,translated in all three,1,CrossBuy/Views/Pos/Modifiers.cshtml
Mon,إثنين,Mon,Lun,view,view,view,translated in all three,2,CrossBuy/Views/Admin/EmployeeData.cshtml
Monday,الاثنين,Monday,Lundi,shared,shared,shared,translated in all three,1,CrossBuy/Views/Admin/Polices.cshtml
Month,الشهر,Month,Mois,view,view,view,translated in all three,4,CrossBuy/Views/Accounting/Payroll.cshtml
Month records,سجلات الشهر,Month records,Enregistrements du mois,view,view,view,translated in all three,1,CrossBuy/Views/Admin/AttendanceEntry.cshtml
Monthly,شهري,Monthly,Mensuel,view,view,view,translated in all three,1,CrossBuy/Views/Shared/_LayoutManufacturing.cshtml
Monthly Depreciation,الإهلاك الشهري,Monthly Depreciation,Amortissement mensuel,view,view,view,translated in all three,2,CrossBuy/Views/Accounting/DepreciationRunDetail.cshtml
Monthly attendance,ملخص الحضور الشهري,Monthly attendance,Présence mensuelle,view,view,view,translated in all three,1,CrossBuy/Views/Admin/Attendance.cshtml
Monthly attendance summary,ملخص الحضور الشهري,Monthly attendance summary,Résumé de présence mensuelle,view,view,view,translated in all three,1,CrossBuy/Views/Admin/Attendance.cshtml
Monthly depreciation,الإهلاك الشهري,Monthly depreciation,Amortissement mensuel,view,view,view,translated in all three,2,CrossBuy/Views/Accounting/FixedAssetDetail.cshtml
Monthly summary,الملخص الشهري,Monthly summary,Résumé mensuel,view,view,view,translated in all three,1,CrossBuy/Views/Admin/AttendanceEntry.cshtml
MonthlyShortLeaveLimit,أقصى عدد استئذانات في الشهر,Monthly Short Leave Limit,Limite mensuelle de congés courts,shared,shared,shared,translated in all three,1,CrossBuy/Views/Admin/Polices.cshtml
Months,أشهر,Months,Mois,view,view,view,translated in all three,1,CrossBuy/Views/Shared/_LayoutManufacturing.cshtml
More actions,إجراءات أخرى,More actions,Autres actions,view,view,view,translated in all three,3,CrossBuy/Views/Crm/AccountInsights.cshtml
Morning,صباحي,Morning,Matin,view,view,view,translated in all three,2,CrossBuy/Views/Pos/Terminals.cshtml
Morning shift,وردية صباحية,Morning shift,Service du matin,view,view,view,translated in all three,1,CrossBuy/Views/PosApp/Start.cshtml
Move,نقل,Move,Déplacer,view,view,view,translated in all three,3,CrossBuy/Views/FileManager/Index.cshtml
Move between locations,نقل بين المواقع,Move between locations,Déplacer entre emplacements,view,view,view,translated in all three,1,CrossBuy/Views/Inventory/RackBalances.cshtml
Move failed,تعذّر النقل,Move failed,Le déplacement a échoué,view,view,view,translated in all three,2,CrossBuy/Views/Admin/Applications.cshtml
Move stage,تغيير المرحلة,Move stage,Changer d'étape,view,view,view,translated in all three,1,CrossBuy/Views/Admin/ApplicationDetail.cshtml
Move this applicant to,نقل المتقدّم إلى,Move this applicant to,Déplacer ce candidat vers,view,view,view,translated in all three,1,CrossBuy/Views/Admin/ApplicationDetail.cshtml
Move to another location,نقل لموقع آخر,Move to another location,Déplacer vers un autre emplacement,view,view,view,translated in all three,1,CrossBuy/Views/Inventory/RackBalances.cshtml
Move to folder,نقل إلى مجلد,Move to folder,Déplacer vers un dossier,view,fallback-to-key,view,english falls back to key text,1,CrossBuy/Views/FileManager/Index.cshtml
Moved,تم النقل,Moved,Déplacé,view,fallback-to-key,view,english falls back to key text,1,CrossBuy/Views/FileManager/Index.cshtml
Movement,الحركة,Movement,Mouvement,view,view,view,translated in all three,3,CrossBuy/Views/Accounting/CustomerStatement.cshtml
Movement details,بيانات الحركة,Movement details,Détails du mouvement,view,view,view,translated in all three,1,CrossBuy/Views/Inventory/NewMovement.cshtml
Movement summary,ملخص الحركة,Movement summary,Synthèse du mouvement,view,view,view,translated in all three,1,CrossBuy/Views/Accounting/MovementSummary.cshtml
Movement type,نوع الحركة,Movement type,Type de mouvement,view,view,view,translated in all three,1,CrossBuy/Views/Inventory/NewMovement.cshtml
Movements,الحركات,Movements,Mouvements,view,view,view,translated in all three,8,CrossBuy/Views/Accounting/CustomerStatement.cshtml
Movements & balances,Movements & balances,Movements & balances,Movements & balances,fallback-to-key,fallback-to-key,fallback-to-key,MISSING arabic — key shown to user,1,CrossBuy/Views/Inventory/RackBalances.cshtml
Moving Average,المتوسط المرجح,Moving Average,Coût moyen pondéré,view,view,view,translated in all three,2,CrossBuy/Views/Inventory/CategoryForm.cshtml
Moving Average (default),المتوسط المرجح (افتراضي),Moving Average (default),Coût moyen mobile (par défaut),view,view,view,translated in all three,1,CrossBuy/Views/Inventory/CategoryForm.cshtml
Multi-search (PO no / vendor),بحث متعدد (رقم الأمر / المورد),Multi-search (PO no / vendor),Recherche multiple (n° BC / fournisseur),view,view,view,translated in all three,1,CrossBuy/Views/Inventory/PurchaseOrders.cshtml
Multi-search (SO no / customer),بحث متعدد (رقم الأمر / العميل),Multi-search (SO no / customer),Recherche multiple (n° CC / client),view,view,view,translated in all three,1,CrossBuy/Views/Inventory/SalesOrders.cshtml
Multi-search (code / name / barcode),بحث متعدد (الكود / الاسم / الباركود),Multi-search (code / name / barcode),Recherche multiple (code / nom / code-barres),view,view,view,translated in all three,2,CrossBuy/Views/Inventory/Items.cshtml
Multi-search (code / name / item / segment),بحث متعدد (الكود / الاسم / الصنف / الشريحة),Multi-search (code / name / item / segment),Recherche multiple (code / nom / article / segment),view,view,view,translated in all three,1,CrossBuy/Views/Inventory/Promotions.cshtml
Multi-search (code / name / segment),بحث متعدد (الكود / الاسم / الشريحة),Multi-search (code / name / segment),Recherche multiple (code / nom / segment),view,view,view,translated in all three,1,CrossBuy/Views/Inventory/PriceLists.cshtml
Multi-search (delivery no / customer / warehouse),بحث متعدد (رقم الإذن / العميل / المخزن),Multi-search (delivery no / customer / warehouse),Recherche multiple (n° livraison / client / entrepôt),view,view,view,translated in all three,1,CrossBuy/Views/Inventory/Deliveries.cshtml
Multi-search (entry no / description / type),بحث متعدد (رقم القيد / البيان / النوع),Multi-search (entry no / description / type),Recherche multiple (n° d'écriture / description / type),view,view,view,translated in all three,1,CrossBuy/Views/Accounting/Journals.cshtml
Multi-search (invoice no / notes),بحث متعدد (رقم الفاتورة / البيان),Multi-search (invoice no / notes),Recherche multiple (n° de facture / notes),view,view,view,translated in all three,2,CrossBuy/Views/Accounting/PurchaseInvoices.cshtml
Multi-search (item / type / warehouse),بحث متعدد (صنف / نوع الحركة / مخزن),Multi-search (item / type / warehouse),Multi-recherche (article / type / entrepôt),view,view,view,translated in all three,1,CrossBuy/Views/Inventory/StockMovements.cshtml
Multi-search (name / channel),بحث متعدد (الاسم / القناة),Multi-search (name / channel),Recherche multiple (nom / canal),view,view,view,translated in all three,1,CrossBuy/Views/Crm/Campaigns.cshtml
Multi-search (name / company / phone / source),بحث متعدد (الاسم / الشركة / الهاتف / المصدر),Multi-search (name / company / phone / source),Recherche multiple (nom / société / téléphone / source),view,view,view,translated in all three,1,CrossBuy/Views/Crm/Leads.cshtml
Multi-search (name / industry / phone / segment),بحث متعدد (الاسم / الصناعة / الهاتف / الشريحة),Multi-search (name / industry / phone / segment),Recherche multiple (nom / secteur / téléphone / segment),view,view,view,translated in all three,1,CrossBuy/Views/Crm/Accounts.cshtml
Multi-search (name / tax / phone / segment / contact),بحث متعدد (الاسم / الرقم الضريبي / الهاتف / الشريحة / جهة الاتصال),Multi-search (name / tax / phone / segment / contact),Recherche multiple (nom / taxe / téléphone / segment / contact),view,view,view,translated in all three,2,CrossBuy/Views/Accounting/Customers.cshtml
Multi-search (payment no / method),بحث متعدد (رقم السند / الطريقة),Multi-search (payment no / method),Recherche multiple (n° de paiement / méthode),view,view,view,translated in all three,1,CrossBuy/Views/Accounting/Payments.cshtml
Multi-search (quote no / customer),بحث متعدد (رقم العرض / العميل),Multi-search (quote no / customer),Multi-recherche (n° de devis / client),view,view,view,translated in all three,1,CrossBuy/Views/Inventory/Quotations.cshtml
Multi-search (receipt no / method),بحث متعدد (رقم السند / الطريقة),Multi-search (receipt no / method),Recherche multiple (n° d'encaissement / méthode),view,view,view,translated in all three,1,CrossBuy/Views/Accounting/Receipts.cshtml
Multi-search (receipt no / vendor / warehouse),بحث متعدد (رقم الإذن / المورد / المخزن),Multi-search (receipt no / vendor / warehouse),Recherche multiple (n° réception / fournisseur / entrepôt),view,view,view,translated in all three,1,CrossBuy/Views/Inventory/GoodsReceipts.cshtml
Multi-search (subject / type),بحث متعدد (الموضوع / النوع),Multi-search (subject / type),Recherche multiple (objet / type),view,view,view,translated in all three,1,CrossBuy/Views/Crm/Activities.cshtml
Multi-search (title / customer),بحث متعدد (العنوان / العميل),Multi-search (title / customer),Recherche multiple (titre / client),view,view,view,translated in all three,1,CrossBuy/Views/Crm/Opportunities.cshtml
Muting hides only low-priority alerts of that category.,الكتم يُخفي فقط تنبيهات هذا التصنيف منخفضة الأولوية.,Muting hides only low-priority alerts of that category.,Muting hides only low-priority alerts of that category.,view,fallback-to-key,fallback-to-key,english falls back to key text,1,CrossBuy/Views/Notifications/Index.cshtml
My Account,حسابي,My Account,Mon compte,view,view,view,translated in all three,1,CrossBuy/Views/Shared/_mainLayout.cshtml
My Appraisals,تقييماتي,My Appraisals,Mes évaluations,view,view,view,translated in all three,1,CrossBuy/Views/Shared/_LayoutPeople.cshtml
My Attendance,حضوري,My Attendance,Ma présence,view,view,view,translated in all three,1,CrossBuy/Views/Shared/_LayoutPeople.cshtml
My Payslips,قسائم راتبي,My Payslips,Mes bulletins de paie,view,view,view,translated in all three,1,CrossBuy/Views/Shared/_LayoutPeople.cshtml
My Profile,ملفي الشخصي,My Profile,Mon profil,view,view,view,translated in all three,6,CrossBuy/Views/People/Profile.cshtml
My Projects,مشاريعي,My Projects,Mes projets,view,view,view,translated in all three,4,CrossBuy/Views/Shared/_LayoutAccounting.cshtml
My Requests,طلباتي (خطابات/أذونات),My Requests,Mes demandes,view,view,view,translated in all three,2,CrossBuy/Views/People/Leaves.cshtml
My Requests — letters & permissions,My Requests — letters & permissions,My Requests — letters & permissions,My Requests — letters & permissions,fallback-to-key,fallback-to-key,fallback-to-key,MISSING arabic — key shown to user,1,CrossBuy/Views/People/Requests.cshtml
My Statements,كشوف حسابي,My Statements,Mes relevés,view,view,view,translated in all three,4,CrossBuy/Views/Shared/_LayoutAccounting.cshtml
My Subscription,اشتراكي,My Subscription,Mon abonnement,view,view,view,translated in all three,4,CrossBuy/Views/Shared/_LayoutAccounting.cshtml
My Trainings,تدريباتي,My Trainings,Mes formations,view,view,view,translated in all three,1,CrossBuy/Views/Shared/_LayoutPeople.cshtml
My Voucher,قسائمي,My Voucher,Mes bons,view,view,view,translated in all three,1,CrossBuy/Views/Shared/_mainLayout.cshtml
My Wishlist,قائمة رغباتي,My Wishlist,Ma liste de souhaits,view,view,view,translated in all three,1,CrossBuy/Views/Shared/_mainLayout.cshtml
My Work,أعمالي,My Work,My Work,view,view,fallback-to-key,MISSING french — English key shown,1,CrossBuy/Views/Workspace/Index.cshtml
My appraisals,تقييماتي,My appraisals,Mes évaluations,view,view,view,translated in all three,1,CrossBuy/Views/People/MyAppraisals.cshtml
My approvals,موافقاتي,My approvals,Mes approbations,view,fallback-to-key,shared,english falls back to key text,1,CrossBuy/Views/Approvals/Index.cshtml
My attendance,حضوري,My attendance,Ma présence,view,view,view,translated in all three,1,CrossBuy/Views/People/Attendance.cshtml
My payslips,قسائم راتبي,My payslips,Mes bulletins de paie,view,view,view,translated in all three,1,CrossBuy/Views/People/Payslips.cshtml
My pending,طلباتي المعلّقة,My pending,Mes demandes en attente,view,view,view,translated in all three,1,CrossBuy/Views/People/Dashboard.cshtml
My requests,طلباتي,My requests,Mes demandes,view,view,view,translated in all three,1,CrossBuy/Views/People/Requests.cshtml
My schedule,جدولي,My schedule,Mon planning,view,view,view,translated in all three,2,CrossBuy/Views/Roster/Index.cshtml
My team,حجم فريقي,My team,Mon équipe,view,view,view,translated in all three,1,CrossBuy/Views/People/Dashboard.cshtml
My trainings,تدريباتي,My trainings,Mes formations,view,view,view,translated in all three,1,CrossBuy/Views/People/MyTrainings.cshtml
My workload,عبء عملي,My workload,My workload,view,view,fallback-to-key,MISSING french — English key shown,1,CrossBuy/Views/Workspace/Index.cshtml
Name,الاسم,Name,Nom,shared,shared,shared,translated in all three,43,CrossBuy/Views/Account/Settings.cshtml
Name (AR),الاسم (عربي),Name (AR),Nom (AR),view,view,view,translated in all three,15,CrossBuy/Views/Accounting/AssetCategories.cshtml
Name (Arabic),الاسم (عربي),Name (Arabic),Nom (arabe),view,view,view,translated in all three,2,CrossBuy/Views/FileManager/Index.cshtml
Name (EN),الاسم (إنجليزي),Name (EN),Name (EN),shared,fallback-to-key,fallback-to-key,english falls back to key text,30,CrossBuy/Views/Accounting/AssetCategories.cshtml
Name (English),الاسم (إنجليزي),Name (English),Nom (anglais),view,view,view,translated in all three,6,CrossBuy/Views/FileManager/Index.cshtml
Name is required,الاسم مطلوب,Name is required,Name is required,shared,fallback-to-key,fallback-to-key,english falls back to key text,3,CrossBuy/Views/Crm/PipelineEditor.cshtml
Name the copy,سمِّ النسخة,Name the copy,Nommez la copie,view,view,view,translated in all three,1,CrossBuy/Views/Reports/Viewer.cshtml
Name this configuration,سمِّ هذا الإعداد,Name this configuration,Nommez cette configuration,view,view,view,translated in all three,1,CrossBuy/Views/Reports/Viewer.cshtml
"Name, contact, identity",الاسم والتواصل والهوية,"Name, contact, identity","Nom, contact, identité",view,view,view,translated in all three,1,CrossBuy/Views/Admin/ApplicationForm.cshtml
NameAr,الاسم - اللغة العربية,Name Arabic,Nom (arabe),shared,shared,shared,translated in all three,5,CrossBuy/Views/Admin/AdministrativeBodiesCompany.cshtml
NameEn,الاسم - اللغة الإنجليزية,Name English,Nom (anglais),shared,shared,shared,translated in all three,5,CrossBuy/Views/Admin/AdministrativeBodiesCompany.cshtml
NameOfTheAdministrativeBodyArabic,اسم الجهة - اللغة العربية,Name of the administrative body - Arabic,Nom de l'organe administratif - Arabe,shared,shared,shared,translated in all three,1,CrossBuy/Views/Admin/AdministrativeStructure.cshtml
NameOfTheAdministrativeBodyEnglish,اسم الجهة - اللغة الانجليزية,Name of the administrative body - English,Nom de l'organe administratif - Anglais,shared,shared,shared,translated in all three,1,CrossBuy/Views/Admin/AdministrativeStructure.cshtml
NameOfThePrimaryAdministrativeBodyArabic,اسم الجهة الاساسية - اللغة العربية,Name of the primary administrative body - Arabic,Nom de l'organe administratif principal - Arabe,shared,shared,shared,translated in all three,1,CrossBuy/Views/Admin/AdministrativeStructure.cshtml
NameOfThePrimaryAdministrativeBodyEnglish,اسم الجهة الأساسية - اللغة الانجليزية,Name of the primary administrative body - English,Nom de l'organe administratif principal - Anglais,shared,shared,shared,translated in all three,1,CrossBuy/Views/Admin/AdministrativeStructure.cshtml
National ID,بطاقة رقم قومي,National ID,Carte d'identité nationale,view,view,view,translated in all three,2,CrossBuy/Views/Admin/DocExpiryAlerts.cshtml
Nature,الطبيعة,Nature,Nature,view,view,view,translated in all three,1,CrossBuy/Views/Accounting/ChartOfAccounts.cshtml
Near,قرب الانتهاء,Near,Proche,view,view,view,translated in all three,2,CrossBuy/Views/Inventory/Batches.cshtml
Nearest 10 fils,لأقرب ١٠ فلوس,Nearest 10 fils,Au 10 fils le plus proche,shared,fallback-to-key,shared,english falls back to key text,1,CrossBuy/Views/Inventory/BulkPriceChange.cshtml
Nearest 5 fils,لأقرب ٥ فلوس,Nearest 5 fils,Au 5 fils le plus proche,shared,fallback-to-key,shared,english falls back to key text,1,CrossBuy/Views/Inventory/BulkPriceChange.cshtml
Needing attention,تحتاج متابعة,Needing attention,Nécessitant une attention,view,view,view,translated in all three,2,CrossBuy/Views/Crm/AccountInsights.cshtml
Needs attention,يحتاج انتباه,Needs attention,Needs attention,view,fallback-to-key,fallback-to-key,english falls back to key text,1,CrossBuy/Views/Admin/HrDocuments.cshtml
Negative,سلبي,Negative,Negative,view,fallback-to-key,fallback-to-key,english falls back to key text,1,CrossBuy/Views/Project/Dashboard.cshtml
Negative-balance risk,خطر رصيد سالب,Negative-balance risk,Risque de solde négatif,view,view,view,translated in all three,1,CrossBuy/Views/Accounting/AiInsights.cshtml
Negotiation,تفاوض,Negotiation,Négociation,view,view,view,translated in all three,3,CrossBuy/Views/Accounting/Executive.cshtml
Nest - Multipurpose eCommerce HTML Template,نيست - قالب HTML للتجارة الإلكترونية متعدد الأغراض,Nest - Multipurpose eCommerce HTML Template,Nest - Modèle HTML eCommerce polyvalent,view,view,view,translated in all three,1,CrossBuy/Views/Shared/_mainLayout.cshtml
Net,الصافي,Net,Net,view,view,view,translated in all three,7,CrossBuy/Views/Accounting/Executive.cshtml
Net = (leave + gratuity + other) − deductions. Dr settlement expenses / Cr bank. The employee is deactivated and their contract closed.,الصافي = (بدل الإجازة + المكافأة + مستحقات أخرى) − الاستقطاعات. مدين مصروفات التسوية / دائن البنك. يُعطَّل الموظف ويُنهى عقده.,Net = (leave + gratuity + other) − deductions. Dr settlement expenses / Cr bank. The employee is deactivated and their contract closed.,Net = (congé + indemnité + autres) − retenues. Dr charges de solde / Cr banque. L'employé est désactivé et son contrat clôturé.,view,view,view,translated in all three,1,CrossBuy/Views/Admin/FinalSettlement.cshtml
"Net = gross − on-hand. BOM is exploded only for make-item shortages. \""Generate WOs\"" creates a draft work order for each make shortage at its net qty.","Net = gross − on-hand. BOM is exploded only for make-item shortages. \""Generate WOs\"" creates a draft work order for each make shortage at its net qty.","Net = gross − on-hand. BOM is exploded only for make-item shortages. \""Generate WOs\"" creates a draft work order for each make shortage at its net qty.","Net = gross − on-hand. BOM is exploded only for make-item shortages. \""Generate WOs\"" creates a draft work order for each make shortage at its net qty.",fallback-to-key,fallback-to-key,fallback-to-key,MISSING arabic — key shown to user,1,CrossBuy/Views/Inventory/PlanDetails.cshtml
Net AR / AP diff,صافي فرق العملاء / الموردين,Net AR / AP diff,Écart net clients / fournisseurs,view,view,view,translated in all three,1,CrossBuy/Views/Currency/Revaluation.cshtml
Net Loss,صافي الخسارة,Net Loss,Perte nette,view,view,view,translated in all three,1,CrossBuy/Views/Accounting/IncomeStatement.cshtml
Net Profit,صافي الربح,Net Profit,Bénéfice net,view,view,view,translated in all three,1,CrossBuy/Views/Accounting/IncomeStatement.cshtml
Net adjustment,صافي التسوية,Net adjustment,Ajustement net,view,view,view,translated in all three,1,CrossBuy/Views/Inventory/StockCounts.cshtml
Net book value,صافي القيمة الدفترية,Net book value,Valeur nette comptable,view,view,view,translated in all three,5,CrossBuy/Views/Accounting/DepreciationRunDetail.cshtml
Net cash decreased,انخفضت النقدية خلال الفترة,Net cash decreased during the period,La trésorerie a diminué durant la période,shared,shared,shared,translated in all three,1,CrossBuy/Views/Accounting/CashFlow.cshtml
Net cash increased,زادت النقدية خلال الفترة,Net cash increased during the period,La trésorerie a augmenté durant la période,shared,shared,shared,translated in all three,1,CrossBuy/Views/Accounting/CashFlow.cshtml
Net change,صافي التغير,Net change,Variation nette,shared,shared,shared,translated in all three,1,CrossBuy/Views/Accounting/CashFlow.cshtml
Net change in cash,صافي التغير في النقدية,Net change in cash,Variation nette de la trésorerie,view,view,view,translated in all three,1,CrossBuy/Views/Accounting/CashFlow.cshtml
Net due,الصافي المستحق,Net due,Net à payer,view,view,view,translated in all three,2,CrossBuy/Views/Accounting/VatReturns.cshtml
Net loss detail,تجاوزت المصروفات إجمالي الإيرادات خلال الفترة المحددة، مما أدى إلى صافي خسارة.,"Expenses exceeded total revenue during the selected period, resulting in a net loss.","Les charges ont dépassé le total des revenus sur la période sélectionnée, entraînant une perte nette.",shared,shared,shared,translated in all three,1,CrossBuy/Views/Accounting/IncomeStatement.cshtml
Net margin,هامش صافي,Net margin,Marge nette,view,view,view,translated in all three,1,CrossBuy/Views/Accounting/Executive.cshtml
Net pay,صافي الراتب,Net pay,Salaire net,view,view,view,translated in all three,2,CrossBuy/Views/Accounting/Payslip.cshtml
Net payable,الصافي المستحق,Net payable,Net à payer,view,view,view,translated in all three,2,CrossBuy/Views/Accounting/Index.cshtml
Net payable to authority,مستحق السداد للمصلحة,Net payable to authority,Net à payer à l'administration,view,view,view,translated in all three,1,CrossBuy/Views/Accounting/VatReturnDetail.cshtml
Net profit,صافي الربح,Net profit,Bénéfice net,view,view,view,translated in all three,1,CrossBuy/Views/Project/Profitability.cshtml
Net profit detail,تجاوزت الإيرادات إجمالي المصروفات خلال الفترة المحددة، محققةً صافي ربح موجب.,"Revenue exceeded total expenses during the selected period, achieving a positive net profit.","Les revenus ont dépassé le total des charges sur la période sélectionnée, générant un bénéfice net positif.",shared,shared,shared,translated in all three,1,CrossBuy/Views/Accounting/IncomeStatement.cshtml
Net requirements (MRP),الاحتياجات الصافية (MRP),Net requirements (MRP),Besoins nets (MRP),view,view,view,translated in all three,1,CrossBuy/Views/Inventory/PlanDetails.cshtml
Net result,صافي النتيجة,Net result,Résultat net,view,view,view,translated in all three,2,CrossBuy/Views/Accounting/Index.cshtml
Net revenue (ex-tax),صافي الإيراد (بلا ضريبة),Net revenue (ex-tax),Chiffre d'affaires net (hors taxe),view,view,view,translated in all three,1,CrossBuy/Views/Accounting/CustomerAnalytics.cshtml
Net salaries,صافي الرواتب,Net salaries,Salaires nets,view,view,view,translated in all three,1,CrossBuy/Views/Accounting/PayrollDisbursement.cshtml
Net salary,صافي الراتب,Net salary,Salaire net,view,view,view,translated in all three,1,CrossBuy/Views/People/LetterPrint.cshtml
New,جــديـــــد,New,Nouveau,shared,shared,shared,translated in all three,48,CrossBuy/Views/Accounting/CreateJournal.cshtml
New Campaign,حملة جديدة,New Campaign,Nouvelle campagne,view,view,view,translated in all three,5,CrossBuy/Views/Admin/AdministrativeBodiesCompany.cshtml
New Contact,جهة اتصال جديدة,New Contact,Nouveau contact,view,view,view,translated in all three,1,CrossBuy/Views/Service/BranchDetails.cshtml
New Customer,عميل جديد,New Customer,Nouveau client,view,view,view,translated in all three,1,CrossBuy/Views/Service/BranchDetails.cshtml
New Delivery Note,إذن صرف جديد,New Delivery Note,Nouveau bon de livraison,view,view,view,translated in all three,1,CrossBuy/Views/Inventory/NewDelivery.cshtml
New Employee,موظف جديد,New Employee,Nouvel employé,view,view,view,translated in all three,1,CrossBuy/Views/Admin/EmployeeData.cshtml
New Entry,قيد جديد,New Entry,Nouvelle écriture,view,view,view,translated in all three,1,CrossBuy/Views/Accounting/Journals.cshtml
New Folder,مجلد جديد,New Folder,Nouveau dossier,view,fallback-to-key,view,english falls back to key text,1,CrossBuy/Views/FileManager/Index.cshtml
New Goods Receipt,إذن استلام جديد,New Goods Receipt,Nouvelle réception de marchandises,view,view,view,translated in all three,1,CrossBuy/Views/Inventory/NewGoodsReceipt.cshtml
New Group,مجموعة جديدة,New Group,Nouveau groupe,view,view,view,translated in all three,1,CrossBuy/Views/Service/BranchDetails.cshtml
New Journal Entry,قيد يومية جديد,New Journal Entry,Nouvelle écriture de journal,view,view,view,translated in all three,1,CrossBuy/Views/Accounting/CreateJournal.cshtml
New Landed Cost,تكلفة إضافية (Landed Cost),New Landed Cost,Nouveau coût de revient,view,view,view,translated in all three,1,CrossBuy/Views/Inventory/NewLandedCost.cshtml
New Leave Request,طلب إجازة جديد,New Leave Request,Nouvelle demande de congé,view,view,view,translated in all three,1,CrossBuy/Views/People/Leaves.cshtml
New Message,رسالة جديدة,New Message,New Message,view,fallback-to-key,fallback-to-key,english falls back to key text,3,CrossBuy/Views/Comm/Compose.cshtml
New PO,أمر شراء جديد,New PO,Nouveau BC,view,view,view,translated in all three,1,CrossBuy/Views/Inventory/PurchaseOrders.cshtml
New Purchase Invoice,فاتورة شراء جديدة,New Purchase Invoice,Nouvelle facture d'achat,view,view,view,translated in all three,1,CrossBuy/Views/Accounting/NewPurchaseInvoice.cshtml
New Purchase Order,أمر شراء جديد,New Purchase Order,Nouveau bon de commande,view,view,view,translated in all three,1,CrossBuy/Views/Inventory/NewPurchaseOrder.cshtml
New Purchase Return / Debit Note,مرتجع شراء / إشعار مدين,New Purchase Return / Debit Note,Nouveau retour d'achat / Note de débit,view,view,view,translated in all three,1,CrossBuy/Views/Accounting/NewPurchaseReturn.cshtml
New Quotation,عرض سعر جديد,New Quotation,Nouveau devis,view,view,view,translated in all three,1,CrossBuy/Views/Inventory/NewQuotation.cshtml
New Request,طلب جديد,New Request,Nouvelle demande,view,view,view,translated in all three,1,CrossBuy/Views/People/Leaves.cshtml
New SO,أمر بيع جديد,New SO,Nouvelle CC,view,view,view,translated in all three,1,CrossBuy/Views/Inventory/SalesOrders.cshtml
New Sales Invoice,فاتورة بيع جديدة,New Sales Invoice,Nouvelle facture de vente,view,view,view,translated in all three,1,CrossBuy/Views/Accounting/NewSalesInvoice.cshtml
New Sales Order,أمر بيع جديد,New Sales Order,Nouvelle commande client,view,view,view,translated in all three,1,CrossBuy/Views/Inventory/NewSalesOrder.cshtml
New Sales Return / Credit Note,مرتجع بيع / إشعار دائن,New Sales Return / Credit Note,Nouveau retour de vente / Note de crédit,view,view,view,translated in all three,1,CrossBuy/Views/Accounting/NewSalesReturn.cshtml
New Stock Count,جرد فعلي جديد,New Stock Count,Nouvel inventaire physique,view,view,view,translated in all three,1,CrossBuy/Views/Inventory/NewCount.cshtml
New Stock Transfer,تحويل بين المخازن,New Stock Transfer,Nouveau transfert de stock,view,view,view,translated in all three,1,CrossBuy/Views/Inventory/NewTransfer.cshtml
New Ticket,تذكرة جديدة,New Ticket,Nouveau ticket,view,view,view,translated in all three,1,CrossBuy/Views/Service/BranchDetails.cshtml
New VAT return,إقرار ض.ق.م جديد,New VAT return,Nouvelle déclaration de TVA,view,view,view,translated in all three,1,CrossBuy/Views/Accounting/VatReturns.cshtml
New account,حساب جديد,New account,Nouveau compte,view,view,view,translated in all three,3,CrossBuy/Views/Accounting/ChartOfAccounts.cshtml
New activity,نشاط جديد,New activity,Nouvelle activité,view,view,view,translated in all three,2,CrossBuy/Views/Crm/Activities.cshtml
New activity type,نوع نشاط جديد,New activity type,Nouveau type d'activité,view,view,view,translated in all three,1,CrossBuy/Views/Project/ActivityTypes.cshtml
New added,New added,New added,New added,fallback-to-key,fallback-to-key,fallback-to-key,MISSING arabic — key shown to user,1,CrossBuy/Views/Home/Store.cshtml
New allocation,تحميل جديد,New allocation,Nouvelle affectation,view,view,view,translated in all three,1,CrossBuy/Views/Project/EquipmentDepreciation.cshtml
New announcement,إعلان جديد,New announcement,New announcement,view,fallback-to-key,fallback-to-key,english falls back to key text,1,CrossBuy/Views/Announcements/Index.cshtml
New application,طلب جديد,New application,Nouvelle candidature,view,view,view,translated in all three,2,CrossBuy/Views/Admin/ApplicationForm.cshtml
New appraisal,تقييم جديد,New appraisal,Nouvelle évaluation,view,view,view,translated in all three,1,CrossBuy/Views/Admin/Appraisals.cshtml
New asset,أصل جديد,New asset,Nouvelle immobilisation,view,view,view,translated in all three,1,CrossBuy/Views/Accounting/FixedAssets.cshtml
New asset category,فئة أصول جديدة,New asset category,Nouvelle catégorie d'immobilisation,view,view,view,translated in all three,1,CrossBuy/Views/Accounting/AssetCategories.cshtml
New bank,حساب بنكي,New bank,Nouvelle banque,view,view,view,translated in all three,1,CrossBuy/Views/Accounting/BankAccounts.cshtml
New bank account,حساب بنكي جديد,New bank account,Nouveau compte bancaire,view,view,view,translated in all three,1,CrossBuy/Views/Accounting/BankAccounts.cshtml
New billing,مستخلص جديد,New billing,Nouveau décompte,view,view,view,translated in all three,1,CrossBuy/Views/Project/Billing.cshtml
New brand,علامة جديدة,New brand,Nouvelle marque,view,view,view,translated in all three,2,CrossBuy/Views/Brand/BrandEditor.cshtml
New campaign,حملة جديدة,New campaign,Nouvelle campagne,view,view,view,translated in all three,1,CrossBuy/Views/Crm/Campaigns.cshtml
New cash box,خزينة جديدة,New cash box,Nouvelle caisse,view,view,view,translated in all three,1,CrossBuy/Views/Accounting/CashBoxes.cshtml
New category,فئة جديدة,New category,Nouvelle catégorie,view,view,view,translated in all three,1,CrossBuy/Views/Accounting/AssetCategories.cshtml
New chat,محادثة جديدة,New chat,New chat,view,fallback-to-key,fallback-to-key,english falls back to key text,1,CrossBuy/Views/Chat/Index.cshtml
New code,كود جديد,New code,Nouveau code,view,view,view,translated in all three,1,CrossBuy/Views/Accounting/TaxCodes.cshtml
New count,جرد جديد,New count,Nouveau comptage,view,view,view,translated in all three,1,CrossBuy/Views/Inventory/StockCounts.cshtml
New course,دورة جديدة,New course,Nouvelle formation,view,view,view,translated in all three,2,CrossBuy/Views/Admin/TrainingCourseEditor.cshtml
New currency,عملة جديدة,New currency,Nouvelle devise,view,view,view,translated in all three,1,CrossBuy/Views/Currency/Currencies.cshtml
New custom field,حقل مخصّص جديد,New custom field,Nouveau champ personnalisé,view,view,view,translated in all three,1,CrossBuy/Views/Crm/CustomFields.cshtml
New customer,عميل جديد,New customer,New customer,shared,fallback-to-key,fallback-to-key,english falls back to key text,2,CrossBuy/Views/Accounting/Customers.cshtml
New delivery,إذن صرف جديد,New delivery,Nouvelle livraison,view,view,view,translated in all three,1,CrossBuy/Views/Inventory/Deliveries.cshtml
New entry,قيد جديد,New entry,Nouvelle écriture,view,view,view,translated in all three,1,CrossBuy/Views/Accounting/Index.cshtml
New exchange rate,سعر صرف جديد,New exchange rate,Nouveau taux de change,view,view,view,translated in all three,1,CrossBuy/Views/Currency/ExchangeRates.cshtml
New fixed asset,أصل ثابت جديد,New fixed asset,Nouvelle immobilisation,view,view,view,translated in all three,1,CrossBuy/Views/Accounting/FixedAssets.cshtml
New group,مجموعة جديدة,New group,New group,view,fallback-to-key,fallback-to-key,english falls back to key text,1,CrossBuy/Views/Chat/Index.cshtml
New hires this year,تعيينات هذا العام,New hires this year,New hires this year,view,fallback-to-key,fallback-to-key,english falls back to key text,1,CrossBuy/Views/Admin/Index.cshtml
New holiday,عطلة جديدة,New holiday,Nouveau jour férié,view,view,view,translated in all three,1,CrossBuy/Views/Admin/HolidaysList.cshtml
New invoice,فاتورة جديدة,New invoice,Nouvelle facture,view,view,view,translated in all three,2,CrossBuy/Views/Accounting/PurchaseInvoices.cshtml
New issue,أذن جديد,New issue,Nouveau bon,view,view,view,translated in all three,1,CrossBuy/Views/Project/MaterialIssues.cshtml
New item,صنف جديد,New item,New item,shared,fallback-to-key,fallback-to-key,english falls back to key text,11,CrossBuy/Views/Accounting/NewPurchaseInvoice.cshtml
New landed cost,تكلفة إضافية جديدة,New landed cost,Nouveau coût de revient,view,view,view,translated in all three,1,CrossBuy/Views/Inventory/LandedCosts.cshtml
New lead,عميل محتمل جديد,New lead,Nouveau prospect,view,view,view,translated in all three,2,CrossBuy/Views/Crm/Index.cshtml
New leave request,طلب إجازة جديد,New leave request,Nouvelle demande de congé,view,view,view,translated in all three,1,CrossBuy/Views/People/Dashboard.cshtml
New list,قائمة جديدة,New list,Nouvelle liste,view,view,view,translated in all three,2,CrossBuy/Views/Crm/ListEditor.cshtml
New measurement,قياس جديد,New measurement,Nouveau relevé,view,view,view,translated in all three,1,CrossBuy/Views/Project/Progress.cshtml
New message,رسالة جديدة,New message,New message,view,fallback-to-key,fallback-to-key,english falls back to key text,1,CrossBuy/Views/Comm/Compose.cshtml
New movement,حركة جديدة,New movement,Nouveau mouvement,view,view,view,translated in all three,2,CrossBuy/Views/Inventory/Index.cshtml
New name,اسم جديد,New name,Nouveau nom,view,view,view,translated in all three,1,CrossBuy/Views/Pos/Reservations.cshtml
New operation,عملية جديدة,New operation,Nouvelle opération,view,view,view,translated in all three,1,CrossBuy/Views/Inventory/Routing.cshtml
New opportunity,فرصة جديدة,New opportunity,Nouvelle opportunité,view,view,view,translated in all three,3,CrossBuy/Views/Crm/Index.cshtml
New order,أمر جديد,New order,Nouvel ordre,view,view,view,translated in all three,2,CrossBuy/Views/PosApp/Terminal.cshtml
New payment,سند دفع,New payment,Nouveau paiement,view,view,view,translated in all three,1,CrossBuy/Views/Accounting/Payments.cshtml
New payment title,سند دفع جديد,New payment,Nouveau paiement,view,view,view,translated in all three,1,CrossBuy/Views/Accounting/Payments.cshtml
New period,فترة جديدة,New period,Nouvelle période,view,view,view,translated in all three,1,CrossBuy/Views/Roster/Index.cshtml
New pipeline,خط جديد,New pipeline,Nouveau pipeline,view,view,view,translated in all three,2,CrossBuy/Views/Crm/PipelineEditor.cshtml
New plan,خطة جديدة,New plan,Nouveau plan,view,view,view,translated in all three,1,CrossBuy/Views/Inventory/ProductionPlanning.cshtml
New policy,سياسة جديدة,New policy,Nouvelle politique,view,view,view,translated in all three,1,CrossBuy/Views/Crm/SlaPolicies.cshtml
New price list,قائمة أسعار جديدة,New price list,Nouvelle liste de prix,view,view,view,translated in all three,2,CrossBuy/Views/Inventory/PriceListEditor.cshtml
New production plan,خطة إنتاج جديدة,New production plan,Nouveau plan de production,view,view,view,translated in all three,1,CrossBuy/Views/Inventory/ProductionPlanning.cshtml
New project,مشروع جديد,New project,Nouveau projet,view,view,view,translated in all three,1,CrossBuy/Views/Project/Projects.cshtml
New promotion,عرض جديد,New promotion,Nouvelle promotion,view,view,view,translated in all three,2,CrossBuy/Views/Inventory/PromotionEditor.cshtml
New quotation,عرض سعر جديد,New quotation,Nouveau devis,view,view,view,translated in all three,1,CrossBuy/Views/Inventory/Quotations.cshtml
New rate,سعر جديد,New rate,Nouveau taux,view,view,view,translated in all three,1,CrossBuy/Views/Currency/ExchangeRates.cshtml
New receipt,إذن استلام جديد,New receipt,Nouvelle réception,view,view,view,translated in all three,2,CrossBuy/Views/Accounting/Receipts.cshtml
New reconciliation,تسوية جديدة,New reconciliation,Nouveau rapprochement,view,view,view,translated in all three,1,CrossBuy/Views/Accounting/Reconciliations.cshtml
New request,طلب جديد,New request,Nouvelle demande,view,view,view,translated in all three,1,CrossBuy/Views/People/Requests.cshtml
New return,إقرار جديد,New return,Nouvelle déclaration,view,view,view,translated in all three,3,CrossBuy/Views/Accounting/PurchaseReturns.cshtml
New roster period,فترة جدولة جديدة,New roster period,Nouvelle période de planning,view,view,view,translated in all three,1,CrossBuy/Views/Roster/Index.cshtml
New rule,قاعدة جديدة,New rule,Nouvelle règle,view,view,view,translated in all three,1,CrossBuy/Views/Crm/AutomationRules.cshtml
New scoring rule,قاعدة تقييم جديدة,New scoring rule,Nouvelle règle de scoring,view,view,view,translated in all three,1,CrossBuy/Views/Crm/ScoringRules.cshtml
New stock movement,حركة مخزون جديدة,New stock movement,Nouveau mouvement de stock,view,view,view,translated in all three,1,CrossBuy/Views/Inventory/NewMovement.cshtml
New tax code,كود ضريبة جديد,New tax code,Nouveau code de taxe,view,view,view,translated in all three,1,CrossBuy/Views/Accounting/TaxCodes.cshtml
New template,نموذج جديد,New template,Nouveau modèle,view,view,view,translated in all three,2,CrossBuy/Views/Admin/AppraisalTemplateEditor.cshtml
New ticket,تذكرة جديدة,New ticket,Nouveau ticket,view,view,view,translated in all three,2,CrossBuy/Views/Crm/TicketEditor.cshtml
New transfer,تحويل جديد,New transfer,Nouveau transfert,view,view,view,translated in all three,1,CrossBuy/Views/Inventory/StockTransfers.cshtml
New unit,وحدة جديدة,New unit,Nouvelle unité,view,view,view,translated in all three,1,CrossBuy/Views/Inventory/Units.cshtml
New vendor,مورد جديد,New vendor,New vendor,shared,fallback-to-key,fallback-to-key,english falls back to key text,2,CrossBuy/Views/Accounting/Vendors.cshtml
New vendor / customer,مورد / عميل جديد,New vendor / customer,New vendor / customer,shared,fallback-to-key,fallback-to-key,english falls back to key text,1,CrossBuy/Views/Shared/_QuickAdd.cshtml
New warehouse,مخزن جديد,New warehouse,New warehouse,shared,fallback-to-key,fallback-to-key,english falls back to key text,2,CrossBuy/Views/Inventory/Warehouses.cshtml
New work center,مركز عمل جديد,New work center,Nouveau poste de charge,view,view,view,translated in all three,1,CrossBuy/Views/Inventory/WorkCenters.cshtml
New work order,أمر تشغيل جديد,New work order,Nouvel ordre de fabrication,view,view,view,translated in all three,3,CrossBuy/Views/Inventory/ManufDashboard.cshtml
New write-off,إعدام جديد,New write-off,Nouvelle radiation,view,view,view,translated in all three,1,CrossBuy/Views/Inventory/WriteOffs.cshtml
New write-off / damage,إعدام / تلف جديد,New write-off / damage,Nouvelle radiation / dommage,view,view,view,translated in all three,1,CrossBuy/Views/Inventory/NewWriteOff.cshtml
NewToCrossBuy,جديد على CrossBuy؟,New to CrossBuy?,Nouveau sur CrossBuy ?,shared,shared,shared,translated in all three,1,CrossBuy/Views/Account/Login.cshtml
Next,التالي,Next,Suivant,shared,shared,shared,translated in all three,2,CrossBuy/Views/BusinessEventMonitor/Index.cshtml
Next 60 days,خلال 60 يومًا القادمة,Next 60 days,Next 60 days,view,fallback-to-key,fallback-to-key,english falls back to key text,1,CrossBuy/Views/Admin/Index.cshtml
Next due,الاستحقاق القادم,Next due,Prochaine échéance,view,view,view,translated in all three,1,CrossBuy/Views/Accounting/FixedAssetDetail.cshtml
Next page,الصفحة التالية,Next page,Page suivante,view,view,view,translated in all three,1,CrossBuy/Views/Reports/Viewer.cshtml
No,لا,No,Non,shared,shared,shared,translated in all three,5,CrossBuy/Views/Accounting/Payments.cshtml
No Assembly-type items. Create a composite item of type Assembly with components first.,"لا توجد أصناف من نوع ""تجميع"". أنشئ صنفًا مركّبًا بنوع التجميع وعرّف مكوّناته أولًا.",No Assembly-type items. Create a composite item of type Assembly with components first.,Aucun article de type Assemblage. Créez d'abord un article composite de type Assemblage avec des composants.,view,view,view,translated in all three,1,CrossBuy/Views/Inventory/NewAssembly.cshtml
No BOQ items,لا توجد بنود BOQ,No BOQ items,Aucun article BOQ,view,view,view,translated in all three,1,CrossBuy/Views/Project/Budget.cshtml
No BOQ — enter overall project %,لا يوجد BOQ — أدخل نسبة إنجاز المشروع الكلية,No BOQ — enter overall project %,Pas de BOQ — saisir le % global du projet,view,view,view,translated in all three,1,CrossBuy/Views/Project/Progress.cshtml
No CRM activity has ever been recorded,لم يُسجَّل أي نشاط في CRM على الإطلاق,No CRM activity has ever been recorded,Aucune activité CRM n'a jamais été enregistrée,view,view,view,translated in all three,1,CrossBuy/Views/Crm/OpportunityInsights.cshtml
No CRM activity has ever been recorded for this account,لم يُسجَّل أي نشاط CRM لهذا الحساب على الإطلاق,No CRM activity has ever been recorded for this account,Aucune activité CRM n'a jamais été enregistrée pour ce compte,view,view,view,translated in all three,1,CrossBuy/Views/Crm/AccountInsights.cshtml
No CRM activity in the,لا يوجد نشاط في CRM خلال,No CRM activity in the,Aucune activité CRM depuis,view,view,view,translated in all three,1,CrossBuy/Views/Crm/OpportunityInsights.cshtml
No GL (cost-only relocation),بدون قيد (نقل بالتكلفة فقط),No GL (cost-only relocation),Aucun GL (déplacement du coût uniquement),view,view,view,translated in all three,1,CrossBuy/Views/Inventory/Settings.cshtml
No SLA policy matches this priority,لا توجد سياسة SLA مطابقة لهذه الأولوية,No SLA policy matches this priority,Aucune politique SLA ne correspond à cette priorité,view,view,view,translated in all three,1,CrossBuy/Views/Crm/TicketEditor.cshtml
No account,بدون حساب,No account,Aucun compte,view,view,view,translated in all three,2,CrossBuy/Views/Crm/OpportunityProducts.cshtml
No accounts,لا توجد حسابات,No accounts,Aucun compte,view,view,view,translated in all three,1,CrossBuy/Views/Crm/Accounts.cshtml
"No accounts were available to examine for this company, so account health cannot be assessed. This is not a statement that your customer relationships are healthy.",لا توجد حسابات متاحة للفحص لهذه الشركة، لذلك لا يمكن تقييم صحة الحسابات. هذا ليس تأكيداً بأن علاقاتك مع العملاء سليمة.,"No accounts were available to examine for this company, so account health cannot be assessed. This is not a statement that your customer relationships are healthy.",Aucun compte n'était disponible pour cette société ; la santé des comptes ne peut être évaluée. Cela n'indique pas que vos relations clients sont saines.,view,view,view,translated in all three,1,CrossBuy/Views/Crm/AccountInsights.cshtml
No activities,لا توجد أنشطة,No activities,Aucune activité,view,view,view,translated in all three,1,CrossBuy/Views/Crm/Activities.cshtml
No activities yet,لا توجد أنشطة بعد,No activities yet,Aucune activité pour le moment,view,view,view,translated in all three,1,CrossBuy/Views/Crm/_Timeline.cshtml
No activity in the last,لا يوجد نشاط خلال آخر,No activity in the last,Aucune activité durant les derniers,view,view,view,translated in all three,1,CrossBuy/Views/Crm/AccountInsights.cshtml
No activity in the recent window,لا يوجد نشاط في النافذة الأخيرة,No activity in the recent window,Aucune activité sur la fenêtre récente,view,view,view,translated in all three,1,CrossBuy/Views/Crm/AccountInsights.cshtml
No activity types yet — add your own above.,لا توجد أنواع نشاط بعد — أضف من الأعلى.,No activity types yet — add your own above.,Aucun type d'activité — ajoutez le vôtre ci-dessus.,view,view,view,translated in all three,1,CrossBuy/Views/Project/ActivityTypes.cshtml
No activity yet,لا يوجد نشاط بعد,No activity yet,Aucune activité pour le moment,view,view,shared,translated in all three,2,CrossBuy/Views/Shared/_DocEventTimeline.cshtml
No alerts,لا توجد تنبيهات,No alerts,Aucune alerte,view,view,view,translated in all three,1,CrossBuy/Views/Accounting/AiInsights.cshtml
No allocations yet,لا توجد تحميلات بعد,No allocations yet,Aucune affectation,view,view,view,translated in all three,1,CrossBuy/Views/Project/EquipmentDepreciation.cshtml
No announcements yet,لا إعلانات بعد,No announcements yet,No announcements yet,view,fallback-to-key,fallback-to-key,english falls back to key text,1,CrossBuy/Views/Announcements/Index.cshtml
No anomalies found,لا توجد قيود مشبوهة,No anomalies found,Aucune anomalie trouvée,view,view,view,translated in all three,1,CrossBuy/Views/Accounting/AiInsights.cshtml
No appraisals,لا توجد تقييمات,No appraisals,Aucune évaluation,view,view,view,translated in all three,2,CrossBuy/Views/Admin/Appraisals.cshtml
No approval requests,لا توجد طلبات اعتماد,No approval requests,Aucune demande d'approbation,view,view,view,translated in all three,1,CrossBuy/Views/Inventory/Approvals.cshtml
No areas yet.,لا صالات بعد.,No areas yet.,Aucune salle pour le moment.,view,view,view,translated in all three,1,CrossBuy/Views/Pos/Areas.cshtml
No areas — add them in Areas & stations.,No areas — add them in Areas & stations.,No areas — add them in Areas & stations.,No areas — add them in Areas & stations.,fallback-to-key,fallback-to-key,fallback-to-key,MISSING arabic — key shown to user,1,CrossBuy/Views/Pos/FloorPlan.cshtml
No asset items,لا توجد أصناف أصول,No asset items,Aucun article d'immobilisation,view,view,view,translated in all three,1,CrossBuy/Views/Inventory/CapitalizeAsset.cshtml
No assets,لا توجد أصول,No assets,Aucune immobilisation,view,view,view,translated in all three,1,CrossBuy/Views/Accounting/FixedAssets.cshtml
No attendance policies defined.,لا توجد سياسات حضور معرّفة.,No attendance policies defined.,Aucune politique de présence définie.,view,view,view,translated in all three,1,CrossBuy/Views/Admin/EmployeeData.cshtml
No attendance recorded,لا يوجد حضور مسجّل,No attendance recorded,Aucune présence enregistrée,view,view,view,translated in all three,1,CrossBuy/Views/Roster/Mine.cshtml
No attendance records for this month.,لا توجد سجلات حضور لهذا الشهر.,No attendance records for this month.,Aucun enregistrement de présence pour ce mois.,view,view,view,translated in all three,1,CrossBuy/Views/People/Attendance.cshtml
No attention conditions detected,لم يتم رصد أي حالات تستدعي المتابعة,No attention conditions detected,Aucune condition d'attention détectée,view,view,view,translated in all three,1,CrossBuy/Views/Crm/AccountInsights.cshtml
No balances in this warehouse.,لا توجد أرصدة في هذا المخزن.,No balances in this warehouse.,Aucun solde dans cet entrepôt.,view,view,view,translated in all three,2,CrossBuy/Views/Inventory/NewCount.cshtml
No balances yet,لا توجد أرصدة بعد,No balances yet,Aucun solde pour le moment,view,view,view,translated in all three,1,CrossBuy/Views/Inventory/Index.cshtml
No bank accounts,لا توجد حسابات بنكية,No bank accounts,Aucun compte bancaire,view,view,view,translated in all three,1,CrossBuy/Views/Accounting/BankAccounts.cshtml
No bank or cash account. Create one under «Banks & cash» first.,No bank or cash account. Create one under «Banks & cash» first.,No bank or cash account. Create one under «Banks & cash» first.,No bank or cash account. Create one under «Banks & cash» first.,fallback-to-key,fallback-to-key,fallback-to-key,MISSING arabic — key shown to user,1,CrossBuy/Views/Accounting/PayrollDisbursement.cshtml
No batches,لا توجد دفعات,No batches,Aucun lot,view,view,view,translated in all three,1,CrossBuy/Views/Inventory/Batches.cshtml
No billings yet,لا توجد مستخلصات بعد,No billings yet,Aucun décompte,view,view,view,translated in all three,2,CrossBuy/Views/Project/Billing.cshtml
No brackets — the flat policy rate is used until brackets are added.,لا توجد شرائح — تُستخدم النسبة المسطّحة في لائحة الراتب حتى تُضاف شرائح.,No brackets — the flat policy rate is used until brackets are added.,Aucune tranche — le taux forfaitaire de la politique est utilisé jusqu'à l'ajout de tranches.,view,view,view,translated in all three,1,CrossBuy/Views/Accounting/PayrollTaxSettings.cshtml
No branches for this company — pick from the org structure below.,لا أفرع لهذه الشركة — اختر من الهيكل التنظيمي بالأسفل.,No branches for this company — pick from the org structure below.,Aucune agence pour cette société — choisissez dans la structure ci-dessous.,view,view,view,translated in all three,1,CrossBuy/Views/Admin/ApplicationForm.cshtml
No branches — the company default currency is used.,لا توجد فروع — تُستخدم عملة الشركة الافتراضية.,No branches — the company default currency is used.,Aucune succursale — la devise par défaut de la société est utilisée.,view,view,view,translated in all three,1,CrossBuy/Views/Currency/Setup.cshtml
No brands — create one or activate the default brand,لا توجد علامات — أنشئ واحدة أو فعّل العلامة الافتراضية,No brands — create one or activate the default brand,Aucune marque — créez-en une ou activez la marque par défaut,view,view,view,translated in all three,1,CrossBuy/Views/Brand/Brands.cshtml
No break configured,لا توجد استراحة مُعدّة,No break configured,Aucune pause configurée,view,view,view,translated in all three,1,CrossBuy/Views/Admin/EmployeeData.cshtml
No business events match these filters.,لا توجد أحداث مطابقة لهذه المرشّحات.,No business events match these filters.,Aucun événement métier ne correspond à ces filtres.,view,view,view,translated in all three,1,CrossBuy/Views/BusinessEventMonitor/_Rows.cshtml
No buttons in this tab.,لا أزرار في هذا التبويب.,No buttons in this tab.,Aucun bouton dans cet onglet.,view,view,view,translated in all three,1,CrossBuy/Views/Pos/QuickMenu.cshtml
No campaigns,لا توجد حملات,No campaigns,Aucune campagne,view,view,view,translated in all three,1,CrossBuy/Views/Crm/Campaigns.cshtml
No cash boxes,لا توجد خزائن,No cash boxes,Aucune caisse,view,view,view,translated in all three,1,CrossBuy/Views/Accounting/CashBoxes.cshtml
No categories,لا توجد فئات,No categories,Aucune catégorie,view,view,view,translated in all three,2,CrossBuy/Views/Accounting/AssetCategories.cshtml
No closings yet,لم يتم إقفال أي سنة بعد,No closings yet,Aucune clôture pour l'instant,view,view,view,translated in all three,1,CrossBuy/Views/Accounting/YearEndClose.cshtml
No comments yet,لا تعليقات بعد,No comments yet,Aucun commentaire,shared,fallback-to-key,shared,english falls back to key text,1,CrossBuy/Views/Shared/_DocTimeline.cshtml
"No company is resolved for this session, so the workspace cannot be shown.",لم يتم تحديد شركة لهذه الجلسة، لذلك لا يمكن عرض مساحة العمل.,"No company is resolved for this session, so the workspace cannot be shown.","No company is resolved for this session, so the workspace cannot be shown.",view,view,fallback-to-key,MISSING french — English key shown,1,CrossBuy/Views/Workspace/Index.cshtml
No company is resolved for this session.,لم يتم تحديد شركة لهذه الجلسة.,No company is resolved for this session.,Aucune société résolue pour cette session.,view,view,view,translated in all three,1,CrossBuy/Views/Reports/Index.cshtml
No completed orders yet,لا توجد أوامر مكتملة بعد,No completed orders yet,Aucun ordre terminé,view,view,view,translated in all three,1,CrossBuy/Views/Inventory/ManufDashboard.cshtml
No completed work orders in this period.,لا توجد أوامر منفّذة في هذه الفترة.,No completed work orders in this period.,Aucun ordre de fabrication terminé au cours de cette période.,view,view,view,translated in all three,1,CrossBuy/Views/Inventory/ManufReports.cshtml
No components,لا توجد مكوّنات,No components,Aucun composant,view,view,view,translated in all three,1,CrossBuy/Views/Inventory/WorkOrderDetails.cshtml
No components yet — add them below.,لم تُعرَّف مكوّنات بعد — أضِفها بالأسفل.,No components yet — add them below.,Aucun composant pour l'instant — ajoutez-les ci-dessous.,view,view,view,translated in all three,1,CrossBuy/Views/Inventory/ItemForm.cshtml
No computed payroll for this period,لا توجد رواتب محسوبة لهذه الفترة,No computed payroll for this period,Aucune paie calculée pour cette période,view,view,view,translated in all three,1,CrossBuy/Views/Accounting/Payroll.cshtml
No confirmed measurement to bill. Confirm a progress measurement first.,مُرحَّل إلى دفتر الأستاذ,No confirmed measurement to bill. Confirm a progress measurement first.,Comptabilisé au grand livre,view,view,view,translated in all three,1,CrossBuy/Views/Project/Billing.cshtml
No contacts,لا توجد جهات اتصال,No contacts,Aucun contact,view,view,view,translated in all three,1,CrossBuy/Views/Crm/AccountEditor.cshtml
No contracts.,لا توجد عقود.,No contracts.,Aucun contrat.,view,view,view,translated in all three,1,CrossBuy/Views/Admin/HrDocuments.cshtml
No conversations yet,لا محادثات بعد,No conversations yet,No conversations yet,view,fallback-to-key,fallback-to-key,english falls back to key text,1,CrossBuy/Views/Chat/Index.cshtml
No cost centers. They are derived from branches/departments in the org tree.,لا توجد مراكز تكلفة. تُشتق تلقائيًا من الفروع/الإدارات في الهيكل التنظيمي.,No cost centers. They are derived from branches/departments in the org tree.,Aucun centre de coûts. Ils sont dérivés des succursales/départements dans l'organigramme.,view,view,view,translated in all three,1,CrossBuy/Views/Accounting/CostCenters.cshtml
No counts,لا توجد عمليات جرد,No counts,Aucun comptage,view,view,view,translated in all three,1,CrossBuy/Views/Inventory/StockCounts.cshtml
No courses,لا توجد دورات,No courses,Aucune formation,view,view,view,translated in all three,1,CrossBuy/Views/Admin/TrainingCourses.cshtml
No currencies,لا توجد عملات,No currencies,Aucune devise,view,view,view,translated in all three,1,CrossBuy/Views/Currency/Currencies.cshtml
No custom fields,لا توجد حقول مخصّصة,No custom fields,Aucun champ personnalisé,view,view,view,translated in all three,1,CrossBuy/Views/Crm/CustomFields.cshtml
No customer data yet,لا توجد بيانات عملاء بعد,No customer data yet,Aucune donnée client pour le moment,view,view,view,translated in all three,1,CrossBuy/Views/Accounting/Executive.cshtml
No data,لا توجد بيانات,No data,Aucune donnée,view,view,view,translated in all three,1,CrossBuy/Views/Crm/Reports.cshtml
"No data (no employees with an attendance policy, or no records)",لا توجد بيانات (لا موظفين بسياسة حضور أو لا سجلات),"No data (no employees with an attendance policy, or no records)","Aucune donnée (aucun employé avec une politique de présence, ou aucun enregistrement)",view,view,view,translated in all three,1,CrossBuy/Views/Admin/Attendance.cshtml
No data for this type in the table,لا توجد بيانات لهذا النوع داخل الجدول,No data for this type in the table,Aucune donnée pour ce type dans le tableau,view,view,view,translated in all three,1,CrossBuy/Views/Admin/Polices.cshtml
No data leaves this installation,لا تغادر أي بيانات هذا التثبيت,No data leaves this installation,Aucune donnée ne quitte cette installation,view,view,view,translated in all three,4,CrossBuy/Views/Accounting/AiInsights.cshtml
No depreciation runs yet,لم يتم احتساب إهلاك بعد,No depreciation runs yet,Aucun cycle d'amortissement pour le moment,view,view,view,translated in all three,1,CrossBuy/Views/Accounting/DepreciationRuns.cshtml
No depreciation yet,لم يُحتسب إهلاك بعد,No depreciation yet,Aucun amortissement pour l'instant,view,view,view,translated in all three,1,CrossBuy/Views/Accounting/FixedAssetDetail.cshtml
No details available.,لا توجد تفاصيل متاحة.,No details available.,Aucun détail disponible.,view,view,view,translated in all three,1,CrossBuy/Views/Admin/EmployeeData.cshtml
No deviations,لا انحرافات,No deviations,Aucun écart,view,view,view,translated in all three,1,CrossBuy/Views/Inventory/IntegrityReconciliation.cshtml
No document types configured. Add them in Required documents.,لا توجد أنواع مستندات معرّفة. أضِفها من «أنواع المستندات المطلوبة».,No document types configured. Add them in Required documents.,Aucun type de document configuré. Ajoutez-les dans « Documents requis ».,view,view,view,translated in all three,1,CrossBuy/Views/Admin/ApplicationDetail.cshtml
No document types yet,لا توجد أنواع مستندات بعد,No document types yet,Aucun type de document,view,view,view,translated in all three,1,CrossBuy/Views/Admin/RequiredDocTypesList.cshtml
No documents are held for this record.,لا توجد مستندات لهذا السجل.,No documents are held for this record.,Aucun document n’est conservé pour cet enregistrement.,view,view,view,translated in all three,1,CrossBuy/Views/Documents/Workspace.cshtml
No documents.,لا توجد مستندات.,No documents.,Aucun document.,view,view,view,translated in all three,1,CrossBuy/Views/Admin/HrDocuments.cshtml
No drivers yet.,لا سائقين بعد.,No drivers yet.,Aucun livreur pour le moment.,view,view,view,translated in all three,1,CrossBuy/Views/Pos/Drivers.cshtml
No employees linked to this branch. Add branch employees first.,لا يوجد موظفون مرتبطون بهذا الفرع. أضِف موظفين للفرع أولًا.,No employees linked to this branch. Add branch employees first.,Aucun employé lié à cette succursale. Ajoutez d'abord des employés à la succursale.,view,view,view,translated in all three,1,CrossBuy/Views/Pos/CashierRoles.cshtml
No encashable balance for this employee.,لا يوجد رصيد قابل للصرف لهذا الموظف.,No encashable balance for this employee.,Aucun solde encaissable pour cet employé.,view,view,view,translated in all three,1,CrossBuy/Views/Admin/LeaveAccrual.cshtml
No enrollments,لا يوجد مسجّلون,No enrollments,Aucune inscription,view,view,view,translated in all three,1,CrossBuy/Views/Admin/CourseEnrollments.cshtml
No entries yet,لا توجد إدخالات بعد,No entries yet,Aucune saisie pour l'instant,view,view,view,translated in all three,2,CrossBuy/Views/Accounting/Index.cshtml
No exchange rates,لا توجد أسعار صرف,No exchange rates,Aucun taux de change,view,view,view,translated in all three,1,CrossBuy/Views/Currency/ExchangeRates.cshtml
No expected close date has been set,لم يتم تحديد تاريخ إغلاق متوقع,No expected close date has been set,Aucune date de clôture prévue n'a été définie,view,view,view,translated in all three,1,CrossBuy/Views/Crm/OpportunityInsights.cshtml
No expenses,لا توجد مصروفات,No expenses,Aucune charge,view,view,view,translated in all three,1,CrossBuy/Views/Accounting/IncomeStatement.cshtml
No expenses yet,لا توجد مصروفات بعد,No expenses yet,Aucune charge pour l'instant,view,view,view,translated in all three,1,CrossBuy/Views/Accounting/Index.cshtml
No expiring batches 👍,لا توجد دفعات قرب انتهائها 👍,No expiring batches 👍,Aucun lot en expiration 👍,view,view,view,translated in all three,1,CrossBuy/Views/Inventory/ExpiryAlerts.cshtml
No expiry,بدون صلاحية,No expiry,Sans expiration,view,view,view,translated in all three,1,CrossBuy/Views/Inventory/Batches.cshtml
No favourite reports yet,لا توجد تقارير مفضلة بعد,No favourite reports yet,No favourite reports yet,view,view,fallback-to-key,MISSING french — English key shown,1,CrossBuy/Views/Workspace/Index.cshtml
No file,لا يوجد ملف,No file,Aucun fichier,view,view,view,translated in all three,1,CrossBuy/Views/Admin/ApplicationDetail.cshtml
No file attached,لا يوجد ملف مرفق,No file attached,No file attached,view,fallback-to-key,fallback-to-key,english falls back to key text,1,CrossBuy/Views/Admin/DocExpiryAlerts.cshtml
No files attached to this record yet.,لا مرفقات على هذا السجل بعد.,No files attached to this record yet.,No files attached to this record yet.,view,fallback-to-key,fallback-to-key,english falls back to key text,1,CrossBuy/Views/Admin/_HrDocGallery.cshtml
No fiscal years,لا توجد سنوات مالية,No fiscal years,Aucun exercice,view,view,view,translated in all three,1,CrossBuy/Views/Accounting/YearEndClose.cshtml
No groups yet.,لا مجموعات بعد.,No groups yet.,Aucun groupe pour le moment.,view,view,view,translated in all three,1,CrossBuy/Views/Pos/Modifiers.cshtml
No holidays yet,لا توجد عطلات مسجّلة,No holidays yet,Aucun jour férié pour l'instant,view,view,view,translated in all three,1,CrossBuy/Views/Admin/HolidaysList.cshtml
No inline preview for this file type — use the buttons below.,لا يمكن معاينة هذا النوع مباشرةً — استخدم الأزرار بالأسفل.,No inline preview for this file type — use the buttons below.,Aucun aperçu intégré pour ce type de fichier — utilisez les boutons ci-dessous.,view,fallback-to-key,view,english falls back to key text,1,CrossBuy/Views/FileManager/Index.cshtml
No insights are available right now,لا تتوفر أي تحليلات في الوقت الحالي,No insights are available right now,Aucune analyse n'est disponible actuellement,view,view,view,translated in all three,1,CrossBuy/Views/Accounting/AiInsights.cshtml
No inventory risks were flagged,لم يتم تعليم أي مخاطر مخزون,No inventory risks were flagged,Aucun risque de stock signalé,view,view,view,translated in all three,1,CrossBuy/Views/Inventory/RiskInsights.cshtml
No invoices,لا توجد فواتير,No invoices,Aucune facture,view,view,view,translated in all three,1,CrossBuy/Views/Accounting/EtaStatus.cshtml
No issues yet,لا توجد أذون بعد,No issues yet,Aucun bon pour l'instant,view,view,view,translated in all three,1,CrossBuy/Views/Project/MaterialIssues.cshtml
No item with this barcode,لا يوجد صنف بهذا الباركود,No item with this barcode,No item with this barcode,shared,fallback-to-key,fallback-to-key,english falls back to key text,2,CrossBuy/Views/Inventory/_ItemScanModal.cshtml
No items,لا توجد أصناف,No items,Aucun article,view,view,view,translated in all three,1,CrossBuy/Views/Inventory/NewWriteOff.cshtml
No items added,لا توجد بنود مضافة,No items added,Aucun élément ajouté,view,view,view,translated in all three,1,CrossBuy/Views/Admin/Polices.cshtml
"No journal entries were available to analyse for this company, so no conclusion can be drawn.",لا توجد قيود يومية متاحة للتحليل لهذه الشركة، لذلك لا يمكن استخلاص أي نتيجة.,"No journal entries were available to analyse for this company, so no conclusion can be drawn.",Aucune écriture comptable n'était disponible pour cette société ; aucune conclusion ne peut être tirée.,view,view,view,translated in all three,1,CrossBuy/Views/Accounting/AiInsights.cshtml
No labor loaded yet.,لا عمالة محمّلة بعد.,No labor loaded yet.,Aucune main-d'œuvre chargée pour l'instant.,view,view,view,translated in all three,1,CrossBuy/Views/Inventory/WorkOrderDetails.cshtml
No landed costs,لا توجد تكاليف إضافية,No landed costs,Aucun coût de revient,view,view,view,translated in all three,1,CrossBuy/Views/Inventory/LandedCosts.cshtml
No leads,لا يوجد عملاء محتملون,No leads,Aucun prospect,view,view,view,translated in all three,1,CrossBuy/Views/Crm/Leads.cshtml
No leads yet,لا يوجد عملاء محتملون بعد,No leads yet,No leads yet,shared,fallback-to-key,fallback-to-key,english falls back to key text,1,CrossBuy/Views/Crm/Index.cshtml
No leave policies defined.,لا توجد سياسات إجازات معرّفة.,No leave policies defined.,Aucune politique de congés définie.,view,view,view,translated in all three,1,CrossBuy/Views/Admin/EmployeeData.cshtml
No leave requests yet,لا توجد طلبات إجازة بعد,No leave requests yet,Aucune demande de congé pour l'instant,view,view,view,translated in all three,1,CrossBuy/Views/People/Leaves.cshtml
No leave types.,لا توجد أنواع إجازات.,No leave types.,Aucun type de congé.,view,view,view,translated in all three,1,CrossBuy/Views/Admin/LeaveAccrual.cshtml
No limit,بلا حد,No limit,Aucune limite,view,view,view,translated in all three,1,CrossBuy/Views/Accounting/_CustomerRows.cshtml
No lines,لا توجد بنود,No lines,Aucune ligne,view,view,view,translated in all three,1,CrossBuy/Views/Inventory/DocumentDetails.cshtml
No lists,لا توجد قوائم,No lists,Aucune liste,view,view,view,translated in all three,1,CrossBuy/Views/Crm/MarketingLists.cshtml
No longer permitted,لم تعد مصرّحًا,No longer permitted,Non autorisé,view,view,view,translated in all three,2,CrossBuy/Views/Reports/Index.cshtml
No maintenance due in this window,لا توجد صيانة مستحقّة في هذه الفترة,No maintenance due in this window,Aucune maintenance à échéance dans cette période,view,view,view,translated in all three,1,CrossBuy/Views/Accounting/MaintenanceDue.cshtml
No maintenance records,لا سجل صيانة,No maintenance records,Aucun enregistrement de maintenance,view,view,view,translated in all three,1,CrossBuy/Views/Accounting/FixedAssetDetail.cshtml
No maintenance schedules,لا توجد جداول صيانة,No maintenance schedules,Aucun programme de maintenance,view,view,view,translated in all three,1,CrossBuy/Views/Accounting/FixedAssetDetail.cshtml
No match,لا يوجد تطابق,No match,Aucune correspondance,view,view,view,translated in all three,1,CrossBuy/Views/Accounting/CreateJournal.cshtml
No matches,لا نتائج,No matches,Aucun résultat,view,view,view,translated in all three,1,CrossBuy/Views/PosApp/Terminal.cshtml
No matching balances,لا توجد أرصدة مطابقة,No matching balances,Aucun solde correspondant,view,view,view,translated in all three,1,CrossBuy/Views/Inventory/StockBalances.cshtml
No matching customers,لا يوجد عملاء مطابقون,No matching customers,Aucun client correspondant,view,view,view,translated in all three,1,CrossBuy/Views/Accounting/Customers.cshtml
No matching deliveries,لا توجد أذون صرف مطابقة,No matching deliveries,Aucune livraison correspondante,view,view,view,translated in all three,1,CrossBuy/Views/Inventory/Deliveries.cshtml
No matching entries,لا توجد قيود مطابقة,No matching entries,Aucune écriture correspondante,view,view,view,translated in all three,1,CrossBuy/Views/Accounting/Journals.cshtml
No matching invoices,لا توجد فواتير مطابقة,No matching invoices,Aucune facture correspondante,view,view,view,translated in all three,2,CrossBuy/Views/Accounting/PurchaseInvoices.cshtml
No matching movements,لا توجد حركات مطابقة,No matching movements,Aucun mouvement correspondant,view,view,view,translated in all three,1,CrossBuy/Views/Inventory/StockMovements.cshtml
No matching payments,لا توجد سندات مطابقة,No matching payments,Aucun paiement correspondant,view,view,view,translated in all three,1,CrossBuy/Views/Accounting/Payments.cshtml
No matching price lists,لا توجد قوائم أسعار مطابقة,No matching price lists,Aucune liste de prix correspondante,view,view,view,translated in all three,1,CrossBuy/Views/Inventory/PriceLists.cshtml
No matching promotions,لا توجد عروض مطابقة,No matching promotions,Aucune promotion correspondante,view,view,view,translated in all three,1,CrossBuy/Views/Inventory/Promotions.cshtml
No matching purchase orders,لا توجد أوامر شراء مطابقة,No matching purchase orders,Aucun bon de commande correspondant,view,view,view,translated in all three,1,CrossBuy/Views/Inventory/PurchaseOrders.cshtml
No matching quotations,لا توجد عروض أسعار مطابقة,No matching quotations,Aucun devis correspondant,view,view,view,translated in all three,1,CrossBuy/Views/Inventory/Quotations.cshtml
No matching receipts,لا توجد أذون استلام مطابقة,No matching receipts,Aucune réception correspondante,view,view,view,translated in all three,2,CrossBuy/Views/Accounting/Receipts.cshtml
No matching records,No matching records,No matching records,No matching records,fallback-to-key,fallback-to-key,fallback-to-key,MISSING arabic — key shown to user,1,CrossBuy/Views/Admin/AttendanceEntry.cshtml
No matching results,لا توجد نتائج مطابقة,No matching results,Aucun résultat,view,view,view,translated in all three,6,CrossBuy/Views/Accounting/ChartOfAccounts.cshtml
No matching sales orders,لا توجد أوامر بيع مطابقة,No matching sales orders,Aucune commande client correspondante,view,view,view,translated in all three,1,CrossBuy/Views/Inventory/SalesOrders.cshtml
No matching vendors,لا يوجد موردون مطابقون,No matching vendors,Aucun fournisseur correspondant,view,view,view,translated in all three,1,CrossBuy/Views/Accounting/Vendors.cshtml
No measurements yet,لا توجد قياسات بعد,No measurements yet,Aucun relevé pour l'instant,view,view,view,translated in all three,1,CrossBuy/Views/Project/Progress.cshtml
No members yet,لا يوجد أعضاء بعد,No members yet,Aucun membre pour le moment,view,view,view,translated in all three,2,CrossBuy/Views/Crm/CampaignDetail.cshtml
No mentions,لا توجد إشارات,No mentions,No mentions,view,view,fallback-to-key,MISSING french — English key shown,1,CrossBuy/Views/Workspace/Index.cshtml
No messages on this record yet,لا رسائل على هذا المستند بعد,No messages on this record yet,Aucun message sur ce document,view,fallback-to-key,view,english falls back to key text,1,CrossBuy/Views/Shared/_EntityConversation.cshtml
No messages yet,لا رسائل بعد,No messages yet,No messages yet,view,fallback-to-key,fallback-to-key,english falls back to key text,1,CrossBuy/Views/Comm/Index.cshtml
No movements,لا توجد حركات,No movements,Aucun mouvement,view,view,view,translated in all three,1,CrossBuy/Views/Inventory/ItemLedger.cshtml
No movements in the period,لا توجد حركات في الفترة,No movements in the period,Aucun mouvement dans la période,view,view,view,translated in all three,1,CrossBuy/Views/Accounting/TrialBalance.cshtml
No movements in this period,لا توجد حركات في هذه الفترة,No movements in this period,Aucun mouvement sur cette période,shared,shared,shared,translated in all three,2,CrossBuy/Views/Accounting/CustomerStatement.cshtml
No movements to chart,لا توجد حركات لعرض المخطط,No movements to chart,Aucun mouvement à afficher,view,view,view,translated in all three,1,CrossBuy/Views/Inventory/ItemLedger.cshtml
No movements yet,لا توجد حركات بعد,No movements yet,Aucun mouvement pour l'instant,view,view,view,translated in all three,2,CrossBuy/Views/Inventory/Index.cshtml
No new items to send,لا توجد أصناف جديدة للإرسال,No new items to send,Aucun nouvel article à envoyer,view,view,view,translated in all three,1,CrossBuy/Views/PosApp/Terminal.cshtml
No new work in this period,لا يوجد عمل جديد في هذه الفترة,No new work in this period,Aucun nouveau travail dans cette période,view,view,view,translated in all three,1,CrossBuy/Views/Project/Billing.cshtml
No notifications,لا توجد إشعارات,No notifications,No notifications,view,view,fallback-to-key,MISSING french — English key shown,4,CrossBuy/Views/Notifications/Index.cshtml
No onboarding plan for this employee,لا توجد خطة التحاق لهذا الموظف,No onboarding plan for this employee,Aucun plan d'intégration pour cet employé,view,view,view,translated in all three,1,CrossBuy/Views/EmployeeOnboarding/Index.cshtml
No one reports to you,لا يوجد موظفون تابعون لك,No one reports to you,Personne ne relève de vous,view,view,view,translated in all three,1,CrossBuy/Views/People/Structure.cshtml
No open delivery orders,لا توجد طلبات توصيل مفتوحة,No open delivery orders,Aucune commande de livraison ouverte,view,view,view,translated in all three,1,CrossBuy/Views/PosApp/Delivery.cshtml
No open follow-up activity is recorded,لا يوجد نشاط متابعة مفتوح مسجَّل,No open follow-up activity is recorded,Aucune activité de suivi ouverte n'est enregistrée,view,view,view,translated in all three,1,CrossBuy/Views/Crm/OpportunityInsights.cshtml
No open follow-up is scheduled against this account or its deals,لا توجد متابعة مفتوحة مجدولة لهذا الحساب أو صفقاته,No open follow-up is scheduled against this account or its deals,Aucun suivi ouvert n'est planifié pour ce compte ou ses affaires,view,view,view,translated in all three,1,CrossBuy/Views/Crm/AccountInsights.cshtml
No open foreign balances at this date,لا توجد أرصدة أجنبية مفتوحة في هذا التاريخ,No open foreign balances at this date,Aucun solde en devise étrangère ouvert à cette date,view,view,view,translated in all three,1,CrossBuy/Views/Currency/Revaluation.cshtml
No open goods receipts for this vendor. A receipt that is already invoiced will not appear here.,لا توجد إيصالات استلام مفتوحة لهذا المورّد. الإيصال المُفوتَر لا يظهر هنا.,No open goods receipts for this vendor. A receipt that is already invoiced will not appear here.,No open goods receipts for this vendor. A receipt that is already invoiced will not appear here.,view,fallback-to-key,fallback-to-key,english falls back to key text,1,CrossBuy/Views/Accounting/MatchReceipts.cshtml
No open invoices,لا توجد فواتير مفتوحة,No open invoices,Aucune facture ouverte,view,view,view,translated in all three,1,CrossBuy/Views/PosApp/Terminal.cshtml
No open next action,لا توجد خطوة تالية مفتوحة,No open next action,Aucune action suivante ouverte,view,view,view,translated in all three,1,CrossBuy/Views/Crm/OpportunityInsights.cshtml
No open opportunities,لا توجد فرص مفتوحة,No open opportunities,Aucune opportunité ouverte,view,view,view,translated in all three,1,CrossBuy/Views/Crm/Reports.cshtml
No open opportunities yet,لا توجد فرص مفتوحة بعد,No open opportunities yet,No open opportunities yet,shared,fallback-to-key,fallback-to-key,english falls back to key text,1,CrossBuy/Views/Crm/Index.cshtml
No open work,لا توجد أعمال مفتوحة,No open work,No open work,view,view,fallback-to-key,MISSING french — English key shown,1,CrossBuy/Views/Workspace/Index.cshtml
No operations yet.,لا توجد عمليات بعد.,No operations yet.,Aucune opération pour le moment.,view,view,view,translated in all three,1,CrossBuy/Views/Inventory/Routing.cshtml
No opportunities,لا توجد فرص,No opportunities,Aucune opportunité,view,view,view,translated in all three,1,CrossBuy/Views/Crm/Opportunities.cshtml
No opportunities need attention,لا توجد فرص تحتاج متابعة,No opportunities need attention,Aucune opportunité ne nécessite d'attention,view,view,view,translated in all three,1,CrossBuy/Views/Crm/OpportunityInsights.cshtml
No opportunities with an expected close date,لا توجد فرص بتاريخ إغلاق متوقَّع,No opportunities with an expected close date,Aucune opportunité avec une date de clôture attendue,view,view,view,translated in all three,1,CrossBuy/Views/Crm/Forecast.cshtml
No opportunities yet,لا توجد فرص بعد,No opportunities yet,No opportunities yet,shared,fallback-to-key,fallback-to-key,english falls back to key text,1,CrossBuy/Views/Crm/Index.cshtml
No options yet.,لا خيارات بعد.,No options yet.,Aucune option pour le moment.,view,view,view,translated in all three,1,CrossBuy/Views/Pos/Modifiers.cshtml
No orders in the kitchen,لا توجد طلبات في المطبخ,No orders in the kitchen,Aucune commande en cuisine,view,view,view,translated in all three,1,CrossBuy/Views/PosApp/Kitchen.cshtml
No other documents,لا توجد مستندات أخرى,No other documents,Aucun autre document,view,view,view,translated in all three,1,CrossBuy/Views/Admin/ApplicationDetail.cshtml
No outstanding balances,لا توجد أرصدة مستحقة,No outstanding balances,Aucun solde impayé,view,view,view,translated in all three,2,CrossBuy/Views/Accounting/ApAging.cshtml
No payment methods yet.,لا طرق دفع بعد.,No payment methods yet.,Aucun mode de paiement pour le moment.,view,view,view,translated in all three,1,CrossBuy/Views/Pos/PaymentMethods.cshtml
No payslip yet — the salary certificate will have no figures until the first payslip is posted.,لا توجد قسيمة راتب بعد — تعريف الراتب سيصدر بلا أرقام حتى تُرحَّل أول قسيمة.,No payslip yet — the salary certificate will have no figures until the first payslip is posted.,Aucun bulletin de paie pour l'instant — l'attestation de salaire ne comportera aucun montant tant que le premier bulletin n'est pas comptabilisé.,view,view,view,translated in all three,1,CrossBuy/Views/People/Requests.cshtml
No payslips for this period — run payroll first,لا توجد قسائم لهذه الفترة — شغّل ترحيل الرواتب أولًا,No payslips for this period — run payroll first,Aucun bulletin de paie pour cette période — exécutez d'abord la paie,view,view,view,translated in all three,1,CrossBuy/Views/Accounting/Payslips.cshtml
No payslips yet.,لا توجد قسائم راتب بعد.,No payslips yet.,Aucun bulletin de paie pour l'instant.,view,view,view,translated in all three,1,CrossBuy/Views/People/Payslips.cshtml
No pipelines — create one,لا توجد مسارات — أنشئ واحدًا,No pipelines — create one,Aucun pipeline — créez-en un,view,view,view,translated in all three,1,CrossBuy/Views/Crm/Pipelines.cshtml
No plans yet.,لا توجد خطط بعد.,No plans yet.,Aucun plan pour le moment.,view,view,view,translated in all three,1,CrossBuy/Views/Inventory/ProductionPlanning.cshtml
No policies available.,لا توجد سياسات متاحة.,No policies available.,Aucune politique disponible.,view,view,view,translated in all three,1,CrossBuy/Views/Admin/EmployeeData.cshtml
No policies — add one per priority,لا توجد سياسات — أضف سياسة لكل أولوية,No policies — add one per priority,Aucune politique — ajoutez-en une par priorité,view,view,view,translated in all three,1,CrossBuy/Views/Crm/SlaPolicies.cshtml
No posted payslip yet.,لا توجد قسيمة راتب مُرحَّلة بعد.,No posted payslip yet.,Aucun bulletin de paie comptabilisé pour l'instant.,view,view,view,translated in all three,1,CrossBuy/Views/People/LetterPrint.cshtml
No price — enter manually,لا يوجد سعر — أدخله يدويًا,No price — enter manually,Aucun prix — saisir manuellement,view,view,view,translated in all three,2,CrossBuy/Views/Inventory/NewQuotation.cshtml
No products in this category yet.,لا توجد منتجات في هذه الفئة بعد.,No products in this category yet.,No products in this category yet.,view,fallback-to-key,fallback-to-key,english falls back to key text,1,CrossBuy/Views/Store/Category.cshtml
No project data in this range,لا توجد بيانات للمشاريع في هذه الفترة,No project data in this range,Aucune donnée de projet dans cette plage,view,view,view,translated in all three,1,CrossBuy/Views/Project/Profitability.cshtml
No project tasks. Link tasks to this project to track labor.,لا توجد مهام مربوطة بالمشروع. اربط مهامًا بالمشروع لتتبّع العمالة.,No project tasks. Link tasks to this project to track labor.,Aucune tâche liée au projet. Liez des tâches au projet pour suivre la main-d'oeuvre.,view,view,view,translated in all three,1,CrossBuy/Views/Project/Labor.cshtml
No projects,لا توجد مشاريع,No projects,Aucun projet,view,view,view,translated in all three,1,CrossBuy/Views/Project/Projects.cshtml
No published shifts in this period,لا توجد مناوبات منشورة في هذه الفترة,No published shifts in this period,Aucun poste publié pour cette période,view,view,view,translated in all three,1,CrossBuy/Views/Roster/Mine.cshtml
No quick items for this branch yet. Add them in ,لا توجد أصناف سريعة لهذا الفرع بعد. أضِفها من,No quick items for this branch yet. Add them in,Aucun article rapide pour cette succursale pour le moment. Ajoutez-les dans,view,view,view,translated in all three,1,CrossBuy/Views/Pos/Preview.cshtml
No quick items for this branch.,لا توجد أصناف سريعة لهذا الفرع.,No quick items for this branch.,Aucun article rapide pour cette succursale.,view,view,view,translated in all three,1,CrossBuy/Views/PosApp/Terminal.cshtml
"No rack stock yet — use \""Initialize from defaults\"" or post located movements.","No rack stock yet — use \""Initialize from defaults\"" or post located movements.","No rack stock yet — use \""Initialize from defaults\"" or post located movements.","No rack stock yet — use \""Initialize from defaults\"" or post located movements.",fallback-to-key,fallback-to-key,fallback-to-key,MISSING arabic — key shown to user,1,CrossBuy/Views/Inventory/RackBalances.cshtml
No racks (optional),لا رفوف (اختياري),No racks (optional),Aucun rayon (optionnel),view,view,view,translated in all three,1,CrossBuy/Views/Inventory/WarehouseSections.cshtml
No recent activity,لا يوجد نشاط حديث,No recent activity,Aucune activité récente,view,view,view,translated in all three,1,CrossBuy/Views/Crm/OpportunityInsights.cshtml
No recent reports yet,لا توجد تقارير حديثة بعد,No recent reports yet,No recent reports yet,view,view,fallback-to-key,MISSING french — English key shown,1,CrossBuy/Views/Workspace/Index.cshtml
No recent sales,لا مبيعات حديثة,No recent sales,No recent sales,view,fallback-to-key,fallback-to-key,english falls back to key text,1,CrossBuy/Views/PosApp/Terminal.cshtml
No reconciliations,لا توجد تسويات,No reconciliations,Aucun rapprochement,view,view,view,translated in all three,1,CrossBuy/Views/Accounting/Reconciliations.cshtml
No records this month,لا سجلات هذا الشهر,No records this month,Aucun enregistrement ce mois-ci,view,view,view,translated in all three,1,CrossBuy/Views/Admin/AttendanceEntry.cshtml
No report,لا يوجد تقرير,No report,Aucun rapport,view,view,view,translated in all three,1,CrossBuy/Views/Reports/Index.cshtml
No requests,لا توجد طلبات,No requests,Aucune demande,view,view,view,translated in all three,2,CrossBuy/Views/Admin/Index.cshtml
No requests awaiting your approval,لا توجد طلبات بانتظار اعتمادك,No requests awaiting your approval,Aucune demande en attente de votre approbation,view,view,view,translated in all three,1,CrossBuy/Views/People/Leaves.cshtml
No requests yet,لا توجد طلبات بعد,No requests yet,Aucune demande pour l'instant,view,view,view,translated in all three,1,CrossBuy/Views/People/Requests.cshtml
No result found,لا توجد نتائج,No result found,Aucun résultat trouvé,view,view,view,translated in all three,1,CrossBuy/Views/Shared/_LayoutManufacturing.cshtml
No results,لا نتائج,No results,No results,view,fallback-to-key,fallback-to-key,english falls back to key text,1,CrossBuy/Views/Chat/Index.cshtml
No results.,لا نتائج.,No results.,Aucun résultat.,view,view,view,translated in all three,2,CrossBuy/Views/Pos/Modifiers.cshtml
No returns,لا توجد إقرارات,No returns,Aucune déclaration,view,view,view,translated in all three,3,CrossBuy/Views/Accounting/PurchaseReturns.cshtml
No revenue,لا توجد إيرادات,No revenue,Aucun produit,view,view,view,translated in all three,1,CrossBuy/Views/Accounting/IncomeStatement.cshtml
No roles assigned yet.,لا أدوار معيّنة بعد.,No roles assigned yet.,Aucun rôle affecté pour le moment.,view,view,view,translated in all three,1,CrossBuy/Views/Pos/CashierRoles.cshtml
No roles assigned — CRM open to all,لا توجد أدوار معيّنة — CRM مفتوح للجميع,No roles assigned — CRM open to all,Aucun rôle attribué — CRM ouvert à tous,view,view,view,translated in all three,1,CrossBuy/Views/Crm/CrmRoles.cshtml
No roles assigned — accounting is open until the first role is set.,لا توجد أدوار معيّنة — المحاسبة مفتوحة للجميع حتى تُعيّن أول دور.,No roles assigned — accounting is open until the first role is set.,Aucun rôle attribué — la comptabilité est ouverte jusqu'à ce que le premier rôle soit défini.,view,view,view,translated in all three,1,CrossBuy/Views/Accounting/AccountingRoles.cshtml
No roles assigned — system is open until the first role is set.,لا توجد أدوار معيّنة — النظام مفتوح للجميع حتى تُعيّن أول دور.,No roles assigned — system is open until the first role is set.,Aucun rôle attribué — le système est ouvert jusqu'à la définition du premier rôle.,view,view,view,translated in all three,1,CrossBuy/Views/Inventory/InventoryRoles.cshtml
No roster period yet,لا توجد فترة جدولة بعد,No roster period yet,Aucune période de planning pour le moment,view,view,view,translated in all three,1,CrossBuy/Views/Roster/Index.cshtml
No rounding,بلا تقريب,No rounding,Aucun arrondi,shared,fallback-to-key,shared,english falls back to key text,1,CrossBuy/Views/Inventory/BulkPriceChange.cshtml
No routings for items produced in this period.,لا توجد مسارات تصنيع للأصناف المنتَجة في هذه الفترة.,No routings for items produced in this period.,Aucune gamme pour les articles produits au cours de cette période.,view,view,view,translated in all three,1,CrossBuy/Views/Inventory/ManufReports.cshtml
No rules,لا توجد قواعد,No rules,Aucune règle,view,view,view,translated in all three,1,CrossBuy/Views/Crm/AutomationRules.cshtml
No rules yet,لا توجد قواعد بعد,No rules yet,Aucune règle pour le moment,view,view,view,translated in all three,1,CrossBuy/Views/Crm/ScoringRules.cshtml
No rules yet — add an item above,لا توجد قواعد بعد — أضف صنفًا أعلاه,No rules yet — add an item above,Aucune règle pour le moment — ajoutez un article ci-dessus,view,view,view,translated in all three,1,CrossBuy/Views/Inventory/PriceListEditor.cshtml
No run recorded.,لا يوجد تشغيل مسجّل.,No run recorded.,Aucune exécution enregistrée.,view,view,view,translated in all three,1,CrossBuy/Views/Reports/Viewer.cshtml
No runs yet,لا توجد عمليات فحص بعد,No runs yet,Aucune exécution pour l'instant,view,view,view,translated in all three,2,CrossBuy/Views/Currency/Revaluation.cshtml
No salary policies defined.,لا توجد سياسات رواتب معرّفة.,No salary policies defined.,Aucune politique salariale définie.,view,view,view,translated in all three,1,CrossBuy/Views/Admin/EmployeeData.cshtml
No sales yet,لا توجد مبيعات بعد,No sales yet,Aucune vente pour le moment,view,view,view,translated in all three,1,CrossBuy/Views/Accounting/CustomerAnalytics.cshtml
No saved layout yet.,لا يوجد تنسيق محفوظ بعد.,No saved layout yet.,Aucune mise en page enregistrée.,view,view,view,translated in all three,1,CrossBuy/Views/Reports/Index.cshtml
No schedule,بلا جدول,No schedule,Aucun programme,view,view,view,translated in all three,1,CrossBuy/Views/Accounting/FixedAssetDetail.cshtml
No sections defined for this warehouse. Add them first from Warehouse sections/racks.,لا توجد سيكشنات لهذا المخزن. أضِفها أولًا من «سيكشنات/رفوف المخزن».,No sections defined for this warehouse. Add them first from Warehouse sections/racks.,Aucune section définie pour cet entrepôt. Ajoutez-les d'abord depuis Sections/rayons de l'entrepôt.,view,view,view,translated in all three,1,CrossBuy/Views/Inventory/ItemLocations.cshtml
No sections yet — add one from the left.,لا توجد سيكشنات بعد — أضِف واحدًا من اليمين.,No sections yet — add one from the left.,Aucune section pour l'instant — ajoutez-en une depuis la gauche.,view,view,view,translated in all three,1,CrossBuy/Views/Inventory/WarehouseSections.cshtml
No serials,لا توجد أرقام تسلسلية,No serials,Aucun numéro de série,view,view,view,translated in all three,1,CrossBuy/Views/Inventory/Serials.cshtml
No settlements yet.,لا توجد تسويات بعد.,No settlements yet.,Aucun solde pour l'instant.,view,view,view,translated in all three,1,CrossBuy/Views/Admin/FinalSettlement.cshtml
No shortage was recorded in this period.,لم يُسجّل أي نقص خلال هذه الفترة.,No shortage was recorded in this period.,Aucune pénurie n’a été enregistrée sur cette période.,view,view,view,translated in all three,1,CrossBuy/Views/RestaurantIntelligence/Index.cshtml
No shortages,لا توجد نواقص,No shortages,Aucune pénurie,view,view,view,translated in all three,1,CrossBuy/Views/Inventory/ReorderReport.cshtml
No slow-moving items for this criterion,لا توجد أصناف راكدة بهذا المعيار,No slow-moving items for this criterion,Aucun article à rotation lente pour ce critère,view,view,view,translated in all three,1,CrossBuy/Views/Inventory/StagnantReport.cshtml
No stations yet.,لا محطات بعد.,No stations yet.,Aucun poste pour le moment.,view,view,view,translated in all three,1,CrossBuy/Views/Pos/Areas.cshtml
No stock in this warehouse.,لا يوجد رصيد في هذا المخزن.,No stock in this warehouse.,Aucun stock dans ce dépôt.,view,view,view,translated in all three,1,CrossBuy/Views/Project/MaterialIssues.cshtml
No stock lines to match,لا توجد بنود مخزنية للمطابقة,No stock lines to match,Aucune ligne de stock à rapprocher,view,view,view,translated in all three,1,CrossBuy/Views/Inventory/PoMatch.cshtml
"No stocked items were available to analyse for this company, so no conclusion can be drawn about inventory risk.",لا توجد أصناف مخزنية متاحة للتحليل لهذه الشركة، لذلك لا يمكن استخلاص أي نتيجة بشأن مخاطر المخزون.,"No stocked items were available to analyse for this company, so no conclusion can be drawn about inventory risk.",Aucun article en stock n'était disponible pour cette société ; aucune conclusion ne peut être tirée sur le risque de stock.,view,view,view,translated in all three,1,CrossBuy/Views/Inventory/RiskInsights.cshtml
"No stocked items were available to analyse for this company, so no conclusion can be drawn.",لا توجد أصناف مخزنية متاحة للتحليل لهذه الشركة، لذلك لا يمكن استخلاص أي نتيجة.,"No stocked items were available to analyse for this company, so no conclusion can be drawn.",Aucun article en stock n'était disponible pour cette société ; aucune conclusion ne peut être tirée.,view,view,view,translated in all three,1,CrossBuy/Views/Accounting/AiInsights.cshtml
No structure available.,لا يوجد هيكل متاح.,No structure available.,Aucune structure disponible.,view,view,view,translated in all three,1,CrossBuy/Views/Admin/EmployeeData.cshtml
No subcontracts yet,لا توجد عقود باطن بعد,No subcontracts yet,Aucune sous-traitance,view,view,view,translated in all three,1,CrossBuy/Views/Project/Subcontracts.cshtml
No subject,بدون موضوع,No subject,Sans objet,view,fallback-to-key,view,english falls back to key text,1,CrossBuy/Views/Comm/Index.cshtml
No tab,بدون تبويب,No tab,Aucun onglet,view,view,view,translated in all three,1,CrossBuy/Views/Pos/QuickMenu.cshtml
No tables for this branch — add them in «Floor plan».,لا توجد طاولات لهذا الفرع — أضِفها من «مخطط الطاولات».,No tables for this branch — add them in «Floor plan».,Aucune table pour cette succursale — ajoutez-les dans « Plan de salle ».,view,view,view,translated in all three,1,CrossBuy/Views/Pos/Reservations.cshtml
No tables in this area.,لا طاولات في هذه الصالة.,No tables in this area.,Aucune table dans cette salle.,view,view,view,translated in all three,1,CrossBuy/Views/Pos/Reservations.cshtml
No tables in this hall,لا توجد طاولات في هذه الصالة,No tables in this hall,Aucune table dans cette salle,view,view,view,translated in all three,1,CrossBuy/Views/PosApp/Terminal.cshtml
No tables yet.,لا طاولات بعد.,No tables yet.,Aucune table pour le moment.,view,view,view,translated in all three,1,CrossBuy/Views/Pos/FloorPlan.cshtml
No tax codes,لا توجد أكواد ضرائب,No tax codes,Aucun code de taxe,view,view,view,translated in all three,1,CrossBuy/Views/Accounting/TaxCodes.cshtml
No templates,لا توجد نماذج,No templates,Aucun modèle,view,view,view,translated in all three,1,CrossBuy/Views/Admin/AppraisalTemplates.cshtml
No terminals for this branch,لا توجد أجهزة لهذا الفرع,No terminals for this branch,Aucun terminal pour cette succursale,view,view,view,translated in all three,1,CrossBuy/Views/PosApp/Start.cshtml
No terminals yet.,لا أجهزة بعد.,No terminals yet.,Aucun terminal pour le moment.,view,view,view,translated in all three,1,CrossBuy/Views/Pos/Terminals.cshtml
No tickets,لا توجد تذاكر,No tickets,Aucun ticket,view,view,view,translated in all three,1,CrossBuy/Views/Crm/Tickets.cshtml
No today/upcoming reservations.,لا حجوزات اليوم أو قادمة.,No today/upcoming reservations.,Aucune réservation aujourd'hui/à venir.,view,view,view,translated in all three,1,CrossBuy/Views/Pos/Reservations.cshtml
No trainings,لا توجد تدريبات,No trainings,Aucune formation,view,view,view,translated in all three,1,CrossBuy/Views/People/MyTrainings.cshtml
No transactions up to this date,لا توجد حركات حتى هذا التاريخ,No transactions up to this date,Aucune transaction jusqu'à cette date,view,view,view,translated in all three,1,CrossBuy/Views/Accounting/Reconcile.cshtml
No transfers,لا توجد تحويلات,No transfers,Aucun transfert,view,view,view,translated in all three,1,CrossBuy/Views/Inventory/StockTransfers.cshtml
No units,لا توجد وحدات,No units,Aucune unité,view,view,view,translated in all three,1,CrossBuy/Views/Inventory/Units.cshtml
No upcoming holidays,لا عطلات قادمة,No upcoming holidays,No upcoming holidays,view,fallback-to-key,fallback-to-key,english falls back to key text,1,CrossBuy/Views/Admin/Index.cshtml
No users found,لا يوجد مستخدمون,No users found,Aucun utilisateur trouvé,view,view,view,translated in all three,1,CrossBuy/Views/Shared/_LayoutManufacturing.cshtml
No variation orders yet,لا توجد أوامر تغيير بعد,No variation orders yet,Aucun ordre de variation,view,view,view,translated in all three,1,CrossBuy/Views/Project/VariationOrders.cshtml
No warehouses,لا توجد مخازن,No warehouses,Aucun entrepôt,view,view,view,translated in all three,1,CrossBuy/Views/Inventory/Warehouses.cshtml
No work centers yet.,لا توجد مراكز عمل بعد.,No work centers yet.,Aucun poste de charge pour le moment.,view,view,view,translated in all three,1,CrossBuy/Views/Inventory/WorkCenters.cshtml
No work centers yet. Add one first from the Work centers page.,لا توجد مراكز عمل بعد. أضِف مركز عمل أولًا من قائمة «مراكز العمل».,No work centers yet. Add one first from the Work centers page.,Aucun poste de charge pour le moment. Ajoutez-en un d'abord depuis la page Postes de charge.,view,view,view,translated in all three,1,CrossBuy/Views/Inventory/Routing.cshtml
No work orders,لا توجد أوامر تشغيل,No work orders,Aucun ordre de fabrication,view,view,view,translated in all three,1,CrossBuy/Views/Inventory/WorkOrders.cshtml
No work orders yet,لا توجد أوامر تشغيل بعد,No work orders yet,Aucun ordre de travail,view,view,view,translated in all three,1,CrossBuy/Views/Inventory/ManufDashboard.cshtml
No write-off documents,لا توجد مستندات إعدام,No write-off documents,Aucun document de radiation,view,view,view,translated in all three,1,CrossBuy/Views/Inventory/WriteOffs.cshtml
No zones yet.,لا مناطق بعد.,No zones yet.,Aucune zone pour le moment.,view,view,view,translated in all three,1,CrossBuy/Views/Pos/DeliveryZones.cshtml
No-show,لم يحضر,No-show,Absence,view,view,view,translated in all three,1,CrossBuy/Views/Pos/Reservations.cshtml
No.,الرقم,No.,N°,view,view,view,translated in all three,1,CrossBuy/Views/Inventory/LandedCosts.cshtml
NoData,لا توجد بيانات,No data available,Aucune donnée disponible,shared,shared,shared,translated in all three,8,CrossBuy/Views/Accounting/CustomerAnalytics.cshtml
NoLeavesAdded,لا توجد إجازات مضافة,No Leaves Added,Aucun congé ajouté,shared,shared,shared,translated in all three,1,CrossBuy/Views/Admin/Polices.cshtml
Nobody is on this project yet.,Nobody is on this project yet.,Nobody is on this project yet.,Nobody is on this project yet.,fallback-to-key,fallback-to-key,fallback-to-key,MISSING arabic — key shown to user,1,CrossBuy/Views/Project/Team.cshtml
Nobody is scheduled in this period yet.,لم تتم جدولة أي موظف في هذه الفترة بعد.,Nobody is scheduled in this period yet.,Personne n'est encore planifié sur cette période.,view,view,view,translated in all three,1,CrossBuy/Views/Roster/Index.cshtml
Non-stockable,مستهلك,Non-stockable,Non stockable,view,view,view,translated in all three,1,CrossBuy/Views/Inventory/_ItemRows.cshtml
None,بدون,None,Aucun,view,view,view,translated in all three,6,CrossBuy/Views/Accounting/NewPurchaseInvoice.cshtml
Normal,عادية,Normal,Normale,view,view,view,translated in all three,6,CrossBuy/Views/Announcements/Index.cshtml
Not archivable,غير قابل للأرشفة,Not archivable,Non archivable,view,view,view,translated in all three,1,CrossBuy/Views/Reports/Viewer.cshtml
Not attached,غير مرفق,Not attached,Non joint,view,view,view,translated in all three,1,CrossBuy/Views/Admin/ApplicationDetail.cshtml
Not balanced notice detail,يوجد فرق بين إجمالي المدين وإجمالي الدائن يجب مراجعته وتصحيحه قبل اعتماد الفترة.,There is a difference between total debit and total credit that must be reviewed and corrected before closing the period.,Il existe un écart entre le total du débit et le total du crédit qui doit être vérifié et corrigé avant la clôture.,shared,shared,shared,translated in all three,1,CrossBuy/Views/Accounting/TrialBalance.cshtml
Not configured (deferred),غير مُفعَّل (مؤجَّل),Not configured (deferred),Non configuré (différé),view,view,view,translated in all three,1,CrossBuy/Views/Accounting/EtaStatus.cshtml
Not found?,غير موجود؟,Not found?,Introuvable ?,view,view,view,translated in all three,1,CrossBuy/Views/Pos/Reservations.cshtml
Not generated,لم يتم الإنشاء,Not generated,Non généré,view,view,view,translated in all three,4,CrossBuy/Views/Accounting/AiInsights.cshtml
Not held,غير متوفر,Not held,Non détenu,view,view,view,translated in all three,1,CrossBuy/Views/Documents/Workspace.cshtml
Not posted,غير مُرحّلة,Not posted,Non comptabilisé,view,view,view,translated in all three,1,CrossBuy/Views/Project/Labor.cshtml
Not ready,Not ready,Not ready,Not ready,fallback-to-key,fallback-to-key,fallback-to-key,MISSING arabic — key shown to user,1,CrossBuy/Views/ProjectCloseout/Index.cshtml
Not ready yet,لم يجهز بعد,Not ready yet,Pas encore prête,view,view,view,translated in all three,1,CrossBuy/Views/PosApp/Delivery.cshtml
Not ready — requirements outstanding,غير جاهز — متطلبات غير مكتملة,Not ready — requirements outstanding,Non prêt — exigences en attente,view,view,view,translated in all three,1,CrossBuy/Views/EmployeeOnboarding/Index.cshtml
Not received yet — three-way match applies once a goods receipt is posted.,لم يُستلَم بعد — المطابقة الثلاثية تنطبق بعد ترحيل إذن استلام.,Not received yet — three-way match applies once a goods receipt is posted.,Pas encore reçu — le rapprochement à trois voies s'applique une fois qu'une réception de marchandises est comptabilisée.,view,view,view,translated in all three,1,CrossBuy/Views/Inventory/PoMatch.cshtml
Not required,غير مطلوبة,Not required,Non requis,view,view,view,translated in all three,2,CrossBuy/Views/Accounting/ChartOfAccounts.cshtml
Not sent,غير مُرسلة,Not sent,Non envoyée,view,view,view,translated in all three,2,CrossBuy/Views/Accounting/EtaStatus.cshtml
NotRequired,غير مطلوب,Not Required,Non requis,shared,shared,shared,translated in all three,1,CrossBuy/Views/Admin/Polices.cshtml
Note,ملاحظة,Note,Remarque,view,view,view,translated in all three,6,CrossBuy/Views/Accounting/JournalEntry.cshtml
Note (optional),ملاحظة (اختياري),Note (optional),Note (facultatif),view,view,view,translated in all three,1,CrossBuy/Views/People/Leaves.cshtml
Note No,رقم الإشعار,Note No,N° d'avoir,view,view,view,translated in all three,2,CrossBuy/Views/Accounting/PurchaseReturns.cshtml
Notes,ملاحظات,Notes,Remarques,shared,shared,shared,translated in all three,49,CrossBuy/Views/Accounting/CustomerStatement.cshtml
Nothing archived.,لا يوجد شيء مؤرشف.,Nothing archived.,Rien d'archivé.,view,view,view,translated in all three,2,CrossBuy/Views/Reports/Index.cshtml
Nothing awaiting your approval.,لا شيء بانتظار موافقتك.,Nothing awaiting your approval.,Nothing awaiting your approval.,view,fallback-to-key,fallback-to-key,english falls back to key text,1,CrossBuy/Views/Approvals/Index.cshtml
Nothing below reorder 👍 — set thresholds from Reorder settings.,"لا توجد أصناف تحت حد إعادة الطلب 👍 — اضبط الحدود من ""حدود إعادة الطلب"".",Nothing below reorder 👍 — set thresholds from Reorder settings.,Rien sous le seuil de réapprovisionnement 👍 — définissez les seuils depuis les Paramètres de réapprovisionnement.,view,view,view,translated in all three,1,CrossBuy/Views/Inventory/Planning.cshtml
"Nothing changed, so no new version was created.",لم يتغيّر شيء، فلم تُنشأ نسخة جديدة.,"Nothing changed, so no new version was created.","Rien n'a changé, aucune version n'a été créée.",view,view,view,translated in all three,1,CrossBuy/Views/Reports/Viewer.cshtml
Nothing expired or expiring.,لا توجد عناصر منتهية أو قاربت على الانتهاء.,Nothing expired or expiring.,Rien d'expiré ni d'expirant.,view,view,view,translated in all three,1,CrossBuy/Views/Admin/DocExpiryAlerts.cshtml
Nothing expiring soon,لا شيء قرب الانتهاء,Nothing expiring soon,Nothing expiring soon,view,fallback-to-key,fallback-to-key,english falls back to key text,1,CrossBuy/Views/Admin/Index.cshtml
Nothing here is resolved automatically. Each conflict names the rows involved so it can be fixed deliberately.,لا يُحل أي تعارض تلقائيًا. كل تعارض يذكر السجلات المعنية ليُعالج بشكل مقصود.,Nothing here is resolved automatically. Each conflict names the rows involved so it can be fixed deliberately.,Aucun conflit n'est résolu automatiquement. Chaque conflit nomme les lignes concernées afin d'être corrigé délibérément.,view,view,view,translated in all three,1,CrossBuy/Views/Roster/Index.cshtml
Nothing in the next few days,لا يوجد شيء في الأيام القليلة القادمة,Nothing in the next few days,Nothing in the next few days,view,view,fallback-to-key,MISSING french — English key shown,1,CrossBuy/Views/Workspace/Index.cshtml
Nothing is at or below its reorder point.,لا يوجد صنف بلغ حد إعادة الطلب أو نزل دونه.,Nothing is at or below its reorder point.,Aucun article n’a atteint son point de commande.,view,view,view,translated in all three,1,CrossBuy/Views/RestaurantIntelligence/Index.cshtml
Nothing is expired or expiring within the next 60 days.,لا يوجد منتهٍ أو قارب على الانتهاء خلال الـ 60 يومًا القادمة.,Nothing is expired or expiring within the next 60 days.,Nothing is expired or expiring within the next 60 days.,view,fallback-to-key,fallback-to-key,english falls back to key text,1,CrossBuy/Views/Admin/HrDocuments.cshtml
Nothing is queried until you do.,لا يتم استعلام أي بيانات قبل ذلك.,Nothing is queried until you do.,Aucune requête n'est faite avant.,view,view,view,translated in all three,1,CrossBuy/Views/Reports/Viewer.cshtml
Nothing needs renewing.,لا يوجد ما يحتاج تجديداً.,Nothing needs renewing.,Rien à renouveler.,view,view,view,translated in all three,1,CrossBuy/Views/Documents/Workspace.cshtml
Nothing needs your attention right now.,لا يوجد ما يتطلب انتباهك الآن.,Nothing needs your attention right now.,Nothing needs your attention right now.,view,view,fallback-to-key,MISSING french — English key shown,1,CrossBuy/Views/Workspace/Index.cshtml
Nothing posted to the ledger,لم يُرحَّل شيء إلى الدفتر,Nothing posted to the ledger,Rien n'a été comptabilisé,view,view,view,translated in all three,1,CrossBuy/Views/Accounting/MovementSummary.cshtml
"Nothing to carry (no carry-over limit in policies, or no remaining balance).",لا توجد أرصدة قابلة للترحيل (لا سقف ترحيل في السياسات أو لا رصيد متبقٍّ).,"Nothing to carry (no carry-over limit in policies, or no remaining balance).","Rien à reporter (aucune limite de report dans les politiques, ou aucun solde restant).",view,view,view,translated in all three,1,CrossBuy/Views/Admin/LeaveCarryOver.cshtml
Nothing was consumed in this period.,لم يُستهلَك شيء خلال هذه الفترة.,Nothing was consumed in this period.,Rien n’a été consommé sur cette période.,view,view,view,translated in all three,1,CrossBuy/Views/RestaurantIntelligence/Index.cshtml
Notice days,أيام الإشعار,Notice days,Jours de préavis,view,view,view,translated in all three,1,CrossBuy/Views/Admin/EmployeeData.cshtml
Notice period before leave,مدة الإشعار قبل الإجازة,Notice period before leave,Délai de préavis avant le congé,view,view,view,translated in all three,1,CrossBuy/Views/Admin/PolicesData.cshtml
NoticePeriod,فترة الإخطار (أيام),Notice Period (Days),Préavis (jours),shared,shared,shared,translated in all three,1,CrossBuy/Views/Admin/Polices.cshtml
NoticePeriodDays,فترة الإخطار المطلوبة,Notice Period Days,Jours de préavis,shared,shared,shared,translated in all three,1,CrossBuy/Views/Admin/PolicesData.cshtml
Notification preferences,تفضيلات الإشعارات,Notification preferences,Notification preferences,view,fallback-to-key,fallback-to-key,english falls back to key text,1,CrossBuy/Views/Notifications/Index.cshtml
Notifications,الإشعارات,Notifications,Notifications,view,view,shared,translated in all three,8,CrossBuy/Views/Notifications/Index.cshtml
Notify body,نص الإشعار,Notify body,Corps de la notification,view,view,view,translated in all three,1,CrossBuy/Views/Crm/AutomationRules.cshtml
Notify each affected employee?,إرسال تنبيه لكل موظف متأثر؟,Notify each affected employee?,Notifier chaque employé concerné ?,view,view,view,translated in all three,1,CrossBuy/Views/Admin/DocExpiryAlerts.cshtml
Notify owner,إشعار المالك,Notify owner,Notifier le propriétaire,view,view,view,translated in all three,1,CrossBuy/Views/Crm/AutomationRules.cshtml
Notify title,عنوان الإشعار,Notify title,Titre de la notification,view,view,view,translated in all three,1,CrossBuy/Views/Crm/AutomationRules.cshtml
Nov,نوفمبر,Nov,Nov,view,view,view,translated in all three,3,CrossBuy/Views/Accounting/Payroll.cshtml
November,نوفمبر,November,Novembre,view,view,view,translated in all three,2,CrossBuy/Views/People/Attendance.cshtml
Now,الآن,Now,Now,view,view,fallback-to-key,MISSING french — English key shown,1,CrossBuy/Views/Workspace/Index.cshtml
Number,رقم,Number,Numéro,shared,shared,shared,translated in all three,4,CrossBuy/Views/Accounting/FixedAssetDetail.cshtml
OH,أوفرهيد,OH,Frais généraux,view,view,view,translated in all three,1,CrossBuy/Views/Inventory/ManufReports.cshtml
OK,سليم,OK,OK,view,view,view,translated in all three,4,CrossBuy/Views/Admin/EmployeeData.cshtml
OT,إضافي,OT,HS,view,view,view,translated in all three,1,CrossBuy/Views/Admin/AttendanceEntry.cshtml
OT min,دقائق الإضافي,OT min,Minutes HS,view,view,view,translated in all three,1,CrossBuy/Views/Admin/Attendance.cshtml
Observations to watch,أرقام للمتابعة,Observations to watch,Valeurs à surveiller,view,view,view,translated in all three,1,CrossBuy/Views/Inventory/IntegrityReconciliation.cshtml
Occupied,مشغولة,Occupied,Occupée,view,view,view,translated in all three,2,CrossBuy/Views/Pos/Reservations.cshtml
Oct,أكتوبر,Oct,Oct,view,view,view,translated in all three,3,CrossBuy/Views/Accounting/Payroll.cshtml
October,أكتوبر,October,Octobre,view,view,view,translated in all three,2,CrossBuy/Views/People/Attendance.cshtml
Off,خصم,Off,Off,view,fallback-to-key,fallback-to-key,english falls back to key text,7,CrossBuy/Views/Crm/ScoringRules.cshtml
Off (no check),معطّل (بدون فحص),Off (no check),Désactivé (aucune vérification),view,view,view,translated in all three,1,CrossBuy/Views/Inventory/Settings.cshtml
Official,رسمية,Official,Official,view,fallback-to-key,fallback-to-key,english falls back to key text,1,CrossBuy/Views/Admin/Index.cshtml
Official holidays,العطلات الرسمية,Official holidays,Jours fériés officiels,view,shared,shared,translated in all three,2,CrossBuy/Views/Admin/HolidaysList.cshtml
"Official holidays are automatically excluded from leave day counts (not deducted from balance) and from absence. Tick \""recurring\"" for fixed annual feasts.","Official holidays are automatically excluded from leave day counts (not deducted from balance) and from absence. Tick \""recurring\"" for fixed annual feasts.","Official holidays are automatically excluded from leave day counts (not deducted from balance) and from absence. Tick \""recurring\"" for fixed annual feasts.","Official holidays are automatically excluded from leave day counts (not deducted from balance) and from absence. Tick \""recurring\"" for fixed annual feasts.",fallback-to-key,fallback-to-key,fallback-to-key,MISSING arabic — key shown to user,1,CrossBuy/Views/Admin/HolidaysList.cshtml
OfficialWorkingHours,دوام رسمي,Official Working Hours,Heures de travail officielles,shared,shared,shared,translated in all three,1,CrossBuy/Views/Admin/Polices.cshtml
Offline,غير متصل,Offline,Offline,view,fallback-to-key,fallback-to-key,english falls back to key text,1,CrossBuy/Views/Chat/Index.cshtml
Ok,حســـــــنا,Ok,Ok,shared,shared,shared,translated in all three,2,CrossBuy/Views/Service/BranchDetails.cshtml
Old,القديم,Old,Ancien,shared,fallback-to-key,shared,english falls back to key text,1,CrossBuy/Views/Inventory/BulkPriceChange.cshtml
Old price,السعر القديم,Old price,Old price,view,fallback-to-key,fallback-to-key,english falls back to key text,2,CrossBuy/Views/Inventory/ItemForm.cshtml
On,في,On,Le,view,view,view,translated in all three,1,CrossBuy/Views/Shared/_LayoutManufacturing.cshtml
On account,آجل (على الحساب),On account,À crédit,view,view,view,translated in all three,1,CrossBuy/Views/Pos/PaymentMethods.cshtml
On file,متوفر,On file,Au dossier,view,view,view,translated in all three,1,CrossBuy/Views/EmployeeOnboarding/Index.cshtml
On hand,الرصيد,On hand,En stock,view,view,view,translated in all three,10,CrossBuy/Views/Accounting/AiInsights.cshtml
On hand per warehouse,الرصيد لكل مخزن,On hand per warehouse,En stock par entrepôt,view,view,view,translated in all three,1,CrossBuy/Views/Inventory/ItemForm.cshtml
On hold,معلّق,On hold,On hold,view,fallback-to-key,fallback-to-key,english falls back to key text,1,CrossBuy/Views/Project/Dashboard.cshtml
On leave,في إجازة,On leave,On leave,view,fallback-to-key,fallback-to-key,english falls back to key text,1,CrossBuy/Views/Admin/Index.cshtml
On leave today,في إجازة اليوم,On leave today,On leave today,view,fallback-to-key,fallback-to-key,english falls back to key text,1,CrossBuy/Views/Admin/Index.cshtml
"On post: Dr project execution cost (510104) / Cr depreciation expense (520103) — the equipment's depreciation share is reclassified into project cost, tagged to the project. Accumulated depreciation and the depreciation schedule are not affected.",عند الترحيل: مدين تكلفة تنفيذ المشاريع (510104) / دائن مصروف الإهلاك (520103) — تُعاد تصنيف حصة إهلاك المعدة إلى تكلفة المشروع موسومةً به. مجمّع الإهلاك وجدول الإهلاك لا يتأثران.,"On post: Dr project execution cost (510104) / Cr depreciation expense (520103) — the equipment's depreciation share is reclassified into project cost, tagged to the project. Accumulated depreciation and the depreciation schedule are not affected.","À la comptabilisation : Dr coût d'exécution du projet (510104) / Cr charge d'amortissement (520103) — la quote-part d'amortissement de l'équipement est reclassée en coût du projet, rattachée au projet. L'amortissement cumulé et le plan d'amortissement ne sont pas affectés.",view,view,view,translated in all three,1,CrossBuy/Views/Project/EquipmentDepreciation.cshtml
"On post: Dr project execution cost (510104) / Cr salaries (520101) — actual salary reclassified into project cost, tagged to the project. Cost = timesheet hours × hourly cost.",عند الترحيل: مدين تكلفة تنفيذ المشاريع (510104) / دائن الرواتب (520101) — إعادة تصنيف الراتب الفعلي إلى تكلفة المشروع، موسوم بالمشروع. التكلفة = ساعات التايم شيت × سعر الساعة.,"On post: Dr project execution cost (510104) / Cr salaries (520101) — actual salary reclassified into project cost, tagged to the project. Cost = timesheet hours × hourly cost.","À la comptabilisation : Débit coût exécution projets (510104) / Crédit salaires (520101) — salaire réel reclassé en coût projet, affecté au projet. Coût = heures × coût horaire.",view,view,view,translated in all three,1,CrossBuy/Views/Project/Labor.cshtml
On post: Dr project execution cost (510104) [project] + VAT input / Cr vendor (AP) — via a purchase invoice; retention → Dr AP / Cr 2105 (settlement payment). ap_sub stays reconciled.,عند الترحيل: مدين تكلفة تنفيذ المشروع (510104) [المشروع] + ض.ق.م مدخلات / دائن المورّد (الدائنون) — عبر فاتورة شراء؛ المحتجز → مدين الدائنون / دائن 2105 (دفعة تسوية). ap_sub يبقى متطابقًا.,On post: Dr project execution cost (510104) [project] + VAT input / Cr vendor (AP) — via a purchase invoice; retention → Dr AP / Cr 2105 (settlement payment). ap_sub stays reconciled.,À la comptabilisation : Débit coût exécution (510104) [projet] + TVA déductible / Crédit fournisseur (dettes) — via facture d'achat ; retenue → Débit dettes / Crédit 2105. ap_sub reste réconcilié.,view,view,view,translated in all three,1,CrossBuy/Views/Project/Subcontracts.cshtml
"On sales (order/invoice) the net sell price — converted to the functional currency — is compared to (current average cost × (1 + margin%)). Foreign documents are converted first, so the floor works in any invoice currency. Each item can override the % on its card. Items with no known cost are skipped (no false block). Quotations only warn.",عند البيع (أمر بيع/فاتورة) يُقارَن صافي سعر البيع — محوّلًا للعملة الوظيفية — بـ (متوسط التكلفة الحالي × (1 + الهامش%)). المستند الأجنبي يُحوَّل قبل المقارنة فيعمل الحدّ مهما كانت عملة الفاتورة. يمكن تجاوز النسبة لكل صنف من بطاقة الصنف. الأصناف بلا تكلفة معروفة تُستثنى (لا منع خاطئ). عروض الأسعار تُنبّه فقط.,"On sales (order/invoice) the net sell price — converted to the functional currency — is compared to (current average cost × (1 + margin%)). Foreign documents are converted first, so the floor works in any invoice currency. Each item can override the % on its card. Items with no known cost are skipped (no false block). Quotations only warn.","Sur les ventes (commande/facture), le prix de vente net — converti dans la devise fonctionnelle — est comparé à (coût moyen actuel × (1 + marge%)). Les documents en devise étrangère sont convertis d'abord, de sorte que le plancher fonctionne dans n'importe quelle devise de facture. Chaque article peut substituer le % sur sa fiche. Les articles sans coût connu sont ignorés (aucun blocage erroné). Les devis avertissent seulement.",view,view,view,translated in all three,1,CrossBuy/Views/Inventory/Settings.cshtml
"On saving a sales order/invoice: if any line's discount exceeds this ceiling, Warn allows + notifies, and Block rejects unless the user has manage authority (approval). Discount% = discount amount ÷ (price×qty).",عند حفظ أمر بيع/فاتورة: إذا تجاوز خصم أي سطر هذا الحدّ، «تنبيه» يسمح ويُشعر، و«منع» يرفض المستند إلا لمن يملك صلاحية الإدارة (اعتماد). الخصم% = مبلغ الخصم ÷ (السعر×الكمية).,"On saving a sales order/invoice: if any line's discount exceeds this ceiling, Warn allows + notifies, and Block rejects unless the user has manage authority (approval). Discount% = discount amount ÷ (price×qty).","Lors de l'enregistrement d'une commande client/facture : si la remise d'une ligne dépasse ce plafond, Avertir autorise + notifie, et Bloquer rejette sauf si l'utilisateur dispose de l'autorité de gestion (approbation). Remise% = montant de la remise ÷ (prix×qté).",view,view,view,translated in all three,1,CrossBuy/Views/Inventory/Settings.cshtml
On track,ملتزم,On track,On track,view,fallback-to-key,fallback-to-key,english falls back to key text,1,CrossBuy/Views/Crm/Tickets.cshtml
On-hand,الأرصدة,On-hand,En stock,view,view,view,translated in all three,1,CrossBuy/Views/Inventory/Index.cshtml
On-premises model,نموذج داخل المنشأة,On-premises model,Modèle sur site,view,view,view,translated in all three,2,CrossBuy/Views/Accounting/AiInsights.cshtml
Onboarding checklist,قائمة متطلبات الالتحاق,Onboarding checklist,Liste d'intégration,view,view,view,translated in all three,1,CrossBuy/Views/EmployeeOnboarding/Index.cshtml
"Once approved, late minutes within this window are waived in attendance and payroll.",عند الاعتماد يُلغى احتساب التأخير على هذه النافذة في الحضور والراتب.,"Once approved, late minutes within this window are waived in attendance and payroll.","Une fois approuvée, les minutes de retard dans cette plage sont annulées dans la présence et la paie.",view,view,view,translated in all three,1,CrossBuy/Views/People/Requests.cshtml
One month's depreciation is computed for all active assets and posted as a single entry.,سيتم احتساب قسط شهر واحد لكل الأصول النشطة وترحيل قيد واحد.,One month's depreciation is computed for all active assets and posted as a single entry.,L'amortissement d'un mois est calculé pour toutes les immobilisations actives et comptabilisé en une seule écriture.,view,view,view,translated in all three,1,CrossBuy/Views/Accounting/DepreciationRuns.cshtml
"Only JPG, JPEG, PNG files allowed.",يُسمح فقط بملفات JPG وJPEG وPNG.,"Only JPG, JPEG, PNG files allowed.","Seuls les fichiers JPG, JPEG, PNG sont autorisés.",view,view,view,translated in all three,1,CrossBuy/Views/Admin/EmployeeData.cshtml
Only cash is active now,النقدي فقط مفعّل حاليًا,Only cash is active now,Seul le paiement en espèces est actif actuellement,view,view,view,translated in all three,1,CrossBuy/Views/PosApp/Terminal.cshtml
"Only image files are allowed (PNG, JPG, WEBP).",يُسمح بملفات الصور فقط (PNG، JPG، WEBP).,"Only image files are allowed (PNG, JPG, WEBP).","Only image files are allowed (PNG, JPG, WEBP).",view,fallback-to-key,fallback-to-key,english falls back to key text,1,CrossBuy/Views/Inventory/ItemForm.cshtml
Only items that have defined components appear here.,تظهر هنا الأصناف التي لها مكوّنات معرّفة فقط.,Only items that have defined components appear here.,Seuls les articles ayant des composants définis apparaissent ici.,view,view,view,translated in all three,1,CrossBuy/Views/Inventory/NewWorkOrder.cshtml
Only the most recent entries are shown,يُعرض أحدث ٢٠٠ حدث فقط — الأقدم غير معروض,Only the most recent entries are shown,Only the most recent entries are shown,shared,fallback-to-key,fallback-to-key,english falls back to key text,1,CrossBuy/Views/Shared/_DocEventTimeline.cshtml
Op,عملية,Op,Op.,view,view,view,translated in all three,1,CrossBuy/Views/Inventory/ItemForm.cshtml
Open,فتح,Open,Ouvrir,view,view,view,translated in all three,36,CrossBuy/Views/Accounting/DepreciationRuns.cshtml
Open & enter,Open & enter,Open & enter,Open & enter,fallback-to-key,fallback-to-key,fallback-to-key,MISSING arabic — key shown to user,1,CrossBuy/Views/PosApp/Start.cshtml
Open Leads,عملاء محتملون,Open Leads,Pistes ouvertes,view,view,view,translated in all three,1,CrossBuy/Views/Accounting/Executive.cshtml
Open WIP,تحت التشغيل المفتوح,Open WIP,En-cours ouvert,view,view,view,translated in all three,1,CrossBuy/Views/Inventory/ManufDashboard.cshtml
Open a new shift or continue the open one.,افتح وردية جديدة أو تابع المفتوحة.,Open a new shift or continue the open one.,Ouvrez un nouveau service ou continuez celui en cours.,view,view,view,translated in all three,1,CrossBuy/Views/PosApp/Start.cshtml
Open a saved template first — there is nothing to copy.,افتح قالبًا محفوظًا أولًا — لا يوجد ما يُنسخ.,Open a saved template first — there is nothing to copy.,Ouvrez d'abord un modèle enregistré — il n'y a rien à copier.,view,view,view,translated in all three,1,CrossBuy/Views/Reports/Viewer.cshtml
Open activities,أنشطة مفتوحة,Open activities,Activités ouvertes,view,view,view,translated in all three,2,CrossBuy/Views/Crm/Index.cshtml
Open asset,فتح الأصل,Open asset,Ouvrir l'actif,view,view,view,translated in all three,1,CrossBuy/Views/Accounting/MaintenanceDue.cshtml
Open calendar,فتح التقويم,Open calendar,Ouvrir le calendrier,shared,fallback-to-key,shared,english falls back to key text,1,CrossBuy/Views/Shared/_CalendarReminders.cshtml
Open credit balance,الرصيد الدائن,Open balance,Solde d'ouverture,view,view,view,translated in all three,1,CrossBuy/Views/Inventory/OpeningBalances.cshtml
Open cycle,فتح,Open,Ouvrir,view,view,view,translated in all three,1,CrossBuy/Views/Admin/Appraisals.cshtml
Open deals,صفقات مفتوحة,Open deals,Affaires ouvertes,view,view,view,translated in all three,1,CrossBuy/Views/Crm/AccountInsights.cshtml
Open debit balance,الرصيد المدين,Open balance,Solde d'ouverture,view,view,view,translated in all three,1,CrossBuy/Views/Inventory/OpeningBalances.cshtml
Open drawer,فتح درج النقدية,Open drawer,Ouvrir le tiroir,view,view,view,translated in all three,1,CrossBuy/Views/PosApp/Terminal.cshtml
Open for,مفتوحة منذ,Open for,Ouverte depuis,view,view,view,translated in all three,1,CrossBuy/Views/Crm/OpportunityInsights.cshtml
Open foreign AR/AP balances are revalued at the closing rate; the unrealized difference (4903 gain / 5903 loss) is posted with an automatic reversal the next day — so the control-account balance is not permanently affected.,تُعاد تقييم أرصدة العملاء والموردين الأجنبية المفتوحة بسعر الإقفال، ويُثبَت الفرق غير المحقق (4903 ربح / 5903 خسارة) مع قيد عكس تلقائي في اليوم التالي — فلا يتأثر رصيد حساب التحكّم بشكل دائم.,Open foreign AR/AP balances are revalued at the closing rate; the unrealized difference (4903 gain / 5903 loss) is posted with an automatic reversal the next day — so the control-account balance is not permanently affected.,Les soldes clients/fournisseurs en devise étrangère ouverts sont réévalués au taux de clôture ; la différence latente (gain 4903 / perte 5903) est comptabilisée avec une contre-passation automatique le lendemain — de sorte que le solde du compte de contrôle n'est pas affecté de façon permanente.,view,view,view,translated in all three,1,CrossBuy/Views/Currency/Revaluation.cshtml
"Open goods receipts (posted, not yet invoiced)",إيصالات استلام مفتوحة (مُرحّلة، لم تُفوتَر بعد),"Open goods receipts (posted, not yet invoiced)","Open goods receipts (posted, not yet invoiced)",view,fallback-to-key,fallback-to-key,english falls back to key text,1,CrossBuy/Views/Accounting/MatchReceipts.cshtml
Open in a new tab,فتح في تاب جديد,Open in a new tab,Ouvrir dans un nouvel onglet,view,view,view,translated in all three,2,CrossBuy/Views/Shared/_EntityConversation.cshtml
Open in new tab,فتح في تبويب جديد,Open in new tab,Ouvrir dans un nouvel onglet,view,fallback-to-key,view,english falls back to key text,3,CrossBuy/Views/Admin/ApplicationDetail.cshtml
"Open in the reports centre — parameters, formats and layouts",فتح في مركز التقارير — المعايير والصيغ والتنسيقات,"Open in the reports centre — parameters, formats and layouts","Ouvrir dans le centre de rapports — paramètres, formats et mises en page",view,view,view,translated in all three,1,CrossBuy/Views/Accounting/JournalEntry.cshtml
Open invoices,الفواتير المفتوحة,Open invoices,Factures ouvertes,view,view,view,translated in all three,1,CrossBuy/Views/PosApp/Terminal.cshtml
Open item card,فتح بطاقة الصنف,Open item card,Ouvrir la fiche article,view,view,view,translated in all three,1,CrossBuy/Views/Inventory/_ItemRows.cshtml
Open library,فتح المكتبة,Open library,Ouvrir la bibliothèque,view,fallback-to-key,view,english falls back to key text,1,CrossBuy/Views/Comm/Index.cshtml
Open opportunities,الفرص المفتوحة,Open opportunities,Open opportunities,shared,fallback-to-key,fallback-to-key,english falls back to key text,1,CrossBuy/Views/Crm/Index.cshtml
Open opportunities analysed,الفرص المفتوحة التي تم فحصها,Open opportunities analysed,Opportunités ouvertes analysées,view,view,view,translated in all three,1,CrossBuy/Views/Crm/OpportunityInsights.cshtml
Open opps,فرص مفتوحة,Open opps,Opportunités ouvertes,view,view,view,translated in all three,1,CrossBuy/Views/Crm/Forecast.cshtml
Open orders,طلبات مفتوحة,Open orders,Open orders,view,fallback-to-key,fallback-to-key,english falls back to key text,1,CrossBuy/Views/Pos/Dashboard.cshtml
Open pipeline value,قيمة الفرص المفتوحة,Open pipeline value,Open pipeline value,shared,fallback-to-key,fallback-to-key,english falls back to key text,1,CrossBuy/Views/Crm/Index.cshtml
Open shift,فتح وردية,Open shift,Ouvrir le service,view,view,view,translated in all three,1,CrossBuy/Views/Pos/Terminals.cshtml
Open shifts,ورديات مفتوحة,Open shifts,Open shifts,view,fallback-to-key,fallback-to-key,english falls back to key text,1,CrossBuy/Views/Pos/Dashboard.cshtml
Open statement,عرض الكشف,Open statement,Ouvrir le relevé,view,view,view,translated in all three,1,CrossBuy/Views/Accounting/PartyStatementPicker.cshtml
Open task,فتح المهمة,Open task,Ouvrir la tâche,view,view,view,translated in all three,1,CrossBuy/Views/InsightActions/_NewTask.cshtml
Open tasks,Open tasks,Open tasks,Open tasks,fallback-to-key,fallback-to-key,fallback-to-key,MISSING arabic — key shown to user,1,CrossBuy/Views/ProjectCloseout/Index.cshtml
Open the existing task,فتح المهمة الحالية,Open the existing task,Ouvrir la tâche existante,view,view,view,translated in all three,1,CrossBuy/Views/InsightActions/_NewTask.cshtml
Open tickets,تذاكر مفتوحة,Open tickets,Tickets ouverts,view,view,view,translated in all three,3,CrossBuy/Views/Crm/Index.cshtml
Open value,قيمة مفتوحة,Open value,Valeur ouverte,view,view,view,translated in all three,2,CrossBuy/Views/Crm/AccountInsights.cshtml
Open value on flagged accounts,القيمة المفتوحة على الحسابات المُعلَّمة,Open value on flagged accounts,Valeur ouverte sur les comptes signalés,view,view,view,translated in all three,1,CrossBuy/Views/Crm/AccountInsights.cshtml
OpenDetail,فتح,Open,Ouvrir,view,view,view,translated in all three,1,CrossBuy/Views/Crm/_TicketRows.cshtml
Opening,رصيد افتتاحي,Opening,Ouverture,view,view,view,translated in all three,5,CrossBuy/Views/Accounting/BankAccounts.cshtml
Opening balance,رصيد افتتاحي,Opening balance,Solde d'ouverture,shared,shared,shared,translated in all three,3,CrossBuy/Views/Accounting/CustomerStatement.cshtml
Opening balances,الأرصدة الافتتاحية,Opening balances,Soldes d'ouverture,view,view,view,translated in all three,1,CrossBuy/Views/Inventory/OpeningBalances.cshtml
Opening balances (Go-Live),الأرصدة الافتتاحية (Go-Live),Opening balances (Go-Live),Soldes d'ouverture (Go-Live),view,view,view,translated in all three,1,CrossBuy/Views/Inventory/OpeningBalances.cshtml
Opening balances are finalized — entry is locked. Corrections go through a normal journal entry.,تم تثبيت الأرصدة الافتتاحية — الإدخال مقفول. أي تصحيح يتم بقيد محاسبي عادي.,Opening balances are finalized — entry is locked. Corrections go through a normal journal entry.,Les soldes d'ouverture sont finalisés — la saisie est verrouillée. Les corrections passent par une écriture comptable normale.,view,view,view,translated in all three,1,CrossBuy/Views/Inventory/OpeningBalances.cshtml
Opening cash,الرصيد الافتتاحي,Opening cash,Trésorerie d'ouverture,view,view,view,translated in all three,1,CrossBuy/Views/Accounting/AiInsights.cshtml
Opening cost,التكلفة الافتتاحية,Opening cost,Coût d'ouverture,view,view,view,translated in all three,1,CrossBuy/Views/Inventory/ItemForm.cshtml
Opening float,عهدة افتتاحية,Opening float,Fonds de caisse initial,view,view,view,translated in all three,2,CrossBuy/Views/Pos/Terminals.cshtml
Opens the employee wizard prefilled; documents transfer on save.,يفتح معالج الموظف مملوءًا مسبقًا؛ المستندات تُرحَّل عند الحفظ.,Opens the employee wizard prefilled; documents transfer on save.,Ouvre l’assistant employé prérempli ; les documents sont transférés à l’enregistrement.,view,view,view,translated in all three,1,CrossBuy/Views/Admin/ApplicationDetail.cshtml
Operating,تشغيلي,Operating,Exploitation,view,view,view,translated in all three,1,CrossBuy/Views/Accounting/ChartOfAccounts.cshtml
Operation,العملية,Operation,Opération,view,view,view,translated in all three,2,CrossBuy/Views/Inventory/NewAssembly.cshtml
Operation name,اسم العملية,Operation name,Nom de l'opération,view,view,view,translated in all three,1,CrossBuy/Views/Inventory/Routing.cshtml
Operation name (English),Operation name (English),Operation name (English),Operation name (English),fallback-to-key,fallback-to-key,fallback-to-key,MISSING arabic — key shown to user,1,CrossBuy/Views/Inventory/Routing.cshtml
Operational position,Operational position,Operational position,Operational position,fallback-to-key,fallback-to-key,fallback-to-key,MISSING arabic — key shown to user,1,CrossBuy/Views/ProjectCloseout/Index.cshtml
Operations platform setup,تأسيس منصة العمليات,Operations platform setup,Configuration de la plateforme d'exploitation,view,view,view,translated in all three,1,CrossBuy/Views/Pos/Setup.cshtml
Operations run in sequence. Operation time = (setup + run-per-unit × qty). Cost is computed automatically when a work order is created.,العمليات تُنفَّذ بالترتيب. وقت العملية = (وقت التجهيز + وقت التشغيل لكل وحدة × الكمية). تُحتسب التكلفة عند إنشاء أمر التشغيل تلقائيًا.,Operations run in sequence. Operation time = (setup + run-per-unit × qty). Cost is computed automatically when a work order is created.,Les opérations s'exécutent en séquence. Temps d'opération = (réglage + temps unitaire × qté). Le coût est calculé automatiquement lors de la création d'un ordre de fabrication.,view,view,view,translated in all three,1,CrossBuy/Views/Inventory/Routing.cshtml
Operations setup,تأسيس العمليات,Operations setup,Configuration des opérations,view,shared,shared,translated in all three,1,CrossBuy/Views/Pos/Dashboard.cshtml
Operator,الشرط,Operator,Opérateur,view,view,view,translated in all three,1,CrossBuy/Views/Crm/ScoringRules.cshtml
Opportunities,الفرص,Opportunities,Opportunités,view,view,view,translated in all three,5,CrossBuy/Views/Crm/AccountInsights.cshtml
Opportunity,الفرصة,Opportunity,Opportunité,view,view,view,translated in all three,2,CrossBuy/Views/Crm/CustomFields.cshtml
Opportunity Insights,تحليلات الفرص,Opportunity Insights,Analyses des opportunités,view,view,view,translated in all three,2,CrossBuy/Views/Crm/AccountInsights.cshtml
Opportunity pipeline,مسار الفرص,Opportunity pipeline,Opportunity pipeline,shared,fallback-to-key,fallback-to-key,english falls back to key text,1,CrossBuy/Views/Crm/Index.cshtml
Opportunity stage changed,تغيّر مرحلة الفرصة,Opportunity stage changed,Étape d'opportunité modifiée,view,view,view,translated in all three,1,CrossBuy/Views/Crm/AutomationRules.cshtml
Opportunity value,قيمة الفرصة,Opportunity value,Valeur de l'opportunité,view,view,view,translated in all three,1,CrossBuy/Views/Crm/OpportunityProducts.cshtml
Opps,فرص,Opps,Opps,view,view,view,translated in all three,3,CrossBuy/Views/Crm/Accounts.cshtml
Option,الخيار,Option,Option,view,view,view,translated in all three,1,CrossBuy/Views/Pos/Modifiers.cshtml
Option name,اسم الخيار,Option name,Nom de l'option,view,view,view,translated in all three,1,CrossBuy/Views/Pos/Modifiers.cshtml
Optional,اختياري,Optional,Facultatif,view,view,view,translated in all three,3,CrossBuy/Views/Admin/ApplicationDetail.cshtml
Optional English description,Optional English description,Optional English description,Optional English description,fallback-to-key,fallback-to-key,fallback-to-key,MISSING arabic — key shown to user,2,CrossBuy/Views/Crm/ListEditor.cshtml
Optional English name,Optional English name,Optional English name,Optional English name,fallback-to-key,fallback-to-key,fallback-to-key,MISSING arabic — key shown to user,2,CrossBuy/Views/Crm/AutomationRules.cshtml
Optional English subject,Optional English subject,Optional English subject,Optional English subject,fallback-to-key,fallback-to-key,fallback-to-key,MISSING arabic — key shown to user,3,CrossBuy/Views/Crm/Activities.cshtml
Optional English title,Optional English title,Optional English title,Optional English title,fallback-to-key,fallback-to-key,fallback-to-key,MISSING arabic — key shown to user,1,CrossBuy/Views/Crm/Opportunities.cshtml
Optional helper — hours × rate fills the share amount,مساعِد اختياري — الساعات × المعدل تملأ مبلغ الحصة,Optional helper — hours × rate fills the share amount,Aide facultative — heures × taux remplit le montant,view,view,view,translated in all three,1,CrossBuy/Views/Project/EquipmentDepreciation.cshtml
Options,خيارات,Options,Options,view,view,view,translated in all three,1,CrossBuy/Views/Pos/Modifiers.cshtml
OrContinueWith,أو تابع عبر,or continue with,ou continuer avec,shared,shared,shared,translated in all three,1,CrossBuy/Views/Shared/Components/ExternalSignIn/Default.cshtml
Orange: break duration within the work schedule,برتقالي: مدة الاستراحة داخل جدول العمل,Orange: break duration within the work schedule,Orange : durée de la pause dans l'horaire de travail,view,view,view,translated in all three,1,CrossBuy/Views/Admin/Polices.cshtml
Order,شراء,Order,Commander,view,view,view,translated in all three,6,CrossBuy/Views/Accounting/PayrollTaxSettings.cshtml
Order Tracking,تتبع الطلب,Order Tracking,Suivi de commande,view,view,view,translated in all three,1,CrossBuy/Views/Shared/_mainLayout.cshtml
Order held,تم تعليق الطلب,Order held,Commande mise en attente,view,view,view,translated in all three,1,CrossBuy/Views/PosApp/Terminal.cshtml
Order moved,تم نقل الطلب,Order moved,Commande déplacée,view,view,view,translated in all three,1,CrossBuy/Views/PosApp/Terminal.cshtml
Order recalled,تم استرجاع الطلب,Order recalled,Commande rappelée,view,view,view,translated in all three,1,CrossBuy/Views/PosApp/Terminal.cshtml
Order top-to-bottom. Each stage has a probability%. Flag the Won and Lost stages — reaching the Won stage recognizes the win and links the financial customer automatically.,الترتيب من أعلى لأسفل. لكل مرحلة احتمالية٪. علّم مرحلة الفوز ومرحلة الخسارة — يُعترف بالفوز ويُربط العميل المالي تلقائيًا عند الوصول لمرحلة الفوز.,Order top-to-bottom. Each stage has a probability%. Flag the Won and Lost stages — reaching the Won stage recognizes the win and links the financial customer automatically.,Ordonnez de haut en bas. Chaque étape a une probabilité en %. Marquez les étapes Gagné et Perdu — atteindre l'étape Gagné comptabilise le gain et associe automatiquement le client financier.,view,view,view,translated in all three,1,CrossBuy/Views/Crm/PipelineEditor.cshtml
Order-based (staged),أمر تشغيل بمراحل,Order-based (staged),Basée sur l'ordre (par étapes),view,view,view,translated in all three,1,CrossBuy/Views/Inventory/ItemForm.cshtml
OrderBased,بمراحل,OrderBased,OrderBased,view,view,view,translated in all three,1,CrossBuy/Views/Inventory/WorkOrderDetails.cshtml
Ordered,مطلوب,Ordered,Commandé,view,view,view,translated in all three,1,CrossBuy/Views/Inventory/PoMatch.cshtml
"Ordered by: most serious first, then longest overdue or neglected, then largest amount.",الترتيب: الأخطر أولاً، ثم الأطول تأخيراً أو إهمالاً، ثم الأكبر قيمة.,"Ordered by: most serious first, then longest overdue or neglected, then largest amount.","Tri : le plus grave d'abord, puis le plus en retard ou négligé, puis le montant le plus élevé.",view,view,view,translated in all three,1,CrossBuy/Views/Crm/OpportunityInsights.cshtml
"Ordered by: most serious first, then longest silent, then largest open pipeline value.",الترتيب: الأخطر أولاً، ثم الأطول صمتاً، ثم الأكبر قيمة مفتوحة.,"Ordered by: most serious first, then longest silent, then largest open pipeline value.","Tri : le plus grave d'abord, puis le plus longtemps silencieux, puis la plus grande valeur ouverte.",view,view,view,translated in all three,1,CrossBuy/Views/Crm/AccountInsights.cshtml
Orders,الطلبات,Orders,Commandes,view,view,view,translated in all three,5,CrossBuy/Views/Hyper/HyperSales.cshtml
Orders by type,الطلبات حسب النوع,Orders by type,Orders by type,view,fallback-to-key,fallback-to-key,english falls back to key text,1,CrossBuy/Views/Pos/Dashboard.cshtml
Org Structure,الهيكل الإداري,Org Structure,Structure organisationnelle,view,view,view,translated in all three,2,CrossBuy/Views/People/Structure.cshtml
Org chart,مخطط المنظمة,Org chart,Organigramme,view,view,view,translated in all three,1,CrossBuy/Views/Admin/AdministrativeStructure.cshtml
Org chart - fullscreen,مخطط المنظمة - عرض كامل,Org chart - fullscreen,Organigramme - plein écran,view,view,view,translated in all three,1,CrossBuy/Views/Admin/AdministrativeStructure.cshtml
Org node,من الهيكل,Org node,Nœud d'organigramme,view,view,view,translated in all three,1,CrossBuy/Views/Accounting/CostCenters.cshtml
Org structure,الهيكل التنظيمي,Org structure,Structure organisationnelle,view,shared,shared,translated in all three,1,CrossBuy/Views/Admin/Index.cshtml
Organic,عضوي,Organic,Organic,view,fallback-to-key,fallback-to-key,english falls back to key text,2,CrossBuy/Views/Store/Category.cshtml
Organization assignment,التعيين التنظيمي,Organization assignment,Affectation dans l'organisation,view,view,view,translated in all three,1,CrossBuy/Views/Admin/EmployeeData.cshtml
Orig. invoice,الفاتورة الأصلية,Orig. invoice,Facture d'orig.,view,view,view,translated in all three,2,CrossBuy/Views/Accounting/PurchaseReturns.cshtml
Original acquisition,تاريخ الشراء الأصلي,Original acquisition,Acquisition d'origine,view,view,view,translated in all three,1,CrossBuy/Views/Inventory/OpeningBalances.cshtml
Original contract,العقد الأصلي,Original contract,Contrat initial,view,view,view,translated in all three,1,CrossBuy/Views/Project/VariationOrders.cshtml
Original inv.,فاتورة أصلية,Original inv.,Facture d'origine,view,view,view,translated in all three,1,CrossBuy/Views/Accounting/NewPurchaseReturn.cshtml
Original invoice,الفاتورة الأصلية,Original invoice,Facture d'origine,view,view,view,translated in all three,3,CrossBuy/Views/Accounting/NewSalesReturn.cshtml
Other,أخرى,Other,Autre,view,view,view,translated in all three,4,CrossBuy/Views/Admin/DocExpiryAlerts.cshtml
Other document,مستند آخر,Other document,Autre document,view,view,view,translated in all three,1,CrossBuy/Views/Admin/ApplicationDetail.cshtml
Other documents,مستندات أخرى,Other documents,Autres documents,view,view,view,translated in all three,1,CrossBuy/Views/Admin/ApplicationDetail.cshtml
Other earnings,مستحقات أخرى,Other earnings,Autres gains,view,view,view,translated in all three,1,CrossBuy/Views/Admin/FinalSettlement.cshtml
OtherAllowances,بدلات اخري,Other Allowances,Autres indemnités,shared,shared,shared,translated in all three,1,CrossBuy/Views/Admin/Polices.cshtml
Our Suppliers,موردونا,Our Suppliers,Nos fournisseurs,view,view,view,translated in all three,1,CrossBuy/Views/Shared/_mainLayout.cshtml
Our location,موقعنا,Our location,Notre emplacement,view,view,view,translated in all three,1,CrossBuy/Views/Shared/_mainLayout.cshtml
Out,نفد,Out,Rupture,view,view,view,translated in all three,4,CrossBuy/Views/Admin/AttendanceEntry.cshtml
Out for delivery,خرج للتوصيل,Out for delivery,En cours de livraison,view,view,view,translated in all three,1,CrossBuy/Views/PosApp/Delivery.cshtml
Out of stock,نفد المخزون,Out of stock,Rupture de stock,view,view,view,translated in all three,1,CrossBuy/Views/Inventory/Index.cshtml
Out of stock with recent demand,نفاد مخزون مع طلب حديث,Out of stock with recent demand,Rupture avec demande récente,view,view,view,translated in all three,1,CrossBuy/Views/Inventory/RiskInsights.cshtml
Outbound — decreases stock,حركة إخراج — تقلّل الرصيد,Outbound — decreases stock,Sortant — diminue le stock,view,view,view,translated in all three,1,CrossBuy/Views/Inventory/NewMovement.cshtml
Outbox,الصادر,Outbox,Outbox,view,fallback-to-key,fallback-to-key,english falls back to key text,3,CrossBuy/Views/Comm/Compose.cshtml
Output VAT,ضريبة المخرجات,Output VAT,TVA collectée,view,view,view,translated in all three,2,CrossBuy/Views/Accounting/Index.cshtml
Output VAT (sales),ضريبة المخرجات (مبيعات),Output VAT (sales),TVA collectée (ventes),view,view,view,translated in all three,1,CrossBuy/Views/Accounting/VatReturnDetail.cshtml
Output and input VAT are computed from movement on the VAT accounts during the period.,تُحتسب ضريبة المخرجات والمدخلات من حركة الحسابات الضريبية خلال الفترة.,Output and input VAT are computed from movement on the VAT accounts during the period.,La TVA collectée et déductible est calculée à partir des mouvements sur les comptes de TVA pendant la période.,view,view,view,translated in all three,1,CrossBuy/Views/Accounting/VatReturns.cshtml
Outstanding,المتبقي,Outstanding,Restant dû,view,view,view,translated in all three,3,CrossBuy/Views/Accounting/CustomerAnalytics.cshtml
Over,تجاوز,Over,Dépassement,view,view,view,translated in all three,2,CrossBuy/Views/PosApp/Terminal.cshtml
Over 500 new products,أكثر من 500 منتج جديد,Over 500 new products,Plus de 500 nouveaux produits,view,view,view,translated in all three,1,CrossBuy/Views/Admin/PolicesData.cshtml
Over limit,تجاوز الحد,Over limit,Limite dépassée,view,view,view,translated in all three,1,CrossBuy/Views/Accounting/_CustomerRows.cshtml
Overall progress,نسبة الإنجاز الكلية,Overall progress,Avancement global,view,view,view,translated in all three,1,CrossBuy/Views/Project/Progress.cshtml
Overdue,متأخر,Overdue,Overdue,view,view,fallback-to-key,MISSING french — English key shown,5,CrossBuy/Views/Admin/Index.cshtml
Overdue deal exposure,انكشاف صفقات متأخرة,Overdue deal exposure,Exposition aux affaires en retard,view,view,view,translated in all three,1,CrossBuy/Views/Crm/AccountInsights.cshtml
Overhead,الأوفرهيد,Overhead,Frais généraux,view,view,view,translated in all three,3,CrossBuy/Views/Inventory/ManufDashboard.cshtml
Overhead (routing),الأوفرهيد (المسار),Overhead (routing),Frais généraux (gamme),view,view,view,translated in all three,1,CrossBuy/Views/Inventory/ItemForm.cshtml
Overhead (total),أوفرهيد (إجمالي),Overhead (total),Frais généraux (total),view,view,view,translated in all three,1,CrossBuy/Views/Inventory/NewWorkOrder.cshtml
Overhead/hour,أوفرهيد/ساعة,Overhead/hour,Frais généraux/heure,view,view,view,translated in all three,1,CrossBuy/Views/Inventory/WorkCenters.cshtml
Overhead/hr,أوفرهيد/ساعة,Overhead/hr,Frais généraux/h,view,view,view,translated in all three,1,CrossBuy/Views/Inventory/WorkCenters.cshtml
Overhead/unit,أوفرهيد/وحدة,Overhead/unit,Frais généraux/unité,view,view,view,translated in all three,1,CrossBuy/Views/Inventory/Routing.cshtml
Overlaps another shift,يتداخل مع مناوبة أخرى,Overlaps another shift,Chevauche un autre poste,view,view,view,translated in all three,1,CrossBuy/Views/Roster/Index.cshtml
Override price,سعر بديل (اختياري),Override price,Prix substitué,view,view,view,translated in all three,1,CrossBuy/Views/Inventory/PriceListEditor.cshtml
Overtime,الإضافي,Overtime,Heures supplémentaires,view,view,view,translated in all three,5,CrossBuy/Views/Accounting/Payslip.cshtml
Overtime candidate — not a payroll decision,دقائق إضافية مرشحة — ليست قرار رواتب,Overtime candidate — not a payroll decision,Heures supplémentaires potentielles — pas une décision de paie,view,view,view,translated in all three,1,CrossBuy/Views/Roster/Mine.cshtml
OvertimeLatenessAndAbsence,الإضافي، التأخير والغياب,"Overtime, Lateness, and Absence","Heures supplémentaires, retards et absences",shared,shared,shared,translated in all three,1,CrossBuy/Views/Admin/Polices.cshtml
OvertimeRate,نسبة الإضافي,Overtime Rate,Taux des heures supplémentaires,shared,shared,shared,translated in all three,1,CrossBuy/Views/Admin/Polices.cshtml
Owed by the customer,على العميل,Owed by the customer,Dû par le client,view,view,view,translated in all three,1,CrossBuy/Views/Accounting/CustomerStatement.cshtml
Owed to the vendor,لصالح المورد,Owed to the vendor,Dû au fournisseur,view,view,view,translated in all three,1,CrossBuy/Views/Accounting/VendorStatement.cshtml
Owner,مالك,Owner,Propriétaire,view,view,view,translated in all three,6,CrossBuy/Views/Calendar/Index.cshtml
PID,رقم العملية,PID,PID,view,view,view,translated in all three,1,CrossBuy/Views/BusinessEventMonitor/Index.cshtml
PM,مساءً,PM,PM,shared,shared,shared,translated in all three,1,CrossBuy/Views/Admin/Polices.cshtml
PNG/JPG/SVG — saved under /uploads/brands/,PNG/JPG/SVG — يُحفظ في /uploads/brands/,PNG/JPG/SVG — saved under /uploads/brands/,PNG/JPG/SVG — enregistré sous /uploads/brands/,view,view,view,translated in all three,1,CrossBuy/Views/Brand/BrandEditor.cshtml
PO,أمر الشراء,PO,BC,view,view,view,translated in all three,1,CrossBuy/Views/Inventory/GoodsReceipts.cshtml
PO No.,رقم الأمر,PO No.,N° BC,view,view,view,translated in all three,1,CrossBuy/Views/Inventory/PurchaseOrders.cshtml
PO price,سعر الأمر,PO price,Prix du bon de commande,view,view,view,translated in all three,1,CrossBuy/Views/Inventory/PoMatch.cshtml
POS,نقطة البيع,Point of Sale,Point de vente,shared,shared,shared,translated in all three,2,CrossBuy/Views/PosApp/Delivery.cshtml
POS sales settings,إعدادات البيع (POS),POS sales settings,Paramètres de vente du point de vente,view,view,view,translated in all three,1,CrossBuy/Views/Pos/Setup.cshtml
POSShort,نقطة البيع,POS,PDV,shared,shared,shared,translated in all three,1,CrossBuy/Views/Shared/Components/ModuleTiles/Default.cshtml
Page,صفحة,Page,Page,view,view,view,translated in all three,1,CrossBuy/Views/Reports/Viewer.cshtml
PageTitle,نظام المخازن - CrossBuy,Inventory System - CrossBuy,Système d'inventaire - CrossBuy,view,view,view,translated in all three,3,CrossBuy/Views/Shared/_LayoutAccounting.cshtml
Pages,الصفحات,Pages,Pages,view,view,view,translated in all three,1,CrossBuy/Views/Shared/_mainLayout.cshtml
Paid,المدفوع,Paid,Payé,view,view,view,translated in all three,3,CrossBuy/Views/Accounting/PayrollDisbursement.cshtml
Paid on day,يُدفع في يوم,Paid on day,Payé le jour,view,view,view,translated in all three,1,CrossBuy/Views/Admin/EmployeeData.cshtml
Panels unavailable,لوحات غير متاحة,Panels unavailable,Panels unavailable,view,view,fallback-to-key,MISSING french — English key shown,1,CrossBuy/Views/Workspace/Index.cshtml
Paper width,عرض الورق,Paper width,Largeur du papier,view,view,view,translated in all three,1,CrossBuy/Views/Pos/Terminals.cshtml
Parent,الحساب الأب,Parent,Parent,view,view,view,translated in all three,1,CrossBuy/Views/Accounting/ChartOfAccounts.cshtml
Parent category,الفئة الأب,Parent category,Catégorie parente,view,view,view,translated in all three,1,CrossBuy/Views/Inventory/CategoryForm.cshtml
ParentCompay,الشركة الام,Parent Compay,Société mère,shared,shared,shared,translated in all three,2,CrossBuy/Views/Service/BranchDetails.cshtml
Part-time,دوام جزئي,Part-time,Temps partiel,view,view,view,translated in all three,3,CrossBuy/Views/Admin/ApplicationForm.cshtml
Partial,إنتاج جزئي,Partial,Partiel,view,view,view,translated in all three,1,CrossBuy/Views/Inventory/WorkOrderDetails.cshtml
Partial return,مرتجع جزئي,Partial return,Partial return,view,fallback-to-key,fallback-to-key,english falls back to key text,1,CrossBuy/Views/PosApp/Terminal.cshtml
Party,أشخاص,Party,Couverts,view,view,view,translated in all three,2,CrossBuy/Views/Currency/Revaluation.cshtml
Passport,جواز سفر,Passport,Passeport,view,view,view,translated in all three,2,CrossBuy/Views/Admin/DocExpiryAlerts.cshtml
Password,كلمة المرور,Password,Mot de passe,shared,shared,shared,translated in all three,3,CrossBuy/Views/Account/Login.cshtml
Past expected close date,تجاوز تاريخ الإغلاق المتوقع,Past expected close date,Date de clôture prévue dépassée,view,view,view,translated in all three,1,CrossBuy/Views/Crm/OpportunityInsights.cshtml
Past reconciliations,التسويات السابقة,Past reconciliations,Rapprochements passés,view,view,view,translated in all three,1,CrossBuy/Views/Accounting/Reconcile.cshtml
Past runs,عمليات سابقة,Past runs,Exécutions passées,view,view,view,translated in all three,1,CrossBuy/Views/Currency/Revaluation.cshtml
"Paste a range from Excel with Ctrl+V, and type = for a formula",الصق نطاقًا من إكسل بـ Ctrl+V، واكتب = لمعادلة,"Paste a range from Excel with Ctrl+V, and type = for a formula","Collez une plage depuis Excel avec Ctrl+V, et tapez = pour une formule",view,view,view,translated in all three,1,CrossBuy/Views/Accounting/CreateJournal.cshtml
Pay,صرف,Pay,Payer,view,view,view,translated in all three,1,CrossBuy/Views/Admin/LeaveAccrual.cshtml
Pay account,حساب السداد,Pay account,Compte de paiement,view,view,view,translated in all three,1,CrossBuy/Views/Inventory/WorkOrderDetails.cshtml
Pay date,تاريخ الصرف,Pay date,Date de paiement,view,view,view,translated in all three,1,CrossBuy/Views/Accounting/PayrollDisbursement.cshtml
Pay from,الدفع من,Pay from,Payer depuis,view,view,view,translated in all three,2,CrossBuy/Views/Accounting/PayrollDisbursement.cshtml
Pay from (opt.),سداد من (اختياري),Pay from (opt.),Payer depuis (opt.),view,view,view,translated in all three,1,CrossBuy/Views/Accounting/FixedAssetDetail.cshtml
Pay now,استلام فوري,Pay now,Payer maintenant,view,view,view,translated in all three,1,CrossBuy/Views/PosApp/Terminal.cshtml
Pay out this leave balance in cash?,صرف رصيد الإجازة نقدًا؟,Pay out this leave balance in cash?,Payer ce solde de congés en espèces ?,view,view,view,translated in all three,1,CrossBuy/Views/Admin/LeaveAccrual.cshtml
PayDay,يوم الصرف,Pay Day,Jour de paie,shared,shared,shared,translated in all three,1,CrossBuy/Views/Admin/Polices.cshtml
Payable,موردون,Payable,Dette,view,view,view,translated in all three,2,CrossBuy/Views/Accounting/Executive.cshtml
Payables,الموردون,Payables,Comptes fournisseurs,view,view,view,translated in all three,3,CrossBuy/Views/Accounting/Executive.cshtml
"Paying the withheld subcontractor retention — Dr subcontractor retention (2105) / Cr cash, tagged to the project. Reduces the held balance; does not touch AP.",دفع الرصيد المحتجز لمقاول الباطن — مدين محتجزات الباطن (2105) / دائن نقدية، موسوم بالمشروع. يقلّل الرصيد المحتجز؛ لا يمسّ الدائنين.,"Paying the withheld subcontractor retention — Dr subcontractor retention (2105) / Cr cash, tagged to the project. Reduces the held balance; does not touch AP.","Paiement de la retenue sous-traitant retenue — Débit retenue sous-traitant (2105) / Crédit caisse, affecté au projet. Réduit le solde retenu ; ne touche pas les dettes.",view,view,view,translated in all three,1,CrossBuy/Views/Project/SubRetentionRelease.cshtml
Payload,الحمولة,Payload,Charge utile,view,view,view,translated in all three,1,CrossBuy/Views/BusinessEventMonitor/_Details.cshtml
Payload size,حجم الحمولة,Payload size,Taille de la charge utile,view,view,view,translated in all three,1,CrossBuy/Views/BusinessEventMonitor/_Details.cshtml
Payload truncated for display.,تم اقتطاع الحمولة للعرض.,Payload truncated for display.,Charge utile tronquée pour l'affichage.,view,view,view,translated in all three,1,CrossBuy/Views/BusinessEventMonitor/_Details.cshtml
Payment,الدفع,Payment,Paiement,view,view,view,translated in all three,1,CrossBuy/Views/PosApp/Terminal.cshtml
Payment Method,طريقة الدفع,Payment Method,Mode de paiement,view,view,view,translated in all three,1,CrossBuy/Views/Pos/Preview.cshtml
Payment failed,فشل الدفع,Payment failed,Échec du paiement,view,view,view,translated in all three,1,CrossBuy/Views/PosApp/Terminal.cshtml
Payment methods,طرق الدفع,Payment methods,Modes de paiement,view,view,view,translated in all three,1,CrossBuy/Views/Pos/PaymentMethods.cshtml
Payment terms (days),مهلة السداد (يوم),Payment terms (days),Délai de paiement (jours),view,view,view,translated in all three,2,CrossBuy/Views/Accounting/Customers.cshtml
PaymentMethod,طريقة الدفع,Payment Method,Mode de paiement,shared,shared,shared,translated in all three,1,CrossBuy/Views/Admin/Polices.cshtml
Payments,المدفوعات,Payments,Paiements,view,view,view,translated in all three,2,CrossBuy/Views/Accounting/Payments.cshtml
Payroll,الرواتب,Payroll,Paie,view,view,view,translated in all three,3,CrossBuy/Views/Accounting/Index.cshtml
Payroll Journal,قيد الرواتب,Payroll Journal,Journal de paie,view,view,view,translated in all three,1,CrossBuy/Views/Accounting/Payroll.cshtml
Payroll disbursement & remittance,Payroll disbursement & remittance,Payroll disbursement & remittance,Payroll disbursement & remittance,fallback-to-key,fallback-to-key,fallback-to-key,MISSING arabic — key shown to user,1,CrossBuy/Views/Accounting/PayrollDisbursement.cshtml
Payroll run,تشغيل الرواتب,Payroll run,Exécution de la paie,view,view,view,translated in all three,1,CrossBuy/Views/Accounting/Payslips.cshtml
Payroll tax,ضريبة الرواتب,Payroll tax,Taxe sur la paie,view,view,view,translated in all three,1,CrossBuy/Views/Accounting/PayrollTaxSettings.cshtml
Payroll tax & insurance,Payroll tax & insurance,Payroll tax & insurance,Payroll tax & insurance,fallback-to-key,fallback-to-key,fallback-to-key,MISSING arabic — key shown to user,1,CrossBuy/Views/Accounting/PayrollTaxSettings.cshtml
PayrollPolicy,لائحة الرواتب,Payroll Policy,Politique de paie,shared,shared,shared,translated in all three,1,CrossBuy/Views/Admin/Polices.cshtml
Payslip,قسيمة راتب,Payslip,Bulletin de paie,view,view,view,translated in all three,2,CrossBuy/Views/Accounting/Payslip.cshtml
Payslips,قسائم الرواتب,Payslips,Bulletins de paie,view,view,view,translated in all three,1,CrossBuy/Views/Accounting/Payslips.cshtml
Pending,معلّق,Pending,En attente,view,view,view,translated in all three,11,CrossBuy/Views/Accounting/Reconciliations.cshtml
Pending Approval,بانتظار الموافقة,Pending Approval,En attente d'approbation,view,view,view,translated in all three,2,CrossBuy/Views/Service/BranchDetails.cshtml
Pending approvals,بانتظار الاعتماد,Pending approvals,Pending approvals,view,fallback-to-key,fallback-to-key,english falls back to key text,1,CrossBuy/Views/Admin/Index.cshtml
Pending on me,المعلّق عليك,Pending on me,Pending on me,view,fallback-to-key,fallback-to-key,english falls back to key text,1,CrossBuy/Views/Approvals/Index.cshtml
People,بوابة الموظفين,People,Personnel,view,view,view,translated in all three,3,CrossBuy/Views/People/Leaves.cshtml
People Portal,بوابة الموظفين,People Portal,Portail du personnel,view,view,view,translated in all three,1,CrossBuy/Views/Shared/_LayoutPeople.cshtml
Per,كل,Per,Par,shared,shared,shared,translated in all three,1,CrossBuy/Views/Admin/Polices.cshtml
Per item: default Section (required) and Rack (optional). Purely locational — never affects valuation or GL.,لكل صنف: السيكشن الافتراضي (إجباري) والرف (اختياري). بُعد موقعي فقط — لا يؤثّر على تقييم المخزون أو القيود.,Per item: default Section (required) and Rack (optional). Purely locational — never affects valuation or GL.,Par article : Section par défaut (obligatoire) et Rayon (facultatif). Purement locational — n'affecte jamais la valorisation ni le GL.,view,view,view,translated in all three,1,CrossBuy/Views/Inventory/ItemLocations.cshtml
Per order,لكل طلب,Per order,Per order,view,fallback-to-key,fallback-to-key,english falls back to key text,1,CrossBuy/Views/Pos/Dashboard.cshtml
Per request,لكل طلب,Per request,Par demande,view,view,view,translated in all three,1,CrossBuy/Views/Admin/EmployeeData.cshtml
Per unit,لكل وحدة,Per unit,Par unité,view,view,view,translated in all three,1,CrossBuy/Views/Inventory/NewAssembly.cshtml
Per-branch touch buttons + tabs + quick (PLU) codes — read by the cashier later.,أزرار اللمس السريعة لكل فرع + تبويبات + كود سريع (PLU) — يقرأها الكاشير لاحقًا.,Per-branch touch buttons + tabs + quick (PLU) codes — read by the cashier later.,"Boutons tactiles, onglets et codes rapides (PLU) par succursale — lus par le caissier ultérieurement.",view,view,view,translated in all three,1,CrossBuy/Views/Pos/QuickMenu.cshtml
"Per-item quantity on each rack — built automatically from located movements. Quantity only, no value/GL.",كمية كل صنف على كل رف — تُبنى تلقائيًا من الحركات التي تحمل موقعًا. بُعد كمّي فقط، لا قيمة ولا قيود.,"Per-item quantity on each rack — built automatically from located movements. Quantity only, no value/GL.","Quantité par article sur chaque rack — construite automatiquement à partir des mouvements localisés. Quantité uniquement, sans valeur/GL.",view,view,view,translated in all three,1,CrossBuy/Views/Inventory/RackBalances.cshtml
Percent %,نسبة %,Percent %,Pourcentage %,view,view,view,translated in all three,1,CrossBuy/Views/Inventory/PromotionEditor.cshtml
Percentage %,نسبة %,Percentage %,Pourcentage %,shared,fallback-to-key,shared,english falls back to key text,1,CrossBuy/Views/Inventory/BulkPriceChange.cshtml
Performance appraisal,تقييم الأداء,Performance appraisal,Évaluation des performances,view,view,view,translated in all three,3,CrossBuy/Views/Admin/Appraisals.cshtml
Period,الفترة,Period,Période,view,view,view,translated in all three,13,CrossBuy/Views/Accounting/DepreciationRunDetail.cshtml
Period default,افتراضي الفترة,Period default,Valeur par défaut de la période,view,view,view,translated in all three,1,CrossBuy/Views/Roster/Index.cshtml
Period end,نهاية الفترة,Period end,Fin de période,view,view,view,translated in all three,1,CrossBuy/Views/Accounting/VatReturns.cshtml
Period result,نتيجة الفترة (أرباح/خسائر),Period result,Résultat de la période,view,view,view,translated in all three,1,CrossBuy/Views/Accounting/BalanceSheet.cshtml
Period start,بداية الفترة,Period start,Début de période,view,view,view,translated in all three,1,CrossBuy/Views/Accounting/VatReturns.cshtml
Period value,قيمة الفترة,Period value,Valeur de la période,view,view,view,translated in all three,3,CrossBuy/Views/Project/Billing.cshtml
Periodic backups,نسخ دوري لبياناتك,Periodic backups,Sauvegardes périodiques,view,view,view,translated in all three,1,CrossBuy/Views/Portal/Choose.cshtml
Permanent,دائم,Permanent,Permanent,view,view,view,translated in all three,2,CrossBuy/Views/Admin/DocExpiryAlerts.cshtml
Permission,إذن,Permission,Autorisation,view,view,view,translated in all three,1,CrossBuy/Views/People/Requests.cshtml
Permission data complete,بيانات الاستئذان مكتملة,Permission data complete,Données d'autorisation complètes,view,view,view,translated in all three,1,CrossBuy/Views/Admin/Polices.cshtml
Permission data needs completion,بيانات الاستئذان تحتاج استكمال,Permission data needs completion,Les données d'autorisation nécessitent d'être complétées,view,view,view,translated in all three,1,CrossBuy/Views/Admin/Polices.cshtml
Permission details,بيانات الاستئذان,Permission details,Détails de l'autorisation,view,view,view,translated in all three,1,CrossBuy/Views/Admin/Polices.cshtml
Permission status,حالة الاستئذان,Permission status,Statut de l'autorisation,view,view,view,translated in all three,1,CrossBuy/Views/Admin/Polices.cshtml
Permission types,أنواع الاستئذان,Permission types,Types d'autorisation,view,view,view,translated in all three,1,CrossBuy/Views/Admin/Polices.cshtml
Permissions,الأذونات,Permissions,Autorisations,view,view,view,translated in all three,1,CrossBuy/Views/Admin/EmployeeData.cshtml
Personal,شخصي,Personal,Personnel,view,fallback-to-key,view,english falls back to key text,1,CrossBuy/Views/Calendar/Index.cshtml
Personal (only me),شخصي (لي أنا فقط),Personal (only me),Personnel (moi seulement),view,fallback-to-key,view,english falls back to key text,1,CrossBuy/Views/Calendar/Index.cshtml
Personal Details,البيانات الشخصية,Personal Details,Informations personnelles,view,view,view,translated in all three,1,CrossBuy/Views/People/Profile.cshtml
Personal info,معلومات شخصية,Personal info,Infos personnelles,view,view,view,translated in all three,2,CrossBuy/Views/Admin/ApplicationForm.cshtml
Personal information,المعلومات الشخصية,Personal information,Informations personnelles,view,view,view,translated in all three,1,CrossBuy/Views/Admin/EmployeeData.cshtml
Personal profile & data,Personal profile & data,Personal profile & data,Personal profile & data,fallback-to-key,fallback-to-key,fallback-to-key,MISSING arabic — key shown to user,1,CrossBuy/Views/Portal/Choose.cshtml
Pet Foods,Pet Foods,Pet Foods,Pet Foods,fallback-to-key,fallback-to-key,fallback-to-key,MISSING arabic — key shown to user,1,CrossBuy/Views/Home/Store.cshtml
Phone,تليفون,Phone,Téléphone,shared,shared,shared,translated in all three,15,CrossBuy/Views/Accounting/Customers.cshtml
Phone (optional),التليفون (اختياري),Phone (optional),Téléphone (facultatif),view,view,view,translated in all three,1,CrossBuy/Views/PosApp/Terminal.cshtml
Phone number,رقم الهاتف,Phone number,Numéro de téléphone,view,view,view,translated in all three,1,CrossBuy/Views/Admin/EmployeeData.cshtml
Photo,الصورة,Photo,Photo,view,view,view,translated in all three,1,CrossBuy/Views/Admin/EmployeeData.cshtml
Photo (optional),الصورة (اختياري),Photo (optional),Photo (facultatif),view,view,view,translated in all three,1,CrossBuy/Views/Admin/ApplicationForm.cshtml
Pick a busy table,اختر طاولة مشغولة,Pick a busy table,Choisissez une table occupée,view,view,view,translated in all three,1,CrossBuy/Views/PosApp/Terminal.cshtml
Pick a start date,اختر تاريخ البداية,Pick a start date,Choisir une date de début,view,fallback-to-key,view,english falls back to key text,1,CrossBuy/Views/Calendar/Index.cshtml
Pick a start time,اختر وقت البداية,Pick a start time,Choisir une heure de début,view,fallback-to-key,view,english falls back to key text,1,CrossBuy/Views/Calendar/Index.cshtml
Pick an employee to compute their settlement.,اختر موظفًا لاحتساب تسويته.,Pick an employee to compute their settlement.,Choisissez un employé pour calculer son solde.,view,view,view,translated in all three,1,CrossBuy/Views/Admin/FinalSettlement.cshtml
Pick an employee to manage contracts & documents.,Pick an employee to manage contracts & documents.,Pick an employee to manage contracts & documents.,Pick an employee to manage contracts & documents.,fallback-to-key,fallback-to-key,fallback-to-key,MISSING arabic — key shown to user,1,CrossBuy/Views/Admin/HrDocuments.cshtml
Pick an employee to view encashable balance.,اختر موظفًا لعرض رصيده القابل للصرف.,Pick an employee to view encashable balance.,Choisissez un employé pour voir le solde encaissable.,view,view,view,translated in all three,1,CrossBuy/Views/Admin/LeaveAccrual.cshtml
Pick an end date,اختر تاريخ النهاية,Pick an end date,Choisir une date de fin,view,fallback-to-key,view,english falls back to key text,1,CrossBuy/Views/Calendar/Index.cshtml
Pick an end time,اختر وقت النهاية,Pick an end time,Choisir une heure de fin,view,fallback-to-key,view,english falls back to key text,1,CrossBuy/Views/Calendar/Index.cshtml
Pick item,اختر صنفًا,Pick item,Choisir un article,view,view,view,translated in all three,1,CrossBuy/Views/Pos/Modifiers.cshtml
Pick linked item,اختر الصنف المرتبط,Pick linked item,Choisir l'article lié,view,view,view,translated in all three,1,CrossBuy/Views/Pos/Modifiers.cshtml
Pick someone to start chatting,اختر شخصًا لبدء المحادثة,Pick someone to start chatting,Pick someone to start chatting,view,fallback-to-key,fallback-to-key,english falls back to key text,1,CrossBuy/Views/Chat/Index.cshtml
Pick the new table,اختر الطاولة الجديدة,Pick the new table,Choisissez la nouvelle table,view,view,view,translated in all three,1,CrossBuy/Views/PosApp/Terminal.cshtml
Picked from (section/rack),يُصرف من (سيكشن/رف),Picked from (section/rack),Prélevé depuis (section/étagère),view,view,view,translated in all three,2,CrossBuy/Views/Inventory/NewDelivery.cshtml
Picker price currency,ر.س,Picker price currency,Picker price currency,view,fallback-to-key,fallback-to-key,english falls back to key text,1,CrossBuy/Views/Pos/QuickMenu.cshtml
Pipeline,المسار,Pipeline,Pipeline,view,view,view,translated in all three,3,CrossBuy/Views/Crm/Index.cshtml
Pipeline (weighted),المسار (مرجّح),Pipeline (weighted),Pipeline (pondéré),view,view,view,translated in all three,1,CrossBuy/Views/Crm/Reports.cshtml
Pipeline by stage,المسار حسب المرحلة,Pipeline by stage,Pipeline par étape,view,view,view,translated in all three,2,CrossBuy/Views/Crm/Index.cshtml
Pipelines,المسارات,Pipelines,Pipelines,view,view,view,translated in all three,2,CrossBuy/Views/Crm/PipelineEditor.cshtml
Placement preview,معاينة التنسيب,Placement preview,Aperçu du positionnement,view,view,view,translated in all three,1,CrossBuy/Views/Admin/EmployeeData.cshtml
Planned,مخطّط,Planned,Planifié,view,view,view,translated in all three,4,CrossBuy/Views/Admin/CourseEnrollments.cshtml
Planned end,نهاية مخطّطة,Planned end,Fin planifiée,view,view,view,translated in all three,1,CrossBuy/Views/Inventory/NewWorkOrder.cshtml
Planned qty,الكمية المخطّطة,Planned qty,Qté planifiée,view,view,view,translated in all three,1,CrossBuy/Views/Inventory/WorkOrderDetails.cshtml
Planned start,بداية مخطّطة,Planned start,Début planifié,view,view,view,translated in all three,1,CrossBuy/Views/Inventory/NewWorkOrder.cshtml
Planning,التخطيط,Planning,Planification,view,view,view,translated in all three,4,CrossBuy/Views/Inventory/PlanDetails.cshtml
Platform operations,تشغيل المنصّة,Platform operations,Exploitation de la plateforme,view,view,view,translated in all three,1,CrossBuy/Views/BusinessEventMonitor/Index.cshtml
Pleace Order,إتمام الطلب,Pleace Order,Passer la commande,view,view,view,translated in all three,1,CrossBuy/Views/Shared/_LayoutManufacturing.cshtml
Please choose an image.,يرجى اختيار صورة.,Please choose an image.,Veuillez choisir une image.,view,view,view,translated in all three,2,CrossBuy/Views/Service/BranchDetails.cshtml
Please complete the required choices,أكمل الاختيارات المطلوبة أولًا,Please complete the required choices,Please complete the required choices,view,fallback-to-key,fallback-to-key,english falls back to key text,1,CrossBuy/Views/PosApp/Terminal.cshtml
Please enter a valid email address.,يرجى إدخال بريد إلكتروني صالح.,Please enter a valid email address.,Veuillez saisir une adresse e-mail valide.,view,view,view,translated in all three,1,CrossBuy/Views/Admin/EmployeeData.cshtml
Please fill in all required fields.,يرجى إدخال جميع الحقول المطلوبة.,Please fill in all required fields.,Veuillez remplir tous les champs obligatoires.,view,view,view,translated in all three,1,CrossBuy/Views/Admin/AdministrativeStructure.cshtml
Please review and complete all required fields before saving.,يرجى مراجعة وإكمال جميع الحقول المطلوبة قبل الحفظ.,Please review and complete all required fields before saving.,Veuillez vérifier et compléter tous les champs obligatoires avant d'enregistrer.,view,view,view,translated in all three,1,CrossBuy/Views/Admin/EmployeeData.cshtml
Please select a company.,يرجى اختيار شركة.,Please select a company.,Veuillez sélectionner une entreprise.,view,view,view,translated in all three,1,CrossBuy/Views/Admin/EmployeeData.cshtml
Please select a department.,يرجى اختيار إدارة.,Please select a department.,Veuillez sélectionner un département.,view,view,view,translated in all three,1,CrossBuy/Views/Admin/EmployeeData.cshtml
Please select a job title.,يرجى اختيار مسمى وظيفي.,Please select a job title.,Veuillez sélectionner un intitulé de poste.,view,view,view,translated in all three,1,CrossBuy/Views/Admin/EmployeeData.cshtml
Please select a policy.,يرجى اختيار سياسة.,Please select a policy.,Veuillez sélectionner une politique.,view,view,view,translated in all three,1,CrossBuy/Views/Admin/EmployeeData.cshtml
Please select administrative structure.,يرجى اختيار الهيكل الإداري.,Please select administrative structure.,Veuillez sélectionner une structure administrative.,view,view,view,translated in all three,1,CrossBuy/Views/Admin/EmployeeData.cshtml
Please try again with a different query,يرجى المحاولة مرة أخرى باستعلام مختلف,Please try again with a different query,Veuillez réessayer avec une autre requête,view,view,view,translated in all three,1,CrossBuy/Views/Shared/_LayoutManufacturing.cshtml
Please wait,برجاء الانتظار,Please wait,Veuillez patienter,view,view,view,translated in all three,2,CrossBuy/Views/BusinessEventMonitor/Index.cshtml
Please wait...,يرجى الانتظار...,Please wait...,Veuillez patienter...,view,view,view,translated in all three,2,CrossBuy/Views/Admin/PolicesData.cshtml
PleaseWaitMoment,يرجي الإنتظار قليلا,Please wait a moment,Veuillez patienter un instant,shared,shared,shared,translated in all three,1,CrossBuy/Views/Admin/LeaveTypesList.cshtml
Point of Sale,نقطة البيع,Point of Sale,Point de vente,view,view,view,translated in all three,1,CrossBuy/Views/PosApp/Login.cshtml
Points,نقاط,Points,Points,view,view,view,translated in all three,1,CrossBuy/Views/Crm/ScoringRules.cshtml
Points balance,رصيد النقاط,Points balance,Points balance,shared,fallback-to-key,fallback-to-key,english falls back to key text,1,CrossBuy/Views/Hyper/Customer.cshtml
Policies,السياسات,Policies,Politiques,view,view,view,translated in all three,4,CrossBuy/Views/Admin/Index.cshtml
Policies Data,بيانات السياسات,Policies Data,Données des politiques,view,view,view,translated in all three,1,CrossBuy/Views/Admin/PolicesData.cshtml
Policy,السياسة,Policy,Politique,view,view,view,translated in all three,1,CrossBuy/Views/Admin/EmployeeData.cshtml
Policy & dates,Policy & dates,Policy & dates,Policy & dates,fallback-to-key,fallback-to-key,fallback-to-key,MISSING arabic — key shown to user,1,CrossBuy/Views/Admin/EmployeeData.cshtml
Policy selection,اختيار السياسة,Policy selection,Sélection de la politique,view,view,view,translated in all three,1,CrossBuy/Views/Admin/EmployeeData.cshtml
Policy: ,اللائحة:,Policy:,Politique :,view,view,view,translated in all three,1,CrossBuy/Views/People/Dashboard.cshtml
PolicyDataStatus,حالة بيانات اللائحة,Policy Data Status,État des données de la politique,shared,shared,shared,translated in all three,1,CrossBuy/Views/Admin/Polices.cshtml
PolicyDescriptionandPaymentMethod,وصف اللائحة وطريقة الصرف,Policy Description and Payment Method,Description de la politique et mode de paiement,shared,shared,shared,translated in all three,1,CrossBuy/Views/Admin/Polices.cshtml
Popular,الأكثر رواجاً,Popular,Populaire,view,view,view,translated in all three,2,CrossBuy/Views/Home/Store.cshtml
Popular Products,Popular Products,Popular Products,Popular Products,fallback-to-key,fallback-to-key,fallback-to-key,MISSING arabic — key shown to user,1,CrossBuy/Views/Home/Store.cshtml
Position,منصب,Position,Poste,view,view,view,translated in all three,1,CrossBuy/Views/Admin/AdministrativeStructure.cshtml
Position applied for,الوظيفة المتقدَّم لها,Position applied for,Poste visé,view,view,view,translated in all three,1,CrossBuy/Views/Admin/ApplicationForm.cshtml
Positive,إيجابي,Positive,Positive,view,fallback-to-key,fallback-to-key,english falls back to key text,1,CrossBuy/Views/Project/Dashboard.cshtml
Post,ترحيل,Post,Comptabiliser,view,view,view,translated in all three,7,CrossBuy/Views/Accounting/CreateJournal.cshtml
Post adjustment,ترحيل التسوية,Post adjustment,Comptabiliser l'ajustement,view,view,view,translated in all three,1,CrossBuy/Views/Admin/LeaveAccrual.cshtml
Post advance,ترحيل الدفعة,Post advance,Comptabiliser l'avance,view,view,view,translated in all three,1,CrossBuy/Views/Project/Advance.cshtml
Post allocation,ترحيل التحميل,Post allocation,Comptabiliser,view,view,view,translated in all three,1,CrossBuy/Views/Project/EquipmentDepreciation.cshtml
Post balances,ترحيل الأرصدة,Post balances,Comptabiliser les soldes,view,view,view,translated in all three,1,CrossBuy/Views/Inventory/OpeningBalances.cshtml
Post billing? (creates invoice + settlements),اعتماد,Post billing? (creates invoice + settlements),Approuver,view,view,view,translated in all three,1,CrossBuy/Views/Project/Billing.cshtml
Post billing? (creates the vendor invoice + retention),ترحيل المستخلص؟ (يُنشئ فاتورة المورّد + المحتجز),Post billing? (creates the vendor invoice + retention),Comptabiliser ? (crée la facture fournisseur + retenue),view,view,view,translated in all three,1,CrossBuy/Views/Project/Subcontracts.cshtml
Post count,ترحيل الجرد,Post count,Comptabiliser l'inventaire,view,view,view,translated in all three,1,CrossBuy/Views/Inventory/NewCount.cshtml
Post delivery,ترحيل الصرف,Post delivery,Comptabiliser la livraison,view,view,view,translated in all three,1,CrossBuy/Views/Inventory/NewDelivery.cshtml
Post issue,ترحيل الأذن,Post issue,Comptabiliser,view,view,view,translated in all three,1,CrossBuy/Views/Project/MaterialIssues.cshtml
Post journal,ترحيل القيد,Post journal,Comptabiliser le journal,view,view,view,translated in all three,1,CrossBuy/Views/Accounting/Payroll.cshtml
Post journals & invoices + receipts/payments.,Post journals & invoices + receipts/payments.,Post journals & invoices + receipts/payments.,Post journals & invoices + receipts/payments.,fallback-to-key,fallback-to-key,fallback-to-key,MISSING arabic — key shown to user,1,CrossBuy/Views/Accounting/AccountingRoles.cshtml
Post labor,ترحيل العمالة,Post labor,Comptabiliser,view,view,view,translated in all three,1,CrossBuy/Views/Project/Labor.cshtml
Post labor for this task?,ترحيل عمالة هذه المهمة؟,Post labor for this task?,Comptabiliser la main-d'oeuvre de cette tâche ?,view,view,view,translated in all three,1,CrossBuy/Views/Project/Labor.cshtml
Post receipt,ترحيل الاستلام,Post receipt,Comptabiliser la réception,view,view,view,translated in all three,1,CrossBuy/Views/Inventory/NewGoodsReceipt.cshtml
Post release,ترحيل الرد,Post release,Comptabiliser,view,view,view,translated in all three,2,CrossBuy/Views/Project/RetentionRelease.cshtml
Post return,تسجيل المرتجع,Post return,Comptabiliser le retour,view,view,view,translated in all three,2,CrossBuy/Views/Accounting/NewPurchaseReturn.cshtml
Post revaluation + auto-reversal?,ترحيل إعادة التقييم وقيد العكس التلقائي؟,Post revaluation + auto-reversal?,Comptabiliser la réévaluation + contre-passation automatique ?,view,view,view,translated in all three,1,CrossBuy/Views/Currency/Revaluation.cshtml
Post settlement,ترحيل التسوية,Post settlement,Comptabiliser le solde,view,view,view,translated in all three,1,CrossBuy/Views/Admin/FinalSettlement.cshtml
Post the payroll journal?,ترحيل قيد الرواتب؟,Post the payroll journal?,Comptabiliser le journal de paie ?,view,view,view,translated in all three,1,CrossBuy/Views/Accounting/Payroll.cshtml
Post the provision adjustment?,ترحيل تسوية المخصص؟,Post the provision adjustment?,Comptabiliser l'ajustement de provision ?,view,view,view,translated in all three,1,CrossBuy/Views/Admin/LeaveAccrual.cshtml
Post these opening GL balances?,ترحيل أرصدة الحسابات الافتتاحية؟,Post these opening GL balances?,Comptabiliser ces soldes d'ouverture GL ?,view,view,view,translated in all three,1,CrossBuy/Views/Inventory/OpeningBalances.cshtml
Post this allocation? Dr project cost / Cr depreciation expense (does not touch the depreciation schedule).,ترحيل هذا التحميل؟ مدين تكلفة المشروع / دائن مصروف الإهلاك (لا يمسّ جدول الإهلاك).,Post this allocation? Dr project cost / Cr depreciation expense (does not touch the depreciation schedule).,Comptabiliser cette affectation ? Dr coût du projet / Cr charge d'amortissement (ne touche pas le plan d'amortissement).,view,view,view,translated in all three,1,CrossBuy/Views/Project/EquipmentDepreciation.cshtml
Post this entry?,ترحيل هذا القيد؟,Post this entry?,Comptabiliser cette écriture ?,view,view,view,translated in all three,1,CrossBuy/Views/Accounting/_JournalRows.cshtml
Post this material issue? Stock will be reduced.,ترحيل أذن الصرف؟ سيُخصم من المخزون.,Post this material issue? Stock will be reduced.,Comptabiliser cette sortie ? Le stock sera réduit.,view,view,view,translated in all three,1,CrossBuy/Views/Project/MaterialIssues.cshtml
Post this stock count and create variance adjustments?,ترحيل الجرد الفعلي وإنشاء تسويات الفروقات؟,Post this stock count and create variance adjustments?,Comptabiliser cet inventaire physique et créer les ajustements d'écart ?,view,view,view,translated in all three,1,CrossBuy/Views/Inventory/NewCount.cshtml
Post this stock movement? It will affect stock balances.,ترحيل حركة المخزون؟ سيؤثر على الأرصدة.,Post this stock movement? It will affect stock balances.,Comptabiliser ce mouvement de stock ? Il affectera les soldes de stock.,view,view,view,translated in all three,1,CrossBuy/Views/Inventory/NewMovement.cshtml
Post this stock write-off? The quantities will be permanently removed.,ترحيل إعدام المخزون؟ سيتم خصم الكميات نهائيًا.,Post this stock write-off? The quantities will be permanently removed.,Comptabiliser cette radiation de stock ? Les quantités seront supprimées définitivement.,view,view,view,translated in all three,1,CrossBuy/Views/Inventory/NewWriteOff.cshtml
Post transfer,ترحيل التحويل,Post transfer,Comptabiliser le transfert,view,view,view,translated in all three,1,CrossBuy/Views/Inventory/NewTransfer.cshtml
Post write-off,ترحيل الإعدام,Post write-off,Comptabiliser la radiation,view,view,view,translated in all three,1,CrossBuy/Views/Inventory/NewWriteOff.cshtml
Postable,قابل للترحيل,Postable,Comptabilisable,view,view,view,translated in all three,1,CrossBuy/Views/Accounting/ChartOfAccounts.cshtml
PostalCode,الرقم البريدي,Postal Code,Code postal,shared,shared,shared,translated in all three,1,CrossBuy/Views/Service/CompanyDetails.cshtml
Posted,مُرحّلة,Posted,Comptabilisé,view,view,view,translated in all three,12,CrossBuy/Views/Accounting/Journals.cshtml
Posted billings,Posted billings,Posted billings,Posted billings,fallback-to-key,fallback-to-key,fallback-to-key,MISSING arabic — key shown to user,1,CrossBuy/Views/ProjectCloseout/Index.cshtml
Posted by,Posted by,Posted by,Posted by,fallback-to-key,fallback-to-key,fallback-to-key,MISSING arabic — key shown to user,2,CrossBuy/Views/Accounting/MovementSummary.cshtml
Posted labor cost,تكلفة عمالة مُرحّلة,Posted labor cost,Coût M.O. comptabilisé,view,view,view,translated in all three,1,CrossBuy/Views/Project/Labor.cshtml
Posted net due,Posted net due,Posted net due,Posted net due,fallback-to-key,fallback-to-key,fallback-to-key,MISSING arabic — key shown to user,1,CrossBuy/Views/ProjectCloseout/Index.cshtml
Posted to the GL,مُرحَّل إلى دفتر الأستاذ,Posted to the GL,Comptabilisé au grand livre,view,view,view,translated in all three,2,CrossBuy/Views/Project/Billing.cshtml
Posted to the ledger,مُرحَّل إلى الدفتر,Posted to the ledger,Comptabilisé au grand livre,view,view,view,translated in all three,1,CrossBuy/Views/Accounting/MovementSummary.cshtml
Postings already exist — the functional currency is now stable and cannot be changed (changing it would require re-translating all balances).,توجد قيود مُرحَّلة بالفعل — العملة الوظيفية أصبحت مستقرة ولا يمكن تغييرها (تغييرها يتطلب إعادة ترجمة كل الأرصدة).,Postings already exist — the functional currency is now stable and cannot be changed (changing it would require re-translating all balances).,Des écritures existent déjà — la devise fonctionnelle est désormais stable et ne peut pas être modifiée (la modifier nécessiterait de reconvertir tous les soldes).,view,view,view,translated in all three,1,CrossBuy/Views/Currency/Setup.cshtml
Posts,رصيد المقدّم المتبقّي,Posts,Avance restante,view,view,view,translated in all three,1,CrossBuy/Views/Project/Billing.cshtml
Preferences,التفضيلات,Preferences,Preferences,view,fallback-to-key,fallback-to-key,english falls back to key text,1,CrossBuy/Views/Notifications/Index.cshtml
Prep,تحضير,Prep,Préparation,view,view,view,translated in all three,1,CrossBuy/Views/Pos/Areas.cshtml
Prep stations,محطات التحضير,Prep stations,Postes de préparation,view,view,view,translated in all three,1,CrossBuy/Views/Pos/Areas.cshtml
Prepared by,Prepared by,Prepared by,Prepared by,fallback-to-key,fallback-to-key,fallback-to-key,MISSING arabic — key shown to user,1,CrossBuy/Views/Project/Billing.cshtml
Preparing,قيد التحضير,Preparing,En préparation,view,view,view,translated in all three,2,CrossBuy/Views/PosApp/Delivery.cshtml
Preparing the document…,جارٍ تحضير المستند…,Preparing the document…,Préparation du document…,view,view,view,translated in all three,1,CrossBuy/Views/Shared/_ReportPreviewModal.cshtml
Present,حاضر,Present,Présent,view,view,view,translated in all three,4,CrossBuy/Views/Admin/Attendance.cshtml
Present days this month,أيام الحضور هذا الشهر,Present days this month,Present days this month,view,fallback-to-key,fallback-to-key,english falls back to key text,1,CrossBuy/Views/Admin/Index.cshtml
Preview,معاينة,Preview,Aperçu,view,view,view,translated in all three,2,CrossBuy/Views/Accounting/Payroll.cshtml
Preview changes,معاينة التغييرات,Preview changes,Aperçu des modifications,shared,fallback-to-key,shared,english falls back to key text,1,CrossBuy/Views/Inventory/BulkPriceChange.cshtml
Preview only.,معاينة فقط.,Preview only.,Aperçu uniquement.,view,view,view,translated in all three,1,CrossBuy/Views/Pos/Preview.cshtml
Previous,السابق,Previous,Précédent,shared,shared,shared,translated in all three,4,CrossBuy/Views/BusinessEventMonitor/Index.cshtml
Previous page,الصفحة السابقة,Previous page,Page précédente,view,view,view,translated in all three,1,CrossBuy/Views/Reports/Viewer.cshtml
Previously billed,المفوتر سابقًا,Previously billed,Déjà facturé,view,view,view,translated in all three,2,CrossBuy/Views/Project/Billing.cshtml
Price,السعر,Price,Prix,view,shared,shared,translated in all three,18,CrossBuy/Views/Accounting/MovementSummary.cshtml
Price check,استعلام السعر,Price check,Vérification du prix,shared,fallback-to-key,shared,english falls back to key text,1,CrossBuy/Views/Hyper/PriceCheck.cshtml
Price check is not enabled on this branch.,استعلام السعر غير مفعَّل على هذا الفرع.,Price check is not enabled on this branch.,La vérification du prix n'est pas activée sur cette succursale.,shared,fallback-to-key,shared,english falls back to key text,1,CrossBuy/Views/Hyper/PriceCheck.cshtml
"Price is computed from the current cost (manufactured / average stock) × (1 + markup%) and converted to the document currency — a dynamic price that moves with the cost, not a fixed one.",السعر محسوب من التكلفة الحالية (تصنيع/متوسط مخزون) × (1 + الهامش٪) ويُحوَّل لعملة المستند — سعر متحرّك يتغيّر بتغيّر التكلفة، وليس ثابتًا.,"Price is computed from the current cost (manufactured / average stock) × (1 + markup%) and converted to the document currency — a dynamic price that moves with the cost, not a fixed one.","Le prix est calculé à partir du coût actuel (fabriqué / stock moyen) × (1 + marge%) et converti dans la devise du document — un prix dynamique qui évolue avec le coût, pas un prix fixe.",view,view,view,translated in all three,1,CrossBuy/Views/Inventory/PriceListEditor.cshtml
Price list,قائمة الأسعار,Price list,Liste de prix,view,view,view,translated in all three,1,CrossBuy/Views/Pos/Setup.cshtml
Price lists,قوائم الأسعار,Price lists,Listes de prix,view,view,view,translated in all three,2,CrossBuy/Views/Inventory/PriceListEditor.cshtml
Price rounding,تقريب السعر,Price rounding,Arrondi du prix,shared,fallback-to-key,shared,english falls back to key text,1,CrossBuy/Views/Inventory/BulkPriceChange.cshtml
Price var%,انحراف سعر%,Price var%,Écart prix%,view,view,view,translated in all three,1,CrossBuy/Views/Inventory/PoMatch.cshtml
Price/Markup,سعر/هامش,Price/Markup,Prix/Marge,view,view,view,translated in all three,1,CrossBuy/Views/Inventory/PriceListEditor.cshtml
Price: High to Low,السعر: من الأعلى للأقل,Price: High to Low,Price: High to Low,view,fallback-to-key,fallback-to-key,english falls back to key text,1,CrossBuy/Views/Store/Category.cshtml
Price: Low to High,السعر: من الأقل للأعلى,Price: Low to High,Price: Low to High,view,fallback-to-key,fallback-to-key,english falls back to key text,1,CrossBuy/Views/Store/Category.cshtml
Prices updated,حُدِّثت الأسعار,Prices updated,Prix mis à jour,shared,fallback-to-key,shared,english falls back to key text,1,CrossBuy/Views/Inventory/BulkPriceChange.cshtml
Pricing,التسعير,Pricing,Tarification,shared,fallback-to-key,shared,english falls back to key text,4,CrossBuy/Views/Inventory/BulkPriceChange.cshtml
Pricing & costing,Pricing & costing,Pricing & costing,Pricing & costing,fallback-to-key,fallback-to-key,fallback-to-key,MISSING arabic — key shown to user,1,CrossBuy/Views/Inventory/ItemForm.cshtml
Pricing Guidelines,إرشادات التسعير,Pricing Guidelines,Directives tarifaires,view,view,view,translated in all three,1,CrossBuy/Views/Shared/_LayoutManufacturing.cshtml
Pricing mode,طريقة السعر,Pricing mode,Mode de tarification,view,view,view,translated in all three,1,CrossBuy/Views/Inventory/PriceListEditor.cshtml
Pricing rules,قواعد التسعير,Pricing rules,Règles de tarification,view,view,view,translated in all three,1,CrossBuy/Views/Inventory/PriceListEditor.cshtml
Primary,رئيسي,Primary,Principal,view,view,view,translated in all three,2,CrossBuy/Views/Brand/BrandEditor.cshtml
Print,طباعة,Print,Imprimer,view,view,view,translated in all three,17,CrossBuy/Views/Accounting/BalanceSheet.cshtml
Print labels,طباعة البطاقات,Print labels,Imprimer les étiquettes,shared,fallback-to-key,shared,english falls back to key text,1,CrossBuy/Views/Inventory/ShelfLabels.cshtml
Printer name (optional — for future ESC/POS bridge),اسم الطابعة (اختياري — لجسر ESC/POS لاحقًا),Printer name (optional — for future ESC/POS bridge),Nom de l'imprimante (facultatif — pour un futur pont ESC/POS),view,view,view,translated in all three,1,CrossBuy/Views/Pos/Terminals.cshtml
Priority,الأولوية,Priority,Priorité,view,view,view,translated in all three,9,CrossBuy/Views/Announcements/Index.cshtml
Privacy,الخصوصية,Privacy,Confidentialité,view,view,view,translated in all three,1,CrossBuy/Views/Shared/_Layout.cshtml
Privacy Policy,سياسة الخصوصية,Privacy Policy,Politique de confidentialité,view,view,view,translated in all three,2,CrossBuy/Views/Home/Privacy.cshtml
Pro,احترافي,Pro,Pro,view,view,view,translated in all three,3,CrossBuy/Views/Shared/_LayoutAccounting.cshtml
Prob.,الاحتمال,Prob.,Prob.,view,view,view,translated in all three,1,CrossBuy/Views/Crm/Opportunities.cshtml
Probability %,الاحتمال %,Probability %,Probabilité %,view,view,view,translated in all three,1,CrossBuy/Views/Crm/Opportunities.cshtml
Probability%,احتمالية٪,Probability%,Probabilité%,view,view,view,translated in all three,1,CrossBuy/Views/Crm/PipelineEditor.cshtml
Probation,تحت الاختبار,Probation,Période d'essai,view,view,view,translated in all three,2,CrossBuy/Views/Admin/DocExpiryAlerts.cshtml
Proceeds,قيمة البيع,Proceeds,Produit de cession,view,view,view,translated in all three,1,CrossBuy/Views/Accounting/FixedAssetDetail.cshtml
Procurement,المشتريات,Procurement,Approvisionnement,view,view,view,translated in all three,1,CrossBuy/Views/Inventory/PurchaseOrders.cshtml
Prodict Price,سعر المنتج,Prodict Price,Prix du produit,view,view,view,translated in all three,1,CrossBuy/Views/Admin/PolicesData.cshtml
Produce,إنتاج,Produce,Produire,view,view,view,translated in all three,1,CrossBuy/Views/Inventory/WorkOrderDetails.cshtml
Produce at standard cost? (on finalize the variance posts to 520109),إنتاج الكمية بالتكلفة المعيارية؟ (عند الإقفال يُرحَّل الانحراف لحساب 520109),Produce at standard cost? (on finalize the variance posts to 520109),"Produire au coût standard ? (à la finalisation, l'écart est comptabilisé sur 520109)",view,view,view,translated in all three,1,CrossBuy/Views/Inventory/WorkOrderDetails.cshtml
Produced,منتَج,Produced,Produit,view,view,view,translated in all three,1,CrossBuy/Views/Inventory/ManufReports.cshtml
Produced & posted,Produced & posted,Produced & posted,Produced & posted,fallback-to-key,fallback-to-key,fallback-to-key,MISSING arabic — key shown to user,1,CrossBuy/Views/Inventory/WorkOrderDetails.cshtml
Produced unit cost,تكلفة الوحدة المنتَجة,Produced unit cost,Coût unitaire produit,view,view,view,translated in all three,1,CrossBuy/Views/Inventory/WorkOrderDetails.cshtml
Produced value,قيمة الإنتاج,Produced value,Valeur produite,view,view,view,translated in all three,2,CrossBuy/Views/Inventory/ManufDashboard.cshtml
Produced via a work order from the components below,يُنتَج عبر أمر تشغيل ويُسحب من المكوّنات التالية,Produced via a work order from the components below,Produit via un ordre de fabrication à partir des composants ci-dessous,view,view,view,translated in all three,1,CrossBuy/Views/Inventory/ItemForm.cshtml
Product,المنتج,Product,Produit,view,view,view,translated in all three,2,CrossBuy/Views/Admin/PolicesData.cshtml
Product Tag,وسم المنتج,Product Tag,Étiquette du produit,view,view,view,translated in all three,1,CrossBuy/Views/Admin/PolicesData.cshtml
Product Title,عنوان المنتج,Product Title,Titre du produit,view,view,view,translated in all three,1,CrossBuy/Views/Admin/PolicesData.cshtml
Product assignment method,طريقة تعيين المنتج,Product assignment method,Méthode d'affectation des produits,view,view,view,translated in all three,1,CrossBuy/Views/Admin/PolicesData.cshtml
Product gallery (extra images),معرض صور الصنف (صور إضافية),Product gallery (extra images),Product gallery (extra images),view,fallback-to-key,fallback-to-key,english falls back to key text,1,CrossBuy/Views/Inventory/ItemForm.cshtml
Production cost & variance vs standard,Production cost & variance vs standard,Production cost & variance vs standard,Production cost & variance vs standard,fallback-to-key,fallback-to-key,fallback-to-key,MISSING arabic — key shown to user,1,CrossBuy/Views/Inventory/ManufReports.cshtml
Production demand,طلب الإنتاج,Production demand,Demande de production,view,view,view,translated in all three,1,CrossBuy/Views/Inventory/PlanDetails.cshtml
Production method,طريقة التصنيع,Production method,Méthode de production,view,view,view,translated in all three,1,CrossBuy/Views/Inventory/ItemForm.cshtml
Production output,إنتاج التصنيع,Production output,Production,view,view,view,translated in all three,1,CrossBuy/Views/Inventory/ManufDashboard.cshtml
Production planning,تخطيط الإنتاج,Production planning,Planification de production,view,view,view,translated in all three,1,CrossBuy/Views/Inventory/ManufDashboard.cshtml
Production planning (MRP),تخطيط الإنتاج (MRP),Production planning (MRP),Planification de la production (MRP),view,view,view,translated in all three,1,CrossBuy/Views/Inventory/ProductionPlanning.cshtml
Production this month,إنتاج هذا الشهر,Production this month,Production ce mois,view,view,view,translated in all three,1,CrossBuy/Views/Inventory/ManufDashboard.cshtml
Products,المنتجات,Products,Produits,view,view,view,translated in all three,5,CrossBuy/Views/Crm/OpportunityProducts.cshtml
Products / convert,البنود / تحويل لعرض سعر,Products / convert,Produits / convertir,view,view,view,translated in all three,1,CrossBuy/Views/Crm/_OppRows.cshtml
Products Online,Products Online,Products Online,Products Online,fallback-to-key,fallback-to-key,fallback-to-key,MISSING arabic — key shown to user,1,CrossBuy/Views/Home/Store.cshtml
Products matched with the following conditions will be automatically assigned to this category.,المنتجات المطابقة للشروط التالية ستُسنَد تلقائيًا إلى هذه الفئة.,Products matched with the following conditions will be automatically assigned to this category.,Les produits correspondant aux conditions suivantes seront automatiquement affectés à cette catégorie.,view,view,view,translated in all three,1,CrossBuy/Views/Admin/PolicesData.cshtml
Products must match:,يجب أن تطابق المنتجات:,Products must match:,Les produits doivent correspondre à :,view,view,view,translated in all three,1,CrossBuy/Views/Admin/PolicesData.cshtml
Profile,الملف الشخصي,Profile,Profil,shared,shared,shared,translated in all three,3,CrossBuy/Views/Shared/_LayoutAccounting.cshtml
"Profile, leaves, payslips & alerts","Profile, leaves, payslips & alerts","Profile, leaves, payslips & alerts","Profile, leaves, payslips & alerts",fallback-to-key,fallback-to-key,fallback-to-key,MISSING arabic — key shown to user,1,CrossBuy/Views/Portal/Choose.cshtml
Profit,الربح,Profit,Bénéfice,view,view,view,translated in all three,5,CrossBuy/Views/Accounting/Executive.cshtml
Profitability,ربحية المشاريع,Profitability,Rentabilité,view,view,view,translated in all three,2,CrossBuy/Views/Project/Dashboard.cshtml
Progress %,نسبة الإنجاز %,Progress %,Avancement %,view,view,view,translated in all three,1,CrossBuy/Views/Project/Progress.cshtml
Progress billing,المستخلصات,Progress billing,Décomptes,view,view,view,translated in all three,3,CrossBuy/Views/Project/Billing.cshtml
Progress billings,المستخلصات,Progress billings,Décomptes,view,view,view,translated in all three,1,CrossBuy/Views/Project/Billing.cshtml
Project,المشروع,Project,Projet,view,view,view,translated in all three,10,CrossBuy/Views/Accounting/CreateJournal.cshtml
Project closeout,Project closeout,Project closeout,Project closeout,fallback-to-key,fallback-to-key,fallback-to-key,MISSING arabic — key shown to user,1,CrossBuy/Views/ProjectCloseout/Index.cshtml
Project labor,عمالة المشروع,Project labor,Main-d oeuvre projet,view,view,view,translated in all three,2,CrossBuy/Views/Project/Labor.cshtml
Project profitability,ربحية المشاريع,Project profitability,Rentabilité du projet,view,view,view,translated in all three,1,CrossBuy/Views/Project/Profitability.cshtml
Project tasks & labor,Project tasks & labor,Project tasks & labor,Project tasks & labor,fallback-to-key,fallback-to-key,fallback-to-key,MISSING arabic — key shown to user,1,CrossBuy/Views/Project/Labor.cshtml
Project team,Project team,Project team,Project team,fallback-to-key,fallback-to-key,fallback-to-key,MISSING arabic — key shown to user,1,CrossBuy/Views/Project/Team.cshtml
Projected balance (90d),الرصيد المتوقع بعد 90 يوم,Projected balance (90d),Solde projeté (90 j),view,view,view,translated in all three,1,CrossBuy/Views/Accounting/AiInsights.cshtml
Projected end balance,الرصيد المتوقع نهايةً,Projected end balance,Solde final projeté,view,view,view,translated in all three,1,CrossBuy/Views/Accounting/AiInsights.cshtml
Projects,المشاريع,Projects,Projets,shared,shared,shared,translated in all three,19,CrossBuy/Views/Project/ActivityTypes.cshtml
Projects & Contracting,Projects & Contracting,Projects & Contracting,Projects & Contracting,fallback-to-key,fallback-to-key,fallback-to-key,MISSING arabic — key shown to user,2,CrossBuy/Views/Portal/Choose.cshtml
Projects by status,المشاريع حسب الحالة,Projects by status,Projects by status,view,fallback-to-key,fallback-to-key,english falls back to key text,1,CrossBuy/Views/Project/Dashboard.cshtml
Promotion details,بيانات العرض,Promotion details,Détails de la promotion,view,view,view,translated in all three,1,CrossBuy/Views/Inventory/PromotionEditor.cshtml
Promotions,العروض الترويجية,Promotions,Promotions,view,view,view,translated in all three,3,CrossBuy/Views/Inventory/PromotionEditor.cshtml
Proposal,عرض,Proposal,Proposition,view,view,view,translated in all three,3,CrossBuy/Views/Accounting/Executive.cshtml
Prospect,محتمل,Prospect,Prospect,view,view,view,translated in all three,1,CrossBuy/Views/Crm/_AccountRows.cshtml
Prospect account — a financial customer is created/linked automatically when the first opportunity is won.,حساب محتمل — يُربط بعميل مالي تلقائيًا عند فوز أول فرصة.,Prospect account — a financial customer is created/linked automatically when the first opportunity is won.,Compte prospect — un client financier est créé/lié automatiquement lorsque la première opportunité est gagnée.,view,view,view,translated in all three,1,CrossBuy/Views/Crm/AccountEditor.cshtml
Prospecting,استكشاف,Prospecting,Prospection,view,view,view,translated in all three,3,CrossBuy/Views/Accounting/Executive.cshtml
Provider,المزوّد,Provider,Organisme,view,view,view,translated in all three,3,CrossBuy/Views/Admin/TrainingCourseEditor.cshtml
Publish,نشر,Publish,Publish,view,fallback-to-key,fallback-to-key,english falls back to key text,1,CrossBuy/Views/Announcements/Index.cshtml
Publish roster,نشر الجدول,Publish roster,Publier le planning,view,view,view,translated in all three,1,CrossBuy/Views/Roster/Index.cshtml
Published,منشور,Published,Publié,view,view,view,translated in all three,2,CrossBuy/Views/Announcements/Index.cshtml
Purchase,فاتورة شراء,Purchase,Achat,view,view,view,translated in all three,3,CrossBuy/Views/Inventory/Index.cshtml
Purchase Guide,دليل الشراء,Purchase Guide,Guide d'achat,view,view,view,translated in all three,1,CrossBuy/Views/Shared/_mainLayout.cshtml
Purchase Invoice,فاتورة شراء,Purchase Invoice,Facture d'achat,view,view,view,translated in all three,1,CrossBuy/Views/Accounting/PurchaseInvoiceDetail.cshtml
Purchase Invoices,فواتير الشراء,Purchase Invoices,Factures d'achat,view,view,view,translated in all three,2,CrossBuy/Views/Accounting/MatchReceipts.cshtml
Purchase Returns / Debit Notes,مرتجعات الشراء / إشعارات المدين,Purchase Returns / Debit Notes,Retours d'achat / Notes de débit,view,view,view,translated in all three,1,CrossBuy/Views/Accounting/PurchaseReturns.cshtml
Purchase UoM,وحدة الشراء,Purchase UoM,UOM d'achat,view,view,view,translated in all three,1,CrossBuy/Views/Inventory/ItemForm.cshtml
Purchase order,أمر شراء,Purchase order,Bon de commande,view,view,view,translated in all three,1,CrossBuy/Views/Inventory/Approvals.cshtml
Purchase orders,أوامر الشراء,Purchase orders,Bons de commande,view,view,view,translated in all three,3,CrossBuy/Views/Inventory/NewPurchaseOrder.cshtml
Purchase orders & receipts.,Purchase orders & receipts.,Purchase orders & receipts.,Purchase orders & receipts.,fallback-to-key,fallback-to-key,fallback-to-key,MISSING arabic — key shown to user,1,CrossBuy/Views/Inventory/InventoryRoles.cshtml
Purchase returns,مرتجعات الشراء,Purchase returns,Retours d'achat,view,view,view,translated in all three,2,CrossBuy/Views/Accounting/NewPurchaseReturn.cshtml
Purchases,فواتير الشراء,Purchases,Achats,view,view,view,translated in all three,4,CrossBuy/Views/Accounting/MatchReceipts.cshtml
Purchasing,مسؤول مشتريات,Purchasing,Achats,view,view,view,translated in all three,1,CrossBuy/Views/Inventory/InventoryRoles.cshtml
Purchasing & sales,Purchasing & sales,Purchasing & sales,Purchasing & sales,fallback-to-key,fallback-to-key,fallback-to-key,MISSING arabic — key shown to user,1,CrossBuy/Views/Inventory/Quotations.cshtml
Purpose,الغرض,Purpose,Objet,view,view,view,translated in all three,1,CrossBuy/Views/People/LetterPrint.cshtml
Qty,الكمية,Qty,Qté,view,view,view,translated in all three,31,CrossBuy/Views/Accounting/MovementSummary.cshtml
Qty deducted,الكمية المخصومة,Qty deducted,Qté déduite,view,view,view,translated in all three,1,CrossBuy/Views/Pos/Modifiers.cshtml
Qty to produce,الكمية المطلوب إنتاجها,Qty to produce,Qté à produire,view,view,view,translated in all three,1,CrossBuy/Views/Inventory/NewWorkOrder.cshtml
Qty var%,انحراف كمية%,Qty var%,Écart qté%,view,view,view,translated in all three,1,CrossBuy/Views/Inventory/PoMatch.cshtml
"Qty, value & avg cost per item/warehouse","Qty, value & avg cost per item/warehouse","Qty, value & avg cost per item/warehouse","Qty, value & avg cost per item/warehouse",fallback-to-key,fallback-to-key,fallback-to-key,MISSING arabic — key shown to user,1,CrossBuy/Views/Inventory/Reports.cshtml
Qualification,تأهيل,Qualification,Qualification,view,view,view,translated in all three,5,CrossBuy/Views/Accounting/Executive.cshtml
Qualified,مؤهَّل,Qualified,Qualifié,view,view,view,translated in all three,2,CrossBuy/Views/Crm/Leads.cshtml
Quantity,الكمية,Quantity,Quantité,shared,shared,shared,translated in all three,7,CrossBuy/Views/Inventory/CapitalizeAsset.cshtml
Queued,في الانتظار,Queued,Queued,view,fallback-to-key,fallback-to-key,english falls back to key text,2,CrossBuy/Views/Comm/Index.cshtml
Quick Access,وصول سريع,Quick Access,Quick Access,view,fallback-to-key,fallback-to-key,english falls back to key text,7,CrossBuy/Views/Accounting/Index.cshtml
Quick Actions,إجراءات سريعة,Quick Actions,Quick Actions,view,view,fallback-to-key,MISSING french — English key shown,2,CrossBuy/Views/Service/BranchDetails.cshtml
Quick Links,روابط سريعة,Quick Links,Liens rapides,view,view,view,translated in all three,1,CrossBuy/Views/Shared/_LayoutManufacturing.cshtml
Quick access to all systems,الوصول السريع لكل الأنظمة,Quick access to all systems,Accès rapide à tous les systèmes,view,view,view,translated in all three,1,CrossBuy/Views/Portal/Choose.cshtml
Quick assembly,تجميع سريع,Quick assembly,Assemblage rapide,view,view,view,translated in all three,1,CrossBuy/Views/Inventory/ManufDashboard.cshtml
Quick code,كود سريع,Quick code,Code rapide,view,view,view,translated in all three,1,CrossBuy/Views/Pos/QuickMenu.cshtml
Quick items,الأصناف السريعة (كاشير),Quick items,Articles rapides,view,view,view,translated in all three,1,CrossBuy/Views/Pos/Preview.cshtml
Quick items (cashier),الأصناف السريعة (الكاشير),Quick items (cashier),Articles rapides (caissier),view,view,view,translated in all three,1,CrossBuy/Views/Pos/QuickMenu.cshtml
Quick ratio,النسبة السريعة,Quick ratio,Ratio de liquidité réduite,view,view,view,translated in all three,1,CrossBuy/Views/Accounting/Executive.cshtml
Quick view,عرض سريع,Quick view,Quick view,view,fallback-to-key,fallback-to-key,english falls back to key text,2,CrossBuy/Views/Home/Store.cshtml
Quotation,عرض سعر,Quotation,Devis,view,view,view,translated in all three,2,CrossBuy/Views/Crm/OpportunityProducts.cshtml
Quotations,عروض الأسعار,Quotations,Devis,view,view,view,translated in all three,3,CrossBuy/Views/Inventory/NewQuotation.cshtml
Quote No,رقم العرض,Quote No,N° de devis,view,view,view,translated in all three,1,CrossBuy/Views/Inventory/Quotations.cshtml
ROI,العائد ROI,ROI,ROI,view,view,view,translated in all three,2,CrossBuy/Views/Crm/CampaignDetail.cshtml
Rack (optional),الرف (اختياري),Rack (optional),Rayon (facultatif),view,view,view,translated in all three,3,CrossBuy/Views/Inventory/ItemLocations.cshtml
Rack balances,أرصدة الرفوف,Rack balances,Soldes par rack,view,view,view,translated in all three,1,CrossBuy/Views/Inventory/RackBalances.cshtml
Rack stock,جرد الرفوف,Rack stock,Stock par rack,view,view,view,translated in all three,1,CrossBuy/Views/Inventory/RackBalances.cshtml
"Rack-located vs warehouse total. \""Unlocated\"" = qty with no location.","Rack-located vs warehouse total. \""Unlocated\"" = qty with no location.","Rack-located vs warehouse total. \""Unlocated\"" = qty with no location.","Rack-located vs warehouse total. \""Unlocated\"" = qty with no location.",fallback-to-key,fallback-to-key,fallback-to-key,MISSING arabic — key shown to user,1,CrossBuy/Views/Inventory/RackBalances.cshtml
Racks,رفوف,Racks,Racks,view,view,view,translated in all three,1,CrossBuy/Views/Inventory/RackBalances.cshtml
"Ranked by urgency across your work, approvals and mentions.",مرتّبة حسب الأولوية عبر مهامك واعتماداتك والإشارات إليك.,"Ranked by urgency across your work, approvals and mentions.","Ranked by urgency across your work, approvals and mentions.",view,view,fallback-to-key,MISSING french — English key shown,1,CrossBuy/Views/Workspace/Index.cshtml
Rate,السعر,Rate,Taux,view,view,view,translated in all three,4,CrossBuy/Views/Accounting/PayrollTaxSettings.cshtml
Rate %,النسبة %,Rate %,Taux %,view,view,view,translated in all three,2,CrossBuy/Views/Accounting/PayrollTaxSettings.cshtml
Rate (EGP per unit),السعر (بالجنيه لكل وحدة),Rate (EGP per unit),Taux (EGP par unité),view,view,view,translated in all three,1,CrossBuy/Views/Currency/ExchangeRates.cshtml
Rate (EGP),السعر (ج.م),Rate (EGP),Taux (EGP),view,view,view,translated in all three,1,CrossBuy/Views/Currency/ExchangeRates.cshtml
"Rate = value of one currency unit in EGP. Type: Buy (vendor payments), Sell (customer collection), Central (mid). The latest rate on/before the transaction date is used.",السعر = قيمة وحدة العملة بالجنيه. النوع: شراء (لسداد الموردين)، بيع (لتحصيل العملاء)، مركزي (موحّد). يُستخدم أحدث سعر سارٍ ≤ تاريخ المعاملة.,"Rate = value of one currency unit in EGP. Type: Buy (vendor payments), Sell (customer collection), Central (mid). The latest rate on/before the transaction date is used.","Taux = valeur d'une unité de devise en EGP. Type : Achat (paiements fournisseurs), Vente (encaissement clients), Central (moyen). Le dernier taux à la date de la transaction ou avant est utilisé.",view,view,view,translated in all three,1,CrossBuy/Views/Currency/ExchangeRates.cshtml
Rate per hour,معدل الساعة,Rate per hour,Taux horaire,view,view,view,translated in all three,1,CrossBuy/Views/Project/EquipmentDepreciation.cshtml
Rate type,نوع السعر,Rate type,Type de taux,view,view,view,translated in all three,1,CrossBuy/Views/Currency/Revaluation.cshtml
Rate/hr,سعر/ساعة,Rate/hr,Taux/h,view,view,view,translated in all three,1,CrossBuy/Views/Inventory/WorkOrderDetails.cshtml
Rating,التقييم,Rating,Rating,view,fallback-to-key,fallback-to-key,english falls back to key text,1,CrossBuy/Views/Store/Product.cshtml
Rating (0-5),التقييم (0-5),Rating (0-5),Rating (0-5),view,fallback-to-key,fallback-to-key,english falls back to key text,1,CrossBuy/Views/Inventory/ItemForm.cshtml
Re-queue,إعادة الإدراج,Re-queue,Remettre en file,view,view,view,translated in all three,1,CrossBuy/Views/BusinessEventMonitor/Index.cshtml
Re-queue dispatch,إعادة إدراج الإرسال في الطابور,Re-queue dispatch,Remettre l'envoi en file,view,view,view,translated in all three,1,CrossBuy/Views/BusinessEventMonitor/Index.cshtml
Re-queueing requires an elevated override. Attempts are not reset — the ceiling is raised by one.,إعادة الإدراج تتطلّب تجاوزًا بصلاحية موسّعة. لا يُصفَّر عدد المحاولات — بل يُرفع الحدّ الأقصى بمقدار واحد.,Re-queueing requires an elevated override. Attempts are not reset — the ceiling is raised by one.,La remise en file exige une dérogation élevée. Le compteur n'est pas remis à zéro — le plafond est relevé de un.,view,view,view,translated in all three,1,CrossBuy/Views/BusinessEventMonitor/Index.cshtml
Reach our support & assistance team,Reach our support & assistance team,Reach our support & assistance team,Reach our support & assistance team,fallback-to-key,fallback-to-key,fallback-to-key,MISSING arabic — key shown to user,1,CrossBuy/Views/Portal/Choose.cshtml
React,تفاعل,React,Réagir,view,fallback-to-key,view,english falls back to key text,2,CrossBuy/Views/Chat/Index.cshtml
Read by,قرأها,Read by,Read by,view,fallback-to-key,fallback-to-key,english falls back to key text,1,CrossBuy/Views/Chat/Index.cshtml
Read by all,قرأها الجميع,Read by all,Read by all,view,fallback-to-key,fallback-to-key,english falls back to key text,1,CrossBuy/Views/Chat/Index.cshtml
Read-only — submitted,للقراءة فقط — تم الإرسال,Read-only — submitted,Lecture seule — soumise,view,view,view,translated in all three,1,CrossBuy/Views/Admin/AppraisalScore.cshtml
Read-only.,قراءة فقط.,Read-only.,Lecture seule.,view,view,view,translated in all three,2,CrossBuy/Views/Accounting/AccountingRoles.cshtml
Ready,جاهز,Ready,Prêt,view,view,view,translated in all three,3,CrossBuy/Views/PosApp/Delivery.cshtml
Ready to bill,جاهز للفوترة,Ready to bill,Prêt à facturer,view,view,view,translated in all three,1,CrossBuy/Views/Project/Billing.cshtml
Ready to close,Ready to close,Ready to close,Ready to close,fallback-to-key,fallback-to-key,fallback-to-key,MISSING arabic — key shown to user,1,CrossBuy/Views/ProjectCloseout/Index.cshtml
Ready to work,جاهز للعمل,Ready to work,Prêt à travailler,view,view,view,translated in all three,1,CrossBuy/Views/EmployeeOnboarding/Index.cshtml
Reason,السبب,Reason,Motif,view,view,shared,translated in all three,11,CrossBuy/Views/Accounting/AiInsights.cshtml
Reason (optional),السبب (اختياري),Reason (optional),Motif (facultatif),view,view,view,translated in all three,1,CrossBuy/Views/People/Leaves.cshtml
Reason / notes,السبب / ملاحظات,Reason / notes,Motif / notes,view,view,view,translated in all three,1,CrossBuy/Views/People/Requests.cshtml
Reason for changing a published roster,سبب تعديل جدول منشور,Reason for changing a published roster,Motif de la modification d'un planning publié,view,view,view,translated in all three,1,CrossBuy/Views/Roster/Index.cshtml
Reason for closing,Reason for closing,Reason for closing,Reason for closing,fallback-to-key,fallback-to-key,fallback-to-key,MISSING arabic — key shown to user,1,CrossBuy/Views/ProjectCloseout/Index.cshtml
Reason for reopening,Reason for reopening,Reason for reopening,Reason for reopening,fallback-to-key,fallback-to-key,fallback-to-key,MISSING arabic — key shown to user,1,CrossBuy/Views/ProjectCloseout/Index.cshtml
Reason within a stock adjustment,سبب ضمن تسوية الجرد,Reason within a stock adjustment,Motif au sein d'un ajustement de stock,view,view,view,translated in all three,1,CrossBuy/Views/Inventory/Settings.cshtml
Recalled the table's order,تم استرجاع طلب الطاولة,Recalled the table's order,Commande de la table rappelée,view,view,view,translated in all three,1,CrossBuy/Views/PosApp/Terminal.cshtml
Receipt,إيصال,Receipt,Reçu,view,view,view,translated in all three,6,CrossBuy/Views/Inventory/Index.cshtml
Receipt No,رقم الإيصال,Receipt No,Receipt No,view,fallback-to-key,fallback-to-key,english falls back to key text,1,CrossBuy/Views/Accounting/MatchReceipts.cshtml
Receipt No.,رقم الإذن,Receipt No.,N° réception,view,view,view,translated in all three,1,CrossBuy/Views/Inventory/GoodsReceipts.cshtml
Receipt footer (AR),تذييل الإيصال (عربي),Receipt footer (AR),Pied de page du reçu (AR),view,view,view,translated in all three,1,CrossBuy/Views/Brand/BrandEditor.cshtml
Receipt footer (EN),تذييل الإيصال (EN),Receipt footer (EN),Pied de page du reçu (EN),view,view,view,translated in all three,1,CrossBuy/Views/Brand/BrandEditor.cshtml
Receipt items,أصناف الاستلام,Receipt items,Articles de la réception,view,view,view,translated in all three,1,CrossBuy/Views/Inventory/NewLandedCost.cshtml
Receipt no,رقم الإيصال,Receipt no,Receipt no,shared,fallback-to-key,fallback-to-key,english falls back to key text,1,CrossBuy/Views/Hyper/Receipts.cshtml
Receipt prefix,بادئة الإيصال,Receipt prefix,Préfixe du ticket,view,view,view,translated in all three,1,CrossBuy/Views/Pos/Terminals.cshtml
Receipt printing,إعداد طباعة الإيصال,Receipt printing,Impression du ticket,view,view,view,translated in all three,1,CrossBuy/Views/Pos/Terminals.cshtml
Receipt seq,تسلسل الإيصال,Receipt seq,Séq. ticket,view,view,view,translated in all three,1,CrossBuy/Views/Pos/Terminals.cshtml
Receipts,أذون الاستلام,Receipts,Réceptions,view,view,view,translated in all three,3,CrossBuy/Views/Accounting/Receipts.cshtml
"Receipts, payments & cash transfers only.","Receipts, payments & cash transfers only.","Receipts, payments & cash transfers only.","Receipts, payments & cash transfers only.",fallback-to-key,fallback-to-key,fallback-to-key,MISSING arabic — key shown to user,1,CrossBuy/Views/Accounting/AccountingRoles.cshtml
Receivable,عملاء,Receivable,Créance,view,view,view,translated in all three,2,CrossBuy/Views/Accounting/Executive.cshtml
Receivables,العملاء,Receivables,Créances clients,view,view,view,translated in all three,3,CrossBuy/Views/Accounting/Executive.cshtml
Receive advance,استلام دفعة مقدمة,Receive advance,Recevoir une avance,view,view,view,translated in all three,1,CrossBuy/Views/Project/Advance.cshtml
Receive goods,استلام البضاعة,Receive goods,Réceptionner les marchandises,view,view,view,translated in all three,1,CrossBuy/Views/Inventory/_PoRows.cshtml
Received,مستلم,Received,Reçu,view,view,view,translated in all three,4,CrossBuy/Views/Inventory/DocumentDetails.cshtml
Received into,حساب التحصيل,Received into,Reçu dans,view,view,view,translated in all three,1,CrossBuy/Views/Accounting/FixedAssetDetail.cshtml
Received items,الأصناف المستلمة,Received items,Articles reçus,view,view,view,translated in all three,1,CrossBuy/Views/Inventory/NewGoodsReceipt.cshtml
Received value,قيمة المستلَم,Received value,Received value,view,fallback-to-key,fallback-to-key,english falls back to key text,1,CrossBuy/Views/Accounting/MatchReceipts.cshtml
Receiving WH,مخزن الاستلام,Receiving WH,Entrepôt de réception,view,view,view,translated in all three,1,CrossBuy/Views/Inventory/NewPurchaseOrder.cshtml
Receiving against PO,استلام مقابل أمر الشراء,Receiving against PO,Réception sur bon de commande,view,view,view,translated in all three,1,CrossBuy/Views/Inventory/NewGoodsReceipt.cshtml
Recent,الأخيرة,Recent,Récente,view,view,view,translated in all three,1,CrossBuy/Views/Crm/AccountInsights.cshtml
Recent Activity,النشاط الأخير,Recent Activity,Recent Activity,view,view,fallback-to-key,MISSING french — English key shown,1,CrossBuy/Views/Workspace/Index.cshtml
Recent Journal Entries,آخر القيود,Recent Journal Entries,Écritures de journal récentes,view,view,view,translated in all three,1,CrossBuy/Views/Accounting/Index.cshtml
Recent Reports,التقارير الأخيرة,Recent Reports,Recent Reports,view,view,fallback-to-key,MISSING french — English key shown,1,CrossBuy/Views/Workspace/Index.cshtml
Recent leads,أحدث العملاء المحتملين,Recent leads,Recent leads,shared,fallback-to-key,fallback-to-key,english falls back to key text,1,CrossBuy/Views/Crm/Index.cshtml
Recent leave requests,أحدث طلبات الإجازات,Recent leave requests,Recent leave requests,view,fallback-to-key,fallback-to-key,english falls back to key text,1,CrossBuy/Views/Admin/Index.cshtml
Recent movements,آخر الحركات,Recent movements,Mouvements récents,view,view,view,translated in all three,1,CrossBuy/Views/Inventory/Index.cshtml
Recent orders,أحدث الطلبات,Recent orders,Recent orders,view,fallback-to-key,fallback-to-key,english falls back to key text,1,CrossBuy/Views/Pos/Dashboard.cshtml
Recent projects,أحدث المشاريع,Recent projects,Recent projects,view,fallback-to-key,fallback-to-key,english falls back to key text,1,CrossBuy/Views/Project/Dashboard.cshtml
Recent receipts (this terminal),أحدث الإيصالات (هذا الجهاز),Recent receipts (this terminal),Recent receipts (this terminal),shared,fallback-to-key,fallback-to-key,english falls back to key text,1,CrossBuy/Views/Hyper/Receipts.cshtml
Recent requests,أحدث الطلبات,Recent requests,Demandes récentes,view,view,view,translated in all three,1,CrossBuy/Views/People/Dashboard.cshtml
Recent runs,عمليات التشغيل الأخيرة,Recent runs,Exécutions récentes,view,view,view,translated in all three,1,CrossBuy/Views/Reports/Index.cshtml
Recent sales,مبيعات حديثة,Recent sales,Recent sales,view,fallback-to-key,fallback-to-key,english falls back to key text,1,CrossBuy/Views/PosApp/Terminal.cshtml
Recent settlements,التسويات السابقة,Recent settlements,Soldes récents,view,view,view,translated in all three,1,CrossBuy/Views/Admin/FinalSettlement.cshtml
Recent work orders,أحدث أوامر التشغيل,Recent work orders,Ordres de travail récents,view,view,view,translated in all three,1,CrossBuy/Views/Inventory/ManufDashboard.cshtml
Recently Searched:,عمليات البحث الأخيرة:,Recently Searched:,Recherches récentes :,view,view,view,translated in all three,1,CrossBuy/Views/Shared/_LayoutManufacturing.cshtml
Recently added,Recently added,Recently added,Recently added,fallback-to-key,fallback-to-key,fallback-to-key,MISSING arabic — key shown to user,1,CrossBuy/Views/Home/Store.cshtml
Recently searched:,عمليات البحث الأخيرة:,Recently searched:,Recherches récentes :,view,view,view,translated in all three,1,CrossBuy/Views/Shared/_LayoutManufacturing.cshtml
Recipient and subject are required,المستلِم والموضوع مطلوبان,Recipient and subject are required,Recipient and subject are required,view,fallback-to-key,fallback-to-key,english falls back to key text,1,CrossBuy/Views/Comm/Compose.cshtml
Recommended,الموصى به,Recommended,Recommandé,view,view,view,translated in all three,1,CrossBuy/Views/RestaurantIntelligence/Index.cshtml
Recompute scores,إعادة احتساب النقاط,Recompute scores,Recalculer les scores,view,view,view,translated in all three,1,CrossBuy/Views/Crm/ScoringRules.cshtml
Recompute scores for all leads?,إعادة احتساب نقاط كل العملاء المحتملين؟,Recompute scores for all leads?,Recalculer les scores pour tous les prospects ?,view,view,view,translated in all three,1,CrossBuy/Views/Crm/ScoringRules.cshtml
Reconcile,التسوية,Reconcile,Rapprocher,view,view,view,translated in all three,1,CrossBuy/Views/Accounting/Reconcile.cshtml
Reconciled,مُسوّاة,Reconciled,Rapproché,view,view,view,translated in all three,1,CrossBuy/Views/Accounting/Reconciliations.cshtml
Reconciliation,المطابقة,Reconciliation,Rapprochement,view,view,view,translated in all three,1,CrossBuy/Views/Inventory/RackBalances.cshtml
Reconciliations,التسويات,Reconciliations,Rapprochements,view,view,view,translated in all three,1,CrossBuy/Views/Accounting/Reconciliations.cshtml
Record,سجل,Record,Enregistrement,shared,shared,shared,translated in all three,1,CrossBuy/Views/Admin/Polices.cshtml
Record & post,Record & post,Record & post,Record & post,fallback-to-key,fallback-to-key,fallback-to-key,MISSING arabic — key shown to user,1,CrossBuy/Views/Accounting/NewPurchaseInvoice.cshtml
Record a day,تسجيل يوم,Record a day,Enregistrer une journée,view,view,view,translated in all three,1,CrossBuy/Views/Admin/AttendanceEntry.cshtml
Record attendance,تسجيل الحضور والانصراف,Record attendance,Enregistrer la présence,view,view,view,translated in all three,2,CrossBuy/Views/Admin/Attendance.cshtml
Record only,سجل فقط (بلا قيد),Record only,Enregistrer seulement,view,view,view,translated in all three,1,CrossBuy/Views/Accounting/FixedAssetDetail.cshtml
Rect,مستطيل,Rect,Rect,view,view,view,translated in all three,1,CrossBuy/Views/Pos/FloorPlan.cshtml
Recurring,تتكرر سنويًا,Recurring,Récurrent,view,view,view,translated in all three,2,CrossBuy/Views/Accounting/_JournalRows.cshtml
Recurring yearly,تتكرر سنويًا,Recurring yearly,Récurrent chaque année,view,view,view,translated in all three,1,CrossBuy/Views/Admin/HolidaysList.cshtml
Recv. cost,تكلفة الاستلام,Recv. cost,Coût de réception,view,view,view,translated in all three,1,CrossBuy/Views/Inventory/PoMatch.cshtml
Ref,مرجع,Ref,Réf,view,view,view,translated in all three,1,CrossBuy/Views/People/LetterPrint.cshtml
Referrals,الإحالات,Referrals,Parrainages,view,view,view,translated in all three,3,CrossBuy/Views/Shared/_LayoutAccounting.cshtml
Refresh,تحديث,Refresh,Actualiser,view,view,view,translated in all three,4,CrossBuy/Views/BusinessEventMonitor/Index.cshtml
Regenerate QR,تجديد QR,Regenerate QR,Régénérer le QR,view,view,view,translated in all three,1,CrossBuy/Views/Pos/FloorPlan.cshtml
Regenerate QR (invalidates the old one)?,تجديد رمز QR (يُبطل القديم)؟,Regenerate QR (invalidates the old one)?,Régénérer le QR (invalide l'ancien) ?,view,view,view,translated in all three,1,CrossBuy/Views/Pos/FloorPlan.cshtml
Register,إنشاء حساب,Register,S'inscrire,view,view,view,translated in all three,1,CrossBuy/Views/Shared/_mainLayout.cshtml
"Registered, but no report is published over it yet.",مُسجَّل، لكن لم يُنشر عليه أي تقرير بعد.,"Registered, but no report is published over it yet.","Enregistré, mais aucun rapport n'est encore publié dessus.",view,view,view,translated in all three,1,CrossBuy/Views/Reports/Index.cshtml
RegistrationNumber,السجل التجاري,Registration Number,Numéro d'immatriculation,shared,shared,shared,translated in all three,1,CrossBuy/Views/Service/CompanyDetails.cshtml
Reject,رفض,Reject,Refuser,shared,shared,shared,translated in all three,4,CrossBuy/Views/Inventory/Approvals.cshtml
Reject this document?,رفض المستند؟,Reject this document?,Rejeter ce document ?,view,view,view,translated in all three,1,CrossBuy/Views/Inventory/Approvals.cshtml
Reject this leave request?,رفض طلب الإجازة؟,Reject this leave request?,Rejeter cette demande de congé ?,view,view,view,translated in all three,1,CrossBuy/Views/People/Leaves.cshtml
Reject this quotation?,رفض عرض السعر؟,Reject this quotation?,Rejeter ce devis ?,view,view,view,translated in all three,1,CrossBuy/Views/Inventory/QuotationDetails.cshtml
Reject?,رفض الطلب؟,Reject?,Rejeter ?,view,view,view,translated in all three,1,CrossBuy/Views/People/Requests.cshtml
RejectRequestOnLimitExceeded,رفض الطلب عند التجاوز,Reject Request on Limit Exceeded,Refuser la demande en cas de dépassement de la limite,shared,shared,shared,translated in all three,1,CrossBuy/Views/Admin/Polices.cshtml
Rejected,مرفوض,Rejected,Rejetée,view,view,view,translated in all three,11,CrossBuy/Views/Admin/ApplicationDetail.cshtml
Related documents,مستندات مرتبطة,Related documents,Documents liés,view,view,view,translated in all three,1,CrossBuy/Views/Accounting/MovementSummary.cshtml
Related products,منتجات ذات صلة,Related products,Related products,view,fallback-to-key,fallback-to-key,english falls back to key text,1,CrossBuy/Views/Store/Product.cshtml
Relation,العلاقة,Relation,Relation,view,view,view,translated in all three,1,CrossBuy/Views/Accounting/MovementSummary.cshtml
Release (issue to WIP),إصدار (صرف للـ WIP),Release (issue to WIP),Lancer (sortie vers WIP),view,view,view,translated in all three,1,CrossBuy/Views/Inventory/WorkOrderDetails.cshtml
Release retention,رد المحتجز,Release retention,Libérer la retenue,view,view,view,translated in all three,1,CrossBuy/Views/Project/RetentionRelease.cshtml
Release subcontractor retention,رد محتجز الباطن,Release subcontractor retention,Libérer la retenue sous-traitant,view,view,view,translated in all three,1,CrossBuy/Views/Project/SubRetentionRelease.cshtml
Release? Materials will be issued to WIP.,إصدار أمر التشغيل؟ سيتم صرف المواد إلى الإنتاج تحت التشغيل.,Release? Materials will be issued to WIP.,Lancer ? Les matières seront sorties vers le WIP.,view,view,view,translated in all three,1,CrossBuy/Views/Inventory/WorkOrderDetails.cshtml
Released,مُصدَر,Released,Lancé,view,view,view,translated in all three,2,CrossBuy/Views/Inventory/ManufDashboard.cshtml
Remaining,المتبقي,Remaining,Restant,view,view,view,translated in all three,3,CrossBuy/Views/Admin/DocExpiryAlerts.cshtml
Remaining advance,الرصيد المتبقّي,Remaining advance,Solde restant,view,view,view,translated in all three,1,CrossBuy/Views/Project/Billing.cshtml
RememberMeShort,تذكّرني,Remember me,Se souvenir de moi,shared,shared,shared,translated in all three,1,CrossBuy/Views/Account/Login.cshtml
Reminder,تذكير,Reminder,Rappel,view,view,view,translated in all three,1,CrossBuy/Views/Crm/_Timeline.cshtml
Remit date,تاريخ التوريد,Remit date,Date de versement,view,view,view,translated in all three,1,CrossBuy/Views/Accounting/PayrollDisbursement.cshtml
Remit to authority,توريد للمصلحة,Remit to authority,Verser à l'administration,view,view,view,translated in all three,1,CrossBuy/Views/Accounting/PayrollDisbursement.cshtml
Remit to authority (SI),توريد للتأمينات,Remit to authority,Verser à l'administration,view,view,view,translated in all three,1,CrossBuy/Views/Accounting/PayrollDisbursement.cshtml
Remitted,موَرَّد,Remitted,Versé,view,view,view,translated in all three,1,CrossBuy/Views/Accounting/PayrollDisbursement.cshtml
Remitted to social insurance.,تم التوريد للتأمينات الاجتماعية.,Remitted to social insurance.,Versé à l'assurance sociale.,view,view,view,translated in all three,1,CrossBuy/Views/Accounting/PayrollDisbursement.cshtml
Remitted to tax authority.,تم التوريد لمصلحة الضرائب.,Remitted to tax authority.,Versé à l'administration fiscale.,view,view,view,translated in all three,1,CrossBuy/Views/Accounting/PayrollDisbursement.cshtml
Remove,إزالة,Remove,Remove,view,fallback-to-key,fallback-to-key,english falls back to key text,2,CrossBuy/Views/Chat/Index.cshtml
Remove avatar,إزالة الصورة,Remove avatar,Supprimer l'avatar,view,view,view,translated in all three,2,CrossBuy/Views/Service/BranchDetails.cshtml
Remove button?,حذف الزر؟,Remove button?,Retirer le bouton ?,view,view,view,translated in all three,1,CrossBuy/Views/Pos/QuickMenu.cshtml
Remove enrollment?,إلغاء التسجيل؟,Remove enrollment?,Supprimer l'inscription ?,view,view,view,translated in all three,1,CrossBuy/Views/Admin/CourseEnrollments.cshtml
Remove image,إزالة الصورة,Remove image,Supprimer l'image,view,view,view,translated in all three,2,CrossBuy/Views/Inventory/CategoryForm.cshtml
Remove logo,إزالة اللوجو,Remove logo,Supprimer le logo,view,view,view,translated in all three,1,CrossBuy/Views/Brand/BrandEditor.cshtml
Remove photo,إزالة الصورة,Remove photo,Supprimer la photo,view,view,view,translated in all three,2,CrossBuy/Views/Admin/ApplicationForm.cshtml
Remove role?,إلغاء الدور؟,Remove role?,Retirer le rôle ?,view,view,view,translated in all three,4,CrossBuy/Views/Accounting/AccountingRoles.cshtml
Remove the file,إزالة الملف,Remove the file,Retirer le fichier,view,fallback-to-key,view,english falls back to key text,1,CrossBuy/Views/Shared/_EntityConversation.cshtml
Remove this labor line and reverse its entry?,حذف سطر العمالة وعكس قيده؟,Remove this labor line and reverse its entry?,Supprimer cette ligne de main-d'œuvre et contrepasser son écriture ?,view,view,view,translated in all three,1,CrossBuy/Views/Inventory/WorkOrderDetails.cshtml
Remove this member?,إزالة هذا العضو؟,Remove this member?,Supprimer ce membre ?,view,view,view,translated in all three,2,CrossBuy/Views/Crm/CampaignDetail.cshtml
RemoveAll,مسح الكل,Remove All,Tout supprimer,shared,shared,shared,translated in all three,2,CrossBuy/Views/Service/BranchDetails.cshtml
Removed from favourites,أُزيل من المفضّلة,Removed from favourites,Retiré des favoris,view,view,view,translated in all three,1,CrossBuy/Views/Reports/Viewer.cshtml
Rename,إعادة تسمية,Rename,Renommer,view,fallback-to-key,view,english falls back to key text,1,CrossBuy/Views/FileManager/Index.cshtml
Renamed,تمت إعادة التسمية,Renamed,Renommé,view,fallback-to-key,view,english falls back to key text,1,CrossBuy/Views/FileManager/Index.cshtml
Reopen,إعادة فتح,Reopen,Rouvrir,view,view,view,translated in all three,4,CrossBuy/Views/Accounting/Periods.cshtml
Reopen and reverse closing entry?,إعادة فتح السنة وعكس قيد الإقفال؟,Reopen and reverse closing entry?,Rouvrir et contre-passer l'écriture de clôture ?,view,view,view,translated in all three,1,CrossBuy/Views/Accounting/YearEndClose.cshtml
Reopen the project,Reopen the project,Reopen the project,Reopen the project,fallback-to-key,fallback-to-key,fallback-to-key,MISSING arabic — key shown to user,1,CrossBuy/Views/ProjectCloseout/Index.cshtml
Reopen this activity?,إعادة فتح هذا النشاط؟,Reopen this activity?,Rouvrir cette activité ?,view,view,view,translated in all three,2,CrossBuy/Views/Crm/_ActivityRows.cshtml
Reopened,Reopened,Reopened,Reopened,fallback-to-key,fallback-to-key,fallback-to-key,MISSING arabic — key shown to user,2,CrossBuy/Views/Accounting/YearEndClose.cshtml
Reorder,النواقص,Reorder,Réapprovisionnement,view,view,view,translated in all three,3,CrossBuy/Views/Accounting/AiInsights.cshtml
Reorder / Low stock,النواقص وإعادة الطلب,Reorder / Low stock,Réapprovisionnement / Stock faible,view,view,view,translated in all three,1,CrossBuy/Views/Inventory/ReorderReport.cshtml
Reorder / low stock,النواقص وإعادة الطلب,Reorder / low stock,Réapprovisionnement / stock faible,view,view,view,translated in all three,1,CrossBuy/Views/Inventory/Reports.cshtml
Reorder planning,تخطيط النواقص,Reorder planning,Planification du réapprovisionnement,view,view,view,translated in all three,1,CrossBuy/Views/Inventory/Planning.cshtml
Reorder point,حد إعادة الطلب,Reorder point,Point de commande,view,view,view,translated in all three,1,CrossBuy/Views/RestaurantIntelligence/Index.cshtml
Reorder pt,حد إعادة الطلب,Reorder pt,Point de réappro.,view,view,view,translated in all three,2,CrossBuy/Views/Inventory/ReorderReport.cshtml
Reorder settings,حدود إعادة الطلب,Reorder settings,Paramètres de réapprovisionnement,view,view,view,translated in all three,2,CrossBuy/Views/Inventory/Planning.cshtml
Rep,المندوب,Rep,Commercial,view,view,view,translated in all three,1,CrossBuy/Views/Crm/Reports.cshtml
Rep performance,أداء المندوبين,Rep performance,Performance des commerciaux,view,view,view,translated in all three,1,CrossBuy/Views/Crm/Reports.cshtml
Replenish,إعادة التوريد,Replenish,Réapprovisionner,view,view,view,translated in all three,1,CrossBuy/Views/Inventory/RiskInsights.cshtml
Replenishment,إعادة التزويد,Replenishment,Réapprovisionnement,view,view,view,translated in all three,1,CrossBuy/Views/RestaurantIntelligence/Index.cshtml
Reply,رد,Reply,Répondre,view,fallback-to-key,view,english falls back to key text,5,CrossBuy/Views/Chat/Index.cshtml
Reply all,رد على الكل,Reply all,Reply all,view,fallback-to-key,fallback-to-key,english falls back to key text,1,CrossBuy/Views/Comm/View.cshtml
Replying to,ترد على,Replying to,En réponse à,view,fallback-to-key,view,english falls back to key text,1,CrossBuy/Views/Shared/_EntityConversation.cshtml
Report,التقرير,Report,Rapport,view,view,view,translated in all three,1,CrossBuy/Views/Reports/Index.cshtml
Reporting Line,التسلسل الإداري,Reporting Line,Ligne hiérarchique,view,view,view,translated in all three,1,CrossBuy/Views/People/Structure.cshtml
Reporting to me,يتبعونني,Reporting to me,Sous ma responsabilité,view,view,view,translated in all three,1,CrossBuy/Views/People/Structure.cshtml
Reports,التقارير,Reports,Rapports,shared,shared,shared,translated in all three,10,CrossBuy/Views/Inventory/ExpiryAlerts.cshtml
Reports & Analytics,Reports & Analytics,Reports & Analytics,Reports & Analytics,fallback-to-key,fallback-to-key,fallback-to-key,MISSING arabic — key shown to user,1,CrossBuy/Views/Portal/Choose.cshtml
Reports & statistics,Reports & statistics,Reports & statistics,Reports & statistics,fallback-to-key,fallback-to-key,fallback-to-key,MISSING arabic — key shown to user,1,CrossBuy/Views/Portal/Choose.cshtml
Reports Center,مركز التقارير,Reports Center,Centre de rapports,view,view,view,translated in all three,2,CrossBuy/Views/Reports/Index.cshtml
Reports center,مركز التقارير,Reports center,Reports center,view,view,fallback-to-key,MISSING french — English key shown,1,CrossBuy/Views/Workspace/Index.cshtml
Reports centre,مركز التقارير,Reports centre,Centre de rapports,view,view,view,translated in all three,1,CrossBuy/Views/Accounting/JournalEntry.cshtml
Reprint,إعادة طباعة,Reprint,Reprint,shared,fallback-to-key,fallback-to-key,english falls back to key text,1,CrossBuy/Views/Hyper/Receipts.cshtml
Request,الطلب,Request,Demande,view,view,view,translated in all three,1,CrossBuy/Views/People/Requests.cshtml
Request ID:,معرّف الطلب:,Request ID:,ID de demande :,view,view,view,translated in all three,1,CrossBuy/Views/Shared/Error.cshtml
Request type,نوع الطلب,Request type,Type de demande,view,view,view,translated in all three,1,CrossBuy/Views/People/Requests.cshtml
Requested by,مقدّم الطلب,Requested by,Demandé par,view,view,view,translated in all three,2,CrossBuy/Views/Inventory/Approvals.cshtml
Requester,مقدّمه,Requester,Demandeur,view,view,view,translated in all three,2,CrossBuy/Views/Approvals/Index.cshtml
Requests,الطلبات,Requests,Demandes,view,view,view,translated in all three,1,CrossBuy/Views/People/Dashboard.cshtml
Requests & notifications,Requests & notifications,Requests & notifications,Requests & notifications,fallback-to-key,fallback-to-key,fallback-to-key,MISSING arabic — key shown to user,1,CrossBuy/Views/Portal/Choose.cshtml
Requests / day,طلبات / يوم,Requests / day,Demandes / jour,view,view,view,translated in all three,1,CrossBuy/Views/Admin/Polices.cshtml
Requests distribution,توزيع الطلبات,Requests distribution,Répartition des demandes,view,view,view,translated in all three,1,CrossBuy/Views/People/Dashboard.cshtml
Required,المطلوب,Required,Requis,view,view,view,translated in all three,5,CrossBuy/Views/Accounting/ChartOfAccounts.cshtml
Required document,مستند مطلوب,Required document,Document requis,view,view,view,translated in all three,1,CrossBuy/Views/EmployeeOnboarding/Index.cshtml
Required documents,أنواع المستندات المطلوبة,Required documents,Documents requis,view,view,view,translated in all three,2,CrossBuy/Views/Admin/ApplicationDetail.cshtml
Required provision,المخصص المطلوب,Required provision,Provision requise,view,view,view,translated in all three,1,CrossBuy/Views/Admin/LeaveAccrual.cshtml
RequiredConfirm,يرجى تعبئة الحقول المطلوبة بشكل صحيح,Please fill in the required fields correctly.,Veuillez remplir correctement les champs obligatoires.,shared,shared,shared,translated in all three,1,CrossBuy/Views/Admin/Polices.cshtml
Requirement,المتطلب,Requirement,Exigence,view,view,view,translated in all three,2,CrossBuy/Views/Admin/RequiredDocTypesList.cshtml
Requires Medical Certificate,تتطلب شهادة طبية,Requires Medical Certificate,Certificat médical requis,view,view,view,translated in all three,1,CrossBuy/Views/Admin/PolicesData.cshtml
Requires a POS role — separate from the admin panel.,يتطلب دورًا في نقاط البيع — منفصل عن لوحة الإدارة.,Requires a POS role — separate from the admin panel.,Nécessite un rôle POS — distinct du panneau d'administration.,view,view,view,translated in all three,1,CrossBuy/Views/PosApp/Login.cshtml
Requires approval,يتطلب موافقة,Requires approval,Nécessite une approbation,view,view,view,translated in all three,1,CrossBuy/Views/Admin/EmployeeData.cshtml
Requires cost center,يتطلب مركز تكلفة,Requires cost center,Nécessite un centre de coûts,view,view,view,translated in all three,1,CrossBuy/Views/Accounting/ChartOfAccounts.cshtml
Requires medical certificate?,هل تتطلب شهادة طبية؟,Requires medical certificate?,Nécessite un certificat médical ?,view,view,view,translated in all three,1,CrossBuy/Views/Admin/PolicesData.cshtml
Reservations,الحجوزات,Reservations,Réservations,view,view,view,translated in all three,2,CrossBuy/Views/Pos/Dashboard.cshtml
Reserve table,حجز طاولة,Reserve table,Réserver la table,view,view,view,translated in all three,1,CrossBuy/Views/Pos/Reservations.cshtml
Reserved,محجوزة,Reserved,Réservée,view,view,view,translated in all three,2,CrossBuy/Views/Pos/Reservations.cshtml
Reset,إعادة تعيين,Reset,Réinitialiser,shared,shared,shared,translated in all three,31,CrossBuy/Views/Accounting/CustomerStatement.cshtml
Reset password,إعادة تعيين كلمة المرور,Reset password,Réinitialiser le mot de passe,view,view,view,translated in all three,1,CrossBuy/Views/Shared/_mainLayout.cshtml
Resolution,الحل,Resolution,Résolution,view,view,view,translated in all three,1,CrossBuy/Views/Crm/SlaPolicies.cshtml
Resolution (min),الحل (دقيقة),Resolution (min),Résolution (min),view,view,view,translated in all three,1,CrossBuy/Views/Crm/SlaPolicies.cshtml
Resolution breached,تجاوز زمن الحل,Resolution breached,Résolution dépassée,view,view,view,translated in all three,2,CrossBuy/Views/Crm/Tickets.cshtml
Resolution due,الحل — الموعد,Resolution due,Résolution attendue,view,view,view,translated in all three,1,CrossBuy/Views/Crm/TicketEditor.cshtml
Resolve the blocking items above before closing.,Resolve the blocking items above before closing.,Resolve the blocking items above before closing.,Resolve the blocking items above before closing.,fallback-to-key,fallback-to-key,fallback-to-key,MISSING arabic — key shown to user,1,CrossBuy/Views/ProjectCloseout/Index.cshtml
Resolved,محلولة,Resolved,Résolu,view,view,view,translated in all three,3,CrossBuy/Views/Crm/TicketEditor.cshtml
RespondedOn,تاريخ الاستجابة,Responded,Répondu,view,view,view,translated in all three,1,CrossBuy/Views/Crm/CampaignDetail.cshtml
Response rate,معدّل الاستجابة,Response rate,Taux de réponse,view,view,view,translated in all three,1,CrossBuy/Views/Crm/CampaignDetail.cshtml
Responsible,المسؤول,Responsible,Responsable,view,view,view,translated in all three,1,CrossBuy/Views/EmployeeOnboarding/Index.cshtml
Rest,راحة,Rest,Repos,view,view,view,translated in all three,1,CrossBuy/Views/Admin/AttendanceEntry.cshtml
Rest day,راحة,Rest day,Jour de repos,view,view,view,translated in all three,1,CrossBuy/Views/People/Attendance.cshtml
Rest days are not counted — working days selected: ,أيام الراحة لا تُحتسب — أيام العمل المختارة:,Rest days are not counted — working days selected:,Les jours de repos ne sont pas comptés — jours ouvrés sélectionnés :,view,view,view,translated in all three,1,CrossBuy/Views/People/Leaves.cshtml
Rest of day,باقي اليوم,Rest of day,Reste de la journée,view,view,view,translated in all three,1,CrossBuy/Views/Admin/Polices.cshtml
Restaurant,المطعم,Restaurant,Restaurant,view,shared,shared,translated in all three,1,CrossBuy/Views/Pos/Dashboard.cshtml
Restaurant inventory intelligence,ذكاء مخزون المطاعم,Restaurant inventory intelligence,Analyse des stocks de restaurant,view,view,view,translated in all three,1,CrossBuy/Views/RestaurantIntelligence/Index.cshtml
Restored,استُرجِع,Restored,Restauré,shared,fallback-to-key,shared,english falls back to key text,1,CrossBuy/Views/Inventory/BulkPriceChange.cshtml
Retail,تجزئة,Retail,Détail,view,view,view,translated in all three,2,CrossBuy/Views/Accounting/Customers.cshtml
Retention,المحتجز,Retention,Retenue,view,view,view,translated in all three,2,CrossBuy/Views/Project/Billing.cshtml
Retention %,نسبة المحتجز %,Retention %,Retenue %,view,view,view,translated in all three,2,CrossBuy/Views/Project/Projects.cshtml
Retention withheld,Retention withheld,Retention withheld,Retention withheld,fallback-to-key,fallback-to-key,fallback-to-key,MISSING arabic — key shown to user,1,CrossBuy/Views/ProjectCloseout/Index.cshtml
Retry,إعادة المحاولة,Retry,Retry,view,fallback-to-key,fallback-to-key,english falls back to key text,3,CrossBuy/Views/BusinessEventMonitor/_Details.cshtml
Retry (override),إعادة المحاولة (تجاوز),Retry (override),Réessayer (dérogation),view,view,view,translated in all three,2,CrossBuy/Views/BusinessEventMonitor/_Details.cshtml
Return,Return,Return,Return,fallback-to-key,fallback-to-key,fallback-to-key,MISSING arabic — key shown to user,1,CrossBuy/Views/Project/Billing.cshtml
Return the selected items and refund cash?,إرجاع الأصناف المحددة ورد المبلغ نقدًا؟,Return the selected items and refund cash?,Return the selected items and refund cash?,view,fallback-to-key,fallback-to-key,english falls back to key text,1,CrossBuy/Views/PosApp/Terminal.cshtml
Return this billing to the preparer?,Return this billing to the preparer?,Return this billing to the preparer?,Return this billing to the preparer?,fallback-to-key,fallback-to-key,fallback-to-key,MISSING arabic — key shown to user,1,CrossBuy/Views/Project/Billing.cshtml
Return total,إجمالي المرتجع,Return total,Total du retour,view,view,view,translated in all three,1,CrossBuy/Views/Accounting/SalesReturnDetail.cshtml
Return total (at cost),إجمالي المرتجع (بالتكلفة),Return total (at cost),Total du retour (au coût),view,view,view,translated in all three,1,CrossBuy/Views/Accounting/PurchaseReturnDetail.cshtml
Returned lines,البنود المرتجعة,Returned lines,Lignes retournées,view,view,view,translated in all three,2,CrossBuy/Views/Accounting/PurchaseReturnDetail.cshtml
Returns,المرتجعات,Returns,Retours,view,view,view,translated in all three,3,CrossBuy/Views/Accounting/Index.cshtml
"Reusable option groups attached to items — setup only, no stock deduction now.",مجموعات خيارات قابلة لإعادة الاستخدام تُربط بالأصناف — إعداد فقط، بلا خصم مخزون الآن.,"Reusable option groups attached to items — setup only, no stock deduction now.","Groupes d'options réutilisables rattachés aux articles — configuration uniquement, aucune déduction de stock pour l'instant.",view,view,view,translated in all three,1,CrossBuy/Views/Pos/Modifiers.cshtml
Rev,إيراد,Rev,CA,view,view,view,translated in all three,1,CrossBuy/Views/Accounting/Executive.cshtml
Revaluation preview,معاينة إعادة التقييم,Revaluation preview,Aperçu de la réévaluation,view,view,view,translated in all three,1,CrossBuy/Views/Currency/Revaluation.cshtml
Revalued,القيمة المُعاد تقييمها,Revalued,Réévalué,view,view,view,translated in all three,1,CrossBuy/Views/Currency/Revaluation.cshtml
Revenue,الإيراد,Revenue,Chiffre d'affaires,view,view,view,translated in all three,9,CrossBuy/Views/Accounting/CustomerAnalytics.cshtml
Revenue (won),الإيراد (الفرص الرابحة),Revenue (won),Revenu (gagné),view,view,view,translated in all three,1,CrossBuy/Views/Crm/CampaignDetail.cshtml
Revenue = net credit on 4xxx · Cost = net debit on 5xxx (incl. 520108/520109 for manufacturing) — for project-tagged entries.,الإيراد = صافي دائن حسابات الإيراد (4xxx) · التكلفة = صافي مدين حسابات التكلفة (5xxx) بما فيها 520108/520109 للتصنيع — للمشاريع الموسومة على القيود.,Revenue = net credit on 4xxx · Cost = net debit on 5xxx (incl. 520108/520109 for manufacturing) — for project-tagged entries.,Chiffre d'affaires = crédit net sur 4xxx · Coût = débit net sur 5xxx (y compris 520108/520109 pour la fabrication) — pour les écritures marquées par projet.,view,view,view,translated in all three,1,CrossBuy/Views/Project/Profitability.cshtml
Revenue acct,حساب الإيراد,Revenue acct,Compte de produit,view,view,view,translated in all three,2,CrossBuy/Views/Accounting/NewSalesInvoice.cshtml
Revenue is document currency (KWD); COGS and margin are functional (EGP); the indicative column converts the margin at today's rate.,الإيراد بعملة الوثيقة (KWD)؛ التكلفة والهامش بالعملة الوظيفيّة (EGP)؛ والعمود الإرشاديّ يحوّل الهامش بسعر اليوم.,Revenue is document currency (KWD); COGS and margin are functional (EGP); the indicative column converts the margin at today's rate.,Revenue is document currency (KWD); COGS and margin are functional (EGP); the indicative column converts the margin at today's rate.,shared,fallback-to-key,fallback-to-key,english falls back to key text,1,CrossBuy/Views/Hyper/HyperItemMargin.cshtml
Revenue vs Expense,الإيرادات مقابل المصروفات,Revenue vs Expense,Produits vs Charges,view,view,view,translated in all three,2,CrossBuy/Views/Accounting/Executive.cshtml
Reverse,عكس,Reverse,Contre-passer,view,view,view,translated in all three,2,CrossBuy/Views/Accounting/JournalEntry.cshtml
Reverse this entry?,تأكيد عكس القيد؟,Reverse this entry?,Contre-passer cette écriture ?,view,view,view,translated in all three,1,CrossBuy/Views/Accounting/_JournalRows.cshtml
Reverse?,تأكيد عكس القيد؟,Reverse?,Extourner ?,view,view,view,translated in all three,1,CrossBuy/Views/Accounting/JournalEntry.cshtml
Reversed,مُلغى,Reversed,Contre-passée,view,view,view,translated in all three,2,CrossBuy/Views/Accounting/Journals.cshtml
Reversed by,عُكس بالقيد,Reversed by,Extourné par,view,view,view,translated in all three,1,CrossBuy/Views/Accounting/MovementSummary.cshtml
Reversing,عكسي,Reversing,Extourne,shared,shared,shared,translated in all three,1,CrossBuy/Views/Accounting/_JournalRows.cshtml
Review,مراجعة,Review,Examiner,view,view,view,translated in all three,5,CrossBuy/Views/Admin/ApplicationDetail.cshtml
Review & confirmation,Review & confirmation,Review & confirmation,Review & confirmation,fallback-to-key,fallback-to-key,fallback-to-key,MISSING arabic — key shown to user,1,CrossBuy/Views/Admin/EmployeeData.cshtml
Review & notes,Review & notes,Review & notes,Review & notes,fallback-to-key,fallback-to-key,fallback-to-key,MISSING arabic — key shown to user,1,CrossBuy/Views/Admin/ApplicationForm.cshtml
Review all employee data carefully before saving.,راجع جميع بيانات الموظف بعناية قبل الحفظ.,Review all employee data carefully before saving.,Vérifiez soigneusement toutes les données de l'employé avant d'enregistrer.,view,view,view,translated in all three,1,CrossBuy/Views/Admin/EmployeeData.cshtml
Review list,قائمة المراجعة,Review list,Liste de revue,view,view,view,translated in all three,1,CrossBuy/Views/Crm/OpportunityInsights.cshtml
Revised contract,العقد المعتمد,Revised contract,Contrat révisé,view,view,view,translated in all three,1,CrossBuy/Views/Project/VariationOrders.cshtml
Risk Insights,تحليلات المخاطر,Risk Insights,Analyses de risque,view,view,view,translated in all three,2,CrossBuy/Views/Inventory/Index.cshtml
Role,Role,Role,Role,fallback-to-key,fallback-to-key,fallback-to-key,MISSING arabic — key shown to user,5,CrossBuy/Views/Accounting/AccountingRoles.cshtml
"Role, branch, department",الوظيفة والفرع والإدارة,"Role, branch, department","Rôle, agence, département",view,view,view,translated in all three,1,CrossBuy/Views/Admin/ApplicationForm.cshtml
Roles,الأدوار,Roles,Rôles,view,view,view,translated in all three,3,CrossBuy/Views/Accounting/AccountingRoles.cshtml
Roster,جدول المناوبات,Roster,Planning,view,view,view,translated in all three,1,CrossBuy/Views/Roster/Index.cshtml
Roster grid,شبكة الجدول,Roster grid,Grille du planning,view,view,view,translated in all three,1,CrossBuy/Views/Roster/Index.cshtml
Roster period created.,تم إنشاء فترة الجدولة.,Roster period created.,Période de planning créée.,view,view,view,translated in all three,1,CrossBuy/Views/Roster/Index.cshtml
Roster published.,تم نشر الجدول.,Roster published.,Planning publié.,view,view,view,translated in all three,1,CrossBuy/Views/Roster/Index.cshtml
Round,دائري,Round,Rond,view,view,view,translated in all three,1,CrossBuy/Views/Pos/FloorPlan.cshtml
Routing,مسار التصنيع,Routing,Gamme,view,view,view,translated in all three,2,CrossBuy/Views/Inventory/Routing.cshtml
Routing operations,عمليات التصنيع,Routing operations,Opérations de gamme,view,view,view,translated in all three,1,CrossBuy/Views/Inventory/ItemForm.cshtml
Row,سطر,Row,Ligne,view,view,view,translated in all three,1,CrossBuy/Views/Inventory/OpeningBalances.cshtml
Row cap,حد الصفوف,Row cap,Limite de lignes,view,view,view,translated in all three,1,CrossBuy/Views/Reports/Index.cshtml
Rows,الصفوف,Rows,Lignes,view,view,view,translated in all three,4,CrossBuy/Views/Accounting/CustomerStatement.cshtml
Rule-based account review,مراجعة حسابات قائمة على القواعد,Rule-based account review,Revue de comptes basée sur des règles,view,view,view,translated in all three,1,CrossBuy/Views/Crm/AccountInsights.cshtml
Rule-based review list,قائمة مراجعة قائمة على القواعد,Rule-based review list,Liste de revue basée sur des règles,view,view,view,translated in all three,1,CrossBuy/Views/Crm/OpportunityInsights.cshtml
Rules,القواعد,Rules,Règles,view,view,view,translated in all three,1,CrossBuy/Views/Crm/ScoringRules.cshtml
Run,تنفيذ,Run,Exécuter,view,view,view,translated in all three,2,CrossBuy/Views/Inventory/ManufReports.cshtml
Run again,إعادة التشغيل,Run again,Réexécuter,view,view,view,translated in all three,2,CrossBuy/Views/Reports/Index.cshtml
Run date,تاريخ الاحتساب,Run date,Date d'exécution,view,view,view,translated in all three,2,CrossBuy/Views/Accounting/DepreciationRunDetail.cshtml
Run depreciation,احتساب إهلاك,Run depreciation,Exécuter l'amortissement,view,view,view,translated in all three,1,CrossBuy/Views/Accounting/DepreciationRuns.cshtml
Run history,سجل التشغيل,Run history,Historique d'exécution,view,view,view,translated in all three,2,CrossBuy/Views/Reports/Index.cshtml
Run monthly depreciation,احتساب إهلاك شهري,Run monthly depreciation,Exécuter l'amortissement mensuel,view,view,view,translated in all three,1,CrossBuy/Views/Accounting/DepreciationRuns.cshtml
Run now,تشغيل الفحص الآن,Run now,Exécuter maintenant,view,view,view,translated in all three,1,CrossBuy/Views/Inventory/IntegrityReconciliation.cshtml
Run per unit (minutes),وقت التشغيل لكل وحدة (دقائق),Run per unit (minutes),Temps par unité (minutes),view,view,view,translated in all three,1,CrossBuy/Views/Inventory/Routing.cshtml
Run report,تشغيل التقرير,Run report,Exécuter le rapport,view,view,view,translated in all three,1,CrossBuy/Views/Reports/Viewer.cshtml
Run this assembly/disassembly order? It will affect stock balances.,تنفيذ أمر التجميع/التفكيك؟ سيؤثر على أرصدة المخزون.,Run this assembly/disassembly order? It will affect stock balances.,Exécuter cet ordre d'assemblage/désassemblage ? Il affectera les soldes de stock.,view,view,view,translated in all three,1,CrossBuy/Views/Inventory/NewAssembly.cshtml
Run/unit (m),تشغيل/وحدة (د),Run/unit (m),Temps/unité (min),view,view,view,translated in all three,1,CrossBuy/Views/Inventory/Routing.cshtml
Russian,الروسية,Russian,Russe,view,view,view,translated in all three,1,CrossBuy/Views/Shared/_mainLayout.cshtml
SI (emp),تأمينات (موظف),SI (emp),AS (emp),view,view,view,translated in all three,1,CrossBuy/Views/Accounting/Payroll.cshtml
SI+Tax,تأمين+ضريبة,SI+Tax,AS+Taxe,view,view,view,translated in all three,1,CrossBuy/Views/Accounting/Payslips.cshtml
SKU,رمز الصنف,SKU,SKU,view,fallback-to-key,fallback-to-key,english falls back to key text,1,CrossBuy/Views/Store/Product.cshtml
SLA,اتفاقية مستوى الخدمة (SLA),SLA,SLA,view,view,view,translated in all three,1,CrossBuy/Views/Crm/TicketEditor.cshtml
SLA breached,تجاوز SLA,SLA breached,SLA non respecté,view,view,view,translated in all three,1,CrossBuy/Views/Crm/Reports.cshtml
SLA policies,سياسات SLA,SLA policies,Politiques SLA,view,view,view,translated in all three,1,CrossBuy/Views/Crm/SlaPolicies.cshtml
SLA target breached,تم تجاوز مستوى الخدمة المتفق عليه,SLA target breached,Objectif SLA dépassé,view,view,view,translated in all three,1,CrossBuy/Views/Crm/TicketEditor.cshtml
SMTP not set — messages are queued and sent once configured.,لم يُضبَط SMTP — تُحفَظ الرسائل في الانتظار وتُرسَل تلقائيًا عند الضبط.,SMTP not set — messages are queued and sent once configured.,SMTP not set — messages are queued and sent once configured.,view,fallback-to-key,fallback-to-key,english falls back to key text,1,CrossBuy/Views/Comm/Index.cshtml
SO,أمر البيع,SO,CC,view,view,view,translated in all three,1,CrossBuy/Views/Inventory/Deliveries.cshtml
SO No.,رقم الأمر,SO No.,N° CC,view,view,view,translated in all three,1,CrossBuy/Views/Inventory/SalesOrders.cshtml
Salary,الراتب,Salary,Salaire,view,view,view,translated in all three,1,CrossBuy/Views/Admin/EmployeeData.cshtml
Salary certificate,تعريف بالراتب,Salary certificate,Attestation de salaire,view,view,view,translated in all three,1,CrossBuy/Views/People/Requests.cshtml
Salary payslip,قسيمة راتب,Salary payslip,Bulletin de paie,view,view,view,translated in all three,2,CrossBuy/Views/Accounting/Payslip.cshtml
Salary policy,لائحة رواتب,Salary policy,Politique salariale,view,view,view,translated in all three,1,CrossBuy/Views/Admin/PolicesData.cshtml
Salary rule #,قاعدة راتب #,Salary rule #,Règle salariale n°,view,view,view,translated in all three,1,CrossBuy/Views/Admin/EmployeeData.cshtml
Sale,فاتورة بيع,Sale,Vente,view,view,view,translated in all three,4,CrossBuy/Views/Home/Store.cshtml
Sales,المبيعات,Sales,Ventes,view,shared,shared,translated in all three,5,CrossBuy/Views/Accounting/NewSalesInvoice.cshtml
Sales Invoice,فاتورة بيع,Sales Invoice,Facture de vente,view,view,view,translated in all three,1,CrossBuy/Views/Accounting/SalesInvoiceDetail.cshtml
Sales Invoices,فواتير البيع,Sales Invoices,Factures de vente,view,view,view,translated in all three,1,CrossBuy/Views/Accounting/SalesInvoices.cshtml
Sales Pipeline,مسار المبيعات,Sales Pipeline,Pipeline de ventes,view,view,view,translated in all three,1,CrossBuy/Views/Accounting/Executive.cshtml
Sales Returns / Credit Notes,مرتجعات البيع / إشعارات الدائن,Sales Returns / Credit Notes,Retours de vente / Avoirs,view,view,view,translated in all three,1,CrossBuy/Views/Accounting/SalesReturns.cshtml
Sales UoM,وحدة البيع,Sales UoM,UOM de vente,view,view,view,translated in all three,1,CrossBuy/Views/Inventory/ItemForm.cshtml
Sales bundle,حزمة بيع,Sales bundle,Ensemble de vente,view,view,view,translated in all three,1,CrossBuy/Views/Inventory/_ItemRows.cshtml
Sales by category,المبيعات بالفئة,Sales by category,Sales by category,shared,fallback-to-key,fallback-to-key,english falls back to key text,1,CrossBuy/Views/Hyper/HyperSales.cshtml
Sales forecast,التنبؤ بالمبيعات,Sales forecast,Prévision des ventes,view,view,view,translated in all three,1,CrossBuy/Views/Crm/Forecast.cshtml
Sales invoices status,حالة فواتير البيع,Sales invoices status,Statut des factures de vente,view,view,view,translated in all three,1,CrossBuy/Views/Accounting/EtaStatus.cshtml
Sales orders,أوامر البيع,Sales orders,Commandes client,view,view,view,translated in all three,2,CrossBuy/Views/Inventory/NewSalesOrder.cshtml
Sales pipeline,مسار المبيعات,Sales pipeline,Pipeline des ventes,view,view,view,translated in all three,1,CrossBuy/Views/Crm/Pipeline.cshtml
Sales price,سعر البيع,Sales price,Prix de vente,view,view,view,translated in all three,1,CrossBuy/Views/Inventory/ItemForm.cshtml
Sales rep sees own records; manager sees the team; Marketing manages leads/campaigns; CRM viewer is read-only. (Open until the first role is assigned.),مندوب المبيعات يرى سجلاته فقط؛ مدير المبيعات يرى فريقه؛ التسويق يدير العملاء المحتملين والحملات؛ قارئ CRM للعرض فقط. (تبقى الصلاحيات مفتوحة حتى تُسنَد أول صلاحية.),Sales rep sees own records; manager sees the team; Marketing manages leads/campaigns; CRM viewer is read-only. (Open until the first role is assigned.),Le commercial voit ses propres enregistrements ; le responsable voit l'équipe ; le Marketing gère les prospects/campagnes ; l'observateur CRM est en lecture seule. (Ouvert jusqu'à ce que le premier rôle soit attribué.),view,view,view,translated in all three,1,CrossBuy/Views/Crm/CrmRoles.cshtml
Sales returns,مرتجعات البيع,Sales returns,Retours de vente,view,view,view,translated in all three,2,CrossBuy/Views/Accounting/NewSalesReturn.cshtml
Sales this month,مبيعات الشهر,Sales this month,Sales this month,view,fallback-to-key,fallback-to-key,english falls back to key text,1,CrossBuy/Views/Pos/Dashboard.cshtml
Sales today,مبيعات اليوم,Sales today,Sales today,view,fallback-to-key,fallback-to-key,english falls back to key text,1,CrossBuy/Views/Pos/Dashboard.cshtml
Salvage,الخردة,Salvage,Valeur résiduelle,view,view,view,translated in all three,1,CrossBuy/Views/Inventory/OpeningBalances.cshtml
Salvage value,قيمة الخردة,Salvage value,Valeur résiduelle,view,view,view,translated in all three,2,CrossBuy/Views/Accounting/FixedAssetDetail.cshtml
Sat,سبت,Sat,Sam,view,view,view,translated in all three,2,CrossBuy/Views/Admin/EmployeeData.cshtml
Saturday,السبت,Saturday,Samedi,shared,shared,shared,translated in all three,1,CrossBuy/Views/Admin/Polices.cshtml
Save,حفـــــظ,Save,Enregistrer,shared,shared,shared,translated in all three,73,CrossBuy/Views/Accounting/AssetCategories.cshtml
Save & add to tab,Save & add to tab,Save & add to tab,Save & add to tab,fallback-to-key,fallback-to-key,fallback-to-key,MISSING arabic — key shown to user,1,CrossBuy/Views/Pos/QuickMenu.cshtml
Save & post,Save & post,Save & post,Save & post,fallback-to-key,fallback-to-key,fallback-to-key,MISSING arabic — key shown to user,3,CrossBuy/Views/Accounting/FixedAssets.cshtml
Save 15%,Save 15%,Save 15%,Save 15%,fallback-to-key,fallback-to-key,fallback-to-key,MISSING arabic — key shown to user,1,CrossBuy/Views/Home/Store.cshtml
Save 17% on Organic Juice,وفّر 17% على العصير العضوي,Save 17% on Organic Juice,Save 17% on Organic Juice,view,fallback-to-key,fallback-to-key,english falls back to key text,2,CrossBuy/Views/Store/Category.cshtml
Save 35%,Save 35%,Save 35%,Save 35%,fallback-to-key,fallback-to-key,fallback-to-key,MISSING arabic — key shown to user,1,CrossBuy/Views/Home/Store.cshtml
Save Changes,حفظ التغييرات,Save Changes,Enregistrer les modifications,view,view,view,translated in all three,2,CrossBuy/Views/Admin/PolicesData.cshtml
Save account?,حفظ بيانات الحساب؟,Save account?,Enregistrer le compte ?,view,view,view,translated in all three,1,CrossBuy/Views/Crm/AccountEditor.cshtml
Save activity details?,حفظ بيانات النشاط؟,Save activity details?,Enregistrer les détails de l'activité ?,view,view,view,translated in all three,1,CrossBuy/Views/Crm/Activities.cshtml
Save activity?,حفظ النشاط؟,Save activity?,Enregistrer l'activité ?,view,view,view,translated in all three,1,CrossBuy/Views/Crm/_Timeline.cshtml
Save brand?,حفظ العلامة؟,Save brand?,Enregistrer la marque ?,view,view,view,translated in all three,1,CrossBuy/Views/Brand/BrandEditor.cshtml
Save changes,حفظ التعديلات,Save changes,Save changes,shared,fallback-to-key,fallback-to-key,english falls back to key text,4,CrossBuy/Views/Accounting/NewPurchaseInvoice.cshtml
Save changes?,حفظ التعديلات؟,Save changes?,Enregistrer les modifications ?,view,view,view,translated in all three,9,CrossBuy/Views/Accounting/ChartOfAccounts.cshtml
Save code,حفظ الكود,Save code,Enregistrer le code,view,view,view,translated in all three,1,CrossBuy/Views/Pos/QuickMenu.cshtml
Save configuration,حفظ الإعداد,Save configuration,Enregistrer la configuration,view,view,view,translated in all three,1,CrossBuy/Views/Reports/Viewer.cshtml
Save count,حفظ الجرد,Save count,Enregistrer le comptage,view,view,view,translated in all three,1,CrossBuy/Views/Inventory/RackBalances.cshtml
Save course?,حفظ الدورة؟,Save course?,Enregistrer la formation ?,view,view,view,translated in all three,1,CrossBuy/Views/Admin/TrainingCourseEditor.cshtml
Save currency?,حفظ بيانات العملة؟,Save currency?,Enregistrer la devise ?,view,view,view,translated in all three,1,CrossBuy/Views/Currency/Currencies.cshtml
Save draft,حفظ مسودة,Save draft,Enregistrer le brouillon,view,view,view,translated in all three,2,CrossBuy/Views/Accounting/CreateJournal.cshtml
Save employee,حفظ الموظف,Save employee,Enregistrer l'employé,view,view,view,translated in all three,1,CrossBuy/Views/Admin/EmployeeData.cshtml
Save exchange rate?,حفظ سعر الصرف؟,Save exchange rate?,Enregistrer le taux de change ?,view,view,view,translated in all three,1,CrossBuy/Views/Currency/ExchangeRates.cshtml
Save failed,فشل الحفظ,Save failed,Échec de l'enregistrement,view,view,view,translated in all three,1,CrossBuy/Views/Admin/EmployeeData.cshtml
Save failed.,تعذّر الحفظ.,Save failed.,Échec de l'enregistrement.,view,view,view,translated in all three,1,CrossBuy/Views/Admin/PolicesData.cshtml
Save failed. Please try again.,فشل الحفظ. يرجى المحاولة مرة أخرى.,Save failed. Please try again.,Échec de l'enregistrement. Veuillez réessayer.,view,view,view,translated in all three,1,CrossBuy/Views/Admin/EmployeeData.cshtml
Save item locations?,حفظ مواقع الأصناف؟,Save item locations?,Enregistrer les emplacements des articles ?,view,view,view,translated in all three,1,CrossBuy/Views/Inventory/ItemLocations.cshtml
Save layout,حفظ المواضع,Save layout,Enregistrer la disposition,view,view,view,translated in all three,1,CrossBuy/Views/Pos/FloorPlan.cshtml
Save lead details?,حفظ بيانات العميل المحتمل؟,Save lead details?,Enregistrer les détails du prospect ?,view,view,view,translated in all three,1,CrossBuy/Views/Crm/Leads.cshtml
Save list?,حفظ القائمة؟,Save list?,Enregistrer la liste ?,view,view,view,translated in all three,1,CrossBuy/Views/Crm/ListEditor.cshtml
Save opportunity details?,حفظ بيانات الفرصة؟,Save opportunity details?,Enregistrer les détails de l'opportunité ?,view,view,view,translated in all three,1,CrossBuy/Views/Crm/Opportunities.cshtml
Save opportunity products?,حفظ بنود الفرصة؟,Save opportunity products?,Enregistrer les produits de l'opportunité ?,view,view,view,translated in all three,1,CrossBuy/Views/Crm/OpportunityProducts.cshtml
Save pipeline?,حفظ المسار؟,Save pipeline?,Enregistrer le pipeline ?,view,view,view,translated in all three,1,CrossBuy/Views/Crm/PipelineEditor.cshtml
Save policy?,حفظ السياسة؟,Save policy?,Enregistrer la politique ?,view,view,view,translated in all three,1,CrossBuy/Views/Crm/SlaPolicies.cshtml
Save products,حفظ البنود,Save products,Enregistrer les produits,view,view,view,translated in all three,1,CrossBuy/Views/Crm/OpportunityProducts.cshtml
Save promotion?,حفظ العرض؟,Save promotion?,Enregistrer la promotion ?,view,view,view,translated in all three,1,CrossBuy/Views/Inventory/PromotionEditor.cshtml
Save reconciliation,حفظ التسوية,Save reconciliation,Enregistrer le rapprochement,view,view,view,translated in all three,1,CrossBuy/Views/Accounting/Reconcile.cshtml
Save rule?,حفظ القاعدة؟,Save rule?,Enregistrer la règle ?,view,view,view,translated in all three,1,CrossBuy/Views/Crm/ScoringRules.cshtml
Save settings,حفظ إعدادات البيع,Save settings,Enregistrer les paramètres,view,view,view,translated in all three,2,CrossBuy/Views/Accounting/PayrollTaxSettings.cshtml
Save settings?,حفظ الإعدادات؟,Save settings?,Enregistrer les paramètres ?,view,view,view,translated in all three,3,CrossBuy/Views/Crm/ScoringRules.cshtml
"Save the applicant, then attach documents and move them through the pipeline from the board.",احفظ المتقدّم، ثم أرفق المستندات وحرّكه عبر المسار من اللوحة.,"Save the applicant, then attach documents and move them through the pipeline from the board.","Enregistrez le candidat, puis joignez les documents et faites-le avancer depuis le tableau.",view,view,view,translated in all three,1,CrossBuy/Views/Admin/ApplicationForm.cshtml
"Save the ticket first to see status, SLA and the conversation.",احفظ التذكرة أولًا لعرض الحالة وبيانات SLA والمحادثة.,"Save the ticket first to see status, SLA and the conversation.","Enregistrez d'abord le ticket pour voir le statut, le SLA et la conversation.",view,view,view,translated in all three,1,CrossBuy/Views/Crm/TicketEditor.cshtml
Save these changes?,هل تريد حفظ التعديلات؟,Save these changes?,Enregistrer ces modifications ?,view,view,view,translated in all three,1,CrossBuy/Views/Inventory/ItemForm.cshtml
Save this rack count?,حفظ جرد هذا الرف؟,Save this rack count?,Enregistrer ce comptage de rack ?,view,view,view,translated in all three,1,CrossBuy/Views/Inventory/RackBalances.cshtml
Save threshold,حفظ الحد,Save threshold,Enregistrer le seuil,view,view,view,translated in all three,1,CrossBuy/Views/Accounting/AccountingRoles.cshtml
Save ticket?,حفظ التذكرة؟,Save ticket?,Enregistrer le ticket ?,view,view,view,translated in all three,1,CrossBuy/Views/Crm/TicketEditor.cshtml
SaveFailed,حدث خطأ لم يتم حفظ البيانات !,"An error occurred, the data was not saved","Une erreur s'est produite, les données n'ont pas été enregistrées",shared,shared,shared,translated in all three,4,CrossBuy/Views/Admin/AdministrativeBodiesCompany.cshtml
Saved,تم الحفظ,Saved,Enregistré,view,shared,view,translated in all three,2,CrossBuy/Views/Admin/AdministrativeStructure.cshtml
Saved layouts,التنسيقات المحفوظة,Saved layouts,Mises en page enregistrées,view,view,view,translated in all three,2,CrossBuy/Views/Reports/Index.cshtml
Saved reports,التقارير المحفوظة,Saved reports,Rapports enregistrés,view,view,view,translated in all three,1,CrossBuy/Views/Reports/Index.cshtml
Saved successfully,تم الحفظ بنجاح,Saved successfully,Enregistré avec succès,view,view,view,translated in all three,1,CrossBuy/Views/Admin/EmployeeData.cshtml
Saving,توفير,Saving,Économie,view,view,view,translated in all three,2,CrossBuy/Views/Admin/LeaveTypesList.cshtml
Scale code,كود الميزان,Scale code,Code balance,shared,fallback-to-key,shared,english falls back to key text,2,CrossBuy/Views/Hyper/PriceCheck.cshtml
Scan / type barcode then Enter,امسح/اكتب الباركود ثم Enter,Scan / type barcode then Enter,Scan / type barcode then Enter,shared,fallback-to-key,fallback-to-key,english falls back to key text,1,CrossBuy/Views/Shared/_QuickAdd.cshtml
Scan a barcode to see its price,امسح باركودًا لعرض سعره,Scan a barcode to see its price,Scannez un code-barres pour voir son prix,shared,fallback-to-key,shared,english falls back to key text,1,CrossBuy/Views/Hyper/PriceCheck.cshtml
Scan barcode + Enter,امسح الباركود ثم Enter,Scan barcode + Enter,Scanner le code-barres + Entrée,view,view,view,translated in all three,10,CrossBuy/Views/Accounting/NewPurchaseInvoice.cshtml
Scan to add item,امسح لإضافة صنف,Scan to add item,Scanner pour ajouter un article,view,view,view,translated in all three,1,CrossBuy/Views/Inventory/NewWriteOff.cshtml
Scan to open the order (later).,امسح لفتح الطلب (لاحقًا).,Scan to open the order (later).,Scanner pour ouvrir la commande (ultérieurement).,view,view,view,translated in all three,1,CrossBuy/Views/Pos/FloorPlan.cshtml
Scan/type + Enter,امسح/اكتب ثم Enter,Scan/type + Enter,Scanner/saisir + Entrée,view,view,view,translated in all three,1,CrossBuy/Views/Pos/QuickMenu.cshtml
Scanned item,صنف ممسوح,Scanned item,Article scanné,view,view,view,translated in all three,1,CrossBuy/Views/Inventory/_ItemScanModal.cshtml
Schedule,Schedule,Schedule,Schedule,fallback-to-key,fallback-to-key,fallback-to-key,MISSING arabic — key shown to user,1,CrossBuy/Views/Accounting/FixedAssetDetail.cshtml
Scheduled,مجدول,Scheduled,Planifié,view,view,view,translated in all three,1,CrossBuy/Views/Inventory/IntegrityReconciliation.cshtml
Scheduled hours,الساعات المجدولة,Scheduled hours,Heures planifiées,view,view,view,translated in all three,2,CrossBuy/Views/Roster/Index.cshtml
Scheduled maintenance,الصيانة المجدولة,Scheduled maintenance,Maintenance planifiée,view,view,view,translated in all three,1,CrossBuy/Views/Accounting/FixedAssetDetail.cshtml
Scope,النطاق,Scope,Portée,view,view,view,translated in all three,2,CrossBuy/Views/Announcements/Index.cshtml
Score,الدرجة,Score,Note,view,view,view,translated in all three,7,CrossBuy/Views/Admin/AppraisalScore.cshtml
"Score ≥ Hot = hot, ≥ Warm = warm, otherwise cold.",النقاط ≥ حدّ Hot = ساخن، ≥ حدّ Warm = دافئ، وإلا بارد.,"Score ≥ Hot = hot, ≥ Warm = warm, otherwise cold.","Score ≥ Chaud = chaud, ≥ Tiède = tiède, sinon froid.",view,view,view,translated in all three,1,CrossBuy/Views/Crm/ScoringRules.cshtml
Scoring,التقييم,Scoring,Scoring,view,view,view,translated in all three,1,CrossBuy/Views/Crm/ScoringRules.cshtml
Scrap %,هالك %,Scrap %,Rebut %,view,view,view,translated in all three,1,CrossBuy/Views/Inventory/ItemForm.cshtml
Search,بحث ....,Search .....,Rechercher .....,shared,shared,shared,translated in all three,29,CrossBuy/Views/Accounting/AssetCategories.cshtml
Search & pick from catalog,Search & pick from catalog,Search & pick from catalog,Search & pick from catalog,fallback-to-key,fallback-to-key,fallback-to-key,MISSING arabic — key shown to user,1,CrossBuy/Views/Pos/QuickMenu.cshtml
Search (WO no / item),بحث (رقم الأمر / الصنف),Search (WO no / item),Rechercher (n° OF / article),view,view,view,translated in all three,1,CrossBuy/Views/Inventory/WorkOrders.cshtml
Search (code / name / trade name),بحث (الكود / الاسم / الاسم التجاري),Search (code / name / trade name),Rechercher (code / nom / nom commercial),view,view,view,translated in all three,1,CrossBuy/Views/Brand/Brands.cshtml
Search (name / description),بحث (الاسم / الوصف),Search (name / description),Rechercher (nom / description),view,view,view,translated in all three,1,CrossBuy/Views/Crm/MarketingLists.cshtml
Search (subject / account),بحث (العنوان / الحساب),Search (subject / account),Rechercher (sujet / compte),view,view,view,translated in all three,1,CrossBuy/Views/Crm/Tickets.cshtml
Search Files & Folders,Search Files & Folders,Search Files & Folders,Search Files & Folders,fallback-to-key,fallback-to-key,fallback-to-key,MISSING arabic — key shown to user,1,CrossBuy/Views/FileManager/Index.cshtml
Search Preferences,تفضيلات البحث,Search Preferences,Préférences de recherche,view,view,view,translated in all three,1,CrossBuy/Views/Shared/_LayoutManufacturing.cshtml
Search Product,بحث عن منتج,Search Product,Rechercher un produit,view,view,view,translated in all three,5,CrossBuy/Views/Admin/AdministrativeBodiesCompanyList.cshtml
Search Users,بحث عن المستخدمين,Search Users,Rechercher des utilisateurs,view,view,view,translated in all three,1,CrossBuy/Views/Shared/_LayoutManufacturing.cshtml
Search a manufactured item…,ابحث عن صنف مُصنَّع…,Search a manufactured item…,Rechercher un article fabriqué…,view,view,view,translated in all three,2,CrossBuy/Views/Inventory/NewWorkOrder.cshtml
Search account…,ابحث عن حساب…,Search account…,Rechercher un compte…,view,view,view,translated in all three,2,CrossBuy/Views/Crm/Opportunities.cshtml
Search by code or account...,بحث بالكود أو اسم الحساب...,Search by code or account...,Rechercher par code ou compte...,view,view,view,translated in all three,1,CrossBuy/Views/Accounting/TrialBalance.cshtml
Search by code or name...,بحث بالكود أو الاسم...,Search by code or name...,Rechercher par code ou nom...,view,view,view,translated in all three,2,CrossBuy/Views/Accounting/ChartOfAccounts.cshtml
Search by name or entity type...,ابحث بالاسم أو نوع الجهة...,Search by name or entity type...,Rechercher par nom ou type d'entité...,view,view,view,translated in all three,1,CrossBuy/Views/Admin/AdministrativeStructure.cshtml
Search by name or phone,بحث بالاسم أو التليفون,Search by name or phone,Rechercher par nom ou téléphone,view,view,view,translated in all three,1,CrossBuy/Views/PosApp/Terminal.cshtml
Search by name or phone…,ابحث بالاسم أو التليفون…,Search by name or phone…,Rechercher par nom ou téléphone…,view,view,view,translated in all three,1,CrossBuy/Views/Pos/Reservations.cshtml
Search by period...,بحث بالفترة...,Search by period...,Rechercher par période...,view,view,view,translated in all three,1,CrossBuy/Views/Accounting/DepreciationRuns.cshtml
"Search by username, full name or email...",ابحث باسم المستخدم أو الاسم الكامل أو البريد الإلكتروني...,"Search by username, full name or email...","Rechercher par nom d'utilisateur, nom complet ou e-mail...",view,view,view,translated in all three,1,CrossBuy/Views/Shared/_LayoutManufacturing.cshtml
Search by year or period...,بحث بالسنة أو الفترة...,Search by year or period...,Rechercher par année ou période...,view,view,view,translated in all three,1,CrossBuy/Views/Accounting/Periods.cshtml
Search category,بحث عن فئة,Search category,Rechercher une catégorie,view,view,view,translated in all three,1,CrossBuy/Views/Inventory/Categories.cshtml
Search code/title/provider…,بحث بالكود/العنوان/المزوّد…,Search code/title/provider…,Rechercher code/titre/organisme…,view,view,view,translated in all three,1,CrossBuy/Views/Admin/TrainingCourses.cshtml
Search customer,بحث عن عميل,Search customer,Rechercher un client,view,view,view,translated in all three,1,CrossBuy/Views/Accounting/CustomerAnalytics.cshtml
Search customer...,بحث باسم العميل...,Search customer...,Rechercher un client...,view,view,view,translated in all three,1,CrossBuy/Views/Accounting/ArAging.cshtml
Search employee,بحث عن موظف,Search employee,Rechercher un employé,view,view,view,translated in all three,1,CrossBuy/Views/Admin/EmployeesList.cshtml
Search employee or cost center...,بحث باسم الموظف أو مركز التكلفة...,Search employee or cost center...,Rechercher un employé ou un centre de coûts...,view,view,view,translated in all three,1,CrossBuy/Views/Accounting/Payroll.cshtml
Search for item,البحث عن صنف,Search for item,Rechercher un article,view,view,view,translated in all three,2,CrossBuy/Views/Pos/Modifiers.cshtml
Search for items...,ابحث عن المنتجات...,Search for items...,Rechercher des articles...,view,view,view,translated in all three,1,CrossBuy/Views/Shared/_mainLayout.cshtml
Search for items…,ابحث عن المنتجات…,Search for items…,Rechercher des articles…,view,view,view,translated in all three,1,CrossBuy/Views/Shared/_mainLayout.cshtml
Search inbox,ابحث في البريد,Search inbox,Search inbox,view,fallback-to-key,fallback-to-key,english falls back to key text,1,CrossBuy/Views/Comm/Index.cshtml
Search item...,البحث عن صنف...,Search item...,Rechercher un article...,view,view,view,translated in all three,1,CrossBuy/Views/PosApp/Terminal.cshtml
Search item…,ابحث عن صنف…,Search item…,Rechercher un article…,view,view,view,translated in all three,1,CrossBuy/Views/Inventory/PriceListEditor.cshtml
Search menu,بحث في القائمة,Search menu,Rechercher dans le menu,view,view,view,translated in all three,1,CrossBuy/Views/Shared/_MainMenu.cshtml
Search no / customer...,بحث بالرقم أو العميل...,Search no / customer...,Rechercher n° / client...,view,view,view,translated in all three,1,CrossBuy/Views/Accounting/SalesReturns.cshtml
Search no / vendor...,بحث بالرقم أو المورد...,Search no / vendor...,Rechercher n° / fournisseur...,view,view,view,translated in all three,1,CrossBuy/Views/Accounting/PurchaseReturns.cshtml
Search node…,ابحث عن عقدة…,Search node…,Rechercher un nœud…,view,view,view,translated in all three,1,CrossBuy/Views/Admin/EmployeeData.cshtml
Search reports,ابحث في التقارير,Search reports,Rechercher des rapports,view,view,view,translated in all three,1,CrossBuy/Views/Reports/Index.cshtml
Search vendor...,بحث باسم المورد...,Search vendor...,Rechercher un fournisseur...,view,view,view,translated in all three,1,CrossBuy/Views/Accounting/ApAging.cshtml
Search...,بحث...,Search...,Rechercher...,view,view,view,translated in all three,14,CrossBuy/Views/Accounting/FixedAssets.cshtml
Search…,ابحث…,Search…,Rechercher…,view,view,view,translated in all three,2,CrossBuy/Views/Crm/CampaignDetail.cshtml
Seats,المقاعد,Seats,Places,view,view,view,translated in all three,1,CrossBuy/Views/Pos/FloorPlan.cshtml
Secondary,اللون الثانوي,Secondary,Secondaire,view,view,view,translated in all three,1,CrossBuy/Views/Brand/BrandEditor.cshtml
Section,السيكشن,Section,Section,view,view,view,translated in all three,3,CrossBuy/Views/Inventory/NewMovement.cshtml
Secured Payment Gateways,بوابات دفع آمنة,Secured Payment Gateways,Passerelles de paiement sécurisées,view,view,view,translated in all three,1,CrossBuy/Views/Shared/_mainLayout.cshtml
Seen,تمت القراءة,Seen,Seen,view,fallback-to-key,fallback-to-key,english falls back to key text,1,CrossBuy/Views/Chat/Index.cshtml
Segment,الشريحة,Segment,Segment,view,view,view,translated in all three,6,CrossBuy/Views/Accounting/CustomerAnalytics.cshtml
Segment (blank = all),الشريحة (فارغ = كل العملاء),Segment (blank = all),Segment (vide = tous),view,view,view,translated in all three,1,CrossBuy/Views/Inventory/PriceListEditor.cshtml
Segment analysis,تحليل الشرائح,Segment analysis,Analyse par segment,view,view,view,translated in all three,1,CrossBuy/Views/Accounting/CustomerAnalytics.cshtml
Select,اختيار,Select,Sélectionner,view,view,view,translated in all three,23,CrossBuy/Views/Accounting/AccountingRoles.cshtml
Select a branch first,اختر الفرع أولًا,Select a branch first,Sélectionnez d'abord une succursale,view,view,view,translated in all three,1,CrossBuy/Views/Pos/FloorPlan.cshtml
Select a branch to assign roles.,اختر الفرع لتعيين الأدوار.,Select a branch to assign roles.,Sélectionnez une succursale pour affecter des rôles.,view,view,view,translated in all three,1,CrossBuy/Views/Pos/CashierRoles.cshtml
Select a branch to configure quick items.,اختر الفرع لإعداد الأصناف السريعة.,Select a branch to configure quick items.,Sélectionnez une succursale pour configurer les articles rapides.,view,view,view,translated in all three,1,CrossBuy/Views/Pos/QuickMenu.cshtml
Select a branch to manage cashier terminals.,اختر الفرع لإدارة أجهزة الكاشير.,Select a branch to manage cashier terminals.,Sélectionnez une succursale pour gérer les terminaux caissier.,view,view,view,translated in all three,1,CrossBuy/Views/Pos/Terminals.cshtml
Select a branch to manage delivery zones.,اختر الفرع لإدارة مناطق التوصيل.,Select a branch to manage delivery zones.,Sélectionnez une succursale pour gérer les zones de livraison.,view,view,view,translated in all three,1,CrossBuy/Views/Pos/DeliveryZones.cshtml
Select a branch to manage drivers.,اختر الفرع لإدارة السائقين.,Select a branch to manage drivers.,Sélectionnez une succursale pour gérer les livreurs.,view,view,view,translated in all three,1,CrossBuy/Views/Pos/Drivers.cshtml
Select a branch to manage payment methods.,اختر الفرع لإدارة طرق الدفع.,Select a branch to manage payment methods.,Sélectionnez une succursale pour gérer les modes de paiement.,view,view,view,translated in all three,1,CrossBuy/Views/Pos/PaymentMethods.cshtml
Select a branch to preview the cashier screen.,اختر الفرع لمعاينة شكل شاشة الكاشير.,Select a branch to preview the cashier screen.,Sélectionnez une succursale pour prévisualiser l'écran caissier.,view,view,view,translated in all three,1,CrossBuy/Views/Pos/Preview.cshtml
Select a branch to set up the operations platform.,اختر فرعًا لتأسيس منصة العمليات عليه.,Select a branch to set up the operations platform.,Sélectionnez une succursale pour configurer la plateforme d'exploitation.,view,view,view,translated in all three,1,CrossBuy/Views/Pos/Setup.cshtml
Select a branch to view the floor and manage reservations.,اختر الفرع لعرض المخطط وإدارة الحجوزات.,Select a branch to view the floor and manage reservations.,Sélectionnez une succursale pour afficher le plan et gérer les réservations.,view,view,view,translated in all three,1,CrossBuy/Views/Pos/Reservations.cshtml
Select a branch.,اختر الفرع.,Select a branch.,Sélectionnez une succursale.,view,view,view,translated in all three,1,CrossBuy/Views/Pos/Areas.cshtml
Select a conversation,اختر محادثة,Select a conversation,Select a conversation,view,fallback-to-key,fallback-to-key,english falls back to key text,1,CrossBuy/Views/Chat/Index.cshtml
Select a goods receipt first,اختر إذن الاستلام أولًا,Select a goods receipt first,Sélectionnez d'abord une réception de marchandises,view,view,view,translated in all three,1,CrossBuy/Views/Inventory/NewLandedCost.cshtml
Select a goods receipt to allocate landed costs over its items.,اختر إذن استلام لتوزيع التكاليف الإضافية على أصنافه.,Select a goods receipt to allocate landed costs over its items.,Sélectionnez une réception de marchandises pour répartir les coûts de revient sur ses articles.,view,view,view,translated in all three,1,CrossBuy/Views/Inventory/NewLandedCost.cshtml
Select a group to manage its options and attach it to items.,اختر مجموعة من اليسار لإدارة خياراتها وربطها بالأصناف.,Select a group to manage its options and attach it to items.,Sélectionnez un groupe pour gérer ses options et le rattacher à des articles.,view,view,view,translated in all three,1,CrossBuy/Views/Pos/Modifiers.cshtml
Select a policy to preview its details.,اختر سياسة لمعاينة تفاصيلها.,Select a policy to preview its details.,Sélectionnez une politique pour en afficher les détails.,view,view,view,translated in all three,1,CrossBuy/Views/Admin/EmployeeData.cshtml
Select a table first,اختر الطاولة أولًا,Select a table first,Sélectionnez d'abord une table,view,view,view,translated in all three,1,CrossBuy/Views/PosApp/Terminal.cshtml
Select a vendor,اختر المورد,Select a vendor,Sélectionnez un fournisseur,view,view,view,translated in all three,1,CrossBuy/Views/Inventory/Planning.cshtml
Select a warehouse first,اختر المخزن أولًا,Select a warehouse first,Sélectionnez d'abord un entrepôt,view,view,view,translated in all three,2,CrossBuy/Views/Inventory/NewCount.cshtml
Select a warehouse to list items.,اختر المخزن لعرض الأصناف.,Select a warehouse to list items.,Sélectionnez un entrepôt pour lister les articles.,view,view,view,translated in all three,2,CrossBuy/Views/Inventory/ItemLocations.cshtml
Select a warehouse to load its items and balances.,اختر مخزنًا لتحميل أصنافه وأرصدته.,Select a warehouse to load its items and balances.,Choisissez un dépôt pour charger ses articles et soldes.,view,view,view,translated in all three,2,CrossBuy/Views/Inventory/NewWriteOff.cshtml
Select a warehouse to load its items and book balances.,اختر المخزن أولًا لتحميل أصنافه وأرصدتها الدفترية.,Select a warehouse to load its items and book balances.,Sélectionnez un entrepôt pour charger ses articles et ses soldes comptables.,view,view,view,translated in all three,1,CrossBuy/Views/Inventory/NewCount.cshtml
Select a warehouse to manage sections and racks.,اختر المخزن لإدارة السيكشنات والرفوف.,Select a warehouse to manage sections and racks.,Sélectionnez un entrepôt pour gérer les sections et les rayons.,view,view,view,translated in all three,1,CrossBuy/Views/Inventory/WarehouseSections.cshtml
Select a warehouse to view rack stock.,اختر المخزن لعرض أرصدة الرفوف.,Select a warehouse to view rack stock.,Sélectionnez un entrepôt pour afficher le stock par rack.,view,view,view,translated in all three,1,CrossBuy/Views/Inventory/RackBalances.cshtml
Select account,اختر الحساب,Select account,Sélectionner un compte,view,view,view,translated in all three,1,CrossBuy/Views/Accounting/CreateJournal.cshtml
Select an employee,Select an employee,Select an employee,Select an employee,fallback-to-key,fallback-to-key,fallback-to-key,MISSING arabic — key shown to user,1,CrossBuy/Views/Project/Team.cshtml
Select an item,حدّد صنفًا,Select an item,Sélectionner un article,view,view,view,translated in all three,2,CrossBuy/Views/Inventory/Planning.cshtml
Select at least one item,حدّد صنفًا واحدًا على الأقل,Select at least one item,Sélectionnez au moins un article,view,view,view,translated in all three,1,CrossBuy/Views/Pos/QuickMenu.cshtml
Select branch,اختر الفرع,Select branch,Sélectionner une succursale,view,view,view,translated in all three,12,CrossBuy/Views/Admin/EmployeeData.cshtml
Select category,اختر الفئة,Select category,Sélectionner une catégorie,view,view,view,translated in all three,1,CrossBuy/Views/Pos/QuickMenu.cshtml
Select company,اختر الشركة,Select company,Sélectionner une société,view,view,view,translated in all three,12,CrossBuy/Views/Admin/EmployeeData.cshtml
Select company first,اختر الشركة أولًا,Select company first,Sélectionnez d’abord la société,view,view,view,translated in all three,1,CrossBuy/Views/Admin/ApplicationForm.cshtml
Select customer,اختر العميل,Select customer,Sélectionner un client,view,view,view,translated in all three,2,CrossBuy/Views/Accounting/NewSalesInvoice.cshtml
Select date,اختر التاريخ,Select date,Sélectionner la date,view,view,view,translated in all three,1,CrossBuy/Views/People/Leaves.cshtml
Select department,اختر الإدارة,Select department,Sélectionner le département,view,view,view,translated in all three,1,CrossBuy/Views/Admin/EmployeeData.cshtml
Select employee,اختر الموظف,Select employee,Sélectionner un employé,view,view,view,translated in all three,1,CrossBuy/Views/Pos/CashierRoles.cshtml
Select employees…,اختر موظفين…,Select employees…,Sélectionner des employés…,view,view,view,translated in all three,1,CrossBuy/Views/Admin/CourseEnrollments.cshtml
Select employee…,اختر موظفًا…,Select employee…,Sélectionner un employé…,view,view,view,translated in all three,3,CrossBuy/Views/Admin/FinalSettlement.cshtml
Select equipment,اختر المعدة,Select equipment,Sélectionner l'équipement,view,view,view,translated in all three,1,CrossBuy/Views/Project/EquipmentDepreciation.cshtml
Select gender,اختر الجنس,Select gender,Sélectionner le sexe,view,view,view,translated in all three,1,CrossBuy/Views/Admin/EmployeeData.cshtml
Select group,اختر المجموعة,Select group,Sélectionner un groupe,view,view,view,translated in all three,1,CrossBuy/Views/Pos/QuickMenu.cshtml
Select item,اختر الصنف,Select item,Sélectionner un article,view,view,view,translated in all three,1,CrossBuy/Views/Inventory/NewMovement.cshtml
Select job title,اختر المسمى الوظيفي,Select job title,Sélectionner l'intitulé de poste,view,view,view,translated in all three,1,CrossBuy/Views/Admin/EmployeeData.cshtml
Select leave type,اختر نوع الإجازة,Select leave type,Sélectionner le type de congé,view,view,view,translated in all three,2,CrossBuy/Views/Admin/PolicesData.cshtml
Select marital status,اختر الحالة الاجتماعية,Select marital status,Sélectionner l'état civil,view,view,view,translated in all three,1,CrossBuy/Views/Admin/EmployeeData.cshtml
Select message,تحديد الرسالة,Select message,Sélectionner le message,view,fallback-to-key,view,english falls back to key text,1,CrossBuy/Views/Comm/Index.cshtml
Select options (EN),Select options (EN),Select options (EN),Select options (EN),fallback-to-key,fallback-to-key,fallback-to-key,MISSING arabic — key shown to user,1,CrossBuy/Views/Crm/CustomFields.cshtml
Select options (comma),خيارات القائمة (بفواصل),Select options (comma),Options de la liste (virgule),view,view,view,translated in all three,1,CrossBuy/Views/Crm/CustomFields.cshtml
Select project,اختر المشروع,Select project,Choisir le projet,view,view,view,translated in all three,3,CrossBuy/Views/Project/Advance.cshtml
Select receipt,اختر إذن الاستلام,Select receipt,Sélectionner une réception,view,view,view,translated in all three,1,CrossBuy/Views/Inventory/NewLandedCost.cshtml
Select structure node,اختر عقدة الهيكل,Select structure node,Sélectionner un nœud de la structure,view,view,view,translated in all three,1,CrossBuy/Views/Admin/EmployeeData.cshtml
Select subcontractor,اختر مقاول الباطن,Select subcontractor,Choisir le sous-traitant,view,view,view,translated in all three,1,CrossBuy/Views/Project/Subcontracts.cshtml
Select the company to load its branches,اختر الشركة لتحميل أفرعها,Select the company to load its branches,Sélectionnez la société pour charger ses agences,view,view,view,translated in all three,1,CrossBuy/Views/Admin/ApplicationForm.cshtml
Select the company to load its structure,اختر الشركة لتحميل الهيكل,Select the company to load its structure,Sélectionnez la société pour charger sa structure,view,view,view,translated in all three,1,CrossBuy/Views/Admin/ApplicationForm.cshtml
"Select the company, branch, department and position in the administrative structure.",اختر الشركة والفرع والإدارة والمنصب في الهيكل الإداري.,"Select the company, branch, department and position in the administrative structure.","Sélectionnez l'entreprise, la succursale, le département et le poste dans la structure administrative.",view,view,view,translated in all three,1,CrossBuy/Views/Admin/EmployeeData.cshtml
Select time,اختيار الوقت,Select time,Sélectionner l'heure,view,view,view,translated in all three,1,CrossBuy/Views/Admin/Polices.cshtml
Select to load items,اختر لتحميل الأصناف,Select to load items,Sélectionnez pour charger les articles,view,view,view,translated in all three,2,CrossBuy/Views/Inventory/NewCount.cshtml
Select vendor,اختر المورد,Select vendor,Sélectionner un fournisseur,view,view,view,translated in all three,3,CrossBuy/Views/Accounting/NewPurchaseInvoice.cshtml
Select warehouse,اختر المخزن,Select warehouse,Sélectionner un entrepôt,view,view,view,translated in all three,4,CrossBuy/Views/Inventory/ItemLocations.cshtml
Select warehouse to load items,اختر مخزنًا لتحميل الأصناف,Select warehouse to load items,Choisir un dépôt pour charger les articles,view,view,view,translated in all three,1,CrossBuy/Views/Project/MaterialIssues.cshtml
Selected,محدد,Selected,Sélectionné,view,fallback-to-key,view,english falls back to key text,1,CrossBuy/Views/FileManager/Index.cshtml
Select…,اختر…,Select…,Sélectionner…,view,view,view,translated in all three,2,CrossBuy/Views/Admin/EmployeeData.cshtml
Self Service,الخدمة الذاتية,Self Service,Libre-service,view,view,view,translated in all three,1,CrossBuy/Views/Shared/_LayoutPeople.cshtml
Sell,بيع,Sell,Vente,view,view,view,translated in all three,2,CrossBuy/Views/Currency/ExchangeRates.cshtml
Send,إرسال,Send,Envoyer,view,view,view,translated in all three,5,CrossBuy/Views/Chat/Index.cshtml
Send failed,فشل الإرسال,Send failed,Échec de l'envoi,shared,fallback-to-key,shared,english falls back to key text,4,CrossBuy/Views/Announcements/Index.cshtml
Send image,إرسال صورة,Send image,Send image,view,fallback-to-key,fallback-to-key,english falls back to key text,1,CrossBuy/Views/Chat/Index.cshtml
Send reminders,إرسال تنبيهات,Send reminders,Envoyer les rappels,view,view,view,translated in all three,1,CrossBuy/Views/Admin/DocExpiryAlerts.cshtml
Send to kitchen,إرسال للمطبخ,Send to kitchen,Envoyer en cuisine,view,view,view,translated in all three,1,CrossBuy/Views/PosApp/Terminal.cshtml
Sent,مُرسَل,Sent,Envoyé,view,view,view,translated in all three,7,CrossBuy/Views/Chat/Index.cshtml
Sent to kitchen,اتبعت للمطبخ,Sent to kitchen,Envoyé en cuisine,view,view,view,translated in all three,1,CrossBuy/Views/PosApp/Terminal.cshtml
Sep,سبتمبر,Sep,Sept,view,view,view,translated in all three,3,CrossBuy/Views/Accounting/Payroll.cshtml
Separate document creates a numbered write-off doc (WOF-) with its own approval trail — preferred by auditors. Reason mode records it as a stock adjustment carrying the write-off reason. Both post the same entry: Dr write-off expense (510103) / Cr inventory (1103).,«مستند مستقل» يُنشئ مستند إعدام بترقيمه الخاص (WOF-) ومساره في الاعتماد — يفضّله المدقّقون. «سبب ضمن التسوية» يسجّله كتسوية جرد تحمل سبب الإعدام دون مستند منفصل. في الحالتين القيد واحد: مدين مصروف الإعدام (510103) / دائن المخزون (1103).,Separate document creates a numbered write-off doc (WOF-) with its own approval trail — preferred by auditors. Reason mode records it as a stock adjustment carrying the write-off reason. Both post the same entry: Dr write-off expense (510103) / Cr inventory (1103).,Le document séparé crée un document de radiation numéroté (WOF-) avec sa propre piste d'approbation — préféré par les auditeurs. Le mode motif l'enregistre comme un ajustement de stock portant le motif de radiation. Les deux comptabilisent la même écriture : Dr charge de radiation (510103) / Cr stock (1103).,view,view,view,translated in all three,1,CrossBuy/Views/Inventory/Settings.cshtml
Separate write-off document (recommended),مستند إعدام مستقل (موصى به),Separate write-off document (recommended),Document de radiation séparé (recommandé),view,view,view,translated in all three,1,CrossBuy/Views/Inventory/Settings.cshtml
September,سبتمبر,September,Septembre,view,view,view,translated in all three,2,CrossBuy/Views/People/Attendance.cshtml
Sequence,الترتيب,Sequence,Séquence,view,view,view,translated in all three,1,CrossBuy/Views/Inventory/Routing.cshtml
Serial,الرقم التسلسلي,Serial,Numéro de série,view,view,view,translated in all three,5,CrossBuy/Views/Inventory/NewDelivery.cshtml
Serial no.,الرقم التسلسلي,Serial no.,N° de série,view,view,view,translated in all three,1,CrossBuy/Views/Inventory/NewMovement.cshtml
Serial numbers,الأرقام التسلسلية,Serial numbers,Numéros de série,view,view,view,translated in all three,1,CrossBuy/Views/Inventory/Serials.cshtml
Serials,السيريال,Serials,Numéros de série,view,view,view,translated in all three,1,CrossBuy/Views/Inventory/Serials.cshtml
Service,الخدمة,Service,Service,view,view,view,translated in all three,3,CrossBuy/Views/Inventory/_ItemRows.cshtml
Service %,رسم الخدمة %,Service %,Service %,view,view,view,translated in all three,1,CrossBuy/Views/Pos/Setup.cshtml
Service summary,بيانات الخدمة,Service summary,Résumé d'ancienneté,view,view,view,translated in all three,1,CrossBuy/Views/Admin/FinalSettlement.cshtml
Service years,سنوات الخدمة,Service years,Années d'ancienneté,view,view,view,translated in all three,1,CrossBuy/Views/Admin/FinalSettlement.cshtml
Session not resolved,الجلسة غير مكتملة,Session not resolved,Session not resolved,view,view,fallback-to-key,MISSING french — English key shown,1,CrossBuy/Views/Workspace/Index.cshtml
Set,تعيين,Set,Définir,view,view,view,translated in all three,1,CrossBuy/Views/Currency/Setup.cshtml
Set a list of keywords that the category is related to. Separate the keywords by adding a comma,عيّن قائمة الكلمات المفتاحية المرتبطة بالفئة. افصل بين الكلمات بإضافة فاصلة,Set a list of keywords that the category is related to. Separate the keywords by adding a comma,Définissez une liste de mots-clés liés à la catégorie. Séparez les mots-clés en ajoutant une virgule,view,view,view,translated in all three,1,CrossBuy/Views/Admin/PolicesData.cshtml
Set a meta tag description to the category for increased SEO ranking.,عيّن وصف وسم ميتا للفئة لتحسين ترتيب SEO.,Set a meta tag description to the category for increased SEO ranking.,Définissez une description de balise Meta pour la catégorie afin d'améliorer le référencement SEO.,view,view,view,translated in all three,1,CrossBuy/Views/Admin/PolicesData.cshtml
Set a meta tag title. Recommended to be simple and precise keywords.,عيّن عنوان وسم ميتا. يُفضّل أن يكون كلمات بسيطة ودقيقة.,Set a meta tag title. Recommended to be simple and precise keywords.,Définissez un titre de balise Meta. Il est recommandé d'utiliser des mots-clés simples et précis.,view,view,view,translated in all three,1,CrossBuy/Views/Admin/PolicesData.cshtml
Set branch functional currency?,ضبط عملة الفرع الوظيفية؟,Set branch functional currency?,Définir la devise fonctionnelle de la succursale ?,view,view,view,translated in all three,1,CrossBuy/Views/Currency/Setup.cshtml
Set company default currency?,ضبط عملة الشركة الافتراضية؟,Set company default currency?,Définir la devise par défaut de la société ?,view,view,view,translated in all three,1,CrossBuy/Views/Currency/Setup.cshtml
"Set per item: reorder point, min/max. Suggested qty = max − on-hand.",حدّد لكل صنف: حد إعادة الطلب (لما الرصيد يوصله يظهر في التخطيط)، والحد الأدنى/الأقصى. الكمية المقترحة = الأقصى − المتاح.,"Set per item: reorder point, min/max. Suggested qty = max − on-hand.","Définir par article : point de réapprovisionnement, min/max. Qté suggérée = max − en stock.",view,view,view,translated in all three,1,CrossBuy/Views/Inventory/ReorderSettings.cshtml
Set table status,تحديث حالة الطاولة,Set table status,Définir le statut de la table,view,view,view,translated in all three,1,CrossBuy/Views/PosApp/Terminal.cshtml
"Set the item image. Formats: png, jpg, jpeg, webp, avif.","اضبط صورة الصنف. الصيغ: png, jpg, jpeg, webp, avif.","Set the item image. Formats: png, jpg, jpeg, webp, avif.","Définir l'image de l'article. Formats : png, jpg, jpeg, webp, avif.",view,view,view,translated in all three,1,CrossBuy/Views/Inventory/ItemForm.cshtml
Set the parameters and run the report.,اضبط المعايير ثم شغّل التقرير.,Set the parameters and run the report.,Définissez les paramètres puis exécutez.,view,view,view,translated in all three,1,CrossBuy/Views/Reports/Viewer.cshtml
Setting,الإعدادات,Setting,Paramètre,view,view,view,translated in all three,1,CrossBuy/Views/Shared/_mainLayout.cshtml
Settings,الإعدادات,Settings,Paramètres,shared,shared,shared,translated in all three,3,CrossBuy/Views/Crm/ScoringRules.cshtml
Settle & post,Settle & post,Settle & post,Settle & post,fallback-to-key,fallback-to-key,fallback-to-key,MISSING arabic — key shown to user,1,CrossBuy/Views/Accounting/VatReturnDetail.cshtml
Settle VAT,تسوية ض.ق.م,Settle VAT,Régler la TVA,view,view,view,translated in all three,1,CrossBuy/Views/Accounting/VatReturnDetail.cshtml
Settled,مُسوّى,Settled,Réglée,view,view,view,translated in all three,3,CrossBuy/Views/Accounting/MovementSummary.cshtml
Settlement JV,قيد التسوية,Settlement JV,Écriture de règlement,view,view,view,translated in all three,1,CrossBuy/Views/Accounting/VatReturnDetail.cshtml
Settlement date,تاريخ التسوية,Settlement date,Date de règlement,view,view,view,translated in all three,1,CrossBuy/Views/Accounting/VatReturnDetail.cshtml
Settlements,التسويات,Settlements,Règlements,view,view,view,translated in all three,1,CrossBuy/Views/Accounting/MovementSummary.cshtml
Setup (m),تجهيز (د),Setup (m),Réglage (min),view,view,view,translated in all three,1,CrossBuy/Views/Inventory/Routing.cshtml
"Setup (minutes, per order)",وقت التجهيز (دقائق، للأمر كله),"Setup (minutes, per order)","Réglage (minutes, par ordre)",view,view,view,translated in all three,1,CrossBuy/Views/Inventory/Routing.cshtml
Severity,الخطورة,Severity,Gravité,view,view,view,translated in all three,4,CrossBuy/Views/Accounting/AiInsights.cshtml
Shape,الشكل,Shape,Forme,view,view,view,translated in all three,1,CrossBuy/Views/Pos/FloorPlan.cshtml
Share,الحصة,Share,Quote-part,view,view,view,translated in all three,1,CrossBuy/Views/Project/EquipmentDepreciation.cshtml
Share amount,مبلغ الحصة,Share amount,Montant de la quote-part,view,view,view,translated in all three,1,CrossBuy/Views/Project/EquipmentDepreciation.cshtml
Shelf labels,بطاقات الرفّ,Shelf labels,Étiquettes de rayon,shared,fallback-to-key,shared,english falls back to key text,1,CrossBuy/Views/Inventory/ShelfLabels.cshtml
Shift,المناوبة,Shift,Poste,view,view,view,translated in all three,2,CrossBuy/Views/PosApp/Terminal.cshtml
Shift assigned.,تم إسناد المناوبة.,Shift assigned.,Poste affecté.,view,view,view,translated in all three,1,CrossBuy/Views/Roster/Index.cshtml
Shift closed,أُغلقت الوردية,Shift closed,Caisse fermée,view,shared,shared,translated in all three,1,CrossBuy/Views/PosApp/Terminal.cshtml
Shift open,وردية مفتوحة,Shift open,Service ouvert,view,view,view,translated in all three,2,CrossBuy/Views/Pos/Terminals.cshtml
Shift type,Shift type,Shift type,Shift type,fallback-to-key,fallback-to-key,fallback-to-key,MISSING arabic — key shown to user,1,CrossBuy/Views/PosApp/Start.cshtml
Shifts,المناوبات,Shifts,Postes,view,view,view,translated in all three,1,CrossBuy/Views/Roster/Index.cshtml
Shifts appear here once your roster is published.,تظهر المناوبات هنا بعد نشر جدولك.,Shifts appear here once your roster is published.,Les postes apparaissent ici une fois votre planning publié.,view,view,view,translated in all three,1,CrossBuy/Views/Roster/Mine.cshtml
Shipping Details,تفاصيل الشحن,Shipping Details,Détails de livraison,view,view,view,translated in all three,1,CrossBuy/Views/Shared/_mainLayout.cshtml
Shipping address,عنوان الشحن,Shipping address,Adresse de livraison,view,view,view,translated in all three,1,CrossBuy/Views/Accounting/Customers.cshtml
Shop,المتجر,Shop,Boutique,view,view,view,translated in all three,1,CrossBuy/Views/Shared/_mainLayout.cshtml
Shop Now,Shop Now,Shop Now,Shop Now,fallback-to-key,fallback-to-key,fallback-to-key,MISSING arabic — key shown to user,1,CrossBuy/Views/Home/Store.cshtml
Shopping Cart,سلة التسوق,Shopping Cart,Panier,view,view,view,translated in all three,1,CrossBuy/Views/Shared/_LayoutManufacturing.cshtml
Short,العجز,Short,Manquant,view,view,view,translated in all three,3,CrossBuy/Views/Inventory/NewAssembly.cshtml
ShortLeaveDeductionRatePerMinute,معدل الخصم لكل دقيقة استئذان,Short Leave Deduction Rate Per Minute,Taux de retenue par minute pour congé court,shared,shared,shared,translated in all three,1,CrossBuy/Views/Admin/Polices.cshtml
Shortage,العجز,Shortage,Pénurie,view,view,view,translated in all three,1,CrossBuy/Views/Inventory/ReorderReport.cshtml
Shortages,أوجه النقص,Shortages,Pénuries,view,view,view,translated in all three,1,CrossBuy/Views/RestaurantIntelligence/Index.cshtml
Shortcuts,اختصارات,Shortcuts,Shortcuts,shared,fallback-to-key,fallback-to-key,english falls back to key text,1,CrossBuy/Views/Shared/_QuickAdd.cshtml
Show,عرض,Show,Afficher,view,view,view,translated in all three,10,CrossBuy/Views/Accounting/BalanceSheet.cshtml
Show all pages,إظهار كل الصفحات,Show all pages,Afficher toutes les pages,view,view,view,translated in all three,1,CrossBuy/Views/Reports/Viewer.cshtml
Show more search options,عرض المزيد من خيارات البحث,Show more search options,Afficher plus d'options de recherche,view,view,view,translated in all three,1,CrossBuy/Views/Shared/_LayoutManufacturing.cshtml
Show more...,عرض المزيد...,Show more...,Afficher plus...,view,view,view,translated in all three,1,CrossBuy/Views/Shared/_mainLayout.cshtml
Show open receipts,عرض إيصالات الاستلام المفتوحة,Show open receipts,Show open receipts,view,fallback-to-key,fallback-to-key,english falls back to key text,1,CrossBuy/Views/Accounting/MatchReceipts.cshtml
Show search preferences,عرض تفضيلات البحث,Show search preferences,Afficher les préférences de recherche,view,view,view,translated in all three,1,CrossBuy/Views/Shared/_LayoutManufacturing.cshtml
ShowAll,عرض الكل,Show All,Tout afficher,shared,shared,shared,translated in all three,1,CrossBuy/Views/Admin/Polices.cshtml
ShowPassword,إظهار كلمة المرور,Show password,Afficher le mot de passe,shared,shared,shared,translated in all three,1,CrossBuy/Views/Account/Login.cshtml
Showing,عرض,Showing,Affichage,view,view,view,translated in all three,4,CrossBuy/Views/Accounting/CustomerStatement.cshtml
Showing the first 100 of,عرض أول 100 من,Showing the first 100 of,Affichage des 100 premiers sur,view,view,view,translated in all three,1,CrossBuy/Views/Inventory/RiskInsights.cshtml
Showing the first 200 of,عرض أول 200 من,Showing the first 200 of,Affichage des 200 premiers sur,view,view,view,translated in all three,2,CrossBuy/Views/Crm/AccountInsights.cshtml
Showing the latest __N__ of __T__,يظهر أحدث __N__ من إجمالي __T__,Showing the latest __N__ of __T__,Showing the latest __N__ of __T__,view,fallback-to-key,fallback-to-key,english falls back to key text,1,CrossBuy/Views/Shared/_NotificationBell.cshtml
Shown on English screens; optional,يظهر في الشاشات الإنجليزية — اختياري,Shown on English screens; optional,Affiché sur les écrans anglais ; facultatif,view,view,view,translated in all three,1,CrossBuy/Views/Admin/EmployeeData.cshtml
Shown on the storefront categories.,تظهر في تصنيفات المتجر.,Shown on the storefront categories.,Shown on the storefront categories.,view,fallback-to-key,fallback-to-key,english falls back to key text,1,CrossBuy/Views/Inventory/CategoryForm.cshtml
Sick leave,إجازة مرضية,Sick leave,Congé maladie,view,view,view,translated in all three,1,CrossBuy/Views/Admin/PolicesData.cshtml
Sign In,تسجيل الدخول,Sign In,Connexion,view,view,view,translated in all three,1,CrossBuy/Views/Shared/_mainLayout.cshtml
Sign Out,تسجيل الخروج,Sign Out,Déconnexion,view,view,view,translated in all three,2,CrossBuy/Views/PosApp/Terminal.cshtml
Sign in,دخول,Sign in,Se connecter,view,view,view,translated in all three,1,CrossBuy/Views/PosApp/Login.cshtml
Sign in again to use reports. No company-scoped data is read without one.,سجّل الدخول مجددًا لاستخدام التقارير. لا تُقرأ أي بيانات خاصة بشركة بدون ذلك.,Sign in again to use reports. No company-scoped data is read without one.,Reconnectez-vous. Aucune donnée de société n'est lue sans cela.,view,view,view,translated in all three,1,CrossBuy/Views/Reports/Index.cshtml
Sign out,تسجيل الخروج,Sign out,Déconnexion,view,view,view,translated in all three,1,CrossBuy/Views/Shared/_mainLayout.cshtml
Sign up for the daily newsletter,Sign up for the daily newsletter,Sign up for the daily newsletter,Sign up for the daily newsletter,fallback-to-key,fallback-to-key,fallback-to-key,MISSING arabic — key shown to user,1,CrossBuy/Views/Home/Store.cshtml
SignInAction,دخول,Sign in,Se connecter,shared,shared,shared,translated in all three,1,CrossBuy/Views/Account/Login.cshtml
SignInErrorGeneric,حدث خطأ غير متوقع. حاول مرة أخرى.,Something went wrong. Please try again.,Une erreur s'est produite. Veuillez réessayer.,shared,shared,shared,translated in all three,1,CrossBuy/Views/Account/Login.cshtml
SignInFailed,تعذّر تسجيل الدخول,Sign-in failed,Échec de la connexion,shared,shared,shared,translated in all three,1,CrossBuy/Views/Account/Login.cshtml
SignInTitle,تسجيل الدخول,Sign in,Connexion,shared,shared,shared,translated in all three,1,CrossBuy/Views/Account/Login.cshtml
SignInToYourAccount,سجّل الدخول إلى حسابك في CrossBuy,Sign in to your CrossBuy account,Connectez-vous à votre compte CrossBuy,shared,shared,shared,translated in all three,1,CrossBuy/Views/Account/Login.cshtml
SignInWith,الدخول عبر {0},Sign in with {0},Se connecter avec {0},shared,shared,shared,translated in all three,1,CrossBuy/Views/Shared/Components/ExternalSignIn/Default.cshtml
Signature & stamp,Signature & stamp,Signature & stamp,Signature & stamp,fallback-to-key,fallback-to-key,fallback-to-key,MISSING arabic — key shown to user,1,CrossBuy/Views/People/LetterPrint.cshtml
SigningIn,جارٍ الدخول…,Signing in…,Connexion en cours…,shared,shared,shared,translated in all three,1,CrossBuy/Views/Account/Login.cshtml
Since order,منذ الطلب,Since order,Depuis la commande,view,view,view,translated in all three,1,CrossBuy/Views/PosApp/Delivery.cshtml
Single,أعزب,Single,Célibataire,view,view,view,translated in all three,2,CrossBuy/Views/Admin/ApplicationForm.cshtml
SingleShortLeaveDuration,مدة الاستئذان الواحد,Single Short Leave Duration,Durée d'un congé court,shared,shared,shared,translated in all three,1,CrossBuy/Views/Admin/Polices.cshtml
Size,الحجم,Size,Taille,view,view,view,translated in all three,2,CrossBuy/Views/FileManager/Index.cshtml
Slip,القسيمة,Slip,Bulletin,view,view,view,translated in all three,1,CrossBuy/Views/Accounting/Payslips.cshtml
Slip No.,رقم القسيمة,Slip No.,Bulletin n°,view,view,view,translated in all three,2,CrossBuy/Views/Accounting/Payslip.cshtml
Slow / dead stock,مخزون راكد/بطيء,Slow / dead stock,Stock dormant / lent,view,view,view,translated in all three,1,CrossBuy/Views/Inventory/RiskInsights.cshtml
Slow-moving,الراكدة,Slow-moving,Rotation lente,view,view,view,translated in all three,1,CrossBuy/Views/Inventory/StagnantReport.cshtml
Slow-moving items,الأصناف الراكدة,Slow-moving items,Articles à rotation lente,view,view,view,translated in all three,3,CrossBuy/Views/Accounting/AiInsights.cshtml
Social insurance,التأمينات الاجتماعية,Social insurance,Assurance sociale,view,view,view,translated in all three,2,CrossBuy/Views/Accounting/PayrollDisbursement.cshtml
Social insurance (employee),تأمينات (حصة الموظف),Social insurance (employee),Assurance sociale (employé),view,view,view,translated in all three,2,CrossBuy/Views/Accounting/Payslip.cshtml
SocialInsuranceAndTax,التأمينات والضريبة,Social Insurance and Tax,Assurance sociale et impôt,shared,shared,shared,translated in all three,1,CrossBuy/Views/Admin/Polices.cshtml
Soft-close,غلق مبدئي,Soft-close,Clôture provisoire,view,view,view,translated in all three,1,CrossBuy/Views/Accounting/Periods.cshtml
Soft-closed,مغلقة مبدئيًا,Soft-closed,Clôturée provisoirement,view,view,view,translated in all three,1,CrossBuy/Views/Accounting/Periods.cshtml
Sold: 90/120,Sold: 90/120,Sold: 90/120,Sold: 90/120,fallback-to-key,fallback-to-key,fallback-to-key,MISSING arabic — key shown to user,1,CrossBuy/Views/Home/Store.cshtml
Some items need attention,بعض العناصر تحتاج انتباه,Some items need attention,Some items need attention,view,fallback-to-key,fallback-to-key,english falls back to key text,1,CrossBuy/Views/Admin/HrDocuments.cshtml
Soon,قريبًا,Soon,Bientôt,view,view,view,translated in all three,1,CrossBuy/Views/PosApp/Terminal.cshtml
Sort,الترتيب,Sort,Ordre,view,view,view,translated in all three,6,CrossBuy/Views/Crm/AutomationRules.cshtml
Sort by,ترتيب حسب,Sort by,Sort by,view,fallback-to-key,fallback-to-key,english falls back to key text,1,CrossBuy/Views/Store/Category.cshtml
Source,المصدر,Source,Source,view,view,view,translated in all three,10,CrossBuy/Views/Accounting/AiInsights.cshtml
Sourced labor,عمالة بمصدر,Sourced labor,Main-d'œuvre sourcée,view,view,view,translated in all three,1,CrossBuy/Views/Inventory/WorkOrderDetails.cshtml
Spanish,الإسبانية,Spanish,Espagnol,view,view,view,translated in all three,1,CrossBuy/Views/Shared/_mainLayout.cshtml
Specific customer,عميل محدَّد,Specific customer,Client spécifique,view,view,view,translated in all three,1,CrossBuy/Views/Inventory/PromotionEditor.cshtml
Specific customer (blank = segment/all),عميل بعينه (فارغ = شريحة/الكل),Specific customer (blank = segment/all),Client spécifique (vide = segment/tous),view,view,view,translated in all three,1,CrossBuy/Views/Inventory/PriceListEditor.cshtml
Specific item,صنف محدَّد,Specific item,Article spécifique,view,view,view,translated in all three,1,CrossBuy/Views/Inventory/PromotionEditor.cshtml
SpecificDays,أيام محددة,Specific Days,Jours spécifiques,shared,shared,shared,translated in all three,1,CrossBuy/Views/Admin/Polices.cshtml
Specify a contact email to send an invitation,حدد بريد جهة اتصال لإرسال دعوة,Specify a contact email to send an invitation,Indiquez une adresse e-mail de contact pour envoyer une invitation,view,view,view,translated in all three,1,CrossBuy/Views/Shared/_LayoutManufacturing.cshtml
Specify a target name for future usage and reference,حدد اسمًا للاستخدام والرجوع إليه مستقبلاً,Specify a target name for future usage and reference,Indiquez un nom cible pour un usage et une référence ultérieurs,view,view,view,translated in all three,1,CrossBuy/Views/Admin/LeaveTypesList.cshtml
Split equally,تقسيم بالتساوي,Split equally,Diviser également,view,view,view,translated in all three,1,CrossBuy/Views/PosApp/Terminal.cshtml
Split payment done,تم الدفع المقسّم,Split payment done,Paiement partagé effectué,view,view,view,translated in all three,1,CrossBuy/Views/PosApp/Terminal.cshtml
"Split the warehouse into sections, each into racks (optional). Purely organizational/locational — accounting stays at warehouse level.",قسّم المخزن إلى سيكشنات، وكل سيكشن إلى رفوف (اختياري). بُعد تنظيمي/موقعي بحت — المحاسبة تبقى على مستوى المخزن.,"Split the warehouse into sections, each into racks (optional). Purely organizational/locational — accounting stays at warehouse level.","Divisez l'entrepôt en sections, chacune en rayons (optionnel). Purement organisationnel/de localisation — la comptabilité reste au niveau de l'entrepôt.",view,view,view,translated in all three,1,CrossBuy/Views/Inventory/WarehouseSections.cshtml
Square,مربّع,Square,Carré,view,view,view,translated in all three,1,CrossBuy/Views/Pos/FloorPlan.cshtml
Staff Group,مجموعة الموظفين,Staff Group,Groupe du personnel,view,view,view,translated in all three,1,CrossBuy/Views/Service/BranchDetails.cshtml
Stage,المرحلة,Stage,Étape,view,view,view,translated in all three,4,CrossBuy/Views/Crm/Opportunities.cshtml
Stage (opt.),مرحلة (اختياري),Stage (opt.),Étape (fac.),view,view,view,translated in all three,1,CrossBuy/Views/Crm/AutomationRules.cshtml
"Staged: plan → issue materials to WIP → receive. Immediate: consume materials and produce in one click, no stages.",بمراحل: تخطيط → صرف مواد إلى الإنتاج تحت التشغيل → استلام التام. فوري: تُخصم المواد ويُنتَج الصنف بضغطة واحدة دون مراحل.,"Staged: plan → issue materials to WIP → receive. Immediate: consume materials and produce in one click, no stages.","Par étapes : planifier → sortir les matières vers le WIP → réceptionner. Immédiate : consommer les matières et produire en un clic, sans étapes.",view,view,view,translated in all three,1,CrossBuy/Views/Inventory/ItemForm.cshtml
Stages,المراحل,Stages,Étapes,view,view,view,translated in all three,1,CrossBuy/Views/Crm/PipelineEditor.cshtml
Stagnant value,إجمالي قيمة الراكد,Stagnant value,Valeur stagnante,view,view,view,translated in all three,1,CrossBuy/Views/Inventory/StagnantReport.cshtml
Standard cost is indicative (current avg component cost + routing time). Actual cost is computed when the work order is completed.,التكلفة المعيارية تقديرية (متوسط تكلفة المكوّنات الحالية + وقت المسار). التكلفة الفعلية تُحتسب عند تنفيذ أمر التشغيل.,Standard cost is indicative (current avg component cost + routing time). Actual cost is computed when the work order is completed.,Le coût standard est indicatif (coût moyen actuel des composants + temps de gamme). Le coût réel est calculé à l'achèvement de l'ordre de fabrication.,view,view,view,translated in all three,1,CrossBuy/Views/Inventory/ItemForm.cshtml
Standard cost per unit,التكلفة المعيارية لكل وحدة,Standard cost per unit,Coût standard par unité,view,view,view,translated in all three,1,CrossBuy/Views/Inventory/ItemForm.cshtml
Standard monthly hours (manufacturing),الساعات المعيارية الشهرية (للتصنيع),Standard monthly hours (manufacturing),Heures mensuelles standard (fabrication),view,view,view,translated in all three,1,CrossBuy/Views/Accounting/PayrollTaxSettings.cshtml
Standard total,الإجمالي المعياري,Standard total,Total standard,view,view,view,translated in all three,1,CrossBuy/Views/Inventory/ItemForm.cshtml
Star,تمييز بنجمة,Star,Star,view,fallback-to-key,fallback-to-key,english falls back to key text,1,CrossBuy/Views/Comm/Index.cshtml
Starred,المميّزة,Starred,Starred,view,fallback-to-key,fallback-to-key,english falls back to key text,1,CrossBuy/Views/Comm/Index.cshtml
Start,من,Start,Début,view,view,view,translated in all three,5,CrossBuy/Views/Admin/HrDocuments.cshtml
Start date,تاريخ البداية,Start date,Date de début,view,view,view,translated in all three,2,CrossBuy/Views/Crm/Campaigns.cshtml
Start onboarding,بدء الالتحاق,Start onboarding,Démarrer l'intégration,view,view,view,translated in all three,1,CrossBuy/Views/EmployeeOnboarding/Index.cshtml
Start onboarding to build the checklist from the company template.,ابدأ الالتحاق لإنشاء قائمة المتطلبات من قالب الشركة.,Start onboarding to build the checklist from the company template.,Démarrez l'intégration pour créer la liste à partir du modèle de l'entreprise.,view,view,view,translated in all three,1,CrossBuy/Views/EmployeeOnboarding/Index.cshtml
Started,بدأ,Started,Démarré,view,view,view,translated in all three,1,CrossBuy/Views/BusinessEventMonitor/Index.cshtml
Starts,يبدأ,Starts,Commence,view,fallback-to-key,view,english falls back to key text,1,CrossBuy/Views/Calendar/Index.cshtml
Starts at,يبدأ في,Starts at,Starts at,view,fallback-to-key,fallback-to-key,english falls back to key text,1,CrossBuy/Views/Announcements/Index.cshtml
State,الحالة,State,État,view,view,view,translated in all three,1,CrossBuy/Views/Documents/Workspace.cshtml
Statement,كشف حساب,Statement,Relevé,view,view,view,translated in all three,3,CrossBuy/Views/Accounting/Reconciliations.cshtml
Statement balance,رصيد كشف البنك,Statement balance,Solde du relevé,view,view,view,translated in all three,1,CrossBuy/Views/Accounting/Reconcile.cshtml
Statement date,تاريخ الكشف,Statement date,Date du relevé,view,view,view,translated in all three,2,CrossBuy/Views/Accounting/Reconcile.cshtml
Statements,كشوف الحساب,Statements,Relevés,view,view,view,translated in all three,1,CrossBuy/Views/Shared/_LayoutManufacturing.cshtml
Status,الحالة,Status,Statut,view,view,shared,translated in all three,107,CrossBuy/Views/Accounting/AiInsights.cshtml
Std,معياري,Std,Std,view,view,view,translated in all three,1,CrossBuy/Views/Inventory/ManufReports.cshtml
Step 1 of 4,الخطوة 1 من 4,Step 1 of 4,Étape 1 sur 4,view,view,view,translated in all three,1,CrossBuy/Views/Admin/EmployeeData.cshtml
Step 2 of 4,الخطوة 2 من 4,Step 2 of 4,Étape 2 sur 4,view,view,view,translated in all three,1,CrossBuy/Views/Admin/EmployeeData.cshtml
Step 3 of 4,الخطوة 3 من 4,Step 3 of 4,Étape 3 sur 4,view,view,view,translated in all three,1,CrossBuy/Views/Admin/EmployeeData.cshtml
Step 4 of 4,الخطوة 4 من 4,Step 4 of 4,Étape 4 sur 4,view,view,view,translated in all three,1,CrossBuy/Views/Admin/EmployeeData.cshtml
Stock,مخزون,Stock,Stock,view,view,view,translated in all three,2,CrossBuy/Views/Accounting/Executive.cshtml
Stock balances,أرصدة المخزون,Stock balances,Soldes de stock,shared,shared,shared,translated in all three,2,CrossBuy/Views/Inventory/Index.cshtml
Stock count,تسوية جرد,Stock count,Inventaire physique,view,view,view,translated in all three,1,CrossBuy/Views/Inventory/Approvals.cshtml
Stock counts,الجرد والتسويات,Stock counts,Comptages de stock,view,view,view,translated in all three,1,CrossBuy/Views/Inventory/StockCounts.cshtml
"Stock is kept in the base unit. Define larger units (carton, dozen…) and how many base units each equals, with an optional barcode per unit.",المخزون يُحسب بالوحدة الأساسية. عرّف هنا الوحدات الأكبر (كرتونة، درزن…) وكم تساوي بالوحدة الأساسية، ولكل وحدة باركود اختياري.,"Stock is kept in the base unit. Define larger units (carton, dozen…) and how many base units each equals, with an optional barcode per unit.","Le stock est tenu dans l'unité de base. Définissez des unités plus grandes (carton, douzaine…) et combien d'unités de base chacune représente, avec un code-barres facultatif par unité.",view,view,view,translated in all three,1,CrossBuy/Views/Inventory/ItemForm.cshtml
Stock movement (In vs Out),حركة المخزون (وارد مقابل صادر),Stock movement (In vs Out),Mouvement de stock (Entrée vs Sortie),view,view,view,translated in all three,1,CrossBuy/Views/Inventory/Index.cshtml
Stock movements,حركات المخزون,Stock movements,Mouvements de stock,view,view,view,translated in all three,1,CrossBuy/Views/Inventory/StockMovements.cshtml
Stock movements & purchases,Stock movements & purchases,Stock movements & purchases,Stock movements & purchases,fallback-to-key,fallback-to-key,fallback-to-key,MISSING arabic — key shown to user,1,CrossBuy/Views/Portal/Choose.cshtml
Stock on-hand,أرصدة المخزون,Stock on-hand,Stock en main,view,view,view,translated in all three,1,CrossBuy/Views/Inventory/StockBalances.cshtml
Stock transfers,التحويلات بين المخازن,Stock transfers,Transferts de stock,view,view,view,translated in all three,1,CrossBuy/Views/Inventory/StockTransfers.cshtml
Stock value,قيمة المخزون,Stock value,Valeur du stock,view,view,view,translated in all three,1,CrossBuy/Views/Inventory/Index.cshtml
Stockable,صنف مخزون,Stockable,Stockable,view,view,view,translated in all three,1,CrossBuy/Views/Inventory/_ItemRows.cshtml
Stockout,نفاد,Stockout,Rupture de stock,view,view,view,translated in all three,1,CrossBuy/Views/Accounting/AiInsights.cshtml
Store,المتجر,Store,Store,view,fallback-to-key,fallback-to-key,english falls back to key text,2,CrossBuy/Views/Store/Category.cshtml
Storefront (public catalog),المتجر (الكتالوج العام),Storefront (public catalog),Storefront (public catalog),view,fallback-to-key,fallback-to-key,english falls back to key text,1,CrossBuy/Views/Inventory/ItemForm.cshtml
Storefront image,صورة الفئة,Storefront image,Storefront image,view,fallback-to-key,fallback-to-key,english falls back to key text,1,CrossBuy/Views/Inventory/CategoryForm.cshtml
Structure,الهيكل,Structure,Structure,view,view,view,translated in all three,1,CrossBuy/Views/Inventory/WarehouseSections.cshtml
Structure node,عقدة الهيكل,Structure node,Nœud de la structure,view,view,view,translated in all three,1,CrossBuy/Views/Admin/EmployeeData.cshtml
Structure summary,ملخص الهيكل,Structure summary,Résumé de la structure,view,view,view,translated in all three,1,CrossBuy/Views/Admin/AdministrativeStructure.cshtml
Sub,فرعي,Sub,Sous-poste,view,view,view,translated in all three,2,CrossBuy/Views/Inventory/QuotationDetails.cshtml
Sub / Tax / Total,الصافي / الضريبة / الإجمالي,Sub / Tax / Total,Sous-total / Taxe / Total,view,view,view,translated in all three,8,CrossBuy/Views/Accounting/NewPurchaseInvoice.cshtml
Sub total,المجموع الفرعي,Sub total,Sous-total,view,view,view,translated in all three,1,CrossBuy/Views/Shared/_LayoutManufacturing.cshtml
Sub-category,فئة فرعية,Sub-category,Sous-catégorie,view,view,view,translated in all three,1,CrossBuy/Views/Inventory/Categories.cshtml
Subcontract,باطن,Subcontract,Sous-traitance,view,view,view,translated in all three,2,CrossBuy/Views/Project/Boq.cshtml
Subcontractor (vendor),مقاول الباطن (مورّد),Subcontractor (vendor),Sous-traitant (fournisseur),view,view,view,translated in all three,1,CrossBuy/Views/Project/Subcontracts.cshtml
Subcontractor billing,مستخلص الباطن,Subcontractor billing,Décompte sous-traitant,view,view,view,translated in all three,1,CrossBuy/Views/Project/Subcontracts.cshtml
Subcontractor retention,Subcontractor retention,Subcontractor retention,Subcontractor retention,fallback-to-key,fallback-to-key,fallback-to-key,MISSING arabic — key shown to user,1,CrossBuy/Views/ProjectCloseout/Index.cshtml
Subcontractors,مقاولو الباطن,Subcontractors,Sous-traitants,view,view,view,translated in all three,2,CrossBuy/Views/Project/Projects.cshtml
Subcontracts,عقود الباطن,Subcontracts,Sous-traitances,view,view,view,translated in all three,2,CrossBuy/Views/Project/Dashboard.cshtml
Subject,الموضوع,Subject,Objet,view,view,view,translated in all three,6,CrossBuy/Views/Approvals/Index.cshtml
Subject (EN),Subject (EN),Subject (EN),Subject (EN),fallback-to-key,fallback-to-key,fallback-to-key,MISSING arabic — key shown to user,2,CrossBuy/Views/Crm/Activities.cshtml
Subject to insurance,خاضع للتأمين,Subject to insurance,Soumis à l'assurance,view,view,view,translated in all three,1,CrossBuy/Views/Admin/PolicesData.cshtml
Submit,إرسال,Submit,Soumettre,shared,shared,shared,translated in all three,4,CrossBuy/Views/Admin/AppraisalScore.cshtml
Submit a new leave request or track your status,قدّم طلب إجازة جديد أو تابع حالتك,Submit a new leave request or track your status,Soumettez une nouvelle demande de congé ou suivez son statut,view,view,view,translated in all three,1,CrossBuy/Views/People/Dashboard.cshtml
Submit for approval,Submit for approval,Submit for approval,Submit for approval,fallback-to-key,fallback-to-key,fallback-to-key,MISSING arabic — key shown to user,1,CrossBuy/Views/Project/Billing.cshtml
Submit this billing for approval?,Submit this billing for approval?,Submit this billing for approval?,Submit this billing for approval?,fallback-to-key,fallback-to-key,fallback-to-key,MISSING arabic — key shown to user,1,CrossBuy/Views/Project/Billing.cshtml
Submitted,مُرسَل,Submitted,Soumise,view,view,view,translated in all three,4,CrossBuy/Views/Accounting/Journals.cshtml
Submitted by,Submitted by,Submitted by,Submitted by,fallback-to-key,fallback-to-key,fallback-to-key,MISSING arabic — key shown to user,1,CrossBuy/Views/Project/Billing.cshtml
Subscribe,اشترك,Subscribe,S'abonner,view,view,view,translated in all three,2,CrossBuy/Views/Home/Store.cshtml
Subscribed,المشتركون,Subscribed,Abonné,view,view,view,translated in all three,2,CrossBuy/Views/Service/BranchDetails.cshtml
SubsidiaryCompany,شركة فرعية ؟,Subsidiary Company?,Filiale ?,shared,shared,shared,translated in all three,1,CrossBuy/Views/Service/CompanyDetails.cshtml
Subtotal,الإجمالي الفرعي,Subtotal,Sous-total,shared,shared,shared,translated in all three,9,CrossBuy/Views/Accounting/MovementSummary.cshtml
Subtotal + VAT,الإجمالي الفرعي + الضريبة,Subtotal + VAT,Subtotal + VAT,shared,fallback-to-key,fallback-to-key,english falls back to key text,1,CrossBuy/Views/Shared/_QuickAdd.cshtml
Success,تم حفظ البيانات بنجاح .,The data has been saved successfully,Les données ont été enregistrées avec succès,shared,shared,shared,translated in all three,6,CrossBuy/Views/Admin/AdministrativeBodiesCompany.cshtml
Suggested,الكمية المقترحة,Suggested,Suggéré,view,view,view,translated in all three,1,CrossBuy/Views/Inventory/Planning.cshtml
Suggested gratuity,مكافأة مقترحة,Suggested gratuity,Indemnité suggérée,view,view,view,translated in all three,1,CrossBuy/Views/Admin/FinalSettlement.cshtml
Suggested reorder,الكمية المقترحة,Suggested reorder,Réappro. suggéré,view,view,view,translated in all three,1,CrossBuy/Views/Inventory/RiskInsights.cshtml
Suggestions for review only,اقتراحات للمراجعة فقط,Suggestions for review only,Suggestions à examiner uniquement,view,view,view,translated in all three,2,CrossBuy/Views/Accounting/AiInsights.cshtml
Sum,المجموع,Sum,Somme,view,view,view,translated in all three,1,CrossBuy/Views/Accounting/CreateJournal.cshtml
Sun,أحد,Sun,Dim,view,view,view,translated in all three,2,CrossBuy/Views/Admin/EmployeeData.cshtml
Sunday,الأحد,Sunday,Dimanche,shared,shared,shared,translated in all three,1,CrossBuy/Views/Admin/Polices.cshtml
Support Center,مركز الدعم,Support Center,Centre d'assistance,view,view,view,translated in all three,1,CrossBuy/Views/Shared/_mainLayout.cshtml
Support tickets & follow-up,Support tickets & follow-up,Support tickets & follow-up,Support tickets & follow-up,fallback-to-key,fallback-to-key,fallback-to-key,MISSING arabic — key shown to user,1,CrossBuy/Views/Portal/Choose.cshtml
Swapping to <strong>Development</strong> environment will display more detailed information about the error that occurred.,Swapping to <strong>Development</strong> environment will display more detailed information about the error that occurred.,Swapping to <strong>Development</strong> environment will display more detailed information about the error that occurred.,Swapping to <strong>Development</strong> environment will display more detailed information about the error that occurred.,fallback-to-key,fallback-to-key,fallback-to-key,MISSING arabic — key shown to user,1,CrossBuy/Views/Shared/Error.cshtml
Switch,تبديل,Switch,Changer,view,view,view,translated in all three,1,CrossBuy/Views/Shared/_LayoutPeople.cshtml
Switch portal,تبديل البوابة,Switch portal,Changer de portail,view,view,view,translated in all three,1,CrossBuy/Views/Shared/_LayoutPeople.cshtml
Switch terminal,تبديل الجهاز,Switch terminal,Changer de terminal,view,view,view,translated in all three,1,CrossBuy/Views/PosApp/Terminal.cshtml
Symbol,الرمز,Symbol,Symbole,view,view,view,translated in all three,1,CrossBuy/Views/Currency/Currencies.cshtml
System,النظام,System,Système,view,view,view,translated in all three,6,CrossBuy/Views/BusinessEventMonitor/_Details.cshtml
System invariants,ثوابت النظام,System invariants,Invariants du système,view,view,view,translated in all three,1,CrossBuy/Views/Inventory/IntegrityReconciliation.cshtml
System settings & data,System settings & data,System settings & data,System settings & data,fallback-to-key,fallback-to-key,fallback-to-key,MISSING arabic — key shown to user,1,CrossBuy/Views/Portal/Choose.cshtml
Systems,الأنظمة,Systems,Systèmes,view,view,view,translated in all three,1,CrossBuy/Views/Shared/_MainMenu.cshtml
TAX INVOICE,فاتورة ضريبية,TAX INVOICE,TAX INVOICE,view,fallback-to-key,fallback-to-key,english falls back to key text,1,CrossBuy/Views/Accounting/SalesInvoicePrint.cshtml
Table,اختر الطاولة,Table,Table,view,view,view,translated in all three,3,CrossBuy/Views/Pos/Reservations.cshtml
Table is busy with an open order,الطاولة مشغولة بطلب مفتوح,Table is busy with an open order,La table est occupée par une commande ouverte,view,view,view,translated in all three,1,CrossBuy/Views/PosApp/Terminal.cshtml
Table opened,تم فتح الطاولة,Table opened,Table ouverte,view,view,view,translated in all three,1,CrossBuy/Views/PosApp/Terminal.cshtml
Tables,الطاولات,Tables,Tables,view,view,view,translated in all three,2,CrossBuy/Views/Pos/FloorPlan.cshtml
Tables merged,تم دمج الطاولتين,Tables merged,Tables fusionnées,view,view,view,translated in all three,1,CrossBuy/Views/PosApp/Terminal.cshtml
Tag,الوسم,Tag,Étiquette,view,view,view,translated in all three,1,CrossBuy/Views/Reports/Index.cshtml
Takeaway,طلبات خارجية,Takeaway,À emporter,view,view,view,translated in all three,3,CrossBuy/Views/Pos/Dashboard.cshtml
Tap a busy table to merge it here,اختر طاولة مشغولة لدمج طلبها هنا,Tap a busy table to merge it here,Touchez une table occupée pour la fusionner ici,view,view,view,translated in all three,1,CrossBuy/Views/PosApp/Terminal.cshtml
Tap an item to add it,اضغط صنفًا لإضافته,Tap an item to add it,Touchez un article pour l'ajouter,view,view,view,translated in all three,1,CrossBuy/Views/PosApp/Terminal.cshtml
Target account,الحساب الوجهة,Target account,Compte cible,view,view,view,translated in all three,1,CrossBuy/Views/Pos/PaymentMethods.cshtml
Target completion date,تاريخ الإنجاز المستهدف,Target completion date,Date d'achèvement cible,view,view,view,translated in all three,1,CrossBuy/Views/EmployeeOnboarding/Index.cshtml
Targeting,الاستهداف,Targeting,Ciblage,view,view,view,translated in all three,2,CrossBuy/Views/Inventory/PromotionEditor.cshtml
Targets,الأهداف,Targets,Cibles,view,view,view,translated in all three,1,CrossBuy/Views/Shared/_LayoutManufacturing.cshtml
Task,المهمة,Task,Tâche,view,view,view,translated in all three,6,CrossBuy/Views/Crm/Activities.cshtml
Task created,تم إنشاء المهمة,Task created,Tâche créée,view,view,view,translated in all three,1,CrossBuy/Views/InsightActions/_NewTask.cshtml
Task title,عنوان المهمة,Task title,Titre de la tâche,view,view,view,translated in all three,1,CrossBuy/Views/InsightActions/_NewTask.cshtml
Tasks,المهام,Tasks,Tasks,shared,fallback-to-key,fallback-to-key,english falls back to key text,8,CrossBuy/Views/Portal/Choose.cshtml
Tasks in total,Tasks in total,Tasks in total,Tasks in total,fallback-to-key,fallback-to-key,fallback-to-key,MISSING arabic — key shown to user,1,CrossBuy/Views/ProjectCloseout/Index.cshtml
Tax,الضريبة,Tax,Taxe,view,view,view,translated in all three,12,CrossBuy/Views/Accounting/MovementSummary.cshtml
Tax Codes,أكواد الضرائب,Tax Codes,Codes de taxe,view,view,view,translated in all three,1,CrossBuy/Views/Accounting/TaxCodes.cshtml
Tax No,رقم ضريبي,Tax No,N° fiscal,view,view,view,translated in all three,3,CrossBuy/Views/Accounting/Customers.cshtml
Tax Reg. No,الرقم الضريبي,Tax Reg. No,Tax Reg. No,view,fallback-to-key,fallback-to-key,english falls back to key text,1,CrossBuy/Views/Accounting/SalesInvoicePrint.cshtml
Tax code,كود الضريبة,Tax code,Code de taxe,view,view,view,translated in all three,1,CrossBuy/Views/Inventory/ItemForm.cshtml
Tax rate,معدل الضريبة,Tax rate,Taux d'imposition,view,view,view,translated in all three,1,CrossBuy/Views/Admin/EmployeeData.cshtml
Tax rate %,معدّل الضريبة %,Tax rate %,Taux de taxe %,view,view,view,translated in all three,2,CrossBuy/Views/Project/Billing.cshtml
Tax reg. no.,Tax reg. no.,Tax reg. no.,Tax reg. no.,fallback-to-key,fallback-to-key,fallback-to-key,MISSING arabic — key shown to user,1,CrossBuy/Views/Shared/_QuickAdd.cshtml
Tax%,ضريبة%,Tax%,Taxe%,view,view,view,translated in all three,14,CrossBuy/Views/Accounting/MovementSummary.cshtml
Tax-exempt supply (VATEX 0%),توريد معفى من الضريبة (VATEX ٠٪),Tax-exempt supply (VATEX 0%),Tax-exempt supply (VATEX 0%),view,fallback-to-key,fallback-to-key,english falls back to key text,1,CrossBuy/Views/Accounting/SalesInvoicePrint.cshtml
TaxApplicable,تنطبق ضريبة,Tax Applicable,Taxe applicable,shared,shared,shared,translated in all three,1,CrossBuy/Views/Admin/Polices.cshtml
TaxNotApplicable,لا تنطبق ضريبة,Tax Not Applicable,Taxe non applicable,shared,shared,shared,translated in all three,1,CrossBuy/Views/Admin/Polices.cshtml
TaxNumber,الرقم الضريبي,Tax Number,Numéro fiscal,shared,shared,shared,translated in all three,1,CrossBuy/Views/Service/CompanyDetails.cshtml
TaxRate,نسبة الضريبة,Tax Rate,Taux de taxe,shared,shared,shared,translated in all three,1,CrossBuy/Views/Admin/Polices.cshtml
Taxable base = (monthly gross × 12) − employee SI (if enabled) − personal exemption. Tax computed annually then ÷ 12.,الوعاء الضريبي = (الإجمالي الشهري × 12) − حصة الموظف من التأمين (إن فُعّلت) − الإعفاء الشخصي. تُحسب الضريبة سنويًا ثم ÷ 12.,Taxable base = (monthly gross × 12) − employee SI (if enabled) − personal exemption. Tax computed annually then ÷ 12.,Base imposable = (brut mensuel × 12) − AS de l'employé (si activé) − abattement personnel. Impôt calculé annuellement puis ÷ 12.,view,view,view,translated in all three,1,CrossBuy/Views/Accounting/PayrollTaxSettings.cshtml
Taxes,الضرائب,Taxes,Taxes,view,view,view,translated in all three,1,CrossBuy/Views/Accounting/Index.cshtml
Taxpayer RIN,الرقم الضريبي للممول,Taxpayer RIN,RIN du contribuable,view,view,view,translated in all three,1,CrossBuy/Views/Accounting/EtaStatus.cshtml
Team,Team,Team,Team,fallback-to-key,fallback-to-key,fallback-to-key,MISSING arabic — key shown to user,1,CrossBuy/Views/Project/Team.cshtml
Technical support,الدعم الفني,Technical support,Support technique,view,view,view,translated in all three,1,CrossBuy/Views/Portal/Choose.cshtml
Tel,هاتف,Tel,Tel,view,fallback-to-key,fallback-to-key,english falls back to key text,1,CrossBuy/Views/Accounting/SalesInvoicePrint.cshtml
Template,النموذج,Template,Modèle,view,view,view,translated in all three,1,CrossBuy/Views/Admin/Appraisals.cshtml
Template copied,تم نسخ القالب,Template copied,Modèle copié,view,view,view,translated in all three,1,CrossBuy/Views/Reports/Viewer.cshtml
Templates,نماذج التقييم,Templates,Modèles,view,view,view,translated in all three,1,CrossBuy/Views/Admin/Appraisals.cshtml
Terminal,جهاز,Terminal,Terminal,view,view,view,translated in all three,1,CrossBuy/Views/PosApp/Terminal.cshtml
Terminal drawer,خزنة الجهاز (الدرج),Terminal drawer,Tiroir du terminal,view,view,view,translated in all three,1,CrossBuy/Views/Pos/Terminals.cshtml
Terminate & post settlement,Terminate & post settlement,Terminate & post settlement,Terminate & post settlement,fallback-to-key,fallback-to-key,fallback-to-key,MISSING arabic — key shown to user,1,CrossBuy/Views/Admin/FinalSettlement.cshtml
Terminated,منتهٍ بالإنهاء,Terminated,Résilié,view,view,view,translated in all three,1,CrossBuy/Views/Admin/HrDocuments.cshtml
Termination & final settlement,Termination & final settlement,Termination & final settlement,Termination & final settlement,fallback-to-key,fallback-to-key,fallback-to-key,MISSING arabic — key shown to user,1,CrossBuy/Views/Admin/FinalSettlement.cshtml
Termination date,تاريخ إنهاء الخدمة,Termination date,Date de cessation,view,view,view,translated in all three,1,CrossBuy/Views/Admin/FinalSettlement.cshtml
Terms & Conditions,Terms & Conditions,Terms & Conditions,Terms & Conditions,fallback-to-key,fallback-to-key,fallback-to-key,MISSING arabic — key shown to user,1,CrossBuy/Views/Shared/_mainLayout.cshtml
Terms of Service,شروط الخدمة,Terms of Service,Conditions d'utilisation,view,view,view,translated in all three,1,CrossBuy/Views/Shared/_mainLayout.cshtml
Text,نص,Text,Texte,view,view,view,translated in all three,1,CrossBuy/Views/Crm/CustomFields.cshtml
Thank you,شكرًا لزيارتكم,Thank you,Merci,view,view,view,translated in all three,1,CrossBuy/Views/PosApp/Terminal.cshtml
That branch does not belong to this company.,هذا الفرع لا ينتمي لهذه الشركة.,That branch does not belong to this company.,Cette succursale n'appartient pas à cette société.,view,view,view,translated in all three,1,CrossBuy/Views/Roster/Index.cshtml
That date falls outside the roster period.,هذا التاريخ خارج فترة الجدولة.,That date falls outside the roster period.,Cette date se situe hors de la période de planning.,view,view,view,translated in all three,1,CrossBuy/Views/Roster/Index.cshtml
That shift does not belong to this company.,هذه المناوبة لا تنتمي لهذه الشركة.,That shift does not belong to this company.,Ce poste n'appartient pas à cette société.,view,view,view,translated in all three,1,CrossBuy/Views/Roster/Index.cshtml
That shift is no longer active.,هذه المناوبة لم تعد نشطة.,That shift is no longer active.,Ce poste n'est plus actif.,view,view,view,translated in all three,1,CrossBuy/Views/Roster/Index.cshtml
The CRM data could not be read. Every other CRM screen is unaffected.,تعذّرت قراءة بيانات CRM. جميع شاشات CRM الأخرى غير متأثرة.,The CRM data could not be read. Every other CRM screen is unaffected.,Les données CRM n'ont pas pu être lues. Tous les autres écrans CRM sont intacts.,view,view,view,translated in all three,2,CrossBuy/Views/Crm/AccountInsights.cshtml
The account is settled,الحساب مسدَّد,The account is settled,Le compte est soldé,view,view,view,translated in all three,2,CrossBuy/Views/Accounting/CustomerStatement.cshtml
The action could not be completed.,تعذّر إتمام الإجراء.,The action could not be completed.,L'action n'a pas pu être effectuée.,view,view,view,translated in all three,1,CrossBuy/Views/Reports/Viewer.cshtml
The analysis service replied with a result that could not be read. Nothing has been changed.,ردّت خدمة التحليل بنتيجة تعذّرت قراءتها. لم يتم تغيير أي شيء.,The analysis service replied with a result that could not be read. Nothing has been changed.,Le service d'analyse a renvoyé un résultat illisible. Rien n'a été modifié.,view,view,view,translated in all three,1,CrossBuy/Views/Inventory/RiskInsights.cshtml
"The assignment is kept and marked cancelled, and the change is recorded against it.",يُحتفظ بالإسناد ويُعلَّم كملغى، ويُسجَّل التغيير عليه.,"The assignment is kept and marked cancelled, and the change is recorded against it.","L'affectation est conservée et marquée annulée, et la modification y est consignée.",view,view,view,translated in all three,1,CrossBuy/Views/Roster/Index.cshtml
The balance sheet is balanced,قائمة المركز المالي متوازنة,The balance sheet is balanced,Le bilan est équilibré,shared,shared,shared,translated in all three,1,CrossBuy/Views/Accounting/BalanceSheet.cshtml
The balance sheet is not balanced,قائمة المركز المالي غير متوازنة,The balance sheet is not balanced,Le bilan n'est pas équilibré,shared,shared,shared,translated in all three,1,CrossBuy/Views/Accounting/BalanceSheet.cshtml
The best Organic,The best Organic,The best Organic,The best Organic,fallback-to-key,fallback-to-key,fallback-to-key,MISSING arabic — key shown to user,1,CrossBuy/Views/Home/Store.cshtml
The cashier deducts stock from here later.,الكاشير يخصم المخزون منه لاحقًا.,The cashier deducts stock from here later.,Le caissier y déduira le stock ultérieurement.,view,view,view,translated in all three,1,CrossBuy/Views/Pos/Setup.cshtml
The checklist applied to every job application — mandatory vs optional.,قائمة التحقق المطبَّقة على كل طلب توظيف — إلزامي مقابل اختياري.,The checklist applied to every job application — mandatory vs optional.,La liste de contrôle appliquée à chaque candidature — obligatoire ou facultatif.,view,view,view,translated in all three,1,CrossBuy/Views/Admin/RequiredDocTypesList.cshtml
The conversation could not be loaded,تعذّر تحميل المحادثة,The conversation could not be loaded,Impossible de charger la conversation,view,fallback-to-key,view,english falls back to key text,1,CrossBuy/Views/Shared/_EntityConversation.cshtml
The current unpaid order will be discarded. Start new?,الطلب الحالي غير مدفوع — سيُلغى وتبدأ طلبًا جديدًا. متأكد؟,The current unpaid order will be discarded. Start new?,La commande impayée en cours sera annulée. Commencer une nouvelle ?,view,view,view,translated in all three,1,CrossBuy/Views/PosApp/Terminal.cshtml
The entry is not balanced,القيد غير متوازن,The entry is not balanced,L'écriture n'est pas équilibrée,view,view,view,translated in all three,1,CrossBuy/Views/Accounting/CreateJournal.cshtml
The export could not be produced.,تعذّر إنتاج ملف التصدير.,The export could not be produced.,L'export n'a pas pu être produit.,view,view,view,translated in all three,1,CrossBuy/Views/Reports/Viewer.cshtml
The functional currency is the currency of the books and financial statements. Set it now — it locks automatically after the first transaction.,العملة الوظيفية هي عملة الدفاتر والقوائم المالية. حدّدها الآن — ستُقفل تلقائيًا بعد أول معاملة.,The functional currency is the currency of the books and financial statements. Set it now — it locks automatically after the first transaction.,La devise fonctionnelle est la devise des livres comptables et des états financiers. Définissez-la maintenant — elle se verrouille automatiquement après la première transaction.,view,view,view,translated in all three,1,CrossBuy/Views/Currency/Setup.cshtml
"The invoice clears GRNI at the received value (Dr GRNI / Cr AP), with no second stock movement. Price/tax variance is not supported — an amount different from the received value is rejected.",تُقفِل الفاتورة حساب GRNI بقيمة المستلَم (من ح/ GRNI إلى ح/ الموردين) دون حركة مخزون ثانية. فرق السعر/الضريبة غير مدعوم — أيّ مبلغ يختلف عن قيمة المستلَم يُرفَض.,"The invoice clears GRNI at the received value (Dr GRNI / Cr AP), with no second stock movement. Price/tax variance is not supported — an amount different from the received value is rejected.","The invoice clears GRNI at the received value (Dr GRNI / Cr AP), with no second stock movement. Price/tax variance is not supported — an amount different from the received value is rejected.",view,fallback-to-key,fallback-to-key,english falls back to key text,1,CrossBuy/Views/Accounting/MatchReceipts.cshtml
The on-premises analysis service did not respond. Every other inventory screen is unaffected.,لم تستجب خدمة التحليل الداخلية. جميع شاشات المخزون الأخرى غير متأثرة.,The on-premises analysis service did not respond. Every other inventory screen is unaffected.,Le service d'analyse sur site n'a pas répondu. Tous les autres écrans de stock sont intacts.,view,view,view,translated in all three,1,CrossBuy/Views/Inventory/RiskInsights.cshtml
The on-premises analysis service did not return a result. Existing accounting and inventory screens are unaffected.,لم تُرجع خدمة التحليل الداخلية أي نتيجة. شاشات المحاسبة والمخزون الحالية غير متأثرة.,The on-premises analysis service did not return a result. Existing accounting and inventory screens are unaffected.,Le service d'analyse sur site n'a retourné aucun résultat. Les écrans de comptabilité et de stock ne sont pas affectés.,view,view,view,translated in all three,1,CrossBuy/Views/Accounting/AiInsights.cshtml
"The order and figures below are a sample for display only — no selling, payment, or stock movement. Cashier operation is a later phase.",الطلب والأرقام أدناه نموذجية للعرض فقط — لا بيع أو دفع أو خصم مخزون. تشغيل الكاشير مرحلة لاحقة.,"The order and figures below are a sample for display only — no selling, payment, or stock movement. Cashier operation is a later phase.","La commande et les chiffres ci-dessous sont un exemple à titre d'affichage uniquement — aucune vente, paiement ni mouvement de stock. L'exploitation par le caissier est une phase ultérieure.",view,view,view,translated in all three,1,CrossBuy/Views/Pos/Preview.cshtml
The period achieved a net profit,الفترة حققت صافي ربح,The period achieved a net profit,La période a réalisé un bénéfice net,shared,shared,shared,translated in all three,1,CrossBuy/Views/Accounting/IncomeStatement.cshtml
The period incurred a net loss,الفترة حققت صافي خسارة,The period incurred a net loss,La période a subi une perte nette,shared,shared,shared,translated in all three,1,CrossBuy/Views/Accounting/IncomeStatement.cshtml
The period must end on or after it starts.,يجب أن تنتهي الفترة في تاريخ بدايتها أو بعده.,The period must end on or after it starts.,La période doit se terminer à sa date de début ou après.,view,view,view,translated in all three,1,CrossBuy/Views/Roster/Index.cshtml
The reaction could not be saved,تعذّر حفظ التفاعل,The reaction could not be saved,La réaction n'a pas pu être enregistrée,view,fallback-to-key,view,english falls back to key text,1,CrossBuy/Views/Shared/_EntityConversation.cshtml
"The return reverses revenue & VAT, reduces the customer's receivable, and returns goods to stock at cost.","The return reverses revenue & VAT, reduces the customer's receivable, and returns goods to stock at cost.","The return reverses revenue & VAT, reduces the customer's receivable, and returns goods to stock at cost.","The return reverses revenue & VAT, reduces the customer's receivable, and returns goods to stock at cost.",fallback-to-key,fallback-to-key,fallback-to-key,MISSING arabic — key shown to user,1,CrossBuy/Views/Accounting/NewSalesReturn.cshtml
The review could not be completed. Nothing has been changed.,تعذّر إكمال المراجعة. لم يتم تغيير أي شيء.,The review could not be completed. Nothing has been changed.,La revue n'a pas pu être effectuée. Rien n'a été modifié.,view,view,view,translated in all three,2,CrossBuy/Views/Crm/AccountInsights.cshtml
"The row limit was reached, so rows are missing. Narrow the date range or add a filter.",تم بلوغ الحد الأقصى للصفوف، لذا هناك صفوف مفقودة. ضيّق النطاق الزمني أو أضف عامل تصفية.,"The row limit was reached, so rows are missing. Narrow the date range or add a filter.",La limite de lignes a été atteinte : des lignes manquent. Réduisez la période ou ajoutez un filtre.,view,view,view,translated in all three,1,CrossBuy/Views/Reports/Viewer.cshtml
The shift times are invalid,أوقات المناوبة غير صالحة,The shift times are invalid,Les horaires du poste sont invalides,view,view,view,translated in all three,1,CrossBuy/Views/Roster/Index.cshtml
The stored file is no longer available.,الملف المخزَّن لم يعد متاحًا.,The stored file is no longer available.,Le fichier stocké n'est plus disponible.,view,view,view,translated in all three,2,CrossBuy/Views/Reports/Index.cshtml
The trial balance is balanced,الميزان متوازن,The trial balance is balanced,La balance est équilibrée,shared,shared,shared,translated in all three,1,CrossBuy/Views/Accounting/TrialBalance.cshtml
The trial balance is not balanced,الميزان غير متوازن,The trial balance is not balanced,La balance n'est pas équilibrée,shared,shared,shared,translated in all three,1,CrossBuy/Views/Accounting/TrialBalance.cshtml
"The year-end entry closes all revenue and expense accounts and transfers the net result to Retained Earnings (3201), then locks all of the year's periods.",يقفل قيد نهاية السنة جميع حسابات الإيرادات والمصروفات ويرحّل صافي النتيجة إلى الأرباح المحتجزة (3201)، ثم يُغلق كل فترات السنة.,"The year-end entry closes all revenue and expense accounts and transfers the net result to Retained Earnings (3201), then locks all of the year's periods.","L'écriture de fin d'année clôture tous les comptes de produits et de charges et transfère le résultat net vers les Report à nouveau (3201), puis verrouille toutes les périodes de l'année.",view,view,view,translated in all three,1,CrossBuy/Views/Accounting/YearEndClose.cshtml
Theoretical,النظري,Theoretical,Théorique,view,view,view,translated in all three,1,CrossBuy/Views/RestaurantIntelligence/Index.cshtml
"There are no open opportunities for this company, so nothing could be reviewed. This is not a statement that your pipeline is healthy.",لا توجد فرص مفتوحة لهذه الشركة، لذلك لم تتم مراجعة أي شيء. هذا ليس تأكيداً بأن خط الفرص لديك سليم.,"There are no open opportunities for this company, so nothing could be reviewed. This is not a statement that your pipeline is healthy.",Il n'y a aucune opportunité ouverte pour cette société ; rien n'a pu être examiné. Cela n'indique pas que votre pipeline est sain.,view,view,view,translated in all three,1,CrossBuy/Views/Crm/OpportunityInsights.cshtml
"There are no open receivables or payables to project, so no cash-flow projection was produced.",لا توجد ذمم مدينة أو دائنة مفتوحة لإسقاطها، لذلك لم يتم إنتاج توقع للتدفق النقدي.,"There are no open receivables or payables to project, so no cash-flow projection was produced.",Aucune créance ou dette ouverte à projeter ; aucune projection de trésorerie n'a été produite.,view,view,view,translated in all three,1,CrossBuy/Views/Accounting/AiInsights.cshtml
"These are allocated over the receipt items, raising their cost (Dr Inventory / Cr these accounts).",تُوزَّع هذه المصاريف على أصناف الاستلام وترفع تكلفتها (مدين المخزون / دائن هذه الحسابات).,"These are allocated over the receipt items, raising their cost (Dr Inventory / Cr these accounts).","Ceux-ci sont répartis sur les articles de la réception, augmentant leur coût (Dr Stock / Cr ces comptes).",view,view,view,translated in all three,1,CrossBuy/Views/Inventory/NewLandedCost.cshtml
These are prefilled into a new work order for this item (labor & overhead) and remain editable while Draft.,These are prefilled into a new work order for this item (labor & overhead) and remain editable while Draft.,These are prefilled into a new work order for this item (labor & overhead) and remain editable while Draft.,These are prefilled into a new work order for this item (labor & overhead) and remain editable while Draft.,fallback-to-key,fallback-to-key,fallback-to-key,MISSING arabic — key shown to user,1,CrossBuy/Views/Inventory/Routing.cshtml
These fields are for the public storefront display only — they do not affect stock or accounting.,هذه الحقول لعرض المتجر العام فقط — لا تؤثر على المخزون أو المحاسبة.,These fields are for the public storefront display only — they do not affect stock or accounting.,These fields are for the public storefront display only — they do not affect stock or accounting.,view,fallback-to-key,fallback-to-key,english falls back to key text,1,CrossBuy/Views/Inventory/ItemForm.cshtml
"These items are selected by fixed business rules over your own CRM records — activity dates, expected close dates, age and open follow-ups. There is no predictive model: nothing here estimates a win chance, a close date or a revenue figure.",يتم اختيار هذه العناصر بقواعد عمل ثابتة على سجلات CRM الخاصة بك — تواريخ النشاط، وتواريخ الإغلاق المتوقعة، والعمر، والمتابعات المفتوحة. لا يوجد نموذج تنبؤي: لا شيء هنا يقدّر فرصة الفوز أو تاريخ الإغلاق أو قيمة الإيراد.,"These items are selected by fixed business rules over your own CRM records — activity dates, expected close dates, age and open follow-ups. There is no predictive model: nothing here estimates a win chance, a close date or a revenue figure.","Ces éléments sont sélectionnés par des règles métier fixes sur vos propres enregistrements CRM — dates d'activité, dates de clôture prévues, ancienneté et suivis ouverts. Il n'y a aucun modèle prédictif : rien ici n'estime une chance de gain, une date de clôture ou un chiffre d'affaires.",view,view,view,translated in all three,1,CrossBuy/Views/Crm/OpportunityInsights.cshtml
This company has no branches — add one first from the Branches screen.,لا توجد فروع لهذه الشركة — أضِف فرعًا أولًا من شاشة «الفروع».,This company has no branches — add one first from the Branches screen.,Cette société n'a aucune succursale — ajoutez-en une d'abord depuis l'écran Succursales.,view,view,view,translated in all three,3,CrossBuy/Views/Pos/Areas.cshtml
This company has no branches.,لا توجد فروع لهذه الشركة.,This company has no branches.,Cette société n'a aucune succursale.,view,view,view,translated in all three,8,CrossBuy/Views/Pos/CashierRoles.cshtml
This conversation is not available,هذه المحادثة غير متاحة,This conversation is not available,Cette conversation n'est pas disponible,view,fallback-to-key,view,english falls back to key text,1,CrossBuy/Views/Shared/_EntityConversation.cshtml
This employee is already terminated (inactive).,هذا الموظف منهٍ خدمته بالفعل (غير نشط).,This employee is already terminated (inactive).,Cet employé est déjà en cessation (inactif).,view,view,view,translated in all three,1,CrossBuy/Views/Admin/FinalSettlement.cshtml
This entry is not balanced,هذا القيد غير متوازن,This entry is not balanced,Cette écriture n'est pas équilibrée,view,view,view,translated in all three,1,CrossBuy/Views/Accounting/MovementSummary.cshtml
This event carries no payload.,هذا الحدث بلا حمولة.,This event carries no payload.,Cet événement ne porte aucune charge utile.,view,view,view,translated in all three,1,CrossBuy/Views/BusinessEventMonitor/_Details.cshtml
This event is not available.,هذا الحدث غير متاح.,This event is not available.,Cet événement n'est pas disponible.,view,view,view,translated in all three,1,CrossBuy/Views/BusinessEventMonitor/Index.cshtml
This file has no preview,لا توجد معاينة لهذا الملف,This file has no preview,Aucun aperçu pour ce fichier,view,fallback-to-key,view,english falls back to key text,1,CrossBuy/Views/Shared/_EntityConversation.cshtml
This file type cannot be previewed here.,لا يمكن معاينة هذا النوع من الملفات هنا.,This file type cannot be previewed here.,This file type cannot be previewed here.,view,fallback-to-key,fallback-to-key,english falls back to key text,1,CrossBuy/Views/Admin/_HrDocGallery.cshtml
This folder is empty,هذا المجلد فارغ,This folder is empty,Ce dossier est vide,view,fallback-to-key,view,english falls back to key text,2,CrossBuy/Views/Comm/Compose.cshtml
This format cannot be shown in the browser.,هذه الصيغة لا يمكن عرضها في المتصفح.,This format cannot be shown in the browser.,Ce format ne peut pas être affiché dans le navigateur.,view,view,view,translated in all three,1,CrossBuy/Views/Shared/_ReportPreviewModal.cshtml
This group is not attached to any item yet.,هذه المجموعة غير مرتبطة بأي صنف بعد.,This group is not attached to any item yet.,Ce groupe n'est encore rattaché à aucun article.,view,view,view,translated in all three,1,CrossBuy/Views/Pos/Modifiers.cshtml
This is a partial result.,هذه نتيجة جزئية.,This is a partial result.,Résultat partiel.,view,view,view,translated in all three,1,CrossBuy/Views/Reports/Viewer.cshtml
This is a system-generated document.,هذه وثيقة صادرة آليًا من النظام.,This is a system-generated document.,This is a system-generated document.,view,fallback-to-key,fallback-to-key,english falls back to key text,1,CrossBuy/Views/Accounting/SalesInvoicePrint.cshtml
This is the balance after every posted document in the period. Open the documents below to see what makes it up.,هذا هو الرصيد بعد كل مستند مُرحَّل في الفترة. افتح المستندات بالأسفل لمعرفة مكوّناته.,This is the balance after every posted document in the period. Open the documents below to see what makes it up.,Solde après tous les documents comptabilisés de la période. Ouvrez les documents ci-dessous pour le détail.,view,view,view,translated in all three,2,CrossBuy/Views/Accounting/CustomerStatement.cshtml
This item has no components defined.,هذا الصنف ليس له مكوّنات معرّفة.,This item has no components defined.,Cet article n'a aucun composant défini.,view,view,view,translated in all three,1,CrossBuy/Views/Inventory/NewAssembly.cshtml
This item's components,مكوّنات هذا الصنف,This item's components,Les composants de cet article,view,view,view,translated in all three,1,CrossBuy/Views/Inventory/NewAssembly.cshtml
This kind of movement has no timeline yet — its family is not registered on the platform.,هذا النوع من الحركات ليس له خط زمني بعد — عائلته غير مسجّلة في المنصة.,This kind of movement has no timeline yet — its family is not registered on the platform.,Ce type de mouvement n'a pas encore de chronologie — sa famille n'est pas enregistrée.,view,view,view,translated in all three,1,CrossBuy/Views/Accounting/MovementSummary.cshtml
This measurement is confirmed (read-only),هذا القياس مؤكَّد (للعرض فقط),This measurement is confirmed (read-only),Ce relevé est confirmé (lecture seule),view,view,view,translated in all three,1,CrossBuy/Views/Project/Progress.cshtml
This month,هذا الشهر,This month,This month,view,fallback-to-key,fallback-to-key,english falls back to key text,1,CrossBuy/Views/Pos/Dashboard.cshtml
"This movement has produced no journal entry — it is still a draft, or it posts nothing by design.",هذه الحركة لم تنتج أي قيد — إما أنها ما زالت مسودة، أو أنها لا تُرحَّل أصلًا.,"This movement has produced no journal entry — it is still a draft, or it posts nothing by design.","Ce mouvement n'a produit aucune écriture — il est encore au brouillon, ou il ne se comptabilise pas.",view,view,view,translated in all three,1,CrossBuy/Views/Accounting/MovementSummary.cshtml
This panel was included without its endpoints,أُدرجت اللوحة بدون تحديد مساري القراءة والإضافة,This panel was included without its endpoints,Ce panneau a été inclus sans ses points de terminaison,view,fallback-to-key,view,english falls back to key text,1,CrossBuy/Views/Shared/_EntityConversation.cshtml
"This period is still a draft, so no reason is required.",هذه الفترة ما زالت مسودة، فلا حاجة لذكر سبب.,"This period is still a draft, so no reason is required.",Cette période est encore un brouillon : aucun motif n'est requis.,view,view,view,translated in all three,1,CrossBuy/Views/Roster/Index.cshtml
"This re-queues one consumer's dispatch row. It does not modify the event, its payload, or any other consumer.",يعيد هذا إدراج سجل إرسال مستهلك واحد فقط. لا يُعدّل الحدث ولا حمولته ولا أي مستهلك آخر.,"This re-queues one consumer's dispatch row. It does not modify the event, its payload, or any other consumer.","Ceci remet en file la ligne d'envoi d'un seul consommateur. L'événement, sa charge utile et les autres consommateurs ne sont pas modifiés.",view,view,view,translated in all three,1,CrossBuy/Views/BusinessEventMonitor/Index.cshtml
This report takes no parameters.,هذا التقرير لا يتطلّب أي معايير.,This report takes no parameters.,Ce rapport ne prend aucun paramètre.,view,view,view,translated in all three,1,CrossBuy/Views/Reports/Viewer.cshtml
This roster cannot be published while conflicts remain unresolved.,لا يمكن نشر هذا الجدول ما دامت هناك تعارضات دون حل.,This roster cannot be published while conflicts remain unresolved.,Ce planning ne peut pas être publié tant que des conflits subsistent.,view,view,view,translated in all three,1,CrossBuy/Views/Roster/Index.cshtml
This roster period is closed.,فترة الجدولة هذه مغلقة.,This roster period is closed.,Cette période de planning est clôturée.,view,view,view,translated in all three,1,CrossBuy/Views/Roster/Index.cshtml
This terminates the employee and posts the settlement. Continue?,سيتم إنهاء خدمة الموظف وترحيل قيد التسوية. متابعة؟,This terminates the employee and posts the settlement. Continue?,Ceci met fin au contrat de l'employé et comptabilise le solde. Continuer ?,view,view,view,translated in all three,1,CrossBuy/Views/Admin/FinalSettlement.cshtml
Three-way match,المطابقة الثلاثية,Three-way match,Rapprochement à trois voies,view,view,view,translated in all three,1,CrossBuy/Views/Inventory/PoMatch.cshtml
Threshold (EGP),الحد (بالجنيه),Threshold (EGP),Seuil (EGP),view,view,view,translated in all three,1,CrossBuy/Views/Accounting/AccountingRoles.cshtml
Thresholds & penalties,Thresholds & penalties,Thresholds & penalties,Thresholds & penalties,fallback-to-key,fallback-to-key,fallback-to-key,MISSING arabic — key shown to user,1,CrossBuy/Views/Admin/EmployeeData.cshtml
Thu,خميس,Thu,Jeu,view,view,view,translated in all three,2,CrossBuy/Views/Admin/EmployeeData.cshtml
Thumbnail,صورة الصنف,Thumbnail,Miniature,view,view,view,translated in all three,1,CrossBuy/Views/Inventory/ItemForm.cshtml
Thursday,الخميس,Thursday,Jeudi,shared,shared,shared,translated in all three,1,CrossBuy/Views/Admin/Polices.cshtml
Tick at least one batch/item to count,أشِّر دفعة/صنفًا واحدًا على الأقل للعدّ,Tick at least one batch/item to count,Tick at least one batch/item to count,view,fallback-to-key,fallback-to-key,english falls back to key text,1,CrossBuy/Views/Inventory/NewCount.cshtml
Ticket details,بيانات التذكرة,Ticket details,Détails du ticket,view,view,view,translated in all three,1,CrossBuy/Views/Crm/TicketEditor.cshtml
Tickets,التذاكر,Tickets,Tickets,view,view,view,translated in all three,5,CrossBuy/Views/Crm/Index.cshtml
Tier 1 Member,عضو المستوى الأول,Tier 1 Member,Membre de niveau 1,view,view,view,translated in all three,2,CrossBuy/Views/Service/BranchDetails.cshtml
Time,مره,Time,Heure,shared,shared,shared,translated in all three,3,CrossBuy/Views/Admin/Polices.cshtml
TimeAndAttendanceandDeductionRules,قواعد الحضور والانصراف والخصومات,Time and Attendance and Deduction Rules,"Règles de temps, présence et retenues",shared,shared,shared,translated in all three,1,CrossBuy/Views/Admin/Polices.cshtml
TimeAttendance,الحضور والإنصراف,Time &amp; Attendance,Temps &amp; présence,shared,shared,shared,translated in all three,1,CrossBuy/Views/Admin/Polices.cshtml
Title,العنوان,Title,Titre,view,view,view,translated in all three,6,CrossBuy/Views/Accounting/FixedAssetDetail.cshtml
Title (EN),Title (EN),Title (EN),Title (EN),fallback-to-key,fallback-to-key,fallback-to-key,MISSING arabic — key shown to user,3,CrossBuy/Views/Admin/TrainingCourseEditor.cshtml
Title (English),Title (English),Title (English),Title (English),fallback-to-key,fallback-to-key,fallback-to-key,MISSING arabic — key shown to user,1,CrossBuy/Views/Accounting/FixedAssetDetail.cshtml
Title and message are required,العنوان والرسالة مطلوبان,Title and message are required,Title and message are required,view,fallback-to-key,fallback-to-key,english falls back to key text,1,CrossBuy/Views/Announcements/Index.cshtml
To,إلى,To,Au,view,view,view,translated in all three,18,CrossBuy/Views/Accounting/CustomerStatement.cshtml
To (annual),إلى (سنوي),To (annual),Jusqu'à (annuel),view,view,view,translated in all three,1,CrossBuy/Views/Accounting/PayrollTaxSettings.cshtml
To account,إلى حساب,To account,Compte destination,view,view,view,translated in all three,1,CrossBuy/Views/Accounting/Transfer.cshtml
"To add an item inside a tab, use the “Add item” button next to the tab name. This button adds without a tab.",لإضافة صنف داخل تبويب، استخدم زر «إضافة صنف» بجوار اسم التبويب. هذا الزر يضيف بدون تبويب.,"To add an item inside a tab, use the “Add item” button next to the tab name. This button adds without a tab.","Pour ajouter un article dans un onglet, utilisez le bouton « Ajouter un article » à côté du nom de l'onglet. Ce bouton ajoute sans onglet.",view,view,view,translated in all three,1,CrossBuy/Views/Pos/QuickMenu.cshtml
To buy,نواقص تُشترى,To buy,À acheter,view,view,view,translated in all three,1,CrossBuy/Views/Inventory/PlanDetails.cshtml
To location,إلى موقع,To location,Vers l'emplacement,view,view,view,translated in all three,1,CrossBuy/Views/Inventory/RackBalances.cshtml
To location (destination),إلى الموقع (الوجهة),To location (destination),Vers l'emplacement (destination),view,view,view,translated in all three,1,CrossBuy/Views/Inventory/NewTransfer.cshtml
To make,نواقص تُصنَّع,To make,À fabriquer,view,view,view,translated in all three,1,CrossBuy/Views/Inventory/PlanDetails.cshtml
To warehouse,إلى مخزن,To warehouse,Vers l'entrepôt,view,view,view,translated in all three,1,CrossBuy/Views/Inventory/NewTransfer.cshtml
To whom it may concern,لمن يهمه الأمر,To whom it may concern,À qui de droit,view,view,view,translated in all three,2,CrossBuy/Views/People/LetterPrint.cshtml
Today,اليوم,Today,Today,shared,fallback-to-key,fallback-to-key,english falls back to key text,4,CrossBuy/Views/Admin/Index.cshtml
Today & upcoming,Today & upcoming,Today & upcoming,Today & upcoming,fallback-to-key,fallback-to-key,fallback-to-key,MISSING arabic — key shown to user,1,CrossBuy/Views/Pos/Reservations.cshtml
Toggle navigation,تبديل التنقل,Toggle navigation,Basculer la navigation,view,view,view,translated in all three,1,CrossBuy/Views/Shared/_Layout.cshtml
Tolerance: qty,السماحية: كمية,Tolerance: qty,Tolérance : qté,view,view,view,translated in all three,1,CrossBuy/Views/Inventory/PoMatch.cshtml
Too many images.,عدد الصور كبير جدًا.,Too many images.,Too many images.,view,fallback-to-key,fallback-to-key,english falls back to key text,1,CrossBuy/Views/Inventory/ItemForm.cshtml
Top 5,أعلى 5,Top 5,Top 5,view,view,view,translated in all three,1,CrossBuy/Views/Inventory/Index.cshtml
Top 5 accounts,أعلى 5 حسابات,Top 5 accounts,Top 5 des comptes,view,view,view,translated in all three,1,CrossBuy/Views/Accounting/Index.cshtml
Top Customers,أعلى العملاء,Top Customers,Meilleurs clients,view,view,view,translated in all three,1,CrossBuy/Views/Accounting/Executive.cshtml
Top Rated,Top Rated,Top Rated,Top Rated,fallback-to-key,fallback-to-key,fallback-to-key,MISSING arabic — key shown to user,1,CrossBuy/Views/Home/Store.cshtml
Top Selling,Top Selling,Top Selling,Top Selling,fallback-to-key,fallback-to-key,fallback-to-key,MISSING arabic — key shown to user,1,CrossBuy/Views/Home/Store.cshtml
Top accounts,أعلى الحسابات,Top accounts,Top accounts,shared,fallback-to-key,fallback-to-key,english falls back to key text,1,CrossBuy/Views/Crm/Index.cshtml
Top items,أعلى الأصناف,Top items,Top items,view,fallback-to-key,fallback-to-key,english falls back to key text,1,CrossBuy/Views/Pos/Dashboard.cshtml
Top items by revenue,الأصناف الأعلى إيرادًا,Top items by revenue,Top items by revenue,shared,fallback-to-key,fallback-to-key,english falls back to key text,1,CrossBuy/Views/Hyper/HyperSales.cshtml
Top items by value,أعلى الأصناف قيمة,Top items by value,Principaux articles par valeur,view,view,view,translated in all three,1,CrossBuy/Views/Inventory/Index.cshtml
Top manufactured items,أعلى الأصناف تصنيعًا,Top manufactured items,Meilleurs articles fabriqués,view,view,view,translated in all three,1,CrossBuy/Views/Inventory/ManufDashboard.cshtml
Top projects by value,أعلى المشاريع قيمةً,Top projects by value,Top projects by value,view,fallback-to-key,fallback-to-key,english falls back to key text,1,CrossBuy/Views/Project/Dashboard.cshtml
Top security & privacy standards to protect your data,Top security & privacy standards to protect your data,Top security & privacy standards to protect your data,Top security & privacy standards to protect your data,fallback-to-key,fallback-to-key,fallback-to-key,MISSING arabic — key shown to user,1,CrossBuy/Views/Portal/Choose.cshtml
Top titles,أعلى المسميات,Top titles,Top titles,view,fallback-to-key,fallback-to-key,english falls back to key text,1,CrossBuy/Views/Admin/Index.cshtml
Total,إجمالي,Total,Total,shared,shared,shared,translated in all three,52,CrossBuy/Views/Accounting/ApAging.cshtml
Total Assets,إجمالي الأصول,Total Assets,Total de l'actif,view,view,view,translated in all three,2,CrossBuy/Views/Accounting/BalanceSheet.cshtml
Total Equity,إجمالي حقوق الملكية,Total Equity,Total des capitaux propres,view,view,view,translated in all three,1,CrossBuy/Views/Accounting/BalanceSheet.cshtml
Total Expenses,إجمالي المصروفات,Total Expenses,Total des charges,view,view,view,translated in all three,1,CrossBuy/Views/Accounting/IncomeStatement.cshtml
Total Liab. & Equity,Total Liab. & Equity,Total Liab. & Equity,Total Liab. & Equity,fallback-to-key,fallback-to-key,fallback-to-key,MISSING arabic — key shown to user,1,CrossBuy/Views/Accounting/BalanceSheet.cshtml
Total Liabilities,إجمالي الالتزامات,Total Liabilities,Total des passifs,view,view,view,translated in all three,1,CrossBuy/Views/Accounting/BalanceSheet.cshtml
Total Revenue,إجمالي الإيرادات,Total Revenue,Total des produits,view,view,view,translated in all three,1,CrossBuy/Views/Accounting/IncomeStatement.cshtml
Total Team Size,إجمالي الفريق,Total Team Size,Effectif total de l'équipe,view,view,view,translated in all three,1,CrossBuy/Views/People/Structure.cshtml
Total actual,إجمالي الفعلي,Total actual,Total réel,view,view,view,translated in all three,1,CrossBuy/Views/Project/Budget.cshtml
Total budget,إجمالي الموازنة,Total budget,Total budget,view,fallback-to-key,fallback-to-key,english falls back to key text,1,CrossBuy/Views/Project/Dashboard.cshtml
Total charges,إجمالي الإضافات,Total charges,Total des frais,view,view,view,translated in all three,1,CrossBuy/Views/Inventory/NewLandedCost.cshtml
Total contract value,إجمالي قيمة العقود,Total contract value,Total contract value,view,fallback-to-key,fallback-to-key,english falls back to key text,1,CrossBuy/Views/Project/Dashboard.cshtml
Total cost,إجمالي التكلفة,Total cost,Coût total,view,view,view,translated in all three,6,CrossBuy/Views/Inventory/Deliveries.cshtml
Total deductions,إجمالي الاستقطاعات,Total deductions,Total des retenues,view,view,view,translated in all three,2,CrossBuy/Views/Accounting/Payslip.cshtml
Total discount,إجمالي الخصم,Total discount,Remise totale,view,view,view,translated in all three,1,CrossBuy/Views/Accounting/MovementSummary.cshtml
Total earned days,إجمالي الأيام المستحقة,Total earned days,Total des jours acquis,view,view,view,translated in all three,1,CrossBuy/Views/Admin/LeaveAccrual.cshtml
Total earnings,إجمالي المستحقات,Total earnings,Total des gains,view,view,view,translated in all three,2,CrossBuy/Views/Accounting/Payslip.cshtml
Total employees,إجمالي الموظفين,Total employees,Total employees,view,fallback-to-key,fallback-to-key,english falls back to key text,1,CrossBuy/Views/Admin/Index.cshtml
Total estimated,إجمالي التقديري,Total estimated,Total estimé,view,view,view,translated in all three,1,CrossBuy/Views/Project/Budget.cshtml
Total needed,الإجمالي المطلوب,Total needed,Total nécessaire,view,view,view,translated in all three,1,CrossBuy/Views/Inventory/NewAssembly.cshtml
Total open pipeline,إجمالي الفرص المفتوحة,Total open pipeline,Total du pipeline ouvert,view,view,view,translated in all three,1,CrossBuy/Views/Crm/Forecast.cshtml
Total outstanding,إجمالي المستحق,Total outstanding,Total en cours,view,view,view,translated in all three,1,CrossBuy/Views/Accounting/CustomerAnalytics.cshtml
Total produced value,إجمالي القيمة المنتَجة,Total produced value,Valeur produite totale,view,view,view,translated in all three,1,CrossBuy/Views/Inventory/ManufDashboard.cshtml
Total projects,إجمالي المشاريع,Total projects,Total projects,view,fallback-to-key,fallback-to-key,english falls back to key text,1,CrossBuy/Views/Project/Dashboard.cshtml
Total qty,إجمالي الكميات,Total qty,Qté totale,view,view,view,translated in all three,1,CrossBuy/Views/Inventory/Index.cshtml
Total requests,إجمالي الطلبات,Total requests,Total des demandes,view,view,view,translated in all three,1,CrossBuy/Views/People/Dashboard.cshtml
Total revenue,إجمالي الإيراد,Total revenue,Chiffre d'affaires total,view,view,view,translated in all three,1,CrossBuy/Views/Project/Profitability.cshtml
Total sales,إجمالي المبيعات,Total sales,Total sales,view,fallback-to-key,fallback-to-key,english falls back to key text,1,CrossBuy/Views/PosApp/Terminal.cshtml
Total value,إجمالي القيمة,Total value,Valeur totale,view,view,view,translated in all three,3,CrossBuy/Views/Crm/Pipeline.cshtml
Total value change,إجمالي قيمة التغيير,Total value change,Variation totale,view,view,view,translated in all three,1,CrossBuy/Views/Project/VariationOrders.cshtml
Total value:,إجمالي القيمة:,Total value:,Valeur totale :,view,view,view,translated in all three,1,CrossBuy/Views/Inventory/StockBalances.cshtml
Total variance,الفرق الكلي,Total variance,Écart total,view,view,view,translated in all three,1,CrossBuy/Views/Project/Budget.cshtml
Total/unit,إجمالي وقت/وحدة,Total/unit,Total/unité,view,view,view,translated in all three,1,CrossBuy/Views/Inventory/Routing.cshtml
Total:,الإجمالي:,Total:,Total :,view,view,view,translated in all three,1,CrossBuy/Views/Inventory/ValuationReport.cshtml
TotalAllowances,إجمالي بدلات,Total Allowances,Total des indemnités,shared,shared,shared,translated in all three,1,CrossBuy/Views/Admin/Polices.cshtml
Totals,الإجمالي,Totals,Totaux,view,view,view,translated in all three,3,CrossBuy/Views/Accounting/ApAging.cshtml
Track My Order,تتبع طلبي,Track My Order,Suivre ma commande,view,view,view,translated in all three,1,CrossBuy/Views/Shared/_mainLayout.cshtml
Track batch,تتبّع الدفعة (Batch),Track batch,Suivi par lot,view,view,view,translated in all three,1,CrossBuy/Views/Inventory/ItemForm.cshtml
Track expiry,تتبّع الصلاحية (Expiry),Track expiry,Suivi de péremption,view,view,view,translated in all three,1,CrossBuy/Views/Inventory/ItemForm.cshtml
Track serial,تتبّع السيريال (Serial),Track serial,Suivi par numéro de série,view,view,view,translated in all three,1,CrossBuy/Views/Inventory/ItemForm.cshtml
Tracking,خيارات التتبّع,Tracking,Suivi,view,view,view,translated in all three,1,CrossBuy/Views/Inventory/ItemForm.cshtml
Trade name,الاسم التجاري,Trade name,Nom commercial,view,view,view,translated in all three,2,CrossBuy/Views/Brand/BrandEditor.cshtml
Trade name (English),Trade name (English),Trade name (English),Trade name (English),fallback-to-key,fallback-to-key,fallback-to-key,MISSING arabic — key shown to user,1,CrossBuy/Views/Brand/BrandEditor.cshtml
Trade name under the company — single ledger + analytic dimension (not a separate legal entity).,اسم تجاري تحت الشركة — دفتر واحد وبُعد تحليلي (ليست كيانًا قانونيًا منفصلًا).,Trade name under the company — single ledger + analytic dimension (not a separate legal entity).,Nom commercial rattaché à la société — grand livre unique + dimension analytique (pas une entité juridique distincte).,view,view,view,translated in all three,1,CrossBuy/Views/Brand/Brands.cshtml
Training,التدريب,Training,Formation,view,shared,shared,translated in all three,1,CrossBuy/Views/Admin/Index.cshtml
Training courses,الدورات التدريبية,Training courses,Formations,view,view,view,translated in all three,1,CrossBuy/Views/Admin/TrainingCourses.cshtml
Transfer,تحويل,Transfer,Virement,view,view,view,translated in all three,1,CrossBuy/Views/Accounting/Transfer.cshtml
Transfer No.,رقم التحويل,Transfer No.,Transfert n°,view,view,view,translated in all three,1,CrossBuy/Views/Inventory/StockTransfers.cshtml
Transfer in,تحويل وارد,Transfer in,Transfert entrant,view,view,view,translated in all three,1,CrossBuy/Views/Inventory/ItemForm.cshtml
Transfer out,تحويل صادر,Transfer out,Transfert sortant,view,view,view,translated in all three,1,CrossBuy/Views/Inventory/ItemForm.cshtml
"Transferred at actual cost — out of source, into destination, with no GL impact.",التحويل بالتكلفة الفعلية — يخصم من المخزن المصدر ويضيف للمخزن الوجهة بدون أثر محاسبي.,"Transferred at actual cost — out of source, into destination, with no GL impact.","Transféré au coût réel — sortie de la source, entrée dans la destination, sans impact sur le GL.",view,view,view,translated in all three,1,CrossBuy/Views/Inventory/NewTransfer.cshtml
Transferred items,الأصناف المحوّلة,Transferred items,Articles transférés,view,view,view,translated in all three,1,CrossBuy/Views/Inventory/NewTransfer.cshtml
Transfers,التحويلات,Transfers,Transferts,view,view,view,translated in all three,2,CrossBuy/Views/Inventory/NewTransfer.cshtml
Transport,النقل,Transport,Transport,view,view,view,translated in all three,1,CrossBuy/Views/Admin/EmployeeData.cshtml
TransportationAllowance,بدل المواصلات,Transportation Allowance,Indemnité de transport,shared,shared,shared,translated in all three,1,CrossBuy/Views/Admin/Polices.cshtml
Trash,المهملات,Trash,Trash,view,fallback-to-key,fallback-to-key,english falls back to key text,1,CrossBuy/Views/Comm/Index.cshtml
Tree,شجرة,Tree,Arborescence,view,view,view,translated in all three,1,CrossBuy/Views/Admin/AdministrativeStructure.cshtml
Trending Products,Trending Products,Trending Products,Trending Products,fallback-to-key,fallback-to-key,fallback-to-key,MISSING arabic — key shown to user,1,CrossBuy/Views/Home/Store.cshtml
Trial Balance,ميزان المراجعة,Trial Balance,Balance générale,view,view,view,translated in all three,3,CrossBuy/Views/Accounting/Journals.cshtml
Trigger,المشغِّل,Trigger,Déclencheur,view,view,view,translated in all three,1,CrossBuy/Views/Crm/AutomationRules.cshtml
TrustReliable,موثوق,Reliable,Fiable,shared,shared,shared,translated in all three,1,CrossBuy/Views/Account/Login.cshtml
TrustScalable,قابل للتوسّع,Scalable,Évolutif,shared,shared,shared,translated in all three,1,CrossBuy/Views/Account/Login.cshtml
TrustSecure,آمن,Secure,Sécurisé,shared,shared,shared,translated in all three,1,CrossBuy/Views/Account/Login.cshtml
"Try to search by username, full name or email...",حاول البحث باسم المستخدم أو الاسم الكامل أو البريد الإلكتروني...,"Try to search by username, full name or email...","Essayez de rechercher par nom d'utilisateur, nom complet ou e-mail...",view,view,view,translated in all three,1,CrossBuy/Views/Shared/_LayoutManufacturing.cshtml
Tue,ثلاثاء,Tue,Mar,view,view,view,translated in all three,2,CrossBuy/Views/Admin/EmployeeData.cshtml
Tuesday,الثلاثاء,Tuesday,Mardi,shared,shared,shared,translated in all three,1,CrossBuy/Views/Admin/Polices.cshtml
Type,النوع,Type,Type,view,view,shared,translated in all three,29,CrossBuy/Views/Accounting/ChartOfAccounts.cshtml
Type a colleague's name…,اكتب اسم زميل…,Type a colleague's name…,Saisir le nom d'un collègue…,view,fallback-to-key,view,english falls back to key text,1,CrossBuy/Views/Calendar/Index.cshtml
Type a message,اكتب رسالة,Type a message,Saisir un message,view,view,view,translated in all three,2,CrossBuy/Views/Chat/Index.cshtml
Type or paste emails here,اكتب أو الصق عناوين البريد الإلكتروني هنا,Type or paste emails here,Saisissez ou collez les e-mails ici,view,view,view,translated in all three,1,CrossBuy/Views/Shared/_LayoutManufacturing.cshtml
Type to search…,اكتب للبحث…,Type to search…,Saisir pour rechercher…,view,view,view,translated in all three,1,CrossBuy/Views/Brand/Brands.cshtml
TypesOfLeaves,أنواع الأجازات,Types of Leaves,Types de congés,shared,shared,shared,translated in all three,2,CrossBuy/Views/Admin/LeaveTypesList.cshtml
UTC,ت.ع.م,UTC,UTC,view,view,view,translated in all three,1,CrossBuy/Views/BusinessEventMonitor/Index.cshtml
Unattributed actual (labor / general),فعلي غير منسوب (عمالة / عام),Unattributed actual (labor / general),Réel non affecté (M.O. / général),view,view,view,translated in all three,1,CrossBuy/Views/Project/Budget.cshtml
Unbalanced,غير متوازن,Unbalanced,Déséquilibré,view,view,view,translated in all three,1,CrossBuy/Views/Accounting/Index.cshtml
Uncategorised,بدون تصنيف,Uncategorised,Sans catégorie,view,view,view,translated in all three,1,CrossBuy/Views/Reports/Index.cshtml
Undo,تراجع,Undo,Annuler,shared,fallback-to-key,shared,english falls back to key text,2,CrossBuy/Views/Accounting/CreateJournal.cshtml
Undo a batch,التراجع عن دفعة,Undo a batch,Annuler un lot,shared,fallback-to-key,shared,english falls back to key text,1,CrossBuy/Views/Inventory/BulkPriceChange.cshtml
Unfavourite,إزالة من المفضّلة,Unfavourite,Retirer des favoris,view,view,view,translated in all three,1,CrossBuy/Views/Reports/Viewer.cshtml
Unified Agenda,الأجندة الموحدة,Unified Agenda,Unified Agenda,view,view,fallback-to-key,MISSING french — English key shown,1,CrossBuy/Views/Workspace/Index.cshtml
Unit,الوحدة,Unit,Unité,view,view,view,translated in all three,16,CrossBuy/Views/Accounting/MovementSummary.cshtml
Unit cost,تكلفة الوحدة,Unit cost,Coût unitaire,view,view,view,translated in all three,8,CrossBuy/Views/Accounting/PurchaseReturnDetail.cshtml
Unit cost (for inbound),تكلفة الوحدة (للوارد),Unit cost (for inbound),Coût unitaire (pour entrant),view,view,view,translated in all three,1,CrossBuy/Views/Inventory/NewMovement.cshtml
Unit price,سعر الوحدة,Unit price,Prix unitaire,view,view,view,translated in all three,2,CrossBuy/Views/Project/Boq.cshtml
Units,وحدات القياس,Units,Unités,view,view,view,translated in all three,3,CrossBuy/Views/Inventory/Index.cshtml
Units & barcodes,Units & barcodes,Units & barcodes,Units & barcodes,fallback-to-key,fallback-to-key,fallback-to-key,MISSING arabic — key shown to user,1,CrossBuy/Views/Inventory/ItemForm.cshtml
Units of Measure,وحدات القياس,Units of Measure,Unités de mesure,view,view,view,translated in all three,1,CrossBuy/Views/Inventory/Units.cshtml
Unknown recipient,مستلم غير معروف,Unknown recipient,Destinataire inconnu,view,fallback-to-key,view,english falls back to key text,1,CrossBuy/Views/Comm/Index.cshtml
Unlisted batch,دفعة غير مُدرَجة,Unlisted batch,Unlisted batch,view,fallback-to-key,fallback-to-key,english falls back to key text,1,CrossBuy/Views/Inventory/NewCount.cshtml
Unloc.,غير محدَّد,Unloc.,Non loc.,view,view,view,translated in all three,1,CrossBuy/Views/Inventory/RackBalances.cshtml
Unposted,غير مرحّل,Unposted,Non comptabilisé,view,view,view,translated in all three,1,CrossBuy/Views/Project/EquipmentDepreciation.cshtml
Unposted labor cost,تكلفة عمالة غير مُرحّلة,Unposted labor cost,Coût M.O. non comptabilisé,view,view,view,translated in all three,1,CrossBuy/Views/Project/Labor.cshtml
Unread only,غير المقروء فقط,Unread only,Unread only,view,fallback-to-key,fallback-to-key,english falls back to key text,1,CrossBuy/Views/Notifications/Index.cshtml
Unrealized FX,فروق غير محققة,Unrealized FX,Change latent,view,view,view,translated in all three,1,CrossBuy/Views/Currency/Revaluation.cshtml
Upcoming holidays,العطلات القادمة,Upcoming holidays,Upcoming holidays,view,fallback-to-key,fallback-to-key,english falls back to key text,1,CrossBuy/Views/Admin/Index.cshtml
Update,تحديث,Update,Mettre à jour,shared,shared,shared,translated in all three,1,CrossBuy/Views/Admin/CourseEnrollments.cshtml
Updated,آخر تحديث,Updated,Mis à jour,view,view,view,translated in all three,3,CrossBuy/Views/Announcements/Index.cshtml
Upgrade Plan,ترقية الخطة,Upgrade Plan,Mettre à niveau le forfait,view,view,view,translated in all three,1,CrossBuy/Views/Shared/_LayoutManufacturing.cshtml
Upgrade a Plan,ترقية الخطة,Upgrade a Plan,Mettre à niveau un forfait,view,view,view,translated in all three,1,CrossBuy/Views/Shared/_LayoutManufacturing.cshtml
Upload,رفع,Upload,Téléverser,view,fallback-to-key,view,english falls back to key text,2,CrossBuy/Views/Admin/ApplicationDetail.cshtml
Upload All,رفع الكل,Upload All,Tout téléverser,view,view,view,translated in all three,2,CrossBuy/Views/Service/BranchDetails.cshtml
Upload Files,رفع ملفات,Upload Files,Téléverser des fichiers,view,fallback-to-key,view,english falls back to key text,1,CrossBuy/Views/FileManager/Index.cshtml
Uploaded,تم الرفع,Uploaded,Téléversé,view,fallback-to-key,view,english falls back to key text,1,CrossBuy/Views/FileManager/Index.cshtml
Urgent,عاجلة,Urgent,Urgente,view,view,view,translated in all three,5,CrossBuy/Views/Crm/SlaPolicies.cshtml
Use this page to detail your site's privacy policy.,استخدم هذه الصفحة لتوضيح سياسة الخصوصية الخاصة بموقعك.,Use this page to detail your site's privacy policy.,Utilisez cette page pour détailler la politique de confidentialité de votre site.,view,view,view,translated in all three,1,CrossBuy/Views/Home/Privacy.cshtml
Use this table for the order,اختيار الطاولة للطلب,Use this table for the order,Utiliser cette table pour la commande,view,view,view,translated in all three,1,CrossBuy/Views/PosApp/Terminal.cshtml
Use “Open in new tab” or “Download”.,استخدم «فتح في تبويب جديد» أو «تنزيل».,Use “Open in new tab” or “Download”.,Use “Open in new tab” or “Download”.,view,fallback-to-key,fallback-to-key,english falls back to key text,1,CrossBuy/Views/Admin/_HrDocGallery.cshtml
Used / Available,المستخدم / المتاح,Used / Available,Utilisé / Disponible,view,view,view,translated in all three,1,CrossBuy/Views/Accounting/Customers.cshtml
"Used to auto-generate inventory journal entries (receipts, issues, COGS, adjustments).",تُستخدم في توليد قيود المخزون تلقائيًا (الاستلام، الصرف، التكلفة، فروق الجرد).,"Used to auto-generate inventory journal entries (receipts, issues, COGS, adjustments).","Utilisé pour générer automatiquement les écritures de journal de stock (réceptions, sorties, COGS, ajustements).",view,view,view,translated in all three,1,CrossBuy/Views/Inventory/CategoryForm.cshtml
"Used to cost the employee's labor on work orders. If left blank, it is derived from the base salary ÷ standard hours.",يُستخدم لتحميل عمالة الموظف على أوامر التشغيل. إن تُرك فارغًا يُشتق من الراتب الأساسي ÷ الساعات المعيارية.,"Used to cost the employee's labor on work orders. If left blank, it is derived from the base salary ÷ standard hours.","Utilisé pour valoriser la main-d'œuvre de l'employé sur les ordres de fabrication. S'il est laissé vide, il est déduit du salaire de base ÷ heures standard.",view,view,view,translated in all three,1,CrossBuy/Views/Admin/EmployeeData.cshtml
Used to derive an employee's manufacturing hour-rate = base salary ÷ these hours (when no explicit rate is set).,تُستخدم لاشتقاق سعر ساعة عمالة التصنيع للموظف = الراتب الأساسي ÷ هذه الساعات (عند عدم تحديد سعر صريح).,Used to derive an employee's manufacturing hour-rate = base salary ÷ these hours (when no explicit rate is set).,Utilisé pour calculer le taux horaire de fabrication d'un employé = salaire de base ÷ ces heures (lorsqu'aucun taux explicite n'est défini).,view,view,view,translated in all three,1,CrossBuy/Views/Accounting/PayrollTaxSettings.cshtml
Useful life,العمر الإنتاجي,Useful life,Durée de vie utile,view,view,view,translated in all three,1,CrossBuy/Views/Accounting/FixedAssetDetail.cshtml
Useful life (months),العمر الإنتاجي (شهور),Useful life (months),Durée de vie utile (mois),view,view,view,translated in all three,1,CrossBuy/Views/Accounting/FixedAssets.cshtml
UserName,اسم المستخدم,User Name,Nom d'utilisateur,shared,shared,shared,translated in all three,1,CrossBuy/Views/Account/Login.cshtml
Username,اسم المستخدم,Username,Nom d'utilisateur,view,view,view,translated in all three,1,CrossBuy/Views/PosApp/Login.cshtml
Users,المستخدمون,Users,Utilisateurs,view,view,view,translated in all three,1,CrossBuy/Views/Shared/_LayoutManufacturing.cshtml
Users & permissions,Users & permissions,Users & permissions,Users & permissions,fallback-to-key,fallback-to-key,fallback-to-key,MISSING arabic — key shown to user,1,CrossBuy/Views/Portal/Choose.cshtml
Users Directory,دليل المستخدمين,Users Directory,Annuaire des utilisateurs,view,view,view,translated in all three,1,CrossBuy/Views/Shared/_LayoutManufacturing.cshtml
VAT,ضريبة القيمة المضافة,VAT,VAT,shared,fallback-to-key,fallback-to-key,english falls back to key text,4,CrossBuy/Views/Accounting/Index.cshtml
VAT Credit,رصيد ض.ق.م دائن,VAT Credit,Crédit de TVA,view,view,view,translated in all three,1,CrossBuy/Views/Accounting/Index.cshtml
VAT Payable,ض.ق.م مستحقة,VAT Payable,TVA à payer,view,view,view,translated in all three,1,CrossBuy/Views/Accounting/Index.cshtml
VAT Return,إقرار ض.ق.م,VAT Return,Déclaration de TVA,view,view,view,translated in all three,1,CrossBuy/Views/Accounting/VatReturnDetail.cshtml
VAT Returns,إقرارات ض.ق.م,VAT Returns,Déclarations de TVA,view,view,view,translated in all three,2,CrossBuy/Views/Accounting/VatReturnDetail.cshtml
Valid,سارٍ,Valid,Valide,view,view,view,translated in all three,1,CrossBuy/Views/Documents/Workspace.cshtml
Valid from,صالح من,Valid from,Valide à partir du,view,view,view,translated in all three,2,CrossBuy/Views/Inventory/PriceListEditor.cshtml
Valid to,صالح حتى,Valid to,Valide jusqu'au,view,view,view,translated in all three,2,CrossBuy/Views/Inventory/PriceListEditor.cshtml
Valid until,صالح حتى,Valid until,Valable jusqu'au,view,view,view,translated in all three,3,CrossBuy/Views/Inventory/NewQuotation.cshtml
Validity,الصلاحية,Validity,Validité,view,view,view,translated in all three,2,CrossBuy/Views/Inventory/PriceLists.cshtml
Valuation,تقييم المخزون,Valuation,Valorisation,view,view,view,translated in all three,1,CrossBuy/Views/Inventory/ValuationReport.cshtml
Value,القيمة,Value,Valeur,view,view,view,translated in all three,18,CrossBuy/Views/Accounting/AiInsights.cshtml
Value Added Tax,ضريبة قيمة مضافة,VAT,TVA,view,view,view,translated in all three,1,CrossBuy/Views/Accounting/TaxCodes.cshtml
Value by warehouse,القيمة حسب المخزن,Value by warehouse,Valeur par entrepôt,view,view,view,translated in all three,1,CrossBuy/Views/Inventory/Index.cshtml
Value change,قيمة التغيير,Value change,Variation,view,view,view,translated in all three,1,CrossBuy/Views/Project/VariationOrders.cshtml
Value or percentage,القيمة أو النسبة,Value or percentage,Valeur ou pourcentage,view,view,view,translated in all three,1,CrossBuy/Views/Admin/PolicesData.cshtml
Var.,التباين,Var.,Écart,view,view,view,translated in all three,1,CrossBuy/Views/Inventory/ManufReports.cshtml
Variance,الفرق,Variance,Écart,view,view,view,translated in all three,4,CrossBuy/Views/Inventory/PoMatch.cshtml
Variance = actual − standard unit cost (positive = over standard). Standard is indicative using current component avg cost and may differ from time of completion.,التباين = تكلفة الوحدة الفعلية − المعيارية (موجب = تجاوز للتكلفة). المعياري تقديري بمتوسط تكلفة المكوّنات الحالية، فقد يختلف عن وقت التنفيذ.,Variance = actual − standard unit cost (positive = over standard). Standard is indicative using current component avg cost and may differ from time of completion.,"Écart = coût unitaire réel − coût unitaire standard (positif = au-dessus du standard). Le standard est indicatif, calculé à partir du coût moyen actuel des composants et peut différer de celui au moment de l'achèvement.",view,view,view,translated in all three,1,CrossBuy/Views/Inventory/ManufReports.cshtml
Variance beyond tolerance ✘,يوجد انحراف خارج السماحية ✘,Variance beyond tolerance ✘,Écart au-delà de la tolérance ✘,view,view,view,translated in all three,1,CrossBuy/Views/Inventory/PoMatch.cshtml
Variation orders,أوامر التغيير,Variation orders,Ordres de variation,view,view,view,translated in all three,2,CrossBuy/Views/Project/Projects.cshtml
Vegetables,Vegetables,Vegetables,Vegetables,fallback-to-key,fallback-to-key,fallback-to-key,MISSING arabic — key shown to user,1,CrossBuy/Views/Home/Store.cshtml
Vendor,البائع,Vendor,Fournisseur,view,shared,shared,translated in all three,18,CrossBuy/Views/Accounting/ApAging.cshtml
Vendor added,تم إضافة المورد,Vendor added,Fournisseur ajouté,shared,shared,shared,translated in all three,1,CrossBuy/Views/Shared/_QuickAdd.cshtml
Vendors,البائعون,Vendors,Vendeurs,view,view,view,translated in all three,4,CrossBuy/Views/Accounting/PartyStatementPicker.cshtml
Versions,الإصدارات,Versions,Versions,view,view,view,translated in all three,1,CrossBuy/Views/Documents/Workspace.cshtml
View,عرض,View,Voir,shared,shared,shared,translated in all three,20,CrossBuy/Views/Accounting/Index.cshtml
View / print,عرض / طباعة,View / print,Voir / imprimer,view,view,view,translated in all three,1,CrossBuy/Views/People/Payslips.cshtml
View All,عرض الكل,View All,Tout afficher,view,view,view,translated in all three,1,CrossBuy/Views/Shared/_LayoutManufacturing.cshtml
View All Activities,عرض كل الأنشطة,View All Activities,Afficher toutes les activités,view,view,view,translated in all three,1,CrossBuy/Views/Shared/_LayoutManufacturing.cshtml
View Cart,عرض السلة,View Cart,Voir le panier,view,view,view,translated in all three,1,CrossBuy/Views/Shared/_mainLayout.cshtml
View all,عرض الكل,View all,View all,view,view,fallback-to-key,MISSING french — English key shown,8,CrossBuy/Views/Accounting/Executive.cshtml
View cart,عرض السلة,View cart,Voir le panier,view,view,view,translated in all three,1,CrossBuy/Views/Shared/_mainLayout.cshtml
View details,عرض التفاصيل,View details,Voir les détails,view,view,view,translated in all three,2,CrossBuy/Views/Inventory/_PoRows.cshtml
View your statements,عرض كشوف حسابك,View your statements,Consulter vos relevés,view,view,view,translated in all three,1,CrossBuy/Views/Shared/_LayoutManufacturing.cshtml
Visibility,الظهور,Visibility,Visibilité,view,fallback-to-key,view,english falls back to key text,3,CrossBuy/Views/BusinessEventMonitor/Index.cshtml
Void invoice,إلغاء الفاتورة,Void invoice,Void invoice,view,fallback-to-key,fallback-to-key,english falls back to key text,1,CrossBuy/Views/PosApp/Terminal.cshtml
Void this whole invoice (refund + return stock)?,إلغاء الفاتورة بالكامل (رد المبلغ + إرجاع المخزون)؟,Void this whole invoice (refund + return stock)?,Void this whole invoice (refund + return stock)?,view,fallback-to-key,fallback-to-key,english falls back to key text,1,CrossBuy/Views/PosApp/Terminal.cshtml
Voided,ملغاة,Voided,Voided,view,fallback-to-key,fallback-to-key,english falls back to key text,1,CrossBuy/Views/PosApp/Terminal.cshtml
Voucher,قسيمة,Voucher,Bon,view,view,view,translated in all three,1,CrossBuy/Views/Pos/PaymentMethods.cshtml
WH,المخزن,WH,WH,view,view,view,translated in all three,8,CrossBuy/Views/Inventory/Deliveries.cshtml
WHT,ض.خصم,WHT,WHT,view,view,view,translated in all three,2,CrossBuy/Views/Accounting/TaxCodes.cshtml
WHT (optional),ض.خصم (اختياري),WHT (optional),WHT (facultatif),view,view,view,translated in all three,1,CrossBuy/Views/Inventory/WorkOrderDetails.cshtml
WO,الأمر,WO,OF,view,view,view,translated in all three,2,CrossBuy/Views/Inventory/ManufDashboard.cshtml
WO no,رقم الأمر,WO no,N° OF,view,view,view,translated in all three,1,CrossBuy/Views/Inventory/WorkOrders.cshtml
WOs completed,أوامر منفّذة,WOs completed,OF terminés,view,view,view,translated in all three,1,CrossBuy/Views/Inventory/ManufReports.cshtml
Waiter: open/add order. Kitchen: prep screen. Cashier: pay & close. Manager: all.,Waiter: open/add order. Kitchen: prep screen. Cashier: pay & close. Manager: all.,Waiter: open/add order. Kitchen: prep screen. Cashier: pay & close. Manager: all.,Waiter: open/add order. Kitchen: prep screen. Cashier: pay & close. Manager: all.,fallback-to-key,fallback-to-key,fallback-to-key,MISSING arabic — key shown to user,1,CrossBuy/Views/Pos/CashierRoles.cshtml
Waive,استثناء,Waive,Dispenser,view,view,view,translated in all three,1,CrossBuy/Views/EmployeeOnboarding/Index.cshtml
Waive requirement,استثناء متطلب,Waive requirement,Dispenser l'exigence,view,view,view,translated in all three,1,CrossBuy/Views/EmployeeOnboarding/Index.cshtml
Waived,مُستثنى,Waived,Dispensé,view,view,view,translated in all three,1,CrossBuy/Views/EmployeeOnboarding/Index.cshtml
Waiving records who excused this requirement and why. It does not mark it complete.,الاستثناء يسجّل من استثنى هذا المتطلب ولماذا، ولا يعني أن المتطلب قد اكتمل.,Waiving records who excused this requirement and why. It does not mark it complete.,La dispense enregistre qui a dispensé cette exigence et pourquoi. Elle ne la marque pas comme terminée.,view,view,view,translated in all three,1,CrossBuy/Views/EmployeeOnboarding/Index.cshtml
Walk-in,عميل نقدي,Walk-in,Client de passage,view,view,view,translated in all three,2,CrossBuy/Views/Pos/Reservations.cshtml
Wallet,محفظة,Wallet,Portefeuille,view,view,view,translated in all three,1,CrossBuy/Views/Pos/Preview.cshtml
Warehouse,المخزن,Warehouse,Entrepôt,shared,shared,shared,translated in all three,33,CrossBuy/Views/Accounting/MovementSummary.cshtml
Warehouse System,نظام المخازن,Warehouse System,Système d'entrepôt,view,view,view,translated in all three,1,CrossBuy/Views/Shared/_LayoutManufacturing.cshtml
Warehouse added,تم إضافة المخزن,Warehouse added,Entrepôt ajouté,shared,shared,shared,translated in all three,1,CrossBuy/Views/Shared/_QuickAdd.cshtml
Warehouse layout,مخطط المخزن,Warehouse layout,Warehouse layout,view,view,fallback-to-key,MISSING french — English key shown,1,CrossBuy/Views/Inventory/WarehouseSections.cshtml
Warehouse sections / racks,سيكشنات / رفوف المخزن,Warehouse sections / racks,Sections / rayons d'entrepôt,view,view,view,translated in all three,1,CrossBuy/Views/Inventory/WarehouseSections.cshtml
Warehouses,المخازن,Warehouses,Entrepôts,view,view,view,translated in all three,4,CrossBuy/Views/Inventory/Index.cshtml
Warm,دافئ,Warm,Tiède,view,view,view,translated in all three,2,CrossBuy/Views/Crm/Reports.cshtml
Warm threshold,"حدّ ""دافئ"" (Warm)",Warm threshold,Seuil tiède,view,view,view,translated in all three,1,CrossBuy/Views/Crm/ScoringRules.cshtml
Warn,تنبيه,Warn,Avertir,view,view,view,translated in all three,1,CrossBuy/Views/Inventory/Settings.cshtml
Warn (allow + notify),تنبيه (يسمح مع إشعار),Warn (allow + notify),Avertir (autoriser + notifier),view,view,view,translated in all three,1,CrossBuy/Views/Inventory/Settings.cshtml
Warning,تحذير,Warning,Avertissement,shared,shared,shared,translated in all three,3,CrossBuy/Views/Admin/Polices.cshtml
Warnings,التحذيرات,Warnings,Avertissements,view,view,view,translated in all three,1,CrossBuy/Views/Admin/EmployeeData.cshtml
Wasted,الهالك,Wasted,Gaspillé,view,view,view,translated in all three,1,CrossBuy/Views/RestaurantIntelligence/Index.cshtml
We found,لقينا لك,We found,We found,view,fallback-to-key,fallback-to-key,english falls back to key text,1,CrossBuy/Views/Store/Category.cshtml
Web,ويب,Web,Web,view,view,view,translated in all three,1,CrossBuy/Views/Admin/AttendanceEntry.cshtml
Website,الموقع الالكتروني,Web site,Site web,shared,shared,shared,translated in all three,4,CrossBuy/Views/Brand/BrandEditor.cshtml
Website / Referral,موقع / إحالة / حملة,Website / Referral,Site web / Recommandation,view,view,view,translated in all three,1,CrossBuy/Views/Crm/Leads.cshtml
Wed,أربعاء,Wed,Mer,view,view,view,translated in all three,2,CrossBuy/Views/Admin/EmployeeData.cshtml
Wednesday,الاربعاء,Wednesday,Mercredi,shared,shared,shared,translated in all three,1,CrossBuy/Views/Admin/Polices.cshtml
WeeklyShortLeaveLimit,أقصى عدد استئذانات في الأسبوع,Weekly Short Leave Limit,Limite hebdomadaire de congés courts,shared,shared,shared,translated in all three,1,CrossBuy/Views/Admin/Polices.cshtml
Weeks,أسابيع,Weeks,Semaines,view,view,view,translated in all three,1,CrossBuy/Views/Shared/_LayoutManufacturing.cshtml
Weight,الوزن,Weight,Pondération,view,view,view,translated in all three,2,CrossBuy/Views/Admin/AppraisalScore.cshtml
Weighted,القيمة المرجّحة,Weighted,Pondéré,view,view,view,translated in all three,1,CrossBuy/Views/Crm/Forecast.cshtml
Weighted (expected),القيمة المرجّحة (المتوقَّعة),Weighted (expected),Pondéré (attendu),view,view,view,translated in all three,1,CrossBuy/Views/Crm/Forecast.cshtml
Weighted = Σ (opportunity amount × stage probability). Lost opportunities are excluded.,القيمة المرجّحة = Σ (قيمة الفرصة × احتمال المرحلة). تُستثنى الفرص الخاسرة.,Weighted = Σ (opportunity amount × stage probability). Lost opportunities are excluded.,Pondéré = Σ (montant de l'opportunité × probabilité de l'étape). Les opportunités perdues sont exclues.,view,view,view,translated in all three,1,CrossBuy/Views/Crm/Forecast.cshtml
Weighted pipeline,المسار المرجّح,Weighted pipeline,Weighted pipeline,shared,fallback-to-key,fallback-to-key,english falls back to key text,1,CrossBuy/Views/Crm/Index.cshtml
Weighted score,الدرجة الموزونة,Weighted score,Note pondérée,view,view,view,translated in all three,2,CrossBuy/Views/Admin/AppraisalScore.cshtml
Welcome,مرحبا,Welcome,Bienvenue,view,view,view,translated in all three,1,CrossBuy/Views/Home/Index.cshtml
"Welcome, ",أهلاً بك،,"Welcome,","Bienvenue,",view,view,view,translated in all three,1,CrossBuy/Views/Portal/Choose.cshtml
WelcomeBackAccent,بعودتك,Back,parmi nous,shared,shared,shared,translated in all three,1,CrossBuy/Views/Account/Login.cshtml
WelcomeBackLead,أهلًا,Welcome,Bon retour,shared,shared,shared,translated in all three,1,CrossBuy/Views/Account/Login.cshtml
What is blocking the close,What is blocking the close,What is blocking the close,What is blocking the close,fallback-to-key,fallback-to-key,fallback-to-key,MISSING arabic — key shown to user,1,CrossBuy/Views/ProjectCloseout/Index.cshtml
What remains before this employee is operationally ready,ما تبقّى قبل أن يصبح الموظف جاهزًا للعمل,What remains before this employee is operationally ready,Ce qu'il reste avant que cet employé soit opérationnel,view,view,view,translated in all three,1,CrossBuy/Views/EmployeeOnboarding/Index.cshtml
What requires my attention?,ما الذي يتطلب انتباهك؟,What requires my attention?,What requires my attention?,view,view,fallback-to-key,MISSING french — English key shown,1,CrossBuy/Views/Workspace/Index.cshtml
"What should have been used, what was used, what was wasted, what to reorder",ما كان يجب استهلاكه، وما استُهلك فعلياً، وما هُدر، وما يجب إعادة طلبه,"What should have been used, what was used, what was wasted, what to reorder","Ce qui aurait dû être utilisé, ce qui l’a été, ce qui a été gaspillé, ce qu’il faut recommander",view,view,view,translated in all three,1,CrossBuy/Views/RestaurantIntelligence/Index.cshtml
When,الموعد,When,Quand,view,view,shared,translated in all three,1,CrossBuy/Views/Workspace/Index.cshtml
When the two warehouses are in different branches: Cost-center posting moves value through a goods-in-transit account (so branch profitability is correct). No GL relocates qty/cost only. Same-branch transfers never post.,عند اختلاف فرع المخزنين: «ترحيل بين مراكز التكلفة» ينقل القيمة عبر حساب مخزون عبور (مدين عبور/دائن مخزون بمركز المصدر، ثم مدين مخزون/دائن عبور بمركز الوجهة) فتظهر ربحية الفروع صحيحة. «بدون قيد» ينقل الكمية والتكلفة فقط. التحويل داخل نفس الفرع لا يولّد قيدًا في الحالتين.,When the two warehouses are in different branches: Cost-center posting moves value through a goods-in-transit account (so branch profitability is correct). No GL relocates qty/cost only. Same-branch transfers never post.,Lorsque les deux entrepôts se trouvent dans des succursales différentes : la comptabilisation par centre de coûts transfère la valeur via un compte de marchandises en transit (afin que la rentabilité de la succursale soit correcte). Aucun GL déplace uniquement la qté/le coût. Les transferts au sein de la même succursale ne sont jamais comptabilisés.,view,view,view,translated in all three,1,CrossBuy/Views/Inventory/Settings.cshtml
"Who is expected to work, where, and under which shift",من المتوقع أن يعمل، وأين، وتحت أي مناوبة,"Who is expected to work, where, and under which shift","Qui doit travailler, où, et sur quel poste",view,view,view,translated in all three,1,CrossBuy/Views/Roster/Index.cshtml
Whole company,الشركة بالكامل,Whole company,Toute la société,view,view,view,translated in all three,2,CrossBuy/Views/Announcements/Index.cshtml
Whole history,السجل الكامل,Whole history,Historique complet,view,view,view,translated in all three,2,CrossBuy/Views/Accounting/CustomerStatement.cshtml
Wholesale,جملة,Wholesale,Gros,view,view,view,translated in all three,3,CrossBuy/Views/Accounting/Customers.cshtml
Why,السبب,Why,Motif,view,view,view,translated in all three,3,CrossBuy/Views/Crm/AccountInsights.cshtml
Why does this project need to reopen?,Why does this project need to reopen?,Why does this project need to reopen?,Why does this project need to reopen?,fallback-to-key,fallback-to-key,fallback-to-key,MISSING arabic — key shown to user,1,CrossBuy/Views/ProjectCloseout/Index.cshtml
Why is this being re-queued?,ما سبب إعادة الإدراج؟,Why is this being re-queued?,Pourquoi cette remise en file ?,view,view,view,translated in all three,1,CrossBuy/Views/BusinessEventMonitor/Index.cshtml
Why is this project being closed?,Why is this project being closed?,Why is this project being closed?,Why is this project being closed?,fallback-to-key,fallback-to-key,fallback-to-key,MISSING arabic — key shown to user,1,CrossBuy/Views/ProjectCloseout/Index.cshtml
Widowed,أرمل,Widowed,Veuf/Veuve,view,view,view,translated in all three,1,CrossBuy/Views/Admin/EmployeeData.cshtml
Win rate,نسبة الفوز,Win rate,Taux de réussite,view,view,view,translated in all three,2,CrossBuy/Views/Crm/Index.cshtml
Win/Loss reason,سبب الكسب/الخسارة,Win/Loss reason,Motif de gain/perte,view,view,view,translated in all three,1,CrossBuy/Views/Crm/Opportunities.cshtml
Window,الفترة,Window,Window,view,fallback-to-key,fallback-to-key,english falls back to key text,1,CrossBuy/Views/Announcements/Index.cshtml
Wishlist,قائمة الرغبات,Wishlist,Liste de souhaits,view,view,view,translated in all three,1,CrossBuy/Views/Shared/_mainLayout.cshtml
With stock only,ذات رصيد فقط,With stock only,Avec stock uniquement,view,view,view,translated in all three,1,CrossBuy/Views/Inventory/StockBalances.cshtml
"Withheld from the amount, posted to WHT payable; net is paid in cash.",يُخصم من المبلغ ويُرحَّل لحساب ضريبة الخصم والتحصيل، ويُدفَع الصافي نقداً.,"Withheld from the amount, posted to WHT payable; net is paid in cash.","Retenue sur le montant, comptabilisée en retenue à la source à payer ; le net est payé en espèces.",view,view,view,translated in all three,1,CrossBuy/Views/Accounting/Payments.cshtml
Withholding,خصم وتحصيل,Withholding,Retenue à la source,view,view,view,translated in all three,1,CrossBuy/Views/Accounting/TaxCodes.cshtml
Withholding tax (optional),خصم وتحصيل (اختياري),Withholding tax (optional),Retenue à la source (optionnel),view,view,view,translated in all three,1,CrossBuy/Views/Accounting/Payments.cshtml
Within,خلال,Within,Sous,view,view,view,translated in all three,1,CrossBuy/Views/Admin/DocExpiryAlerts.cshtml
Within (days),خلال (يوم),Within (days),Dans (jours),view,view,view,translated in all three,1,CrossBuy/Views/Accounting/MaintenanceDue.cshtml
Within SLA,ضمن SLA,Within SLA,Dans les délais du SLA,view,view,view,translated in all three,2,CrossBuy/Views/Crm/TicketEditor.cshtml
Within the last,خلال الفترة الماضية,Within the last,Au cours des derniers,view,view,view,translated in all three,1,CrossBuy/Views/Shared/_LayoutManufacturing.cshtml
Within the next,خلال الفترة القادمة,Within the next,Dans les prochains,view,view,view,translated in all three,1,CrossBuy/Views/Shared/_LayoutManufacturing.cshtml
Won,ربح,Won,Gagné,view,view,view,translated in all three,8,CrossBuy/Views/Accounting/Executive.cshtml
Won / Lost,فوز / خسارة,Won / Lost,Gagné / Perdu,view,view,view,translated in all three,1,CrossBuy/Views/Crm/Reports.cshtml
Won Value,صفقات رابحة,Won Value,Valeur gagnée,view,view,view,translated in all three,1,CrossBuy/Views/Accounting/Executive.cshtml
Won value,قيمة الصفقات المكسوبة,Won value,Won value,shared,fallback-to-key,fallback-to-key,english falls back to key text,2,CrossBuy/Views/Crm/Campaigns.cshtml
Work Details,بيانات العمل,Work Details,Informations professionnelles,view,view,view,translated in all three,1,CrossBuy/Views/People/Profile.cshtml
Work center,مركز عمل,Work center,Poste de charge,view,view,view,translated in all three,3,CrossBuy/Views/Inventory/ManufReports.cshtml
Work centers,مراكز العمل,Work centers,Postes de charge,view,view,view,translated in all three,2,CrossBuy/Views/Inventory/ManufDashboard.cshtml
Work date,تاريخ العمل,Work date,Date de travail,view,view,view,translated in all three,1,CrossBuy/Views/Roster/Index.cshtml
Work days,أيام العمل,Work days,Jours ouvrés,view,view,view,translated in all three,2,CrossBuy/Views/Admin/Attendance.cshtml
Work item,عنصر العمل,Work item,Work item,view,view,fallback-to-key,MISSING french — English key shown,1,CrossBuy/Views/Workspace/Index.cshtml
Work order,بيانات الأمر,Work order,Ordre de fabrication,view,view,view,translated in all three,1,CrossBuy/Views/Inventory/WorkOrderDetails.cshtml
Work orders,أوامر التشغيل,Work orders,Ordres de fabrication,view,view,view,translated in all three,4,CrossBuy/Views/Inventory/ManufDashboard.cshtml
Work orders & production tracking (WIP),Work orders & production tracking (WIP),Work orders & production tracking (WIP),Work orders & production tracking (WIP),fallback-to-key,fallback-to-key,fallback-to-key,MISSING arabic — key shown to user,1,CrossBuy/Views/Portal/Choose.cshtml
Work permit,تصريح عمل,Work permit,Permis de travail,view,view,view,translated in all three,2,CrossBuy/Views/Admin/DocExpiryAlerts.cshtml
Work-center load,حِمل مراكز العمل,Work-center load,Charge des postes de charge,view,view,view,translated in all three,1,CrossBuy/Views/Inventory/ManufReports.cshtml
WorkDaysPerWeek,ساعات العمل اليومية,Work Days Per Week,Jours de travail par semaine,shared,shared,shared,translated in all three,1,CrossBuy/Views/Admin/Polices.cshtml
WorkEndTime,نهاية الدوام,WorkEndTime,Heure de fin de travail,shared,shared,shared,translated in all three,1,CrossBuy/Views/Admin/Polices.cshtml
WorkHoursPerDay,ساعات العمل اليومية,Work Hours Per Day,Heures de travail par jour,shared,shared,shared,translated in all three,1,CrossBuy/Views/Admin/Polices.cshtml
WorkSchedule,جدول الدوام,WorkSchedule,Horaire de travail,shared,shared,shared,translated in all three,1,CrossBuy/Views/Admin/Polices.cshtml
WorkStartTime,وقت بداية العمل,WorkStartTime,Heure de début de travail,shared,shared,shared,translated in all three,1,CrossBuy/Views/Admin/Polices.cshtml
Worker name,اسم العامل,Worker name,Nom du travailleur,view,view,view,translated in all three,1,CrossBuy/Views/Inventory/WorkOrderDetails.cshtml
Workforce,القوى العاملة,Workforce,Workforce,view,fallback-to-key,fallback-to-key,english falls back to key text,1,CrossBuy/Views/Admin/Index.cshtml
Working capital,رأس المال العامل,Working capital,Fonds de roulement,view,view,view,translated in all three,1,CrossBuy/Views/Accounting/Executive.cshtml
Working days,أيام العمل,Working days,Jours ouvrés,view,view,view,translated in all three,1,CrossBuy/Views/Admin/EmployeeData.cshtml
Workspace,مساحة العمل,Workspace,Workspace,view,view,fallback-to-key,MISSING french — English key shown,1,CrossBuy/Views/Workspace/Index.cshtml
Workspace Home,الرئيسية لمساحة العمل,Workspace Home,Workspace Home,view,view,fallback-to-key,MISSING french — English key shown,1,CrossBuy/Views/Workspace/Index.cshtml
Worth knowing before closing,Worth knowing before closing,Worth knowing before closing,Worth knowing before closing,fallback-to-key,fallback-to-key,fallback-to-key,MISSING arabic — key shown to user,1,CrossBuy/Views/ProjectCloseout/Index.cshtml
Write a comment…,اكتب تعليقًا…,Write a comment…,Écrire un commentaire…,shared,fallback-to-key,shared,english falls back to key text,1,CrossBuy/Views/Shared/_DocTimeline.cshtml
Write a message,اكتب رسالة…,Write a message,Écrivez un message…,view,fallback-to-key,view,english falls back to key text,1,CrossBuy/Views/Shared/_EntityConversation.cshtml
Write-off / damage,الإعدام / التلف,Write-off / damage,Radiation / dommage,view,view,view,translated in all three,1,CrossBuy/Views/Inventory/Settings.cshtml
Write-off qty,كمية الإعدام,Write-off qty,Qté à radier,view,view,view,translated in all three,1,CrossBuy/Views/Inventory/NewWriteOff.cshtml
Write-offs,الإعدام,Write-offs,Radiations,view,view,view,translated in all three,2,CrossBuy/Views/Inventory/NewWriteOff.cshtml
Write-offs & damage,Write-offs & damage,Write-offs & damage,Write-offs & damage,fallback-to-key,fallback-to-key,fallback-to-key,MISSING arabic — key shown to user,1,CrossBuy/Views/Inventory/WriteOffs.cshtml
Year,سنة,Year,Année,shared,shared,shared,translated in all three,7,CrossBuy/Views/Accounting/Payroll.cshtml
Year-end Close,إقفال السنة المالية,Year-end Close,Clôture de fin d'année,view,view,view,translated in all three,2,CrossBuy/Views/Accounting/Index.cshtml
Years,سنوات,Years,Années,view,view,view,translated in all three,2,CrossBuy/Views/Admin/FinalSettlement.cshtml
Yes,نعم,Yes,Oui,shared,shared,shared,translated in all three,5,CrossBuy/Views/Admin/EmployeeData.cshtml
"Yes, delete",نعم، احذف,"Yes, delete","Oui, supprimer",view,fallback-to-key,view,english falls back to key text,2,CrossBuy/Views/Calendar/Index.cshtml
"Yes, new",نعم، جديد,"Yes, new","Oui, nouvelle",view,view,view,translated in all three,1,CrossBuy/Views/PosApp/Terminal.cshtml
YesNo,نعم / لا,Yes/No,Oui/Non,shared,shared,shared,translated in all three,2,CrossBuy/Views/Admin/Polices.cshtml
Yesterday,أمس,Yesterday,Yesterday,shared,fallback-to-key,fallback-to-key,english falls back to key text,1,CrossBuy/Views/Shared/_DocEventTimeline.cshtml
You,أنت,You,Vous,view,fallback-to-key,view,english falls back to key text,3,CrossBuy/Views/Chat/Index.cshtml
You are no longer a member of this group,لم تعد عضوًا في هذه المجموعة,You are no longer a member of this group,You are no longer a member of this group,view,fallback-to-key,fallback-to-key,english falls back to key text,1,CrossBuy/Views/Chat/Index.cshtml
You are no longer authorised to perform this action.,لم تعد لديك صلاحية تنفيذ هذا الإجراء.,You are no longer authorised to perform this action.,Vous n'êtes plus autorisé à effectuer cette action.,view,view,view,translated in all three,1,CrossBuy/Views/BusinessEventMonitor/Index.cshtml
You are no longer authorised to view this screen.,لم تعد لديك صلاحية عرض هذه الشاشة.,You are no longer authorised to view this screen.,Vous n'êtes plus autorisé à consulter cet écran.,view,view,view,translated in all three,1,CrossBuy/Views/BusinessEventMonitor/Index.cshtml
You are not allowed to do that.,غير مسموح لك بهذا الإجراء.,You are not allowed to do that.,Vous n'êtes pas autorisé à faire cela.,view,view,view,translated in all three,1,CrossBuy/Views/Reports/Viewer.cshtml
You are not allowed to perform this action,لا تملك صلاحية تنفيذ هذا الإجراء,You are not allowed to perform this action,Vous n'êtes pas autorisé à effectuer cette action,view,view,view,translated in all three,1,CrossBuy/Views/Roster/Index.cshtml
You are not assigned to a leave policy yet.,لم يتم تسكينك على لائحة إجازات بعد.,You are not assigned to a leave policy yet.,Vous n'êtes pas encore affecté à une politique de congés.,view,view,view,translated in all three,1,CrossBuy/Views/People/Dashboard.cshtml
You are not authorised to view this activity,ليست لديك صلاحية لعرض هذا النشاط,You are not authorised to view this activity,Vous n'êtes pas autorisé à consulter cette activité,shared,shared,shared,translated in all three,1,CrossBuy/Views/Shared/_DocEventTimeline.cshtml
You are not permitted to run this report.,غير مصرّح لك بتشغيل هذا التقرير.,You are not permitted to run this report.,Vous n'êtes pas autorisé à exécuter ce rapport.,view,view,view,translated in all three,1,CrossBuy/Views/Reports/Viewer.cshtml
You are not placed in the org structure yet,لم يتم تحديد موقعك في الهيكل بعد,You are not placed in the org structure yet,Vous n'êtes pas encore placé dans la structure organisationnelle,view,view,view,translated in all three,1,CrossBuy/Views/People/Structure.cshtml
You are viewing events across all companies.,أنت تستعرض الأحداث في جميع الشركات.,You are viewing events across all companies.,Vous consultez les événements de toutes les sociétés.,view,view,view,translated in all three,1,CrossBuy/Views/BusinessEventMonitor/Index.cshtml
You can add several images at once,تقدر تضيف أكثر من صورة مرة واحدة,You can add several images at once,You can add several images at once,view,fallback-to-key,fallback-to-key,english falls back to key text,1,CrossBuy/Views/Inventory/ItemForm.cshtml
You cannot approve a billing that you prepared. Another authorized approver must review it.,You cannot approve a billing that you prepared. Another authorized approver must review it.,You cannot approve a billing that you prepared. Another authorized approver must review it.,You cannot approve a billing that you prepared. Another authorized approver must review it.,fallback-to-key,fallback-to-key,fallback-to-key,MISSING arabic — key shown to user,1,CrossBuy/Views/Project/Billing.cshtml
You do not have permission to perform this action,ليس لديك صلاحية لتنفيذ هذا الإجراء,You do not have permission to perform this action,Vous n'avez pas l'autorisation d'effectuer cette action,shared,shared,shared,translated in all three,1,CrossBuy/Views/Inventory/NewWorkOrder.cshtml
You have acknowledged this appraisal,تم إقرارك لهذا التقييم,You have acknowledged this appraisal,Vous avez accusé réception de cette évaluation,view,view,view,translated in all three,1,CrossBuy/Views/People/MyAppraisal.cshtml
You have not run a report yet.,لم تقم بتشغيل أي تقرير بعد.,You have not run a report yet.,Vous n'avez encore exécuté aucun rapport.,view,view,view,translated in all three,1,CrossBuy/Views/Reports/Index.cshtml
You left the group,لقد غادرت المجموعة,You left the group,You left the group,view,fallback-to-key,fallback-to-key,english falls back to key text,1,CrossBuy/Views/Chat/Index.cshtml
You must enable permission and fill its required data correctly,يجب تفعيل الاستئذان وتعبئة بياناته المطلوبة بشكل صحيح,You must enable permission and fill its required data correctly,Vous devez activer l'autorisation et renseigner correctement les données requises,view,view,view,translated in all three,1,CrossBuy/Views/Admin/Polices.cshtml
You no longer hold the permission this report requires.,لم تعد تملك الصلاحية التي يتطلّبها هذا التقرير.,You no longer hold the permission this report requires.,Vous ne détenez plus l'autorisation requise par ce rapport.,view,view,view,translated in all three,2,CrossBuy/Views/Reports/Index.cshtml
You see only your own company's events.,ترى أحداث شركتك فقط.,You see only your own company's events.,Vous ne voyez que les événements de votre société.,view,view,view,translated in all three,1,CrossBuy/Views/BusinessEventMonitor/Index.cshtml
You were removed from this group,تمت إزالتك من هذه المجموعة,You were removed from this group,You were removed from this group,view,fallback-to-key,fallback-to-key,english falls back to key text,1,CrossBuy/Views/Chat/Index.cshtml
Your Invitations,دعواتك,Your Invitations,Vos invitations,view,view,view,translated in all three,1,CrossBuy/Views/Shared/_LayoutManufacturing.cshtml
Your comment (optional),تعليقك (اختياري),Your comment (optional),Votre commentaire (facultatif),view,view,view,translated in all three,1,CrossBuy/Views/People/MyAppraisal.cshtml
Your data security is our priority,أمان بياناتك هو أولويتنا,Your data security is our priority,La sécurité de vos données est notre priorité,view,view,view,translated in all three,1,CrossBuy/Views/Portal/Choose.cshtml
Your emaill address,عنوان بريدك الإلكتروني,Your emaill address,Votre adresse e-mail,view,view,view,translated in all three,2,CrossBuy/Views/Home/Store.cshtml
YourPartnerInSuccess,شريكك في النجاح,Your partner in success,Votre partenaire de succès,shared,shared,shared,translated in all three,1,CrossBuy/Views/Portal/Choose.cshtml
Zone,المنطقة,Zone,Zone,view,view,view,translated in all three,1,CrossBuy/Views/Pos/DeliveryZones.cshtml
Zone (AR),المنطقة (عربي),Zone (AR),Zone (AR),view,view,view,translated in all three,1,CrossBuy/Views/Pos/DeliveryZones.cshtml
Zone (EN),المنطقة (إنجليزي),Zone (EN),Zone (EN),view,view,view,translated in all three,1,CrossBuy/Views/Pos/DeliveryZones.cshtml
Zones,المناطق,Zones,Zones,view,view,view,translated in all three,1,CrossBuy/Views/Pos/DeliveryZones.cshtml
Zoom in,تكبير,Zoom in,Zoom avant,view,view,view,translated in all three,2,CrossBuy/Views/Admin/AdministrativeStructure.cshtml
Zoom out,تصغير,Zoom out,Zoom arrière,view,view,view,translated in all three,2,CrossBuy/Views/Admin/AdministrativeStructure.cshtml
accounts were examined and none matched a configured attention condition.,حساباً تم فحصها ولم يطابق أي منها حالة متابعة مُعرَّفة.,accounts were examined and none matched a configured attention condition.,comptes ont été examinés et aucun ne correspond à une condition d'attention configurée.,view,view,view,translated in all three,1,CrossBuy/Views/Crm/AccountInsights.cshtml
active,نشط,active,active,view,fallback-to-key,fallback-to-key,english falls back to key text,2,CrossBuy/Views/Admin/Index.cshtml
active assets,أصل نشط,active assets,immobilisations actives,view,view,view,translated in all three,1,CrossBuy/Views/Accounting/Index.cshtml
activities,نشاط,activities,activités,view,view,view,translated in all three,1,CrossBuy/Views/Crm/AccountInsights.cshtml
adjust the actually received quantities.,عدّل الكميات المستلمة فعليًا.,adjust the actually received quantities.,ajustez les quantités réellement reçues.,view,view,view,translated in all three,1,CrossBuy/Views/Inventory/NewGoodsReceipt.cshtml
alert,تنبيه,alert,alerte,view,view,view,translated in all three,1,CrossBuy/Views/Inventory/Index.cshtml
any stage,لأي مرحلة اتركه فارغًا,any stage,toute étape,view,view,view,translated in all three,1,CrossBuy/Views/Crm/AutomationRules.cshtml
approved this year,معتمدة هذا العام,approved this year,approved this year,view,fallback-to-key,fallback-to-key,english falls back to key text,1,CrossBuy/Views/Admin/Index.cshtml
auto,تلقائي,auto,auto,view,view,view,translated in all three,1,CrossBuy/Views/Inventory/WorkOrderDetails.cshtml
auto for employee,تلقائي للموظف,auto for employee,auto pour l'employé,view,view,view,translated in all three,1,CrossBuy/Views/Inventory/WorkOrderDetails.cshtml
auto-filled,يُملأ تلقائيًا,auto-filled,rempli automatiquement,view,view,view,translated in all three,1,CrossBuy/Views/Admin/EmployeeData.cshtml
auto: code + -,تلقائي: الكود + -,auto: code + -,auto : code + -,view,view,view,translated in all three,1,CrossBuy/Views/Pos/Terminals.cshtml
available,متاح,available,disponibles,view,view,view,translated in all three,1,CrossBuy/Views/Reports/Index.cshtml
base,أساسية,base,base,view,view,view,translated in all three,1,CrossBuy/Views/Inventory/_ItemScanModal.cshtml
between each keyword.,بين كل كلمة.,between each keyword.,entre chaque mot-clé.,view,view,view,translated in all three,1,CrossBuy/Views/Admin/PolicesData.cshtml
blank = open,اتركه فارغًا = مفتوح,blank = open,vide = ouvert,view,view,view,translated in all three,1,CrossBuy/Views/Accounting/PayrollTaxSettings.cshtml
blank = permanent,اتركه فارغًا = دائم,blank = permanent,vide = permanent,view,view,view,translated in all three,1,CrossBuy/Views/Admin/HrDocuments.cshtml
blocking items,blocking items,blocking items,blocking items,fallback-to-key,fallback-to-key,fallback-to-key,MISSING arabic — key shown to user,1,CrossBuy/Views/ProjectCloseout/Index.cshtml
building Web apps with ASP.NET Core,بناء تطبيقات الويب باستخدام ASP.NET Core,building Web apps with ASP.NET Core,la création d'applications Web avec ASP.NET Core,view,view,view,translated in all three,1,CrossBuy/Views/Home/Index.cshtml
buttons,زر,buttons,boutons,view,view,view,translated in all three,1,CrossBuy/Views/Pos/QuickMenu.cshtml
bytes,بايت,bytes,octets,view,view,view,translated in all three,1,CrossBuy/Views/BusinessEventMonitor/_Details.cshtml
cat,فئة,cat,cat.,view,view,view,translated in all three,1,CrossBuy/Views/Inventory/Index.cshtml
checks,فحصاً,checks,contrôles,view,view,view,translated in all three,1,CrossBuy/Views/Inventory/IntegrityReconciliation.cshtml
companySub,ما اذا كانت الشركة مندرجة اسفل شركة مالكة اخري علي نفس النظام,Whether the company is listed below another owner company according to the same system,Indique si l'entreprise est rattachée à une société propriétaire selon le même système,shared,shared,shared,translated in all three,1,CrossBuy/Views/Service/CompanyDetails.cshtml
consecutive clean runs,فحصاً متتالياً بلا انحراف,consecutive clean runs,contrôles consécutifs sans écart,view,view,view,translated in all three,1,CrossBuy/Views/Inventory/IntegrityReconciliation.cshtml
contains,يحتوي,contains,contient,view,view,view,translated in all three,1,CrossBuy/Views/Crm/ScoringRules.cshtml
contains items with no posted cost — margin excludes them.,يحوي أصنافًا بلا تكلفة مُرحَّلة — الهامش يستثنيها.,contains items with no posted cost — margin excludes them.,contains items with no posted cost — margin excludes them.,shared,fallback-to-key,fallback-to-key,english falls back to key text,1,CrossBuy/Views/Hyper/HyperSales.cshtml
cost,تكلفة,cost,coût,view,view,view,translated in all three,2,CrossBuy/Views/Inventory/Index.cshtml
d,d,d,d,fallback-to-key,fallback-to-key,fallback-to-key,MISSING arabic — key shown to user,7,CrossBuy/Views/Accounting/Payslip.cshtml
day,يوم,day,jour,view,fallback-to-key,view,english falls back to key text,1,CrossBuy/Views/Calendar/Index.cshtml
day(s),يوم,day(s),jour(s),view,view,view,translated in all three,1,CrossBuy/Views/People/Leaves.cshtml
days,أيام,days,jours,view,view,view,translated in all three,8,CrossBuy/Views/Admin/DocExpiryAlerts.cshtml
days ago,يوم,days ago,jours,view,view,view,translated in all three,2,CrossBuy/Views/Crm/AccountInsights.cshtml
"days each, using your own CRM records. There is no predictive model: nothing here estimates churn, health or a probability, and every finding shows the counts it came from.",يوم لكل منهما، باستخدام سجلات CRM الخاصة بك. لا يوجد نموذج تنبؤي: لا شيء هنا يقدّر التسرّب أو الصحة أو أي احتمال، وكل ملاحظة تعرض الأعداد التي اشتُقّت منها.,"days each, using your own CRM records. There is no predictive model: nothing here estimates churn, health or a probability, and every finding shows the counts it came from.","jours chacune, à partir de vos propres enregistrements CRM. Il n'y a aucun modèle prédictif : rien ici n'estime l'attrition, la santé ou une probabilité, et chaque constat affiche les décomptes dont il provient.",view,view,view,translated in all three,1,CrossBuy/Views/Crm/AccountInsights.cshtml
days since it was created,يوم منذ إنشائها,days since it was created,jours depuis sa création,view,view,view,translated in all three,1,CrossBuy/Views/Crm/OpportunityInsights.cshtml
"days, with no open follow-up",يوم، بدون متابعة مفتوحة,"days, with no open follow-up","jours, sans suivi ouvert",view,view,view,translated in all three,1,CrossBuy/Views/Crm/OpportunityInsights.cshtml
days; last was,يوم؛ آخر نشاط كان منذ,days; last was,jours ; le dernier remonte à,view,view,view,translated in all three,1,CrossBuy/Views/Crm/AccountInsights.cshtml
deals,فرصة,deals,affaires,view,view,view,translated in all three,1,CrossBuy/Views/Crm/Opportunities.cshtml
"deals past their expected close date, worth",صفقة تجاوزت تاريخ الإغلاق المتوقع بقيمة,"deals past their expected close date, worth","affaires ayant dépassé leur date de clôture prévue, pour",view,view,view,translated in all three,1,CrossBuy/Views/Crm/AccountInsights.cshtml
dispatch rows,سجل إرسال,dispatch rows,lignes d'envoi,view,view,view,translated in all three,1,CrossBuy/Views/BusinessEventMonitor/Index.cshtml
documents need renewing,مستندات تحتاج تجديداً,documents need renewing,documents à renouveler,view,view,view,translated in all three,1,CrossBuy/Views/Documents/Workspace.cshtml
draft,مسودة,draft,brouillon,view,view,view,translated in all three,1,CrossBuy/Views/Accounting/Index.cshtml
e.g. 25% or 150 dinars,مثال: 25% أو 150 دينار,e.g. 25% or 150 dinars,ex. 25 % ou 150 dinars,view,view,view,translated in all three,1,CrossBuy/Views/Admin/PolicesData.cshtml
e.g. 30,مثال: 30,e.g. 30,ex. 30,view,view,view,translated in all three,1,CrossBuy/Views/Admin/PolicesData.cshtml
e.g. Ahmed,مثال: أحمد,e.g. Ahmed,ex. Ahmed,view,view,view,translated in all three,1,CrossBuy/Views/Admin/EmployeeData.cshtml
e.g. Al-Rashidi,مثال: الراشدي,e.g. Al-Rashidi,ex. Al-Rashidi,view,view,view,translated in all three,1,CrossBuy/Views/Admin/EmployeeData.cshtml
e.g. Bank,مثال: بنك مصر,e.g. Bank,ex. Banque,view,view,view,translated in all three,1,CrossBuy/Views/People/Requests.cshtml
e.g. GOLD,مثال: GOLD,e.g. GOLD,ex. GOLD,view,view,view,translated in all three,1,CrossBuy/Views/Inventory/PromotionEditor.cshtml
e.g. KNet,مثلاً: كي-نت,e.g. KNet,p. ex. KNet,view,view,view,translated in all three,1,CrossBuy/Views/Pos/PaymentMethods.cshtml
e.g. housing allowance,مثال: بدل سكن,e.g. housing allowance,ex. indemnité de logement,view,view,view,translated in all three,1,CrossBuy/Views/Admin/PolicesData.cshtml
eCommerce,التجارة الإلكترونية,eCommerce,E-commerce,view,view,view,translated in all three,6,CrossBuy/Views/Admin/AdministrativeBodiesCompanyList.cshtml
edited,مُعدّلة,edited,modifié,view,fallback-to-key,view,english falls back to key text,2,CrossBuy/Views/Chat/Index.cshtml
ends with,ينتهي بـ,ends with,se termine par,view,view,view,translated in all three,1,CrossBuy/Views/Admin/PolicesData.cshtml
entities,جهة,entities,entités,view,view,view,translated in all three,1,CrossBuy/Views/Admin/AdministrativeStructure.cshtml
equals,يساوي,equals,égal à,view,view,view,translated in all three,1,CrossBuy/Views/Crm/ScoringRules.cshtml
event done,الحدث مكتمل,event done,événement terminé,view,view,view,translated in all three,1,CrossBuy/Views/BusinessEventMonitor/_Rows.cshtml
expired,منتهية,expired,expired,view,fallback-to-key,fallback-to-key,english falls back to key text,1,CrossBuy/Views/Admin/Index.cshtml
files,ملف,files,fichiers,view,view,view,translated in all three,1,CrossBuy/Views/Reports/Index.cshtml
finalize,إقفال,finalize,finaliser,view,view,view,translated in all three,1,CrossBuy/Views/Inventory/WorkOrderDetails.cshtml
findings,ملاحظة,findings,constats,view,view,view,translated in all three,2,CrossBuy/Views/Crm/AccountInsights.cshtml
flagged items,صنف مُعلَّم,flagged items,articles signalés,view,view,view,translated in all three,1,CrossBuy/Views/Inventory/RiskInsights.cshtml
for revaluation — optional,لإعادة التقييم — اختياري,for revaluation — optional,pour la réévaluation — facultatif,view,view,view,translated in all three,1,CrossBuy/Views/Accounting/BankAccounts.cshtml
func,وظيفية,func,func,view,view,view,translated in all three,1,CrossBuy/Views/Inventory/_PromotionRows.cshtml
grocery deals,grocery deals,grocery deals,grocery deals,fallback-to-key,fallback-to-key,fallback-to-key,MISSING arabic — key shown to user,1,CrossBuy/Views/Home/Store.cshtml
h,h,h,h,fallback-to-key,fallback-to-key,fallback-to-key,MISSING arabic — key shown to user,1,CrossBuy/Views/Shared/_NotificationBell.cshtml
hUnit,س,h,h,view,view,view,translated in all three,1,CrossBuy/Views/Crm/SlaPolicies.cshtml
hrs / day,ساعة / يوم,hrs / day,h / jour,view,view,view,translated in all three,1,CrossBuy/Views/Admin/EmployeeData.cshtml
invariants hold,ثابتاً متوازناً,invariants hold,invariants respectés,view,view,view,translated in all three,1,CrossBuy/Views/Inventory/IntegrityReconciliation.cshtml
is equal to,يساوي,is equal to,est égal à,view,view,view,translated in all three,1,CrossBuy/Views/Admin/PolicesData.cshtml
is greater than,أكبر من,is greater than,est supérieur à,view,view,view,translated in all three,1,CrossBuy/Views/Admin/PolicesData.cshtml
is less than,أصغر من,is less than,est inférieur à,view,view,view,translated in all three,1,CrossBuy/Views/Admin/PolicesData.cshtml
is not equal to,لا يساوي,is not equal to,n'est pas égal à,view,view,view,translated in all three,1,CrossBuy/Views/Admin/PolicesData.cshtml
items,صنف,items,articles,view,view,view,translated in all three,3,CrossBuy/Views/FileManager/Index.cshtml
items for you!,منتج!,items for you!,items for you!,view,fallback-to-key,fallback-to-key,english falls back to key text,1,CrossBuy/Views/Store/Category.cshtml
just now,الآن,just now,à l'instant,view,fallback-to-key,view,english falls back to key text,2,CrossBuy/Views/Shared/_DocEventTimeline.cshtml
kept until,محفوظ حتى,kept until,conservé jusqu'au,view,view,view,translated in all three,1,CrossBuy/Views/Reports/Index.cshtml
leave type,نوع إجازة,leave type,type de congé,view,view,view,translated in all three,1,CrossBuy/Views/Admin/Polices.cshtml
limit,الحد,limit,limite,view,view,view,translated in all three,1,CrossBuy/Views/Reports/Viewer.cshtml
lines,أسطر,lines,lignes,shared,fallback-to-key,shared,english falls back to key text,1,CrossBuy/Views/Inventory/BulkPriceChange.cshtml
list,قائمة,list,liste,view,fallback-to-key,view,english falls back to key text,1,CrossBuy/Views/Calendar/Index.cshtml
local,local,local,local,fallback-to-key,fallback-to-key,fallback-to-key,MISSING arabic — key shown to user,1,CrossBuy/Views/Inventory/Index.cshtml
lower,أقل,lower,de moins,view,view,view,translated in all three,1,CrossBuy/Views/Crm/AccountInsights.cshtml
m,m,m,m,fallback-to-key,fallback-to-key,fallback-to-key,MISSING arabic — key shown to user,4,CrossBuy/Views/People/Attendance.cshtml
mUnit,د,m,m,view,view,view,translated in all three,1,CrossBuy/Views/Crm/SlaPolicies.cshtml
message removed,رسالة محذوفة,message removed,message supprimé,view,fallback-to-key,view,english falls back to key text,1,CrossBuy/Views/Shared/_EntityConversation.cshtml
min,د,min,min,view,view,view,translated in all three,4,CrossBuy/Views/Accounting/Payslip.cshtml
mo,شهر,mo,mois,view,view,view,translated in all three,2,CrossBuy/Views/Accounting/AssetCategories.cshtml
month,شهر,month,mois,view,fallback-to-key,view,english falls back to key text,1,CrossBuy/Views/Calendar/Index.cshtml
name@company.com,name@company.com,name@company.com,name@company.com,view,view,view,translated in all three,1,CrossBuy/Views/Admin/EmployeeData.cshtml
never,لا يوجد,never,jamais,view,view,view,translated in all three,2,CrossBuy/Views/Crm/AccountInsights.cshtml
never fails,لا تفشل,never fails,n'échoue jamais,view,view,view,translated in all three,1,CrossBuy/Views/Inventory/IntegrityReconciliation.cshtml
no contact in the recent window,بدون تواصل في النافذة الأخيرة,no contact in the recent window,aucun contact sur la fenêtre récente,view,view,view,translated in all three,1,CrossBuy/Views/Crm/AccountInsights.cshtml
none,لا شيء,none,aucun,view,view,view,translated in all three,1,CrossBuy/Views/Reports/Index.cshtml
not counted,لم تُعَدّ,not counted,not counted,view,fallback-to-key,fallback-to-key,english falls back to key text,1,CrossBuy/Views/Inventory/NewCount.cshtml
not deducted from employee,لا تُخصم من الموظف,not deducted from employee,non déduite de l'employé,view,view,view,translated in all three,2,CrossBuy/Views/Accounting/Payslip.cshtml
notifications,إشعارات,notifications,notifications,view,fallback-to-key,fallback-to-key,english falls back to key text,1,CrossBuy/Views/Notifications/Index.cshtml
now,now,now,now,fallback-to-key,fallback-to-key,fallback-to-key,MISSING arabic — key shown to user,1,CrossBuy/Views/Shared/_NotificationBell.cshtml
of,من,of,sur,view,view,view,translated in all three,8,CrossBuy/Views/Accounting/CustomerStatement.cshtml
of open pipeline,من إجمالي الفرص المفتوحة,of open pipeline,of open pipeline,shared,fallback-to-key,fallback-to-key,english falls back to key text,1,CrossBuy/Views/Crm/Index.cshtml
ok,سليم,ok,ok,view,view,view,translated in all three,2,CrossBuy/Views/Inventory/Index.cshtml
open,فرصة مفتوحة,open,ouvert,view,view,view,translated in all three,2,CrossBuy/Views/Accounting/PayrollTaxSettings.cshtml
open deals worth,صفقة مفتوحة بقيمة,open deals worth,affaires ouvertes pour,view,view,view,translated in all three,1,CrossBuy/Views/Crm/AccountInsights.cshtml
open opportunities were reviewed and none matched a review rule.,فرصة مفتوحة تمت مراجعتها ولم تطابق أي قاعدة مراجعة.,open opportunities were reviewed and none matched a review rule.,opportunités ouvertes ont été examinées et aucune ne correspond à une règle de revue.,view,view,view,translated in all three,1,CrossBuy/Views/Crm/OpportunityInsights.cshtml
optional — item name,اختياري — يأخذ اسم الصنف,optional — item name,facultatif — nom de l'article,view,view,view,translated in all three,1,CrossBuy/Views/Pos/Modifiers.cshtml
optional — used to cost labor on work orders,اختياري — يُستخدم لتحميل العمالة على أوامر التشغيل,optional — used to cost labor on work orders,facultatif — utilisé pour valoriser la main-d'œuvre sur les ordres de fabrication,view,view,view,translated in all three,1,CrossBuy/Views/Admin/EmployeeData.cshtml
options,صنف,options,options,view,view,view,translated in all three,1,CrossBuy/Views/Pos/Preview.cshtml
or,أو,or,ou,view,view,view,translated in all three,1,CrossBuy/Views/Shared/_LayoutManufacturing.cshtml
over,على,over,sur,view,view,view,translated in all three,1,CrossBuy/Views/Inventory/ItemLedger.cshtml
overdue,overdue,overdue,overdue,fallback-to-key,fallback-to-key,fallback-to-key,MISSING arabic — key shown to user,2,CrossBuy/Views/Crm/TicketEditor.cshtml
overdue ,متأخّرة,overdue,en retard,view,view,view,translated in all three,1,CrossBuy/Views/Accounting/MaintenanceDue.cshtml
page,صفحة,page,page,view,view,view,translated in all three,1,CrossBuy/Views/BusinessEventMonitor/Index.cshtml
pending,بانتظار الاعتماد,pending,en attente,view,view,view,translated in all three,3,CrossBuy/Views/Admin/Index.cshtml
persons,شخص,persons,personnes,view,view,view,translated in all three,1,CrossBuy/Views/PosApp/Terminal.cshtml
pinned,مثبّت,pinned,épinglés,view,view,view,translated in all three,1,CrossBuy/Views/Reports/Index.cshtml
posted,مُرحَّل,posted,comptabilisé,view,view,view,translated in all three,1,CrossBuy/Views/Accounting/Index.cshtml
price,سعر,price,prix,view,view,view,translated in all three,1,CrossBuy/Views/Inventory/PoMatch.cshtml
projects,projects,projects,projects,fallback-to-key,fallback-to-key,fallback-to-key,MISSING arabic — key shown to user,1,CrossBuy/Views/Project/Dashboard.cshtml
qty,كمية,qty,qty,view,fallback-to-key,fallback-to-key,english falls back to key text,2,CrossBuy/Views/Inventory/WorkOrderDetails.cshtml
racks,رف,racks,rayons,view,view,view,translated in all three,1,CrossBuy/Views/Inventory/WarehouseSections.cshtml
runs,تشغيل,runs,exécutions,view,view,view,translated in all three,1,CrossBuy/Views/Reports/Index.cshtml
saved,محفوظ,saved,enregistrées,view,view,view,translated in all three,1,CrossBuy/Views/Reports/Index.cshtml
seats,كرسي,seats,places,view,view,view,translated in all three,2,CrossBuy/Views/Pos/FloorPlan.cshtml
sections,سيكشن,sections,sections,view,view,view,translated in all three,1,CrossBuy/Views/Inventory/WarehouseSections.cshtml
select,اختر,select,sélectionner,view,view,view,translated in all three,1,CrossBuy/Views/Inventory/ItemLocations.cshtml
settings default,افتراضي الإعدادات,settings default,valeur par défaut des paramètres,view,view,view,translated in all three,1,CrossBuy/Views/Inventory/ItemForm.cshtml
shop,المتجر,shop,boutique,view,view,view,translated in all three,1,CrossBuy/Views/Shared/_mainLayout.cshtml
some items have no posted cost,بعض الأصناف بلا تكلفة مُرحَّلة,some items have no posted cost,some items have no posted cost,shared,fallback-to-key,fallback-to-key,english falls back to key text,1,CrossBuy/Views/Hyper/HyperSales.cshtml
starts soon,يبدأ قريبًا,starts soon,commence bientôt,shared,fallback-to-key,shared,english falls back to key text,1,CrossBuy/Views/Shared/_CalendarReminders.cshtml
starts with,يبدأ بـ,starts with,commence par,view,view,view,translated in all three,1,CrossBuy/Views/Admin/PolicesData.cshtml
tables,طاولات,tables,tables,view,fallback-to-key,fallback-to-key,english falls back to key text,1,CrossBuy/Views/Pos/Dashboard.cshtml
terminals,أجهزة,terminals,terminals,view,fallback-to-key,fallback-to-key,english falls back to key text,1,CrossBuy/Views/Pos/Dashboard.cshtml
to,إلى,to,au,view,view,view,translated in all three,2,CrossBuy/Views/Accounting/CashFlow.cshtml
today,اليوم,today,aujourd'hui,view,fallback-to-key,view,english falls back to key text,1,CrossBuy/Views/Calendar/Index.cshtml
"today's rate is unavailable, the indicative column is blank.",سعر اليوم غير متاح، فالعمود الإرشاديّ فارغ.,"today's rate is unavailable, the indicative column is blank.","today's rate is unavailable, the indicative column is blank.",shared,fallback-to-key,fallback-to-key,english falls back to key text,1,CrossBuy/Views/Hyper/HyperItemMargin.cshtml
typing...,يكتب...,typing...,typing...,view,fallback-to-key,fallback-to-key,english falls back to key text,1,CrossBuy/Views/Chat/Index.cshtml
units purchased,وحدة مشتراة,units purchased,unités achetées,view,view,view,translated in all three,1,CrossBuy/Views/Inventory/ItemLedger.cshtml
unread,غير مقروء,unread,unread,view,fallback-to-key,fallback-to-key,english falls back to key text,2,CrossBuy/Views/Notifications/Index.cshtml
vs contract,الفرق عن العقد,vs contract,écart contrat,view,view,view,translated in all three,1,CrossBuy/Views/Project/Boq.cshtml
vs last month,مقارنة بالشهر الماضي,vs last month,par rapport au mois dernier,view,view,view,translated in all three,1,CrossBuy/Views/People/Dashboard.cshtml
vs previous,مقابل السابقة,vs previous,contre précédente,view,view,view,translated in all three,1,CrossBuy/Views/Crm/AccountInsights.cshtml
week,أسبوع,week,semaine,view,fallback-to-key,view,english falls back to key text,1,CrossBuy/Views/Calendar/Index.cshtml
wh,مخزن,wh,ent.,view,view,view,translated in all three,1,CrossBuy/Views/Inventory/Index.cshtml
whole period,الفترة كاملة,whole period,période entière,view,view,view,translated in all three,2,CrossBuy/Views/Accounting/CustomerStatement.cshtml
window.print uses the default printer,يستخدم window.print الطابعة الافتراضية,window.print uses the default printer,window.print utilise l'imprimante par défaut,view,view,view,translated in all three,1,CrossBuy/Views/Pos/Terminals.cshtml
{0} confirmed measurement(s) ready. Start a new billing to invoice this period.,يوجد {0} قياس مؤكَّد جاهز. ابدأ مستخلصًا جديدًا لفوترة هذه الفترة.,{0} confirmed measurement(s) ready. Start a new billing to invoice this period.,{0} mesure(s) confirmée(s) prête(s). Créez un nouveau décompte pour facturer cette période.,view,view,view,translated in all three,1,CrossBuy/Views/Project/Billing.cshtml
{0} results,النتائج: {0},{0} results,{0} résultats,view,view,view,translated in all three,2,CrossBuy/Views/Inventory/Items.cshtml
— (root),— (حساب رئيسي),— (root),— (racine),view,view,view,translated in all three,1,CrossBuy/Views/Accounting/ChartOfAccounts.cshtml
— None —,— بدون (بند عادي) —,— None —,— Aucun —,view,view,view,translated in all three,3,CrossBuy/Views/Accounting/NewPurchaseInvoice.cshtml
— Root —,— رئيسية —,— Root —,— Racine —,view,view,view,translated in all three,1,CrossBuy/Views/Inventory/CategoryForm.cshtml
— branch —,— الفرع —,— branch —,— succursale —,view,view,view,translated in all three,1,CrossBuy/Views/Pos/Setup.cshtml
— engine default —,— افتراضي المحرّك —,— engine default —,— valeur par défaut du moteur —,view,view,view,translated in all three,1,CrossBuy/Views/Pos/Setup.cshtml
— none —,— غير محدد —,— none —,— aucun —,view,view,view,translated in all three,3,CrossBuy/Views/Pos/PaymentMethods.cshtml
— pick account —,— اختر حسابًا —,— pick account —,— choisir un compte —,view,view,view,translated in all three,1,CrossBuy/Views/Pos/PaymentMethods.cshtml
— select —,— اختر —,— select —,— sélectionner —,view,view,view,translated in all three,1,CrossBuy/Views/Pos/Setup.cshtml
≥,≥ أكبر من أو يساوي,≥,≥,view,view,view,translated in all three,1,CrossBuy/Views/Crm/ScoringRules.cshtml
