screen_id,language,filename,route,final_url,role,state,http_status,page_title,heading,html_lang,direction,inputs,buttons,table_rows,modals,reauthenticated,dev_overlay_visible,capture_date,viewport,privacy_treatment,verification_level,intended_manual_section,workflows,capture_error
SCR-ACCOUNT-AccessDenied,ar,account-accessdenied.ar.png,/Account/AccessDenied,/Account/AccessDenied,development administrator (single session),http-403,403,نظام المخازن - CrossBuy,لا تملك صلاحية الوصول,ar,rtl,19,12,0,1,no,no,2026-09-20,1440x900,"development data; no e-mail, phone, IBAN or 14-digit id detected. The signed-in user name and avatar are visible in the header.",runtime viewed (screen renders); no action performed,Part 1 — Getting started,,
SCR-ACCOUNT-AccessDenied,en,account-accessdenied.en.png,/Account/AccessDenied,/Account/AccessDenied,development administrator (single session),http-403,403,Inventory System - CrossBuy,Access denied,en,ltr,19,12,0,1,no,no,2026-09-20,1440x900,"development data; no e-mail, phone, IBAN or 14-digit id detected. The signed-in user name and avatar are visible in the header.",runtime viewed (screen renders); no action performed,Part 1 — Getting started,,
SCR-ACCOUNT-Login,ar,,/Account/Login,/Account/Login,development administrator (single session),refused-redirected-to-signin,200,تسجيل الدخول — CrossBuy,منصّة واحدة. إمكانات بلا حدود.,ar,rtl,3,5,0,0,no,no,2026-09-20,1440x900,not captured,not verified — capture failed,Part 1 — Getting started,WF-ACCESS-01,
SCR-ACCOUNT-Login,en,,/Account/Login,/Account/Login,development administrator (single session),refused-redirected-to-signin,200,Sign in — CrossBuy,One Platform. Endless Possibilities.,en,ltr,3,5,0,0,no,no,2026-09-20,1440x900,not captured,not verified — capture failed,Part 1 — Getting started,WF-ACCESS-01,
SCR-ACCOUNT-Profile,ar,account-profile.ar.png,/Account/Profile,/Account/Profile,development administrator (single session),rendered-empty-state,200,لوحة تحكم CrossBuy,الملف الشخصي,ar,rtl,21,15,0,2,no,no,2026-09-20,1440x900,"development data; automatic scan flagged: email:1,phone-like:1 — REVIEW BEFORE PUBLICATION",runtime viewed (screen renders); no action performed,Part 1 — Getting started,WF-ACCESS-01,
SCR-ACCOUNT-Profile,en,account-profile.en.png,/Account/Profile,/Account/Profile,development administrator (single session),rendered-with-data,200,CrossBuy Admin,My Profile,en,ltr,21,15,0,2,no,no,2026-09-20,1440x900,"development data; automatic scan flagged: email:1,phone-like:1 — REVIEW BEFORE PUBLICATION",runtime viewed (screen renders); no action performed,Part 1 — Getting started,WF-ACCESS-01,
SCR-ACCOUNT-Settings,ar,account-settings.ar.png,/Account/Settings,/Account/Settings,development administrator (single session),rendered-empty-state,200,لوحة تحكم CrossBuy,إعدادات الحساب,ar,rtl,24,15,0,2,no,no,2026-09-20,1440x900,development data; automatic scan flagged: email:1 — REVIEW BEFORE PUBLICATION,runtime viewed (screen renders); no action performed,Part 1 — Getting started,,
SCR-ACCOUNT-Settings,en,account-settings.en.png,/Account/Settings,/Account/Settings,development administrator (single session),rendered-with-data,200,CrossBuy Admin,Account settings,en,ltr,24,15,0,2,no,no,2026-09-20,1440x900,development data; automatic scan flagged: email:1 — REVIEW BEFORE PUBLICATION,runtime viewed (screen renders); no action performed,Part 1 — Getting started,,
SCR-ACCOUNT-Statements,ar,account-statements.ar.png,/Account/Statements,/Account/Statements,development administrator (single session),rendered-with-data,200,لوحة تحكم CrossBuy,كشوف حسابي,ar,rtl,21,16,2,2,no,no,2026-09-20,1440x900,"development data; no e-mail, phone, IBAN or 14-digit id detected. The signed-in user name and avatar are visible in the header.",runtime viewed (screen renders); no action performed,Part 1 — Getting started,,
SCR-ACCOUNT-Statements,en,account-statements.en.png,/Account/Statements,/Account/Statements,development administrator (single session),rendered-with-data,200,CrossBuy Admin,My Statements,en,ltr,21,16,2,2,no,no,2026-09-20,1440x900,"development data; no e-mail, phone, IBAN or 14-digit id detected. The signed-in user name and avatar are visible in the header.",runtime viewed (screen renders); no action performed,Part 1 — Getting started,,
SCR-ACCOUNT-Subscription,ar,account-subscription.ar.png,/Account/Subscription,/Account/Subscription,development administrator (single session),rendered-with-data,200,لوحة تحكم CrossBuy,اشتراكي,ar,rtl,21,14,0,2,no,no,2026-09-20,1440x900,"development data; no e-mail, phone, IBAN or 14-digit id detected. The signed-in user name and avatar are visible in the header.",runtime viewed (screen renders); no action performed,Part 1 — Getting started,,
SCR-ACCOUNT-Subscription,en,account-subscription.en.png,/Account/Subscription,/Account/Subscription,development administrator (single session),rendered-with-data,200,CrossBuy Admin,My Subscription,en,ltr,21,14,0,2,no,no,2026-09-20,1440x900,"development data; no e-mail, phone, IBAN or 14-digit id detected. The signed-in user name and avatar are visible in the header.",runtime viewed (screen renders); no action performed,Part 1 — Getting started,,
SCR-ACCOUNTING-AccountingRoles,ar,accounting-accountingroles.ar.png,/Accounting/AccountingRoles,/Accounting/AccountingRoles,development administrator (single session),rendered-with-data,200,النظام المحاسبي - CrossBuy,أدوار وصلاحيات المحاسبة,ar,rtl,83,52,1,5,no,no,2026-09-20,1440x900,"development data; no e-mail, phone, IBAN or 14-digit id detected. The signed-in user name and avatar are visible in the header.",runtime viewed (screen renders); no action performed,Part 5 — Accounting,WF-SETUP-02,
SCR-ACCOUNTING-AccountingRoles,en,accounting-accountingroles.en.png,/Accounting/AccountingRoles,/Accounting/AccountingRoles,development administrator (single session),rendered-with-data,200,Accounting System - CrossBuy,Accounting roles,en,ltr,83,52,1,5,no,no,2026-09-20,1440x900,"development data; no e-mail, phone, IBAN or 14-digit id detected. The signed-in user name and avatar are visible in the header.",runtime viewed (screen renders); no action performed,Part 5 — Accounting,WF-SETUP-02,
SCR-ACCOUNTING-AiInsights,ar,accounting-aiinsights.ar.png,/Accounting/AiInsights,/Accounting/AiInsights,development administrator (single session),rendered-with-data,200,النظام المحاسبي - CrossBuy,رؤى ذكية,ar,rtl,80,49,0,5,no,no,2026-09-20,1440x900,"development data; no e-mail, phone, IBAN or 14-digit id detected. The signed-in user name and avatar are visible in the header.",runtime viewed (screen renders); no action performed,Part 5 — Accounting,WF-AI-01,
SCR-ACCOUNTING-AiInsights,en,accounting-aiinsights.en.png,/Accounting/AiInsights,/Accounting/AiInsights,development administrator (single session),rendered-with-data,200,Accounting System - CrossBuy,AI Insights,en,ltr,80,49,0,5,no,no,2026-09-20,1440x900,"development data; no e-mail, phone, IBAN or 14-digit id detected. The signed-in user name and avatar are visible in the header.",runtime viewed (screen renders); no action performed,Part 5 — Accounting,WF-AI-01,
SCR-ACCOUNTING-ApAging,ar,accounting-apaging.ar.png,/Accounting/ApAging,/Accounting/ApAging,development administrator (single session),rendered-with-data,200,النظام المحاسبي - CrossBuy,أعمار ديون الموردين,ar,rtl,81,49,3,5,no,no,2026-09-20,1440x900,"development data; no e-mail, phone, IBAN or 14-digit id detected. The signed-in user name and avatar are visible in the header.",runtime viewed (screen renders); no action performed,Part 5 — Accounting,,
SCR-ACCOUNTING-ApAging,en,accounting-apaging.en.png,/Accounting/ApAging,/Accounting/ApAging,development administrator (single session),rendered-with-data,200,Accounting System - CrossBuy,AP Aging,en,ltr,81,49,3,5,no,no,2026-09-20,1440x900,development data; automatic scan flagged: phone-like:1 — REVIEW BEFORE PUBLICATION,runtime viewed (screen renders); no action performed,Part 5 — Accounting,,
SCR-ACCOUNTING-ArAging,ar,accounting-araging.ar.png,/Accounting/ArAging,/Accounting/ArAging,development administrator (single session),rendered-with-data,200,النظام المحاسبي - CrossBuy,أعمار ديون العملاء,ar,rtl,81,49,41,5,no,no,2026-09-20,1440x900,"development data; no e-mail, phone, IBAN or 14-digit id detected. The signed-in user name and avatar are visible in the header.",runtime viewed (screen renders); no action performed,Part 5 — Accounting,,
SCR-ACCOUNTING-ArAging,en,accounting-araging.en.png,/Accounting/ArAging,/Accounting/ArAging,development administrator (single session),rendered-with-data,200,Accounting System - CrossBuy,AR Aging,en,ltr,81,49,41,5,no,no,2026-09-20,1440x900,development data; automatic scan flagged: phone-like:1 — REVIEW BEFORE PUBLICATION,runtime viewed (screen renders); no action performed,Part 5 — Accounting,,
SCR-ACCOUNTING-AssetCategories,ar,accounting-assetcategories.ar.png,/Accounting/AssetCategories,/Accounting/AssetCategories,development administrator (single session),rendered-with-data,200,النظام المحاسبي - CrossBuy,فئات الأصول,ar,rtl,87,52,2,6,no,no,2026-09-20,1440x900,"development data; no e-mail, phone, IBAN or 14-digit id detected. The signed-in user name and avatar are visible in the header.",runtime viewed (screen renders); no action performed,Part 5 — Accounting,,
SCR-ACCOUNTING-AssetCategories,en,accounting-assetcategories.en.png,/Accounting/AssetCategories,/Accounting/AssetCategories,development administrator (single session),rendered-with-data,200,Accounting System - CrossBuy,Asset Categories,en,ltr,87,52,2,6,no,no,2026-09-20,1440x900,"development data; no e-mail, phone, IBAN or 14-digit id detected. The signed-in user name and avatar are visible in the header.",runtime viewed (screen renders); no action performed,Part 5 — Accounting,,
SCR-ACCOUNTING-BalanceSheet,ar,accounting-balancesheet.ar.png,/Accounting/BalanceSheet,/Accounting/BalanceSheet,development administrator (single session),rendered-with-data,200,النظام المحاسبي - CrossBuy,قائمة المركز المالي,ar,rtl,83,51,27,5,no,no,2026-09-20,1440x900,development data; automatic scan flagged: phone-like:4 — REVIEW BEFORE PUBLICATION,runtime viewed (screen renders); no action performed,Part 5 — Accounting,WF-ACC-02,
SCR-ACCOUNTING-BalanceSheet,en,accounting-balancesheet.en.png,/Accounting/BalanceSheet,/Accounting/BalanceSheet,development administrator (single session),rendered-with-data,200,Accounting System - CrossBuy,Balance Sheet,en,ltr,83,51,27,5,no,no,2026-09-20,1440x900,development data; automatic scan flagged: phone-like:4 — REVIEW BEFORE PUBLICATION,runtime viewed (screen renders); no action performed,Part 5 — Accounting,WF-ACC-02,
SCR-ACCOUNTING-BankAccounts,ar,accounting-bankaccounts.ar.png,/Accounting/BankAccounts,/Accounting/BankAccounts,development administrator (single session),rendered-with-data,200,النظام المحاسبي - CrossBuy,الحسابات البنكية,ar,rtl,89,52,1,6,no,no,2026-09-20,1440x900,development data; automatic scan flagged: phone-like:2 — REVIEW BEFORE PUBLICATION,runtime viewed (screen renders); no action performed,Part 5 — Accounting,,
SCR-ACCOUNTING-BankAccounts,en,accounting-bankaccounts.en.png,/Accounting/BankAccounts,/Accounting/BankAccounts,development administrator (single session),rendered-with-data,200,Accounting System - CrossBuy,Bank Accounts,en,ltr,89,52,1,6,no,no,2026-09-20,1440x900,development data; automatic scan flagged: phone-like:2 — REVIEW BEFORE PUBLICATION,runtime viewed (screen renders); no action performed,Part 5 — Accounting,,
SCR-ACCOUNTING-CashBoxes,ar,accounting-cashboxes.ar.png,/Accounting/CashBoxes,/Accounting/CashBoxes,development administrator (single session),rendered-with-data,200,النظام المحاسبي - CrossBuy,الخزائن النقدية,ar,rtl,84,52,1,6,no,no,2026-09-20,1440x900,"development data; no e-mail, phone, IBAN or 14-digit id detected. The signed-in user name and avatar are visible in the header.",runtime viewed (screen renders); no action performed,Part 5 — Accounting,,
SCR-ACCOUNTING-CashBoxes,en,accounting-cashboxes.en.png,/Accounting/CashBoxes,/Accounting/CashBoxes,development administrator (single session),rendered-with-data,200,Accounting System - CrossBuy,Cash Boxes,en,ltr,84,52,1,6,no,no,2026-09-20,1440x900,"development data; no e-mail, phone, IBAN or 14-digit id detected. The signed-in user name and avatar are visible in the header.",runtime viewed (screen renders); no action performed,Part 5 — Accounting,,
SCR-ACCOUNTING-CashFlow,ar,accounting-cashflow.ar.png,/Accounting/CashFlow,/Accounting/CashFlow,development administrator (single session),rendered-with-data,200,النظام المحاسبي - CrossBuy,قائمة التدفقات النقدية,ar,rtl,86,51,6,5,no,no,2026-09-20,1440x900,"development data; no e-mail, phone, IBAN or 14-digit id detected. The signed-in user name and avatar are visible in the header.",runtime viewed (screen renders); no action performed,Part 5 — Accounting,WF-ACC-02,
SCR-ACCOUNTING-CashFlow,en,accounting-cashflow.en.png,/Accounting/CashFlow,/Accounting/CashFlow,development administrator (single session),rendered-with-data,200,Accounting System - CrossBuy,Cash Flow Statement,en,ltr,86,51,6,5,no,no,2026-09-20,1440x900,"development data; no e-mail, phone, IBAN or 14-digit id detected. The signed-in user name and avatar are visible in the header.",runtime viewed (screen renders); no action performed,Part 5 — Accounting,WF-ACC-02,
SCR-ACCOUNTING-ChartOfAccounts,ar,accounting-chartofaccounts.ar.png,/Accounting/ChartOfAccounts,/Accounting/ChartOfAccounts,development administrator (single session),rendered-with-data,200,النظام المحاسبي - CrossBuy,شجرة الحسابات,ar,rtl,96,71,0,7,no,no,2026-09-20,1440x900,"development data; no e-mail, phone, IBAN or 14-digit id detected. The signed-in user name and avatar are visible in the header.",runtime viewed (screen renders); no action performed,Part 5 — Accounting,WF-ACC-01,
SCR-ACCOUNTING-ChartOfAccounts,en,accounting-chartofaccounts.en.png,/Accounting/ChartOfAccounts,/Accounting/ChartOfAccounts,development administrator (single session),rendered-with-data,200,Accounting System - CrossBuy,Chart of Accounts,en,ltr,96,71,0,7,no,no,2026-09-20,1440x900,"development data; no e-mail, phone, IBAN or 14-digit id detected. The signed-in user name and avatar are visible in the header.",runtime viewed (screen renders); no action performed,Part 5 — Accounting,WF-ACC-01,
SCR-ACCOUNTING-CostCenters,ar,accounting-costcenters.ar.png,/Accounting/CostCenters,/Accounting/CostCenters,development administrator (single session),rendered-with-data,200,النظام المحاسبي - CrossBuy,مراكز التكلفة,ar,rtl,81,51,2,5,no,no,2026-09-20,1440x900,"development data; no e-mail, phone, IBAN or 14-digit id detected. The signed-in user name and avatar are visible in the header.",runtime viewed (screen renders); no action performed,Part 5 — Accounting,WF-ACC-01,
SCR-ACCOUNTING-CostCenters,en,accounting-costcenters.en.png,/Accounting/CostCenters,/Accounting/CostCenters,development administrator (single session),rendered-with-data,200,Accounting System - CrossBuy,Cost Centers,en,ltr,81,51,2,5,no,no,2026-09-20,1440x900,"development data; no e-mail, phone, IBAN or 14-digit id detected. The signed-in user name and avatar are visible in the header.",runtime viewed (screen renders); no action performed,Part 5 — Accounting,WF-ACC-01,
SCR-ACCOUNTING-CreateJournal,ar,accounting-createjournal.ar.png,/Accounting/CreateJournal,/Accounting/CreateJournal,development administrator (single session),rendered-with-data,200,النظام المحاسبي - CrossBuy,قيد يومية جديد,ar,rtl,99,60,2,5,no,no,2026-09-20,1440x900,development data; automatic scan flagged: phone-like:1 — REVIEW BEFORE PUBLICATION,runtime viewed (screen renders); no action performed,Part 5 — Accounting,,
SCR-ACCOUNTING-CreateJournal,en,accounting-createjournal.en.png,/Accounting/CreateJournal,/Accounting/CreateJournal,development administrator (single session),rendered-with-data,200,Accounting System - CrossBuy,New Journal Entry,en,ltr,99,60,2,5,no,no,2026-09-20,1440x900,development data; automatic scan flagged: phone-like:3 — REVIEW BEFORE PUBLICATION,runtime viewed (screen renders); no action performed,Part 5 — Accounting,,
SCR-ACCOUNTING-CustomerAnalytics,ar,accounting-customeranalytics.ar.png,/Accounting/CustomerAnalytics,/Accounting/CustomerAnalytics,development administrator (single session),rendered-with-data,200,النظام المحاسبي - CrossBuy,تحليلات العملاء,ar,rtl,81,51,43,5,no,no,2026-09-20,1440x900,development data; automatic scan flagged: phone-like:10 — REVIEW BEFORE PUBLICATION,runtime viewed (screen renders); no action performed,Part 5 — Accounting,,
SCR-ACCOUNTING-CustomerAnalytics,en,accounting-customeranalytics.en.png,/Accounting/CustomerAnalytics,/Accounting/CustomerAnalytics,development administrator (single session),rendered-with-data,200,Accounting System - CrossBuy,Customer analytics,en,ltr,81,51,43,5,no,no,2026-09-20,1440x900,development data; automatic scan flagged: phone-like:10 — REVIEW BEFORE PUBLICATION,runtime viewed (screen renders); no action performed,Part 5 — Accounting,,
SCR-ACCOUNTING-CustomerStatement,ar,accounting-customerstatement.ar.png,/Accounting/CustomerStatement,/Accounting/CustomerStatement,development administrator (single session),rendered-with-data,200,النظام المحاسبي - CrossBuy,كشف حساب,ar,rtl,87,51,0,5,no,no,2026-09-20,1440x900,"development data; no e-mail, phone, IBAN or 14-digit id detected. The signed-in user name and avatar are visible in the header.",runtime viewed (screen renders); no action performed,Part 5 — Accounting,,
SCR-ACCOUNTING-CustomerStatement,en,accounting-customerstatement.en.png,/Accounting/CustomerStatement,/Accounting/CustomerStatement,development administrator (single session),rendered-with-data,200,Accounting System - CrossBuy,Account statement,en,ltr,87,51,0,5,no,no,2026-09-20,1440x900,"development data; no e-mail, phone, IBAN or 14-digit id detected. The signed-in user name and avatar are visible in the header.",runtime viewed (screen renders); no action performed,Part 5 — Accounting,,
SCR-ACCOUNTING-Customers,ar,accounting-customers.ar.png,/Accounting/Customers,/Accounting/Customers,development administrator (single session),rendered-empty-state,200,النظام المحاسبي - CrossBuy,العملاء,ar,rtl,95,54,0,6,no,no,2026-09-20,1440x900,development data; automatic scan flagged: phone-like:1 — REVIEW BEFORE PUBLICATION,runtime viewed (screen renders); no action performed,Part 5 — Accounting,,
SCR-ACCOUNTING-Customers,en,accounting-customers.en.png,/Accounting/Customers,/Accounting/Customers,development administrator (single session),rendered-with-data,200,Accounting System - CrossBuy,Customers,en,ltr,95,104,25,6,no,no,2026-09-20,1440x900,development data; automatic scan flagged: phone-like:7 — REVIEW BEFORE PUBLICATION,runtime viewed (screen renders); no action performed,Part 5 — Accounting,,
SCR-ACCOUNTING-DepreciationRunDetail,ar,accounting-depreciationrundetail.ar.png,/Accounting/DepreciationRunDetail,/Accounting/DepreciationRuns,development administrator (single session),rendered-with-data,200,النظام المحاسبي - CrossBuy,الإهلاك الشهري,ar,rtl,84,56,4,6,no,no,2026-09-20,1440x900,"development data; no e-mail, phone, IBAN or 14-digit id detected. The signed-in user name and avatar are visible in the header.",runtime viewed (screen renders); no action performed,Part 5 — Accounting,,
SCR-ACCOUNTING-DepreciationRunDetail,en,accounting-depreciationrundetail.en.png,/Accounting/DepreciationRunDetail,/Accounting/DepreciationRuns,development administrator (single session),rendered-with-data,200,Accounting System - CrossBuy,Monthly Depreciation,en,ltr,84,56,4,6,no,no,2026-09-20,1440x900,"development data; no e-mail, phone, IBAN or 14-digit id detected. The signed-in user name and avatar are visible in the header.",runtime viewed (screen renders); no action performed,Part 5 — Accounting,,
SCR-ACCOUNTING-DepreciationRuns,ar,accounting-depreciationruns.ar.png,/Accounting/DepreciationRuns,/Accounting/DepreciationRuns,development administrator (single session),rendered-with-data,200,النظام المحاسبي - CrossBuy,الإهلاك الشهري,ar,rtl,84,56,4,6,no,no,2026-09-20,1440x900,"development data; no e-mail, phone, IBAN or 14-digit id detected. The signed-in user name and avatar are visible in the header.",runtime viewed (screen renders); no action performed,Part 5 — Accounting,WF-ACC-02,
SCR-ACCOUNTING-DepreciationRuns,en,accounting-depreciationruns.en.png,/Accounting/DepreciationRuns,/Accounting/DepreciationRuns,development administrator (single session),rendered-with-data,200,Accounting System - CrossBuy,Monthly Depreciation,en,ltr,84,56,4,6,no,no,2026-09-20,1440x900,"development data; no e-mail, phone, IBAN or 14-digit id detected. The signed-in user name and avatar are visible in the header.",runtime viewed (screen renders); no action performed,Part 5 — Accounting,WF-ACC-02,
SCR-ACCOUNTING-EtaStatus,ar,accounting-etastatus.ar.png,/Accounting/EtaStatus,/Accounting/EtaStatus,development administrator (single session),rendered-with-data,200,النظام المحاسبي - CrossBuy,الفاتورة الإلكترونية (ETA),ar,rtl,81,49,50,5,no,no,2026-09-20,1440x900,development data; automatic scan flagged: phone-like:10 — REVIEW BEFORE PUBLICATION,runtime viewed (screen renders); no action performed,Part 5 — Accounting,,
SCR-ACCOUNTING-EtaStatus,en,accounting-etastatus.en.png,/Accounting/EtaStatus,/Accounting/EtaStatus,development administrator (single session),rendered-with-data,200,Accounting System - CrossBuy,E-Invoice (ETA),en,ltr,81,49,50,5,no,no,2026-09-20,1440x900,development data; automatic scan flagged: phone-like:10 — REVIEW BEFORE PUBLICATION,runtime viewed (screen renders); no action performed,Part 5 — Accounting,,
SCR-ACCOUNTING-Executive,ar,accounting-executive.ar.png,/Accounting/Executive,/Accounting/Executive,development administrator (single session),rendered-with-data,200,النظام المحاسبي - CrossBuy,اللوحة التنفيذية,ar,rtl,80,57,5,5,no,no,2026-09-20,1440x900,development data; automatic scan flagged: phone-like:1 — REVIEW BEFORE PUBLICATION,runtime viewed (screen renders); no action performed,Part 5 — Accounting,,
SCR-ACCOUNTING-Executive,en,accounting-executive.en.png,/Accounting/Executive,/Accounting/Executive,development administrator (single session),rendered-with-data,200,Accounting System - CrossBuy,Executive Dashboard,en,ltr,80,57,5,5,no,no,2026-09-20,1440x900,development data; automatic scan flagged: phone-like:1 — REVIEW BEFORE PUBLICATION,runtime viewed (screen renders); no action performed,Part 5 — Accounting,,
SCR-ACCOUNTING-FixedAssetDetail,ar,accounting-fixedassetdetail.ar.png,/Accounting/FixedAssetDetail,/Accounting/FixedAssets,development administrator (single session),rendered-with-data,200,النظام المحاسبي - CrossBuy,الأصول الثابتة,ar,rtl,93,59,7,6,no,no,2026-09-20,1440x900,"development data; no e-mail, phone, IBAN or 14-digit id detected. The signed-in user name and avatar are visible in the header.",runtime viewed (screen renders); no action performed,Part 5 — Accounting,,
SCR-ACCOUNTING-FixedAssetDetail,en,accounting-fixedassetdetail.en.png,/Accounting/FixedAssetDetail,/Accounting/FixedAssets,development administrator (single session),rendered-with-data,200,Accounting System - CrossBuy,Fixed Assets,en,ltr,93,59,7,6,no,no,2026-09-20,1440x900,"development data; no e-mail, phone, IBAN or 14-digit id detected. The signed-in user name and avatar are visible in the header.",runtime viewed (screen renders); no action performed,Part 5 — Accounting,,
SCR-ACCOUNTING-FixedAssets,ar,accounting-fixedassets.ar.png,/Accounting/FixedAssets,/Accounting/FixedAssets,development administrator (single session),rendered-with-data,200,النظام المحاسبي - CrossBuy,الأصول الثابتة,ar,rtl,93,59,7,6,no,no,2026-09-20,1440x900,"development data; no e-mail, phone, IBAN or 14-digit id detected. The signed-in user name and avatar are visible in the header.",runtime viewed (screen renders); no action performed,Part 5 — Accounting,,
SCR-ACCOUNTING-FixedAssets,en,accounting-fixedassets.en.png,/Accounting/FixedAssets,/Accounting/FixedAssets,development administrator (single session),rendered-with-data,200,Accounting System - CrossBuy,Fixed Assets,en,ltr,93,59,7,6,no,no,2026-09-20,1440x900,"development data; no e-mail, phone, IBAN or 14-digit id detected. The signed-in user name and avatar are visible in the header.",runtime viewed (screen renders); no action performed,Part 5 — Accounting,,
SCR-ACCOUNTING-IncomeStatement,ar,accounting-incomestatement.ar.png,/Accounting/IncomeStatement,/Accounting/IncomeStatement,development administrator (single session),rendered-with-data,200,النظام المحاسبي - CrossBuy,قائمة الدخل,ar,rtl,86,51,17,5,no,no,2026-09-20,1440x900,development data; automatic scan flagged: phone-like:7 — REVIEW BEFORE PUBLICATION,runtime viewed (screen renders); no action performed,Part 5 — Accounting,WF-ACC-02,
SCR-ACCOUNTING-IncomeStatement,en,accounting-incomestatement.en.png,/Accounting/IncomeStatement,/Accounting/IncomeStatement,development administrator (single session),rendered-with-data,200,Accounting System - CrossBuy,Income Statement,en,ltr,86,51,17,5,no,no,2026-09-20,1440x900,development data; automatic scan flagged: phone-like:7 — REVIEW BEFORE PUBLICATION,runtime viewed (screen renders); no action performed,Part 5 — Accounting,WF-ACC-02,
SCR-ACCOUNTING-Index,ar,accounting-index.ar.png,/Accounting/Index,/Accounting/Index,development administrator (single session),rendered-with-data,200,النظام المحاسبي - CrossBuy,النظام المحاسبي,ar,rtl,80,56,8,5,no,no,2026-09-20,1440x900,development data; automatic scan flagged: phone-like:16 — REVIEW BEFORE PUBLICATION,runtime viewed (screen renders); no action performed,Part 5 — Accounting,,
SCR-ACCOUNTING-Index,en,accounting-index.en.png,/Accounting/Index,/Accounting/Index,development administrator (single session),rendered-with-data,200,Accounting System - CrossBuy,Accounting,en,ltr,80,56,8,5,no,no,2026-09-20,1440x900,development data; automatic scan flagged: phone-like:16 — REVIEW BEFORE PUBLICATION,runtime viewed (screen renders); no action performed,Part 5 — Accounting,,
SCR-ACCOUNTING-JournalEntry,ar,accounting-journalentry.ar.png,/Accounting/JournalEntry,/Accounting/Journals,development administrator (single session),rendered-with-data,200,النظام المحاسبي - CrossBuy,القيود اليومية,ar,rtl,83,103,25,5,no,no,2026-09-20,1440x900,development data; automatic scan flagged: phone-like:52 — REVIEW BEFORE PUBLICATION,runtime viewed (screen renders); no action performed,Part 5 — Accounting,,
SCR-ACCOUNTING-JournalEntry,en,accounting-journalentry.en.png,/Accounting/JournalEntry,/Accounting/Journals,development administrator (single session),rendered-with-data,200,Accounting System - CrossBuy,Journal Entries,en,ltr,83,103,25,5,no,no,2026-09-20,1440x900,development data; automatic scan flagged: phone-like:52 — REVIEW BEFORE PUBLICATION,runtime viewed (screen renders); no action performed,Part 5 — Accounting,,
SCR-ACCOUNTING-Journals,ar,accounting-journals.ar.png,/Accounting/Journals,/Accounting/Journals,development administrator (single session),rendered-with-data,200,النظام المحاسبي - CrossBuy,القيود اليومية,ar,rtl,83,103,25,5,no,no,2026-09-20,1440x900,development data; automatic scan flagged: phone-like:52 — REVIEW BEFORE PUBLICATION,runtime viewed (screen renders); no action performed,Part 5 — Accounting,,
SCR-ACCOUNTING-Journals,en,accounting-journals.en.png,/Accounting/Journals,/Accounting/Journals,development administrator (single session),rendered-with-data,200,Accounting System - CrossBuy,Journal Entries,en,ltr,83,103,25,5,no,no,2026-09-20,1440x900,development data; automatic scan flagged: phone-like:52 — REVIEW BEFORE PUBLICATION,runtime viewed (screen renders); no action performed,Part 5 — Accounting,,
SCR-ACCOUNTING-Ledger,ar,accounting-ledger.ar.png,/Accounting/Ledger,/Accounting/TrialBalance,development administrator (single session),rendered-with-data,200,النظام المحاسبي - CrossBuy,ميزان المراجعة,ar,rtl,88,51,36,5,no,no,2026-09-20,1440x900,development data; automatic scan flagged: phone-like:3 — REVIEW BEFORE PUBLICATION,runtime viewed (screen renders); no action performed,Part 5 — Accounting,,
SCR-ACCOUNTING-Ledger,en,accounting-ledger.en.png,/Accounting/Ledger,/Accounting/TrialBalance,development administrator (single session),rendered-with-data,200,Accounting System - CrossBuy,Trial Balance,en,ltr,88,51,36,5,no,no,2026-09-20,1440x900,development data; automatic scan flagged: phone-like:3 — REVIEW BEFORE PUBLICATION,runtime viewed (screen renders); no action performed,Part 5 — Accounting,,
SCR-ACCOUNTING-MaintenanceDue,ar,accounting-maintenancedue.ar.png,/Accounting/MaintenanceDue,/Accounting/MaintenanceDue,development administrator (single session),rendered-with-data,200,النظام المحاسبي - CrossBuy,صيانة مستحقّة,ar,rtl,81,55,5,5,no,no,2026-09-20,1440x900,development data; automatic scan flagged: phone-like:5 — REVIEW BEFORE PUBLICATION,runtime viewed (screen renders); no action performed,Part 5 — Accounting,,
SCR-ACCOUNTING-MaintenanceDue,en,accounting-maintenancedue.en.png,/Accounting/MaintenanceDue,/Accounting/MaintenanceDue,development administrator (single session),rendered-with-data,200,Accounting System - CrossBuy,Maintenance due,en,ltr,81,55,5,5,no,no,2026-09-20,1440x900,development data; automatic scan flagged: phone-like:5 — REVIEW BEFORE PUBLICATION,runtime viewed (screen renders); no action performed,Part 5 — Accounting,,
SCR-ACCOUNTING-MatchReceipts,ar,accounting-matchreceipts.ar.png,/Accounting/MatchReceipts,/Accounting/MatchReceipts,development administrator (single session),rendered-with-data,200,النظام المحاسبي - CrossBuy,مطابقة فاتورة المورّد مع إذن الاستلام,ar,rtl,81,51,0,5,no,no,2026-09-20,1440x900,"development data; no e-mail, phone, IBAN or 14-digit id detected. The signed-in user name and avatar are visible in the header.",runtime viewed (screen renders); no action performed,Part 5 — Accounting,,
SCR-ACCOUNTING-MatchReceipts,en,accounting-matchreceipts.en.png,/Accounting/MatchReceipts,/Accounting/MatchReceipts,development administrator (single session),rendered-with-data,200,Accounting System - CrossBuy,Match vendor invoice to goods receipt,en,ltr,81,51,0,5,no,no,2026-09-20,1440x900,"development data; no e-mail, phone, IBAN or 14-digit id detected. The signed-in user name and avatar are visible in the header.",runtime viewed (screen renders); no action performed,Part 5 — Accounting,,
SCR-ACCOUNTING-MovementSummary,ar,,/Accounting/MovementSummary,,development administrator (single session),error,,,,ar,,,,,,no,no,2026-09-20,1440x900,not captured,not verified — capture failed,Part 5 — Accounting,,"Error: page.goto: net::ERR_HTTP_RESPONSE_CODE_FAILURE at https://localhost:44368/Accounting/MovementSummary
Call log:
[2m  - navigating to ""https://localhost:4"
SCR-ACCOUNTING-MovementSummary,en,,/Accounting/MovementSummary,,development administrator (single session),error,,,,en,,,,,,no,no,2026-09-20,1440x900,not captured,not verified — capture failed,Part 5 — Accounting,,"Error: page.goto: net::ERR_HTTP_RESPONSE_CODE_FAILURE at https://localhost:44368/Accounting/MovementSummary
Call log:
[2m  - navigating to ""https://localhost:4"
SCR-ACCOUNTING-NewPurchaseInvoice,ar,accounting-newpurchaseinvoice.ar.png,/Accounting/NewPurchaseInvoice,/Accounting/NewPurchaseInvoice,development administrator (single session),rendered-with-data (after re-authentication),200,النظام المحاسبي - CrossBuy,فاتورة شراء جديدة,ar,rtl,101,60,1,9,yes,no,2026-09-20,1440x900,development data; automatic scan flagged: phone-like:1 — REVIEW BEFORE PUBLICATION,runtime viewed (screen renders); no action performed,Part 5 — Accounting,WF-P2P-01,
SCR-ACCOUNTING-NewPurchaseInvoice,en,accounting-newpurchaseinvoice.en.png,/Accounting/NewPurchaseInvoice,/Accounting/NewPurchaseInvoice,development administrator (single session),rendered-with-data (after re-authentication),200,Accounting System - CrossBuy,New Purchase Invoice,en,ltr,101,60,1,9,yes,no,2026-09-20,1440x900,development data; automatic scan flagged: phone-like:3 — REVIEW BEFORE PUBLICATION,runtime viewed (screen renders); no action performed,Part 5 — Accounting,WF-P2P-01,
SCR-ACCOUNTING-NewPurchaseReturn,ar,accounting-newpurchasereturn.ar.png,/Accounting/NewPurchaseReturn,/Accounting/NewPurchaseReturn,development administrator (single session),rendered-with-data,200,النظام المحاسبي - CrossBuy,مرتجع شراء / إشعار مدين,ar,rtl,91,58,1,8,no,no,2026-09-20,1440x900,"development data; no e-mail, phone, IBAN or 14-digit id detected. The signed-in user name and avatar are visible in the header.",runtime viewed (screen renders); no action performed,Part 5 — Accounting,,
SCR-ACCOUNTING-NewPurchaseReturn,en,accounting-newpurchasereturn.en.png,/Accounting/NewPurchaseReturn,/Accounting/NewPurchaseReturn,development administrator (single session),rendered-with-data,200,Accounting System - CrossBuy,New Purchase Return / Debit Note,en,ltr,91,58,1,8,no,no,2026-09-20,1440x900,"development data; no e-mail, phone, IBAN or 14-digit id detected. The signed-in user name and avatar are visible in the header.",runtime viewed (screen renders); no action performed,Part 5 — Accounting,,
SCR-ACCOUNTING-NewSalesInvoice,ar,accounting-newsalesinvoice.ar.png,/Accounting/NewSalesInvoice,/Accounting/NewSalesInvoice,development administrator (single session),rendered-with-data,200,النظام المحاسبي - CrossBuy,فاتورة بيع جديدة,ar,rtl,101,60,1,9,no,no,2026-09-20,1440x900,"development data; no e-mail, phone, IBAN or 14-digit id detected. The signed-in user name and avatar are visible in the header.",runtime viewed (screen renders); no action performed,Part 5 — Accounting,WF-O2C-01,
SCR-ACCOUNTING-NewSalesInvoice,en,accounting-newsalesinvoice.en.png,/Accounting/NewSalesInvoice,/Accounting/NewSalesInvoice,development administrator (single session),rendered-with-data,200,Accounting System - CrossBuy,New Sales Invoice,en,ltr,101,60,1,9,no,no,2026-09-20,1440x900,"development data; no e-mail, phone, IBAN or 14-digit id detected. The signed-in user name and avatar are visible in the header.",runtime viewed (screen renders); no action performed,Part 5 — Accounting,WF-O2C-01,
SCR-ACCOUNTING-NewSalesReturn,ar,accounting-newsalesreturn.ar.png,/Accounting/NewSalesReturn,/Accounting/NewSalesReturn,development administrator (single session),rendered-with-data,200,النظام المحاسبي - CrossBuy,مرتجع بيع / إشعار دائن,ar,rtl,98,60,1,9,no,no,2026-09-20,1440x900,"development data; no e-mail, phone, IBAN or 14-digit id detected. The signed-in user name and avatar are visible in the header.",runtime viewed (screen renders); no action performed,Part 5 — Accounting,,
SCR-ACCOUNTING-NewSalesReturn,en,accounting-newsalesreturn.en.png,/Accounting/NewSalesReturn,/Accounting/NewSalesReturn,development administrator (single session),rendered-with-data,200,Accounting System - CrossBuy,New Sales Return / Credit Note,en,ltr,98,60,1,9,no,no,2026-09-20,1440x900,"development data; no e-mail, phone, IBAN or 14-digit id detected. The signed-in user name and avatar are visible in the header.",runtime viewed (screen renders); no action performed,Part 5 — Accounting,,
SCR-ACCOUNTING-PartyStatementPicker,ar,,/Accounting/PartyStatementPicker,,development administrator (single session),error,,,,ar,,,,,,no,no,2026-09-20,1440x900,not captured,not verified — capture failed,Part 5 — Accounting,,"Error: page.goto: net::ERR_HTTP_RESPONSE_CODE_FAILURE at https://localhost:44368/Accounting/PartyStatementPicker
Call log:
[2m  - navigating to ""https://localh"
SCR-ACCOUNTING-PartyStatementPicker,en,,/Accounting/PartyStatementPicker,,development administrator (single session),error,,,,en,,,,,,no,no,2026-09-20,1440x900,not captured,not verified — capture failed,Part 5 — Accounting,,"Error: page.goto: net::ERR_HTTP_RESPONSE_CODE_FAILURE at https://localhost:44368/Accounting/PartyStatementPicker
Call log:
[2m  - navigating to ""https://localh"
SCR-ACCOUNTING-Payments,ar,accounting-payments.ar.png,/Accounting/Payments,/Accounting/Payments,development administrator (single session),rendered-with-data,200,النظام المحاسبي - CrossBuy,سندات الدفع,ar,rtl,92,58,4,6,no,no,2026-09-20,1440x900,development data; automatic scan flagged: phone-like:5 — REVIEW BEFORE PUBLICATION,runtime viewed (screen renders); no action performed,Part 5 — Accounting,WF-P2P-01,
SCR-ACCOUNTING-Payments,en,accounting-payments.en.png,/Accounting/Payments,/Accounting/Payments,development administrator (single session),rendered-with-data (after re-authentication),200,Accounting System - CrossBuy,Payments,en,ltr,92,54,0,6,yes,no,2026-09-20,1440x900,development data; automatic scan flagged: phone-like:1 — REVIEW BEFORE PUBLICATION,runtime viewed (screen renders); no action performed,Part 5 — Accounting,WF-P2P-01,
SCR-ACCOUNTING-Payroll,ar,accounting-payroll.ar.png,/Accounting/Payroll,/Accounting/Payroll,development administrator (single session),rendered-with-data,200,النظام المحاسبي - CrossBuy,قيد الرواتب,ar,rtl,83,50,9,5,no,no,2026-09-20,1440x900,development data; automatic scan flagged: phone-like:1 — REVIEW BEFORE PUBLICATION,runtime viewed (screen renders); no action performed,Part 5 — Accounting,WF-HR-01,
SCR-ACCOUNTING-Payroll,en,accounting-payroll.en.png,/Accounting/Payroll,/Accounting/Payroll,development administrator (single session),rendered-with-data,200,Accounting System - CrossBuy,Payroll Journal,en,ltr,83,50,9,5,no,no,2026-09-20,1440x900,development data; automatic scan flagged: phone-like:1 — REVIEW BEFORE PUBLICATION,runtime viewed (screen renders); no action performed,Part 5 — Accounting,WF-HR-01,
SCR-ACCOUNTING-PayrollDisbursement,ar,accounting-payrolldisbursement.ar.png,/Accounting/PayrollDisbursement,/Accounting/PayrollDisbursement,development administrator (single session),rendered-with-data,200,النظام المحاسبي - CrossBuy,صرف الرواتب والتوريد,ar,rtl,94,53,0,5,no,no,2026-09-20,1440x900,"development data; no e-mail, phone, IBAN or 14-digit id detected. The signed-in user name and avatar are visible in the header.",runtime viewed (screen renders); no action performed,Part 5 — Accounting,WF-HR-01,
SCR-ACCOUNTING-PayrollDisbursement,en,accounting-payrolldisbursement.en.png,/Accounting/PayrollDisbursement,/Accounting/PayrollDisbursement,development administrator (single session),rendered-with-data,200,Accounting System - CrossBuy,Payroll disbursement & remittance,en,ltr,94,53,0,5,no,no,2026-09-20,1440x900,"development data; no e-mail, phone, IBAN or 14-digit id detected. The signed-in user name and avatar are visible in the header.",runtime viewed (screen renders); no action performed,Part 5 — Accounting,WF-HR-01,
SCR-ACCOUNTING-PayrollTaxSettings,ar,accounting-payrolltaxsettings.ar.png,/Accounting/PayrollTaxSettings,/Accounting/PayrollTaxSettings,development administrator (single session),rendered-with-data,200,النظام المحاسبي - CrossBuy,ضريبة الرواتب والتأمينات,ar,rtl,117,65,7,5,no,no,2026-09-20,1440x900,"development data; no e-mail, phone, IBAN or 14-digit id detected. The signed-in user name and avatar are visible in the header.",runtime viewed (screen renders); no action performed,Part 5 — Accounting,,
SCR-ACCOUNTING-PayrollTaxSettings,en,accounting-payrolltaxsettings.en.png,/Accounting/PayrollTaxSettings,/Accounting/PayrollTaxSettings,development administrator (single session),rendered-with-data,200,Accounting System - CrossBuy,Payroll tax & insurance,en,ltr,117,65,7,5,no,no,2026-09-20,1440x900,"development data; no e-mail, phone, IBAN or 14-digit id detected. The signed-in user name and avatar are visible in the header.",runtime viewed (screen renders); no action performed,Part 5 — Accounting,,
SCR-ACCOUNTING-Payslip,ar,accounting-payslip.ar.png,/Accounting/Payslip,/Accounting/Payslips,development administrator (single session),rendered-with-data,200,النظام المحاسبي - CrossBuy,قسائم الرواتب 2026/01,ar,rtl,83,55,3,5,no,no,2026-09-20,1440x900,"development data; no e-mail, phone, IBAN or 14-digit id detected. The signed-in user name and avatar are visible in the header.",runtime viewed (screen renders); no action performed,Part 5 — Accounting,,
SCR-ACCOUNTING-Payslip,en,accounting-payslip.en.png,/Accounting/Payslip,/Accounting/Payslips,development administrator (single session),rendered-with-data,200,Accounting System - CrossBuy,Payslips 2026/01,en,ltr,83,55,3,5,no,no,2026-09-20,1440x900,"development data; no e-mail, phone, IBAN or 14-digit id detected. The signed-in user name and avatar are visible in the header.",runtime viewed (screen renders); no action performed,Part 5 — Accounting,,
SCR-ACCOUNTING-Payslips,ar,accounting-payslips.ar.png,/Accounting/Payslips,/Accounting/Payslips,development administrator (single session),rendered-with-data,200,النظام المحاسبي - CrossBuy,قسائم الرواتب 2026/01,ar,rtl,83,54,3,5,no,no,2026-09-20,1440x900,"development data; no e-mail, phone, IBAN or 14-digit id detected. The signed-in user name and avatar are visible in the header.",runtime viewed (screen renders); no action performed,Part 5 — Accounting,WF-HR-01,
SCR-ACCOUNTING-Payslips,en,accounting-payslips.en.png,/Accounting/Payslips,/Accounting/Payslips,development administrator (single session),rendered-with-data,200,Accounting System - CrossBuy,Payslips 2026/01,en,ltr,83,54,3,5,no,no,2026-09-20,1440x900,"development data; no e-mail, phone, IBAN or 14-digit id detected. The signed-in user name and avatar are visible in the header.",runtime viewed (screen renders); no action performed,Part 5 — Accounting,WF-HR-01,
SCR-ACCOUNTING-Periods,ar,accounting-periods.ar.png,/Accounting/Periods,/Accounting/Periods,development administrator (single session),rendered-with-data,200,النظام المحاسبي - CrossBuy,الفترات المالية,ar,rtl,81,101,26,5,no,no,2026-09-20,1440x900,"development data; no e-mail, phone, IBAN or 14-digit id detected. The signed-in user name and avatar are visible in the header.",runtime viewed (screen renders); no action performed,Part 5 — Accounting,WF-ACC-01; WF-ACC-02,
SCR-ACCOUNTING-Periods,en,accounting-periods.en.png,/Accounting/Periods,/Accounting/Periods,development administrator (single session),rendered-with-data,200,Accounting System - CrossBuy,Fiscal Periods,en,ltr,81,101,26,5,no,no,2026-09-20,1440x900,"development data; no e-mail, phone, IBAN or 14-digit id detected. The signed-in user name and avatar are visible in the header.",runtime viewed (screen renders); no action performed,Part 5 — Accounting,WF-ACC-01; WF-ACC-02,
SCR-ACCOUNTING-PurchaseInvoiceDetail,ar,accounting-purchaseinvoicedetail.ar.png,/Accounting/PurchaseInvoiceDetail,/Accounting/PurchaseInvoices,development administrator (single session),rendered-empty-state,200,النظام المحاسبي - CrossBuy,فواتير الشراء,ar,rtl,83,58,0,6,no,no,2026-09-20,1440x900,development data; automatic scan flagged: phone-like:1 — REVIEW BEFORE PUBLICATION,runtime viewed (screen renders); no action performed,Part 5 — Accounting,,
SCR-ACCOUNTING-PurchaseInvoiceDetail,en,accounting-purchaseinvoicedetail.en.png,/Accounting/PurchaseInvoiceDetail,/Accounting/PurchaseInvoices,development administrator (single session),rendered-with-data,200,Accounting System - CrossBuy,Purchase Invoices,en,ltr,83,103,25,6,no,no,2026-09-20,1440x900,development data; automatic scan flagged: phone-like:27 — REVIEW BEFORE PUBLICATION,runtime viewed (screen renders); no action performed,Part 5 — Accounting,,
SCR-ACCOUNTING-PurchaseInvoices,ar,accounting-purchaseinvoices.ar.png,/Accounting/PurchaseInvoices,/Accounting/PurchaseInvoices,development administrator (single session),rendered-empty-state,200,النظام المحاسبي - CrossBuy,فواتير الشراء,ar,rtl,83,58,0,6,no,no,2026-09-20,1440x900,development data; automatic scan flagged: phone-like:1 — REVIEW BEFORE PUBLICATION,runtime viewed (screen renders); no action performed,Part 5 — Accounting,,
SCR-ACCOUNTING-PurchaseInvoices,en,accounting-purchaseinvoices.en.png,/Accounting/PurchaseInvoices,/Accounting/PurchaseInvoices,development administrator (single session),rendered-with-data,200,Accounting System - CrossBuy,Purchase Invoices,en,ltr,83,103,25,6,no,no,2026-09-20,1440x900,development data; automatic scan flagged: phone-like:27 — REVIEW BEFORE PUBLICATION,runtime viewed (screen renders); no action performed,Part 5 — Accounting,,
SCR-ACCOUNTING-PurchaseReturnDetail,ar,accounting-purchasereturndetail.ar.png,/Accounting/PurchaseReturnDetail,/Accounting/PurchaseReturns,development administrator (single session),rendered-with-data,200,النظام المحاسبي - CrossBuy,مرتجعات الشراء / إشعارات المدين,ar,rtl,81,107,28,5,no,no,2026-09-20,1440x900,development data; automatic scan flagged: phone-like:10 — REVIEW BEFORE PUBLICATION,runtime viewed (screen renders); no action performed,Part 5 — Accounting,,
SCR-ACCOUNTING-PurchaseReturnDetail,en,accounting-purchasereturndetail.en.png,/Accounting/PurchaseReturnDetail,/Accounting/PurchaseReturns,development administrator (single session),rendered-with-data,200,Accounting System - CrossBuy,Purchase Returns / Debit Notes,en,ltr,81,107,28,5,no,no,2026-09-20,1440x900,development data; automatic scan flagged: phone-like:10 — REVIEW BEFORE PUBLICATION,runtime viewed (screen renders); no action performed,Part 5 — Accounting,,
SCR-ACCOUNTING-PurchaseReturns,ar,accounting-purchasereturns.ar.png,/Accounting/PurchaseReturns,/Accounting/PurchaseReturns,development administrator (single session),rendered-with-data,200,النظام المحاسبي - CrossBuy,مرتجعات الشراء / إشعارات المدين,ar,rtl,81,106,28,5,no,no,2026-09-20,1440x900,development data; automatic scan flagged: phone-like:10 — REVIEW BEFORE PUBLICATION,runtime viewed (screen renders); no action performed,Part 5 — Accounting,,
SCR-ACCOUNTING-PurchaseReturns,en,accounting-purchasereturns.en.png,/Accounting/PurchaseReturns,/Accounting/PurchaseReturns,development administrator (single session),rendered-with-data,200,Accounting System - CrossBuy,Purchase Returns / Debit Notes,en,ltr,81,106,28,5,no,no,2026-09-20,1440x900,development data; automatic scan flagged: phone-like:10 — REVIEW BEFORE PUBLICATION,runtime viewed (screen renders); no action performed,Part 5 — Accounting,,
SCR-ACCOUNTING-Receipts,ar,accounting-receipts.ar.png,/Accounting/Receipts,/Accounting/Receipts,development administrator (single session),rendered-with-data,200,النظام المحاسبي - CrossBuy,سندات القبض,ar,rtl,91,79,25,6,no,no,2026-09-20,1440x900,development data; automatic scan flagged: phone-like:27 — REVIEW BEFORE PUBLICATION,runtime viewed (screen renders); no action performed,Part 5 — Accounting,WF-O2C-01,
SCR-ACCOUNTING-Receipts,en,accounting-receipts.en.png,/Accounting/Receipts,/Accounting/Receipts,development administrator (single session),rendered-with-data,200,Accounting System - CrossBuy,Receipts,en,ltr,91,79,25,6,no,no,2026-09-20,1440x900,development data; automatic scan flagged: phone-like:27 — REVIEW BEFORE PUBLICATION,runtime viewed (screen renders); no action performed,Part 5 — Accounting,WF-O2C-01,
SCR-ACCOUNTING-Reconcile,ar,accounting-reconcile.ar.png,/Accounting/Reconcile,/Accounting/Reconcile,development administrator (single session),rendered-with-data,200,النظام المحاسبي - CrossBuy,التسوية البنكية,ar,rtl,84,51,0,5,no,no,2026-09-20,1440x900,"development data; no e-mail, phone, IBAN or 14-digit id detected. The signed-in user name and avatar are visible in the header.",runtime viewed (screen renders); no action performed,Part 5 — Accounting,,
SCR-ACCOUNTING-Reconcile,en,accounting-reconcile.en.png,/Accounting/Reconcile,/Accounting/Reconcile,development administrator (single session),rendered-with-data,200,Accounting System - CrossBuy,Bank Reconciliation,en,ltr,84,51,0,5,no,no,2026-09-20,1440x900,"development data; no e-mail, phone, IBAN or 14-digit id detected. The signed-in user name and avatar are visible in the header.",runtime viewed (screen renders); no action performed,Part 5 — Accounting,,
SCR-ACCOUNTING-Reconciliations,ar,accounting-reconciliations.ar.png,/Accounting/Reconciliations,/Accounting/Reconciliations,development administrator (single session),rendered-with-data,200,النظام المحاسبي - CrossBuy,التسويات البنكية,ar,rtl,81,50,1,5,no,no,2026-09-20,1440x900,"development data; no e-mail, phone, IBAN or 14-digit id detected. The signed-in user name and avatar are visible in the header.",runtime viewed (screen renders); no action performed,Part 5 — Accounting,,
SCR-ACCOUNTING-Reconciliations,en,accounting-reconciliations.en.png,/Accounting/Reconciliations,/Accounting/Reconciliations,development administrator (single session),rendered-with-data,200,Accounting System - CrossBuy,Bank Reconciliations,en,ltr,81,50,1,5,no,no,2026-09-20,1440x900,"development data; no e-mail, phone, IBAN or 14-digit id detected. The signed-in user name and avatar are visible in the header.",runtime viewed (screen renders); no action performed,Part 5 — Accounting,,
SCR-ACCOUNTING-SalesInvoiceDetail,ar,accounting-salesinvoicedetail.ar.png,/Accounting/SalesInvoiceDetail,/Accounting/SalesInvoices,development administrator (single session),rendered-with-data,200,النظام المحاسبي - CrossBuy,فواتير البيع,ar,rtl,83,108,25,6,no,no,2026-09-20,1440x900,development data; automatic scan flagged: phone-like:27 — REVIEW BEFORE PUBLICATION,runtime viewed (screen renders); no action performed,Part 5 — Accounting,,
SCR-ACCOUNTING-SalesInvoiceDetail,en,accounting-salesinvoicedetail.en.png,/Accounting/SalesInvoiceDetail,/Accounting/SalesInvoices,development administrator (single session),rendered-with-data,200,Accounting System - CrossBuy,Sales Invoices,en,ltr,83,108,25,6,no,no,2026-09-20,1440x900,development data; automatic scan flagged: phone-like:27 — REVIEW BEFORE PUBLICATION,runtime viewed (screen renders); no action performed,Part 5 — Accounting,,
SCR-ACCOUNTING-SalesInvoicePrint,ar,,/Accounting/SalesInvoicePrint,,development administrator (single session),error,,,,ar,,,,,,no,no,2026-09-20,1440x900,not captured,not verified — capture failed,Part 5 — Accounting,,"Error: page.goto: net::ERR_HTTP_RESPONSE_CODE_FAILURE at https://localhost:44368/Accounting/SalesInvoicePrint
Call log:
[2m  - navigating to ""https://localhost"
SCR-ACCOUNTING-SalesInvoicePrint,en,,/Accounting/SalesInvoicePrint,,development administrator (single session),error,,,,en,,,,,,no,no,2026-09-20,1440x900,not captured,not verified — capture failed,Part 5 — Accounting,,"Error: page.goto: net::ERR_HTTP_RESPONSE_CODE_FAILURE at https://localhost:44368/Accounting/SalesInvoicePrint
Call log:
[2m  - navigating to ""https://localhost"
SCR-ACCOUNTING-SalesInvoices,ar,accounting-salesinvoices.ar.png,/Accounting/SalesInvoices,/Accounting/SalesInvoices,development administrator (single session),rendered-with-data (after re-authentication),200,النظام المحاسبي - CrossBuy,فواتير البيع,ar,rtl,83,58,0,6,yes,no,2026-09-20,1440x900,development data; automatic scan flagged: phone-like:1 — REVIEW BEFORE PUBLICATION,runtime viewed (screen renders); no action performed,Part 5 — Accounting,,
SCR-ACCOUNTING-SalesInvoices,en,accounting-salesinvoices.en.png,/Accounting/SalesInvoices,/Accounting/SalesInvoices,development administrator (single session),rendered-with-data (after re-authentication),200,Accounting System - CrossBuy,Sales Invoices,en,ltr,83,108,25,6,yes,no,2026-09-20,1440x900,development data; automatic scan flagged: phone-like:27 — REVIEW BEFORE PUBLICATION,runtime viewed (screen renders); no action performed,Part 5 — Accounting,,
SCR-ACCOUNTING-SalesReturnDetail,ar,accounting-salesreturndetail.ar.png,/Accounting/SalesReturnDetail,/Accounting/SalesReturns,development administrator (single session),rendered-with-data,200,النظام المحاسبي - CrossBuy,مرتجعات البيع / إشعارات الدائن,ar,rtl,81,101,25,5,no,no,2026-09-20,1440x900,development data; automatic scan flagged: phone-like:10 — REVIEW BEFORE PUBLICATION,runtime viewed (screen renders); no action performed,Part 5 — Accounting,,
SCR-ACCOUNTING-SalesReturnDetail,en,accounting-salesreturndetail.en.png,/Accounting/SalesReturnDetail,/Accounting/SalesReturns,development administrator (single session),rendered-with-data,200,Accounting System - CrossBuy,Sales Returns / Credit Notes,en,ltr,81,101,25,5,no,no,2026-09-20,1440x900,development data; automatic scan flagged: phone-like:10 — REVIEW BEFORE PUBLICATION,runtime viewed (screen renders); no action performed,Part 5 — Accounting,,
SCR-ACCOUNTING-SalesReturns,ar,accounting-salesreturns.ar.png,/Accounting/SalesReturns,/Accounting/SalesReturns,development administrator (single session),rendered-with-data,200,النظام المحاسبي - CrossBuy,مرتجعات البيع / إشعارات الدائن,ar,rtl,81,100,25,5,no,no,2026-09-20,1440x900,development data; automatic scan flagged: phone-like:10 — REVIEW BEFORE PUBLICATION,runtime viewed (screen renders); no action performed,Part 5 — Accounting,,
SCR-ACCOUNTING-SalesReturns,en,accounting-salesreturns.en.png,/Accounting/SalesReturns,/Accounting/SalesReturns,development administrator (single session),rendered-with-data,200,Accounting System - CrossBuy,Sales Returns / Credit Notes,en,ltr,81,100,25,5,no,no,2026-09-20,1440x900,development data; automatic scan flagged: phone-like:10 — REVIEW BEFORE PUBLICATION,runtime viewed (screen renders); no action performed,Part 5 — Accounting,,
SCR-ACCOUNTING-TaxCodes,ar,accounting-taxcodes.ar.png,/Accounting/TaxCodes,/Accounting/TaxCodes,development administrator (single session),rendered-with-data,200,النظام المحاسبي - CrossBuy,أكواد الضرائب,ar,rtl,93,66,6,7,no,no,2026-09-20,1440x900,"development data; no e-mail, phone, IBAN or 14-digit id detected. The signed-in user name and avatar are visible in the header.",runtime viewed (screen renders); no action performed,Part 5 — Accounting,,
SCR-ACCOUNTING-TaxCodes,en,accounting-taxcodes.en.png,/Accounting/TaxCodes,/Accounting/TaxCodes,development administrator (single session),rendered-with-data,200,Accounting System - CrossBuy,Tax Codes,en,ltr,93,66,6,7,no,no,2026-09-20,1440x900,"development data; no e-mail, phone, IBAN or 14-digit id detected. The signed-in user name and avatar are visible in the header.",runtime viewed (screen renders); no action performed,Part 5 — Accounting,,
SCR-ACCOUNTING-Transfer,ar,accounting-transfer.ar.png,/Accounting/Transfer,/Accounting/Transfer,development administrator (single session),rendered-with-data,200,النظام المحاسبي - CrossBuy,تحويل بين الحسابات,ar,rtl,87,50,0,5,no,no,2026-09-20,1440x900,development data; automatic scan flagged: phone-like:1 — REVIEW BEFORE PUBLICATION,runtime viewed (screen renders); no action performed,Part 5 — Accounting,,
SCR-ACCOUNTING-Transfer,en,accounting-transfer.en.png,/Accounting/Transfer,/Accounting/Transfer,development administrator (single session),rendered-empty-state,200,Accounting System - CrossBuy,Internal Transfer,en,ltr,87,50,0,5,no,no,2026-09-20,1440x900,development data; automatic scan flagged: phone-like:3 — REVIEW BEFORE PUBLICATION,runtime viewed (screen renders); no action performed,Part 5 — Accounting,,
SCR-ACCOUNTING-TrialBalance,ar,accounting-trialbalance.ar.png,/Accounting/TrialBalance,/Accounting/TrialBalance,development administrator (single session),rendered-with-data,200,النظام المحاسبي - CrossBuy,ميزان المراجعة,ar,rtl,88,51,36,5,no,no,2026-09-20,1440x900,development data; automatic scan flagged: phone-like:3 — REVIEW BEFORE PUBLICATION,runtime viewed (screen renders); no action performed,Part 5 — Accounting,WF-ACC-02,
SCR-ACCOUNTING-TrialBalance,en,accounting-trialbalance.en.png,/Accounting/TrialBalance,/Accounting/TrialBalance,development administrator (single session),rendered-with-data,200,Accounting System - CrossBuy,Trial Balance,en,ltr,88,51,36,5,no,no,2026-09-20,1440x900,development data; automatic scan flagged: phone-like:3 — REVIEW BEFORE PUBLICATION,runtime viewed (screen renders); no action performed,Part 5 — Accounting,WF-ACC-02,
SCR-ACCOUNTING-VatReturnDetail,ar,accounting-vatreturndetail.ar.png,/Accounting/VatReturnDetail,/Accounting/VatReturns,development administrator (single session),rendered-with-data,200,النظام المحاسبي - CrossBuy,إقرارات ض.ق.م,ar,rtl,88,55,3,6,no,no,2026-09-20,1440x900,"development data; no e-mail, phone, IBAN or 14-digit id detected. The signed-in user name and avatar are visible in the header.",runtime viewed (screen renders); no action performed,Part 5 — Accounting,,
SCR-ACCOUNTING-VatReturnDetail,en,accounting-vatreturndetail.en.png,/Accounting/VatReturnDetail,/Accounting/VatReturns,development administrator (single session),rendered-with-data,200,Accounting System - CrossBuy,VAT Returns,en,ltr,88,55,3,6,no,no,2026-09-20,1440x900,"development data; no e-mail, phone, IBAN or 14-digit id detected. The signed-in user name and avatar are visible in the header.",runtime viewed (screen renders); no action performed,Part 5 — Accounting,,
SCR-ACCOUNTING-VatReturns,ar,accounting-vatreturns.ar.png,/Accounting/VatReturns,/Accounting/VatReturns,development administrator (single session),rendered-with-data,200,النظام المحاسبي - CrossBuy,إقرارات ض.ق.م,ar,rtl,88,55,3,6,no,no,2026-09-20,1440x900,"development data; no e-mail, phone, IBAN or 14-digit id detected. The signed-in user name and avatar are visible in the header.",runtime viewed (screen renders); no action performed,Part 5 — Accounting,,
SCR-ACCOUNTING-VatReturns,en,accounting-vatreturns.en.png,/Accounting/VatReturns,/Accounting/VatReturns,development administrator (single session),rendered-with-data,200,Accounting System - CrossBuy,VAT Returns,en,ltr,88,55,3,6,no,no,2026-09-20,1440x900,"development data; no e-mail, phone, IBAN or 14-digit id detected. The signed-in user name and avatar are visible in the header.",runtime viewed (screen renders); no action performed,Part 5 — Accounting,,
SCR-ACCOUNTING-VendorStatement,ar,accounting-vendorstatement.ar.png,/Accounting/VendorStatement,/Accounting/VendorStatement,development administrator (single session),rendered-with-data,200,النظام المحاسبي - CrossBuy,كشف حساب,ar,rtl,87,51,0,5,no,no,2026-09-20,1440x900,"development data; no e-mail, phone, IBAN or 14-digit id detected. The signed-in user name and avatar are visible in the header.",runtime viewed (screen renders); no action performed,Part 5 — Accounting,,
SCR-ACCOUNTING-VendorStatement,en,accounting-vendorstatement.en.png,/Accounting/VendorStatement,/Accounting/VendorStatement,development administrator (single session),rendered-with-data (after re-authentication),200,Accounting System - CrossBuy,Account statement,en,ltr,87,51,0,5,yes,no,2026-09-20,1440x900,"development data; no e-mail, phone, IBAN or 14-digit id detected. The signed-in user name and avatar are visible in the header.",runtime viewed (screen renders); no action performed,Part 5 — Accounting,,
SCR-ACCOUNTING-Vendors,ar,accounting-vendors.ar.png,/Accounting/Vendors,/Accounting/Vendors,development administrator (single session),rendered-with-data,200,النظام المحاسبي - CrossBuy,الموردون,ar,rtl,93,74,10,6,no,no,2026-09-20,1440x900,development data; automatic scan flagged: phone-like:1 — REVIEW BEFORE PUBLICATION,runtime viewed (screen renders); no action performed,Part 5 — Accounting,,
SCR-ACCOUNTING-Vendors,en,accounting-vendors.en.png,/Accounting/Vendors,/Accounting/Vendors,development administrator (single session),rendered-with-data,200,Accounting System - CrossBuy,Vendors,en,ltr,93,74,10,6,no,no,2026-09-20,1440x900,development data; automatic scan flagged: phone-like:1 — REVIEW BEFORE PUBLICATION,runtime viewed (screen renders); no action performed,Part 5 — Accounting,,
SCR-ACCOUNTING-YearEndClose,ar,accounting-yearendclose.ar.png,/Accounting/YearEndClose,/Accounting/YearEndClose,development administrator (single session),rendered-with-data,200,النظام المحاسبي - CrossBuy,إقفال السنة المالية,ar,rtl,80,51,3,5,no,no,2026-09-20,1440x900,"development data; no e-mail, phone, IBAN or 14-digit id detected. The signed-in user name and avatar are visible in the header.",runtime viewed (screen renders); no action performed,Part 5 — Accounting,WF-ACC-02,
SCR-ACCOUNTING-YearEndClose,en,accounting-yearendclose.en.png,/Accounting/YearEndClose,/Accounting/YearEndClose,development administrator (single session),rendered-with-data,200,Accounting System - CrossBuy,Year-end Close,en,ltr,80,51,3,5,no,no,2026-09-20,1440x900,"development data; no e-mail, phone, IBAN or 14-digit id detected. The signed-in user name and avatar are visible in the header.",runtime viewed (screen renders); no action performed,Part 5 — Accounting,WF-ACC-02,
SCR-ADMIN-AdministrativeBodiesCompany,ar,admin-administrativebodiescompany.ar.png,/Admin/AdministrativeBodiesCompany,/Admin/AdministrativeBodiesCompany,development administrator (single session),rendered-with-data,200,لوحة تحكم CrossBuy,الجهات الادارية في الشركة,ar,rtl,24,18,0,2,no,no,2026-09-20,1440x900,"development data; no e-mail, phone, IBAN or 14-digit id detected. The signed-in user name and avatar are visible in the header.",runtime viewed (screen renders); no action performed,Part 4/11 — Setting up & People,,
SCR-ADMIN-AdministrativeBodiesCompany,en,admin-administrativebodiescompany.en.png,/Admin/AdministrativeBodiesCompany,/Admin/AdministrativeBodiesCompany,development administrator (single session),rendered-with-data,200,CrossBuy Admin,Administrative Bodies in the Company,en,ltr,24,18,0,2,no,no,2026-09-20,1440x900,"development data; no e-mail, phone, IBAN or 14-digit id detected. The signed-in user name and avatar are visible in the header.",runtime viewed (screen renders); no action performed,Part 4/11 — Setting up & People,,
SCR-ADMIN-AdministrativeBodiesCompanyList,ar,admin-administrativebodiescompanylist.ar.png,/Admin/AdministrativeBodiesCompanyList,/Admin/AdministrativeBodiesCompanyList,development administrator (single session),rendered-with-data,200,لوحة تحكم CrossBuy,قائمة الجهات الادارية للشركة,ar,rtl,26,21,2,2,no,no,2026-09-20,1440x900,development data; automatic scan flagged: phone-like:1 — REVIEW BEFORE PUBLICATION,runtime viewed (screen renders); no action performed,Part 4/11 — Setting up & People,,
SCR-ADMIN-AdministrativeBodiesCompanyList,en,admin-administrativebodiescompanylist.en.png,/Admin/AdministrativeBodiesCompanyList,/Admin/AdministrativeBodiesCompanyList,development administrator (single session),rendered-with-data,200,CrossBuy Admin,List of Administrative Bodies in the Company,en,ltr,26,21,2,2,no,no,2026-09-20,1440x900,development data; automatic scan flagged: phone-like:1 — REVIEW BEFORE PUBLICATION,runtime viewed (screen renders); no action performed,Part 4/11 — Setting up & People,,
SCR-ADMIN-AdministrativeStructure,ar,admin-administrativestructure.ar.png,/Admin/AdministrativeStructure,/Admin/AdministrativeStructure,development administrator (single session),rendered-with-data,200,لوحة تحكم CrossBuy,الهيكل الإداري,ar,rtl,27,33,0,4,no,no,2026-09-20,1440x900,"development data; no e-mail, phone, IBAN or 14-digit id detected. The signed-in user name and avatar are visible in the header.",runtime viewed (screen renders); no action performed,Part 4/11 — Setting up & People,,
SCR-ADMIN-AdministrativeStructure,en,admin-administrativestructure.en.png,/Admin/AdministrativeStructure,/Admin/AdministrativeStructure,development administrator (single session),rendered-with-data,200,CrossBuy Admin,Administrative Structure,en,ltr,27,33,0,4,no,no,2026-09-20,1440x900,"development data; no e-mail, phone, IBAN or 14-digit id detected. The signed-in user name and avatar are visible in the header.",runtime viewed (screen renders); no action performed,Part 4/11 — Setting up & People,,
SCR-ADMIN-ApplicationDetail,ar,admin-applicationdetail.ar.png,/Admin/ApplicationDetail,/Admin/Applications,development administrator (single session),rendered-empty-state,200,لوحة تحكم CrossBuy,طلبات التوظيف,ar,rtl,21,22,0,2,no,no,2026-09-20,1440x900,development data; automatic scan flagged: phone-like:7 — REVIEW BEFORE PUBLICATION,runtime viewed (screen renders); no action performed,Part 4/11 — Setting up & People,,
SCR-ADMIN-ApplicationDetail,en,admin-applicationdetail.en.png,/Admin/ApplicationDetail,/Admin/Applications,development administrator (single session),rendered-empty-state,200,CrossBuy Admin,Job applications,en,ltr,21,22,0,2,no,no,2026-09-20,1440x900,development data; automatic scan flagged: phone-like:7 — REVIEW BEFORE PUBLICATION,runtime viewed (screen renders); no action performed,Part 4/11 — Setting up & People,,
SCR-ADMIN-ApplicationForm,ar,admin-applicationform.ar.png,/Admin/ApplicationForm,/Admin/ApplicationForm,development administrator (single session),rendered-with-data,200,لوحة تحكم CrossBuy,طلب جديد,ar,rtl,42,20,0,2,no,no,2026-09-20,1440x900,"development data; no e-mail, phone, IBAN or 14-digit id detected. The signed-in user name and avatar are visible in the header.",runtime viewed (screen renders); no action performed,Part 4/11 — Setting up & People,,
SCR-ADMIN-ApplicationForm,en,admin-applicationform.en.png,/Admin/ApplicationForm,/Admin/ApplicationForm,development administrator (single session),rendered-with-data,200,CrossBuy Admin,New application,en,ltr,42,20,0,2,no,no,2026-09-20,1440x900,"development data; no e-mail, phone, IBAN or 14-digit id detected. The signed-in user name and avatar are visible in the header.",runtime viewed (screen renders); no action performed,Part 4/11 — Setting up & People,,
SCR-ADMIN-Applications,ar,admin-applications.ar.png,/Admin/Applications,/Admin/Applications,development administrator (single session),rendered-empty-state,200,لوحة تحكم CrossBuy,طلبات التوظيف,ar,rtl,21,22,0,2,no,no,2026-09-20,1440x900,development data; automatic scan flagged: phone-like:7 — REVIEW BEFORE PUBLICATION,runtime viewed (screen renders); no action performed,Part 4/11 — Setting up & People,WF-HR-01,
SCR-ADMIN-Applications,en,admin-applications.en.png,/Admin/Applications,/Admin/Applications,development administrator (single session),rendered-empty-state,200,CrossBuy Admin,Job applications,en,ltr,21,22,0,2,no,no,2026-09-20,1440x900,development data; automatic scan flagged: phone-like:7 — REVIEW BEFORE PUBLICATION,runtime viewed (screen renders); no action performed,Part 4/11 — Setting up & People,WF-HR-01,
SCR-ADMIN-AppraisalScore,ar,admin-appraisalscore.ar.png,/Admin/AppraisalScore,/Admin/Appraisals,development administrator (single session),rendered-with-data,200,لوحة تحكم CrossBuy,تقييم الأداء,ar,rtl,27,24,7,2,no,no,2026-09-20,1440x900,"development data; no e-mail, phone, IBAN or 14-digit id detected. The signed-in user name and avatar are visible in the header.",runtime viewed (screen renders); no action performed,Part 4/11 — Setting up & People,,
SCR-ADMIN-AppraisalScore,en,admin-appraisalscore.en.png,/Admin/AppraisalScore,/Admin/Appraisals,development administrator (single session),rendered-with-data,200,CrossBuy Admin,Performance appraisal,en,ltr,27,24,7,2,no,no,2026-09-20,1440x900,"development data; no e-mail, phone, IBAN or 14-digit id detected. The signed-in user name and avatar are visible in the header.",runtime viewed (screen renders); no action performed,Part 4/11 — Setting up & People,,
SCR-ADMIN-AppraisalTemplateEditor,ar,admin-appraisaltemplateeditor.ar.png,/Admin/AppraisalTemplateEditor,/Admin/AppraisalTemplateEditor,development administrator (single session),rendered-empty-state,200,لوحة تحكم CrossBuy,نموذج تقييم جديد,ar,rtl,28,17,0,2,no,no,2026-09-20,1440x900,"development data; no e-mail, phone, IBAN or 14-digit id detected. The signed-in user name and avatar are visible in the header.",runtime viewed (screen renders); no action performed,Part 4/11 — Setting up & People,,
SCR-ADMIN-AppraisalTemplateEditor,en,admin-appraisaltemplateeditor.en.png,/Admin/AppraisalTemplateEditor,/Admin/AppraisalTemplateEditor,development administrator (single session),rendered-empty-state,200,CrossBuy Admin,New template,en,ltr,28,17,0,2,no,no,2026-09-20,1440x900,"development data; no e-mail, phone, IBAN or 14-digit id detected. The signed-in user name and avatar are visible in the header.",runtime viewed (screen renders); no action performed,Part 4/11 — Setting up & People,,
SCR-ADMIN-AppraisalTemplates,ar,admin-appraisaltemplates.ar.png,/Admin/AppraisalTemplates,/Admin/AppraisalTemplates,development administrator (single session),rendered-with-data,200,لوحة تحكم CrossBuy,نماذج التقييم,ar,rtl,21,19,2,2,no,no,2026-09-20,1440x900,"development data; no e-mail, phone, IBAN or 14-digit id detected. The signed-in user name and avatar are visible in the header.",runtime viewed (screen renders); no action performed,Part 4/11 — Setting up & People,,
SCR-ADMIN-AppraisalTemplates,en,admin-appraisaltemplates.en.png,/Admin/AppraisalTemplates,/Admin/AppraisalTemplates,development administrator (single session),rendered-with-data,200,CrossBuy Admin,Appraisal templates,en,ltr,21,19,2,2,no,no,2026-09-20,1440x900,"development data; no e-mail, phone, IBAN or 14-digit id detected. The signed-in user name and avatar are visible in the header.",runtime viewed (screen renders); no action performed,Part 4/11 — Setting up & People,,
SCR-ADMIN-Appraisals,ar,admin-appraisals.ar.png,/Admin/Appraisals,/Admin/Appraisals,development administrator (single session),rendered-with-data,200,لوحة تحكم CrossBuy,تقييم الأداء,ar,rtl,27,24,7,2,no,no,2026-09-20,1440x900,"development data; no e-mail, phone, IBAN or 14-digit id detected. The signed-in user name and avatar are visible in the header.",runtime viewed (screen renders); no action performed,Part 4/11 — Setting up & People,,
SCR-ADMIN-Appraisals,en,admin-appraisals.en.png,/Admin/Appraisals,/Admin/Appraisals,development administrator (single session),rendered-with-data,200,CrossBuy Admin,Performance appraisal,en,ltr,27,24,7,2,no,no,2026-09-20,1440x900,"development data; no e-mail, phone, IBAN or 14-digit id detected. The signed-in user name and avatar are visible in the header.",runtime viewed (screen renders); no action performed,Part 4/11 — Setting up & People,,
SCR-ADMIN-Attendance,ar,admin-attendance.ar.png,/Admin/Attendance,/Admin/Attendance,development administrator (single session),rendered-with-data,200,لوحة تحكم CrossBuy,ملخص الحضور الشهري,ar,rtl,23,16,9,2,no,no,2026-09-20,1440x900,development data; automatic scan flagged: phone-like:2 — REVIEW BEFORE PUBLICATION,runtime viewed (screen renders); no action performed,Part 4/11 — Setting up & People,WF-HR-01,
SCR-ADMIN-Attendance,en,admin-attendance.en.png,/Admin/Attendance,/Admin/Attendance,development administrator (single session),rendered-with-data,200,CrossBuy Admin,Monthly attendance summary,en,ltr,23,16,9,2,no,no,2026-09-20,1440x900,development data; automatic scan flagged: phone-like:2 — REVIEW BEFORE PUBLICATION,runtime viewed (screen renders); no action performed,Part 4/11 — Setting up & People,WF-HR-01,
SCR-ADMIN-AttendanceEntry,ar,admin-attendanceentry.ar.png,/Admin/AttendanceEntry,/Admin/AttendanceEntry,development administrator (single session),rendered-with-data,200,لوحة تحكم CrossBuy,تسجيل الحضور والانصراف,ar,rtl,28,16,5,2,no,no,2026-09-20,1440x900,development data; automatic scan flagged: phone-like:5 — REVIEW BEFORE PUBLICATION,runtime viewed (screen renders); no action performed,Part 4/11 — Setting up & People,,
SCR-ADMIN-AttendanceEntry,en,admin-attendanceentry.en.png,/Admin/AttendanceEntry,/Admin/AttendanceEntry,development administrator (single session),rendered-with-data,200,CrossBuy Admin,Record attendance,en,ltr,28,16,5,2,no,no,2026-09-20,1440x900,development data; automatic scan flagged: phone-like:5 — REVIEW BEFORE PUBLICATION,runtime viewed (screen renders); no action performed,Part 4/11 — Setting up & People,,
SCR-ADMIN-CourseEnrollments,ar,admin-courseenrollments.ar.png,/Admin/CourseEnrollments,/Admin/TrainingCourses,development administrator (single session),rendered-with-data,200,لوحة تحكم CrossBuy,الدورات التدريبية,ar,rtl,22,33,6,2,no,no,2026-09-20,1440x900,"development data; no e-mail, phone, IBAN or 14-digit id detected. The signed-in user name and avatar are visible in the header.",runtime viewed (screen renders); no action performed,Part 4/11 — Setting up & People,,
SCR-ADMIN-CourseEnrollments,en,admin-courseenrollments.en.png,/Admin/CourseEnrollments,/Admin/TrainingCourses,development administrator (single session),rendered-with-data,200,CrossBuy Admin,Training courses,en,ltr,22,33,6,2,no,no,2026-09-20,1440x900,"development data; no e-mail, phone, IBAN or 14-digit id detected. The signed-in user name and avatar are visible in the header.",runtime viewed (screen renders); no action performed,Part 4/11 — Setting up & People,,
SCR-ADMIN-DocExpiryAlerts,ar,admin-docexpiryalerts.ar.png,/Admin/DocExpiryAlerts,/Admin/DocExpiryAlerts,development administrator (single session),rendered-with-data,200,لوحة تحكم CrossBuy,تنبيهات انتهاء المستندات والعقود,ar,rtl,22,35,9,3,no,no,2026-09-20,1440x900,development data; automatic scan flagged: phone-like:8 — REVIEW BEFORE PUBLICATION,runtime viewed (screen renders); no action performed,Part 4/11 — Setting up & People,,
SCR-ADMIN-DocExpiryAlerts,en,admin-docexpiryalerts.en.png,/Admin/DocExpiryAlerts,/Admin/DocExpiryAlerts,development administrator (single session),rendered-with-data,200,CrossBuy Admin,Document & contract expiry alerts,en,ltr,22,35,9,3,no,no,2026-09-20,1440x900,development data; automatic scan flagged: phone-like:8 — REVIEW BEFORE PUBLICATION,runtime viewed (screen renders); no action performed,Part 4/11 — Setting up & People,,
SCR-ADMIN-EmployeeData,ar,admin-employeedata.ar.png,/Admin/EmployeeData,/Admin/EmployeeData,development administrator (single session),rendered-with-data,200,لوحة تحكم CrossBuy,تسجيل موظف,ar,rtl,43,23,0,2,no,no,2026-09-20,1440x900,"development data; no e-mail, phone, IBAN or 14-digit id detected. The signed-in user name and avatar are visible in the header.",runtime viewed (screen renders); no action performed,Part 4/11 — Setting up & People,WF-HR-01,
SCR-ADMIN-EmployeeData,en,admin-employeedata.en.png,/Admin/EmployeeData,/Admin/EmployeeData,development administrator (single session),rendered-with-data,200,CrossBuy Admin,Employee Registration,en,ltr,43,23,0,2,no,no,2026-09-20,1440x900,"development data; no e-mail, phone, IBAN or 14-digit id detected. The signed-in user name and avatar are visible in the header.",runtime viewed (screen renders); no action performed,Part 4/11 — Setting up & People,WF-HR-01,
SCR-ADMIN-EmployeesList,ar,admin-employeeslist.ar.png,/Admin/EmployeesList,/Admin/EmployeesList,development administrator (single session),rendered-with-data,200,لوحة تحكم CrossBuy,قائمة الموظفين,ar,rtl,34,35,10,2,no,no,2026-09-20,1440x900,"development data; automatic scan flagged: email:10,phone-like:1 — REVIEW BEFORE PUBLICATION",runtime viewed (screen renders); no action performed,Part 4/11 — Setting up & People,,
SCR-ADMIN-EmployeesList,en,admin-employeeslist.en.png,/Admin/EmployeesList,/Admin/EmployeesList,development administrator (single session),rendered-with-data,200,CrossBuy Admin,Employees List,en,ltr,34,35,10,2,no,no,2026-09-20,1440x900,"development data; automatic scan flagged: email:10,phone-like:1 — REVIEW BEFORE PUBLICATION",runtime viewed (screen renders); no action performed,Part 4/11 — Setting up & People,,
SCR-ADMIN-FinalSettlement,ar,admin-finalsettlement.ar.png,/Admin/FinalSettlement,/Admin/FinalSettlement,development administrator (single session),rendered-with-data,200,لوحة تحكم CrossBuy,إنهاء الخدمة والتسوية النهائية,ar,rtl,25,15,2,2,no,no,2026-09-20,1440x900,development data; automatic scan flagged: phone-like:1 — REVIEW BEFORE PUBLICATION,runtime viewed (screen renders); no action performed,Part 4/11 — Setting up & People,,
SCR-ADMIN-FinalSettlement,en,admin-finalsettlement.en.png,/Admin/FinalSettlement,/Admin/FinalSettlement,development administrator (single session),rendered-with-data,200,CrossBuy Admin,Termination & final settlement,en,ltr,25,15,2,2,no,no,2026-09-20,1440x900,development data; automatic scan flagged: phone-like:1 — REVIEW BEFORE PUBLICATION,runtime viewed (screen renders); no action performed,Part 4/11 — Setting up & People,,
SCR-ADMIN-HolidaysList,ar,admin-holidayslist.ar.png,/Admin/HolidaysList,/Admin/HolidaysList,development administrator (single session),rendered-with-data,200,لوحة تحكم CrossBuy,العطلات الرسمية,ar,rtl,27,39,11,3,no,no,2026-09-20,1440x900,development data; automatic scan flagged: phone-like:11 — REVIEW BEFORE PUBLICATION,runtime viewed (screen renders); no action performed,Part 4/11 — Setting up & People,,
SCR-ADMIN-HolidaysList,en,admin-holidayslist.en.png,/Admin/HolidaysList,/Admin/HolidaysList,development administrator (single session),rendered-with-data,200,CrossBuy Admin,Official holidays,en,ltr,27,39,11,3,no,no,2026-09-20,1440x900,development data; automatic scan flagged: phone-like:11 — REVIEW BEFORE PUBLICATION,runtime viewed (screen renders); no action performed,Part 4/11 — Setting up & People,,
SCR-ADMIN-HrDocuments,ar,admin-hrdocuments.ar.png,/Admin/HrDocuments,/Admin/HrDocuments,development administrator (single session),rendered-with-data,200,لوحة تحكم CrossBuy,مستندات وعقود الموظفين,ar,rtl,23,18,0,3,no,no,2026-09-20,1440x900,"development data; no e-mail, phone, IBAN or 14-digit id detected. The signed-in user name and avatar are visible in the header.",runtime viewed (screen renders); no action performed,Part 4/11 — Setting up & People,WF-HR-01,
SCR-ADMIN-HrDocuments,en,admin-hrdocuments.en.png,/Admin/HrDocuments,/Admin/HrDocuments,development administrator (single session),rendered-with-data,200,CrossBuy Admin,Employee contracts & documents,en,ltr,23,18,0,3,no,no,2026-09-20,1440x900,"development data; no e-mail, phone, IBAN or 14-digit id detected. The signed-in user name and avatar are visible in the header.",runtime viewed (screen renders); no action performed,Part 4/11 — Setting up & People,WF-HR-01,
SCR-ADMIN-Index,ar,admin-index.ar.png,/Admin/Index,/Admin/Index,development administrator (single session),rendered-with-data,200,لوحة تحكم CrossBuy,الموارد البشرية,ar,rtl,21,21,6,2,no,no,2026-09-20,1440x900,development data; automatic scan flagged: phone-like:1 — REVIEW BEFORE PUBLICATION,runtime viewed (screen renders); no action performed,Part 4/11 — Setting up & People,,
SCR-ADMIN-Index,en,admin-index.en.png,/Admin/Index,/Admin/Index,development administrator (single session),rendered-with-data,200,CrossBuy Admin,Human Resources,en,ltr,21,21,6,2,no,no,2026-09-20,1440x900,development data; automatic scan flagged: phone-like:1 — REVIEW BEFORE PUBLICATION,runtime viewed (screen renders); no action performed,Part 4/11 — Setting up & People,,
SCR-ADMIN-JobTitle,ar,admin-jobtitle.ar.png,/Admin/JobTitle,/Admin/JobTitle,development administrator (single session),rendered-with-data,200,لوحة تحكم CrossBuy,بيانات المسمي الوظيفي,ar,rtl,24,18,0,2,no,no,2026-09-20,1440x900,"development data; no e-mail, phone, IBAN or 14-digit id detected. The signed-in user name and avatar are visible in the header.",runtime viewed (screen renders); no action performed,Part 4/11 — Setting up & People,,
SCR-ADMIN-JobTitle,en,admin-jobtitle.en.png,/Admin/JobTitle,/Admin/JobTitle,development administrator (single session),rendered-with-data,200,CrossBuy Admin,Job Title Data,en,ltr,24,18,0,2,no,no,2026-09-20,1440x900,"development data; no e-mail, phone, IBAN or 14-digit id detected. The signed-in user name and avatar are visible in the header.",runtime viewed (screen renders); no action performed,Part 4/11 — Setting up & People,,
SCR-ADMIN-JobTitlesList,ar,admin-jobtitleslist.ar.png,/Admin/JobTitlesList,/Admin/JobTitlesList,development administrator (single session),rendered-with-data,200,لوحة تحكم CrossBuy,قائمة المسميات,ar,rtl,29,30,5,2,no,no,2026-09-20,1440x900,development data; automatic scan flagged: phone-like:1 — REVIEW BEFORE PUBLICATION,runtime viewed (screen renders); no action performed,Part 4/11 — Setting up & People,,
SCR-ADMIN-JobTitlesList,en,admin-jobtitleslist.en.png,/Admin/JobTitlesList,/Admin/JobTitlesList,development administrator (single session),rendered-with-data,200,CrossBuy Admin,Job Titles List,en,ltr,29,30,5,2,no,no,2026-09-20,1440x900,development data; automatic scan flagged: phone-like:1 — REVIEW BEFORE PUBLICATION,runtime viewed (screen renders); no action performed,Part 4/11 — Setting up & People,,
SCR-ADMIN-LeaveAccrual,ar,admin-leaveaccrual.ar.png,/Admin/LeaveAccrual,/Admin/LeaveAccrual,development administrator (single session),rendered-empty-state,200,لوحة تحكم CrossBuy,بدل الإجازات ومخصصها,ar,rtl,29,16,0,2,no,no,2026-09-20,1440x900,"development data; no e-mail, phone, IBAN or 14-digit id detected. The signed-in user name and avatar are visible in the header.",runtime viewed (screen renders); no action performed,Part 4/11 — Setting up & People,,
SCR-ADMIN-LeaveAccrual,en,admin-leaveaccrual.en.png,/Admin/LeaveAccrual,/Admin/LeaveAccrual,development administrator (single session),rendered-empty-state,200,CrossBuy Admin,Leave encashment & provision,en,ltr,29,16,0,2,no,no,2026-09-20,1440x900,"development data; no e-mail, phone, IBAN or 14-digit id detected. The signed-in user name and avatar are visible in the header.",runtime viewed (screen renders); no action performed,Part 4/11 — Setting up & People,,
SCR-ADMIN-LeaveCarryOver,ar,admin-leavecarryover.ar.png,/Admin/LeaveCarryOver,/Admin/LeaveCarryOver,development administrator (single session),rendered-with-data,200,لوحة تحكم CrossBuy,ترحيل رصيد الإجازات السنوي,ar,rtl,22,15,27,2,no,no,2026-09-20,1440x900,"development data; no e-mail, phone, IBAN or 14-digit id detected. The signed-in user name and avatar are visible in the header.",runtime viewed (screen renders); no action performed,Part 4/11 — Setting up & People,,
SCR-ADMIN-LeaveCarryOver,en,admin-leavecarryover.en.png,/Admin/LeaveCarryOver,/Admin/LeaveCarryOver,development administrator (single session),rendered-with-data,200,CrossBuy Admin,Annual leave carry-over,en,ltr,22,15,27,2,no,no,2026-09-20,1440x900,"development data; no e-mail, phone, IBAN or 14-digit id detected. The signed-in user name and avatar are visible in the header.",runtime viewed (screen renders); no action performed,Part 4/11 — Setting up & People,,
SCR-ADMIN-LeaveTypesList,ar,admin-leavetypeslist.ar.png,/Admin/LeaveTypesList,/Admin/LeaveTypesList,development administrator (single session),rendered-with-data,200,لوحة تحكم CrossBuy,أنواع الأجازات,ar,rtl,31,29,4,3,no,no,2026-09-20,1440x900,development data; automatic scan flagged: phone-like:1 — REVIEW BEFORE PUBLICATION,runtime viewed (screen renders); no action performed,Part 4/11 — Setting up & People,WF-HR-01,
SCR-ADMIN-LeaveTypesList,en,admin-leavetypeslist.en.png,/Admin/LeaveTypesList,/Admin/LeaveTypesList,development administrator (single session),rendered-with-data,200,CrossBuy Admin,Types of Leaves,en,ltr,31,29,4,3,no,no,2026-09-20,1440x900,development data; automatic scan flagged: phone-like:1 — REVIEW BEFORE PUBLICATION,runtime viewed (screen renders); no action performed,Part 4/11 — Setting up & People,WF-HR-01,
SCR-ADMIN-Polices,ar,admin-polices.ar.png,/Admin/Polices,/Admin/Polices,development administrator (single session),rendered-with-data,200,لوحة تحكم CrossBuy,اللوائح والسياسات,ar,rtl,93,59,30,6,no,no,2026-09-20,1440x900,"development data; no e-mail, phone, IBAN or 14-digit id detected. The signed-in user name and avatar are visible in the header.",runtime viewed (screen renders); no action performed,Part 4/11 — Setting up & People,,
SCR-ADMIN-Polices,en,admin-polices.en.png,/Admin/Polices,/Admin/Polices,development administrator (single session),rendered-with-data,200,CrossBuy Admin,Policies,en,ltr,93,59,30,6,no,no,2026-09-20,1440x900,"development data; no e-mail, phone, IBAN or 14-digit id detected. The signed-in user name and avatar are visible in the header.",runtime viewed (screen renders); no action performed,Part 4/11 — Setting up & People,,
SCR-ADMIN-PolicesData,ar,admin-policesdata.ar.png,/Admin/PolicesData,/Admin/PolicesData,development administrator (single session),rendered-with-data,200,لوحة تحكم CrossBuy,اللوائح والسياسات,ar,rtl,46,46,5,3,no,no,2026-09-20,1440x900,"development data; no e-mail, phone, IBAN or 14-digit id detected. The signed-in user name and avatar are visible in the header.",runtime viewed (screen renders); no action performed,Part 4/11 — Setting up & People,,
SCR-ADMIN-PolicesData,en,admin-policesdata.en.png,/Admin/PolicesData,/Admin/PolicesData,development administrator (single session),rendered-with-data,200,CrossBuy Admin,Policies,en,ltr,46,46,5,3,no,no,2026-09-20,1440x900,"development data; no e-mail, phone, IBAN or 14-digit id detected. The signed-in user name and avatar are visible in the header.",runtime viewed (screen renders); no action performed,Part 4/11 — Setting up & People,,
SCR-ADMIN-RequiredDocTypesList,ar,admin-requireddoctypeslist.ar.png,/Admin/RequiredDocTypesList,/Admin/RequiredDocTypesList,development administrator (single session),rendered-with-data,200,لوحة تحكم CrossBuy,أنواع المستندات المطلوبة,ar,rtl,27,29,6,3,no,no,2026-09-20,1440x900,"development data; no e-mail, phone, IBAN or 14-digit id detected. The signed-in user name and avatar are visible in the header.",runtime viewed (screen renders); no action performed,Part 4/11 — Setting up & People,,
SCR-ADMIN-RequiredDocTypesList,en,admin-requireddoctypeslist.en.png,/Admin/RequiredDocTypesList,/Admin/RequiredDocTypesList,development administrator (single session),rendered-with-data,200,CrossBuy Admin,Required documents,en,ltr,27,29,6,3,no,no,2026-09-20,1440x900,"development data; no e-mail, phone, IBAN or 14-digit id detected. The signed-in user name and avatar are visible in the header.",runtime viewed (screen renders); no action performed,Part 4/11 — Setting up & People,,
SCR-ADMIN-TrainingCourseEditor,ar,admin-trainingcourseeditor.ar.png,/Admin/TrainingCourseEditor,/Admin/TrainingCourseEditor,development administrator (single session),rendered-with-data,200,لوحة تحكم CrossBuy,دورة تدريبية جديدة,ar,rtl,37,16,0,2,no,no,2026-09-20,1440x900,"development data; no e-mail, phone, IBAN or 14-digit id detected. The signed-in user name and avatar are visible in the header.",runtime viewed (screen renders); no action performed,Part 4/11 — Setting up & People,,
SCR-ADMIN-TrainingCourseEditor,en,admin-trainingcourseeditor.en.png,/Admin/TrainingCourseEditor,/Admin/TrainingCourseEditor,development administrator (single session),rendered-with-data,200,CrossBuy Admin,New course,en,ltr,37,16,0,2,no,no,2026-09-20,1440x900,"development data; no e-mail, phone, IBAN or 14-digit id detected. The signed-in user name and avatar are visible in the header.",runtime viewed (screen renders); no action performed,Part 4/11 — Setting up & People,,
SCR-ADMIN-TrainingCourses,ar,admin-trainingcourses.ar.png,/Admin/TrainingCourses,/Admin/TrainingCourses,development administrator (single session),rendered-with-data,200,لوحة تحكم CrossBuy,الدورات التدريبية,ar,rtl,22,33,6,2,no,no,2026-09-20,1440x900,"development data; no e-mail, phone, IBAN or 14-digit id detected. The signed-in user name and avatar are visible in the header.",runtime viewed (screen renders); no action performed,Part 4/11 — Setting up & People,,
SCR-ADMIN-TrainingCourses,en,admin-trainingcourses.en.png,/Admin/TrainingCourses,/Admin/TrainingCourses,development administrator (single session),rendered-with-data,200,CrossBuy Admin,Training courses,en,ltr,22,33,6,2,no,no,2026-09-20,1440x900,"development data; no e-mail, phone, IBAN or 14-digit id detected. The signed-in user name and avatar are visible in the header.",runtime viewed (screen renders); no action performed,Part 4/11 — Setting up & People,,
SCR-ANNOUNCEMENTS-Index,ar,announcements-index.ar.png,/Announcements/Index,/Announcements/Index,development administrator (single session),rendered-with-data,200,لوحة تحكم CrossBuy,الإعلانات,ar,rtl,32,20,3,3,no,no,2026-09-20,1440x900,"development data; no e-mail, phone, IBAN or 14-digit id detected. The signed-in user name and avatar are visible in the header.",runtime viewed (screen renders); no action performed,Part 12 — Working together,,
SCR-ANNOUNCEMENTS-Index,en,announcements-index.en.png,/Announcements/Index,/Announcements/Index,development administrator (single session),rendered-with-data,200,CrossBuy Admin,Announcements,en,ltr,32,20,3,3,no,no,2026-09-20,1440x900,"development data; no e-mail, phone, IBAN or 14-digit id detected. The signed-in user name and avatar are visible in the header.",runtime viewed (screen renders); no action performed,Part 12 — Working together,,
SCR-APPROVALS-Index,ar,approvals-index.ar.png,/Approvals/Index,/Approvals/Index,development administrator (single session),rendered-with-data,200,لوحة تحكم CrossBuy,موافقاتي,ar,rtl,21,23,9,2,no,no,2026-09-20,1440x900,development data; automatic scan flagged: phone-like:18 — REVIEW BEFORE PUBLICATION,runtime viewed (screen renders); no action performed,Part 12 — Working together,WF-APPR-01,
SCR-APPROVALS-Index,en,approvals-index.en.png,/Approvals/Index,/Approvals/Index,development administrator (single session),rendered-with-data,200,CrossBuy Admin,My approvals,en,ltr,21,23,9,2,no,no,2026-09-20,1440x900,development data; automatic scan flagged: phone-like:18 — REVIEW BEFORE PUBLICATION,runtime viewed (screen renders); no action performed,Part 12 — Working together,WF-APPR-01,
SCR-BRAND-BrandEditor,ar,brand-brandeditor.ar.png,/Brand/BrandEditor,/Brand/BrandEditor,development administrator (single session),rendered-with-data,200,لوحة تحكم CrossBuy,علامة تجارية جديدة,ar,rtl,37,16,0,2,no,no,2026-09-20,1440x900,"development data; no e-mail, phone, IBAN or 14-digit id detected. The signed-in user name and avatar are visible in the header.",runtime viewed (screen renders); no action performed,Part 4 — Setting up,,
SCR-BRAND-BrandEditor,en,brand-brandeditor.en.png,/Brand/BrandEditor,/Brand/BrandEditor,development administrator (single session),rendered-with-data,200,CrossBuy Admin,New brand,en,ltr,37,16,0,2,no,no,2026-09-20,1440x900,"development data; no e-mail, phone, IBAN or 14-digit id detected. The signed-in user name and avatar are visible in the header.",runtime viewed (screen renders); no action performed,Part 4 — Setting up,,
SCR-BRAND-Brands,ar,brand-brands.ar.png,/Brand/Brands,/Brand/Brands,development administrator (single session),rendered-with-data,200,لوحة تحكم CrossBuy,العلامات التجارية,ar,rtl,23,23,3,2,no,no,2026-09-20,1440x900,"development data; no e-mail, phone, IBAN or 14-digit id detected. The signed-in user name and avatar are visible in the header.",runtime viewed (screen renders); no action performed,Part 4 — Setting up,,
SCR-BRAND-Brands,en,brand-brands.en.png,/Brand/Brands,/Brand/Brands,development administrator (single session),rendered-with-data,200,CrossBuy Admin,Brands,en,ltr,23,23,3,2,no,no,2026-09-20,1440x900,"development data; no e-mail, phone, IBAN or 14-digit id detected. The signed-in user name and avatar are visible in the header.",runtime viewed (screen renders); no action performed,Part 4 — Setting up,,
SCR-BUSINESSEVENTMONITOR-Index,ar,businesseventmonitor-index.ar.png,/BusinessEventMonitor/Index,/BusinessEventMonitor/Index,development administrator (single session),rendered-with-data,200,نظام المخازن - CrossBuy,مراقب أحداث المنصّة,ar,rtl,39,42,25,3,no,no,2026-09-20,1440x900,"development data; automatic scan flagged: email:1,phone-like:8 — REVIEW BEFORE PUBLICATION",runtime viewed (screen renders); no action performed,Part 13 — Reports and analytics,,
SCR-BUSINESSEVENTMONITOR-Index,en,businesseventmonitor-index.en.png,/BusinessEventMonitor/Index,/BusinessEventMonitor/Index,development administrator (single session),rendered-with-data,200,Inventory System - CrossBuy,Business Event Monitor,en,ltr,39,42,25,3,no,no,2026-09-20,1440x900,"development data; automatic scan flagged: email:1,phone-like:8 — REVIEW BEFORE PUBLICATION",runtime viewed (screen renders); no action performed,Part 13 — Reports and analytics,,
SCR-CALENDAR-Index,ar,calendar-index.ar.png,/Calendar/Index,/Calendar/Index,development administrator (single session),rendered-with-data,200,نظام المخازن - CrossBuy,التقويم,ar,rtl,40,20,7,3,no,no,2026-09-20,1440x900,development data; automatic scan flagged: phone-like:6 — REVIEW BEFORE PUBLICATION,runtime viewed (screen renders); no action performed,Part 12 — Working together,,
SCR-CALENDAR-Index,en,calendar-index.en.png,/Calendar/Index,/Calendar/Index,development administrator (single session),rendered-with-data,200,Inventory System - CrossBuy,Calendar,en,ltr,40,20,7,3,no,no,2026-09-20,1440x900,development data; automatic scan flagged: phone-like:6 — REVIEW BEFORE PUBLICATION,runtime viewed (screen renders); no action performed,Part 12 — Working together,,
SCR-CALENDAR-ResourceView,ar,calendar-resourceview.ar.png,/Calendar/ResourceView,/Calendar/ResourceView,development administrator (single session),rendered-with-data,200,نظام المخازن - CrossBuy,عرض الموارد,ar,rtl,22,13,11,1,no,no,2026-09-20,1440x900,development data; automatic scan flagged: phone-like:2 — REVIEW BEFORE PUBLICATION,runtime viewed (screen renders); no action performed,Part 12 — Working together,,
SCR-CALENDAR-ResourceView,en,calendar-resourceview.en.png,/Calendar/ResourceView,/Calendar/ResourceView,development administrator (single session),rendered-with-data,200,Inventory System - CrossBuy,Resource view,en,ltr,22,13,11,1,no,no,2026-09-20,1440x900,development data; automatic scan flagged: phone-like:2 — REVIEW BEFORE PUBLICATION,runtime viewed (screen renders); no action performed,Part 12 — Working together,,
SCR-CALENDAR-Timeline,ar,calendar-timeline.ar.png,/Calendar/Timeline,/Calendar/Timeline,development administrator (single session),rendered-with-data,200,نظام المخازن - CrossBuy,الجدول الزمني,ar,rtl,22,14,30,1,no,no,2026-09-20,1440x900,development data; automatic scan flagged: phone-like:2 — REVIEW BEFORE PUBLICATION,runtime viewed (screen renders); no action performed,Part 12 — Working together,,
SCR-CALENDAR-Timeline,en,calendar-timeline.en.png,/Calendar/Timeline,/Calendar/Timeline,development administrator (single session),rendered-with-data,200,Inventory System - CrossBuy,Timeline,en,ltr,22,14,30,1,no,no,2026-09-20,1440x900,development data; automatic scan flagged: phone-like:2 — REVIEW BEFORE PUBLICATION,runtime viewed (screen renders); no action performed,Part 12 — Working together,,
SCR-CHAT-Index,ar,chat-index.ar.png,/Chat/Index,/Chat/Index,development administrator (single session),rendered-with-data,200,لوحة تحكم CrossBuy,المحادثات,ar,rtl,30,26,0,7,no,no,2026-09-20,1440x900,"development data; no e-mail, phone, IBAN or 14-digit id detected. The signed-in user name and avatar are visible in the header.",runtime viewed (screen renders); no action performed,Part 12 — Working together,,
SCR-CHAT-Index,en,chat-index.en.png,/Chat/Index,/Chat/Index,development administrator (single session),rendered-with-data,200,CrossBuy Admin,Chat,en,ltr,30,26,0,7,no,no,2026-09-20,1440x900,"development data; no e-mail, phone, IBAN or 14-digit id detected. The signed-in user name and avatar are visible in the header.",runtime viewed (screen renders); no action performed,Part 12 — Working together,,
SCR-CLIENTPORTAL-Index,ar,clientportal-index.ar.png,/ClientPortal/Index,/ClientPortal/Index,development administrator (single session),rendered-but-near-empty,200,No portal access — CrossBusiness,,ar,rtl,0,0,0,0,no,no,2026-09-20,1440x900,"development data; no e-mail, phone, IBAN or 14-digit id detected. The signed-in user name and avatar are visible in the header.",runtime viewed (screen renders); no action performed,Part 15 — Outside the company,WF-EXT-01,
SCR-CLIENTPORTAL-Index,en,clientportal-index.en.png,/ClientPortal/Index,/ClientPortal/Index,development administrator (single session),rendered-with-data,200,No portal access — CrossBusiness,,en,ltr,0,0,0,0,no,no,2026-09-20,1440x900,"development data; no e-mail, phone, IBAN or 14-digit id detected. The signed-in user name and avatar are visible in the header.",runtime viewed (screen renders); no action performed,Part 15 — Outside the company,WF-EXT-01,
SCR-CLIENTPORTAL-Invoices,ar,clientportal-invoices.ar.png,/ClientPortal/Invoices,/ClientPortal/Invoices,development administrator (single session),rendered-but-near-empty,200,Invoices & Payments — CrossBusiness,الفواتير والمدفوعات,ar,rtl,0,0,0,0,no,no,2026-09-20,1440x900,"development data; no e-mail, phone, IBAN or 14-digit id detected. The signed-in user name and avatar are visible in the header.",runtime viewed (screen renders); no action performed,Part 15 — Outside the company,,
SCR-CLIENTPORTAL-Invoices,en,clientportal-invoices.en.png,/ClientPortal/Invoices,/ClientPortal/Invoices,development administrator (single session),rendered-but-near-empty,200,Invoices & Payments — CrossBusiness,Invoices & Payments,en,ltr,0,0,0,0,no,no,2026-09-20,1440x900,"development data; no e-mail, phone, IBAN or 14-digit id detected. The signed-in user name and avatar are visible in the header.",runtime viewed (screen renders); no action performed,Part 15 — Outside the company,,
SCR-CLIENTPORTAL-NoAccess,ar,,/ClientPortal/NoAccess,,development administrator (single session),error,,,,ar,,,,,,no,no,2026-09-20,1440x900,not captured,not verified — capture failed,Part 15 — Outside the company,,"Error: page.goto: net::ERR_HTTP_RESPONSE_CODE_FAILURE at https://localhost:44368/ClientPortal/NoAccess
Call log:
[2m  - navigating to ""https://localhost:44368/"
SCR-CLIENTPORTAL-NoAccess,en,,/ClientPortal/NoAccess,,development administrator (single session),error,,,,en,,,,,,no,no,2026-09-20,1440x900,not captured,not verified — capture failed,Part 15 — Outside the company,,"Error: page.goto: net::ERR_HTTP_RESPONSE_CODE_FAILURE at https://localhost:44368/ClientPortal/NoAccess
Call log:
[2m  - navigating to ""https://localhost:44368/"
SCR-CLIENTPORTAL-Projects,ar,,/ClientPortal/Projects,,development administrator (single session),error,,,,ar,,,,,,no,no,2026-09-20,1440x900,not captured,not verified — capture failed,Part 15 — Outside the company,,"Error: page.goto: Navigation to ""https://localhost:44368/ClientPortal/Projects"" is interrupted by another navigation to ""about:blank""
Call log:
[2m  - navigati"
SCR-CLIENTPORTAL-Projects,en,clientportal-projects.en.png,/ClientPortal/Projects,/ClientPortal/Projects,development administrator (single session),rendered-but-near-empty,200,My Projects — CrossBusiness,My Projects,en,ltr,0,0,0,0,no,no,2026-09-20,1440x900,"development data; no e-mail, phone, IBAN or 14-digit id detected. The signed-in user name and avatar are visible in the header.",runtime viewed (screen renders); no action performed,Part 15 — Outside the company,,
SCR-CLIENTPORTAL-Quotations,ar,clientportal-quotations.ar.png,/ClientPortal/Quotations,/ClientPortal/Quotations,development administrator (single session),rendered-but-near-empty,200,Quotations — CrossBusiness,عروض الأسعار,ar,rtl,0,0,0,0,no,no,2026-09-20,1440x900,"development data; no e-mail, phone, IBAN or 14-digit id detected. The signed-in user name and avatar are visible in the header.",runtime viewed (screen renders); no action performed,Part 15 — Outside the company,,
SCR-CLIENTPORTAL-Quotations,en,clientportal-quotations.en.png,/ClientPortal/Quotations,/ClientPortal/Quotations,development administrator (single session),rendered-but-near-empty,200,Quotations — CrossBusiness,Quotations,en,ltr,0,0,0,0,no,no,2026-09-20,1440x900,"development data; no e-mail, phone, IBAN or 14-digit id detected. The signed-in user name and avatar are visible in the header.",runtime viewed (screen renders); no action performed,Part 15 — Outside the company,,
SCR-COMM-Compose,ar,comm-compose.ar.png,/Comm/Compose,/Comm/Compose,development administrator (single session),rendered-with-data,200,لوحة تحكم CrossBuy,البريد,ar,rtl,26,27,0,3,no,no,2026-09-20,1440x900,"development data; no e-mail, phone, IBAN or 14-digit id detected. The signed-in user name and avatar are visible in the header.",runtime viewed (screen renders); no action performed,Part 12 — Working together,,
SCR-COMM-Compose,en,comm-compose.en.png,/Comm/Compose,/Comm/Compose,development administrator (single session),rendered-with-data,200,CrossBuy Admin,Email,en,ltr,26,27,0,3,no,no,2026-09-20,1440x900,"development data; no e-mail, phone, IBAN or 14-digit id detected. The signed-in user name and avatar are visible in the header.",runtime viewed (screen renders); no action performed,Part 12 — Working together,,
SCR-COMM-Index,ar,comm-index.ar.png,/Comm/Index,/Comm/Index,development administrator (single session),rendered-with-data,200,لوحة تحكم CrossBuy,البريد,ar,rtl,36,30,14,2,no,no,2026-09-20,1440x900,"development data; automatic scan flagged: email:6,phone-like:4 — REVIEW BEFORE PUBLICATION",runtime viewed (screen renders); no action performed,Part 12 — Working together,,
SCR-COMM-Index,en,comm-index.en.png,/Comm/Index,/Comm/Index,development administrator (single session),rendered-with-data,200,CrossBuy Admin,Email,en,ltr,36,30,14,2,no,no,2026-09-20,1440x900,"development data; automatic scan flagged: email:6,phone-like:4 — REVIEW BEFORE PUBLICATION",runtime viewed (screen renders); no action performed,Part 12 — Working together,,
SCR-COMM-View,ar,,/Comm/View,,development administrator (single session),error,,,,ar,,,,,,no,no,2026-09-20,1440x900,not captured,not verified — capture failed,Part 12 — Working together,,"Error: page.goto: net::ERR_HTTP_RESPONSE_CODE_FAILURE at https://localhost:44368/Comm/View
Call log:
[2m  - navigating to ""https://localhost:44368/Comm/View"", "
SCR-COMM-View,en,,/Comm/View,,development administrator (single session),error,,,,en,,,,,,no,no,2026-09-20,1440x900,not captured,not verified — capture failed,Part 12 — Working together,,"Error: page.goto: net::ERR_HTTP_RESPONSE_CODE_FAILURE at https://localhost:44368/Comm/View
Call log:
[2m  - navigating to ""https://localhost:44368/Comm/View"", "
SCR-CRM-AccountEditor,ar,crm-accounteditor.ar.png,/Crm/AccountEditor,/Crm/AccountEditor,development administrator (single session),rendered-with-data (after re-authentication),200,النظام المحاسبي - CrossBuy,حساب جديد,ar,rtl,92,52,0,5,yes,no,2026-09-20,1440x900,"development data; no e-mail, phone, IBAN or 14-digit id detected. The signed-in user name and avatar are visible in the header.",runtime viewed (screen renders); no action performed,Part 10 — Customers and relationships,,
SCR-CRM-AccountEditor,en,crm-accounteditor.en.png,/Crm/AccountEditor,/Crm/AccountEditor,development administrator (single session),rendered-with-data (after re-authentication),200,Accounting System - CrossBuy,New account,en,ltr,92,52,0,5,yes,no,2026-09-20,1440x900,"development data; no e-mail, phone, IBAN or 14-digit id detected. The signed-in user name and avatar are visible in the header.",runtime viewed (screen renders); no action performed,Part 10 — Customers and relationships,,
SCR-CRM-AccountInsights,ar,crm-accountinsights.ar.png,/Crm/AccountInsights,/Crm/AccountInsights,development administrator (single session),rendered-with-data,200,لوحة تحكم CrossBuy,تحليلات الحسابات,ar,rtl,23,50,17,3,no,no,2026-09-20,1440x900,development data; automatic scan flagged: phone-like:11 — REVIEW BEFORE PUBLICATION,runtime viewed (screen renders); no action performed,Part 10 — Customers and relationships,,
SCR-CRM-AccountInsights,en,crm-accountinsights.en.png,/Crm/AccountInsights,/Crm/AccountInsights,development administrator (single session),rendered-with-data,200,CrossBuy Admin,Account Insights,en,ltr,23,50,17,3,no,no,2026-09-20,1440x900,development data; automatic scan flagged: phone-like:11 — REVIEW BEFORE PUBLICATION,runtime viewed (screen renders); no action performed,Part 10 — Customers and relationships,,
SCR-CRM-Accounts,ar,crm-accounts.ar.png,/Crm/Accounts,/Crm/Accounts,development administrator (single session),rendered-with-data,200,النظام المحاسبي - CrossBuy,الحسابات,ar,rtl,82,67,16,5,no,no,2026-09-20,1440x900,development data; automatic scan flagged: phone-like:8 — REVIEW BEFORE PUBLICATION,runtime viewed (screen renders); no action performed,Part 10 — Customers and relationships,WF-CRM-01,
SCR-CRM-Accounts,en,crm-accounts.en.png,/Crm/Accounts,/Crm/Accounts,development administrator (single session),rendered-empty-state,200,Accounting System - CrossBuy,Accounts,en,ltr,82,51,0,5,no,no,2026-09-20,1440x900,development data; automatic scan flagged: phone-like:1 — REVIEW BEFORE PUBLICATION,runtime viewed (screen renders); no action performed,Part 10 — Customers and relationships,WF-CRM-01,
SCR-CRM-Activities,ar,crm-activities.ar.png,/Crm/Activities,/Crm/Activities,development administrator (single session),rendered-with-data,200,النظام المحاسبي - CrossBuy,الأنشطة والمهام,ar,rtl,90,80,13,6,no,no,2026-09-20,1440x900,development data; automatic scan flagged: phone-like:8 — REVIEW BEFORE PUBLICATION,runtime viewed (screen renders); no action performed,Part 10 — Customers and relationships,,
SCR-CRM-Activities,en,crm-activities.en.png,/Crm/Activities,/Crm/Activities,development administrator (single session),rendered-empty-state,200,Accounting System - CrossBuy,Activities & tasks,en,ltr,90,54,0,6,no,no,2026-09-20,1440x900,development data; automatic scan flagged: phone-like:1 — REVIEW BEFORE PUBLICATION,runtime viewed (screen renders); no action performed,Part 10 — Customers and relationships,,
SCR-CRM-AutomationRules,ar,crm-automationrules.ar.png,/Crm/AutomationRules,/Crm/AutomationRules,development administrator (single session),rendered-with-data,200,لوحة تحكم CrossBuy,قواعد الأتمتة (CRM),ar,rtl,34,17,2,2,no,no,2026-09-20,1440x900,"development data; no e-mail, phone, IBAN or 14-digit id detected. The signed-in user name and avatar are visible in the header.",runtime viewed (screen renders); no action performed,Part 10 — Customers and relationships,,
SCR-CRM-AutomationRules,en,crm-automationrules.en.png,/Crm/AutomationRules,/Crm/AutomationRules,development administrator (single session),rendered-with-data,200,CrossBuy Admin,Automation rules (CRM),en,ltr,34,17,2,2,no,no,2026-09-20,1440x900,"development data; no e-mail, phone, IBAN or 14-digit id detected. The signed-in user name and avatar are visible in the header.",runtime viewed (screen renders); no action performed,Part 10 — Customers and relationships,,
SCR-CRM-CampaignDetail,ar,crm-campaigndetail.ar.png,/Crm/CampaignDetail,/Crm/Campaigns,development administrator (single session),rendered-with-data,200,النظام المحاسبي - CrossBuy,الحملات التسويقية,ar,rtl,95,58,2,6,no,no,2026-09-20,1440x900,development data; automatic scan flagged: phone-like:7 — REVIEW BEFORE PUBLICATION,runtime viewed (screen renders); no action performed,Part 10 — Customers and relationships,,
SCR-CRM-CampaignDetail,en,crm-campaigndetail.en.png,/Crm/CampaignDetail,/Crm/Campaigns,development administrator (single session),rendered-with-data,200,Accounting System - CrossBuy,Campaigns,en,ltr,95,58,2,6,no,no,2026-09-20,1440x900,development data; automatic scan flagged: phone-like:7 — REVIEW BEFORE PUBLICATION,runtime viewed (screen renders); no action performed,Part 10 — Customers and relationships,,
SCR-CRM-Campaigns,ar,crm-campaigns.ar.png,/Crm/Campaigns,/Crm/Campaigns,development administrator (single session),rendered-with-data,200,النظام المحاسبي - CrossBuy,الحملات التسويقية,ar,rtl,95,58,2,6,no,no,2026-09-20,1440x900,development data; automatic scan flagged: phone-like:7 — REVIEW BEFORE PUBLICATION,runtime viewed (screen renders); no action performed,Part 10 — Customers and relationships,,
SCR-CRM-Campaigns,en,crm-campaigns.en.png,/Crm/Campaigns,/Crm/Campaigns,development administrator (single session),rendered-with-data,200,Accounting System - CrossBuy,Campaigns,en,ltr,95,58,2,6,no,no,2026-09-20,1440x900,development data; automatic scan flagged: phone-like:7 — REVIEW BEFORE PUBLICATION,runtime viewed (screen renders); no action performed,Part 10 — Customers and relationships,,
SCR-CRM-CrmRoles,ar,crm-crmroles.ar.png,/Crm/CrmRoles,/Crm/CrmRoles,development administrator (single session),rendered-with-data,200,النظام المحاسبي - CrossBuy,صلاحيات CRM,ar,rtl,82,55,5,5,no,no,2026-09-20,1440x900,"development data; no e-mail, phone, IBAN or 14-digit id detected. The signed-in user name and avatar are visible in the header.",runtime viewed (screen renders); no action performed,Part 10 — Customers and relationships,WF-SETUP-02,
SCR-CRM-CrmRoles,en,crm-crmroles.en.png,/Crm/CrmRoles,/Crm/CrmRoles,development administrator (single session),rendered-with-data,200,Accounting System - CrossBuy,CRM Roles,en,ltr,82,55,5,5,no,no,2026-09-20,1440x900,"development data; no e-mail, phone, IBAN or 14-digit id detected. The signed-in user name and avatar are visible in the header.",runtime viewed (screen renders); no action performed,Part 10 — Customers and relationships,WF-SETUP-02,
SCR-CRM-CustomFields,ar,crm-customfields.ar.png,/Crm/CustomFields,/Crm/CustomFields,development administrator (single session),rendered-with-data,200,لوحة تحكم CrossBuy,الحقول المخصّصة (CRM),ar,rtl,30,20,5,2,no,no,2026-09-20,1440x900,"development data; no e-mail, phone, IBAN or 14-digit id detected. The signed-in user name and avatar are visible in the header.",runtime viewed (screen renders); no action performed,Part 10 — Customers and relationships,,
SCR-CRM-CustomFields,en,crm-customfields.en.png,/Crm/CustomFields,/Crm/CustomFields,development administrator (single session),rendered-with-data,200,CrossBuy Admin,Custom fields (CRM),en,ltr,30,20,5,2,no,no,2026-09-20,1440x900,"development data; no e-mail, phone, IBAN or 14-digit id detected. The signed-in user name and avatar are visible in the header.",runtime viewed (screen renders); no action performed,Part 10 — Customers and relationships,,
SCR-CRM-Forecast,ar,crm-forecast.ar.png,/Crm/Forecast,/Crm/Forecast,development administrator (single session),rendered-with-data,200,النظام المحاسبي - CrossBuy,التنبؤ بالمبيعات,ar,rtl,80,49,3,5,no,no,2026-09-20,1440x900,development data; automatic scan flagged: phone-like:3 — REVIEW BEFORE PUBLICATION,runtime viewed (screen renders); no action performed,Part 10 — Customers and relationships,,
SCR-CRM-Forecast,en,crm-forecast.en.png,/Crm/Forecast,/Crm/Forecast,development administrator (single session),rendered-with-data,200,Accounting System - CrossBuy,Sales forecast,en,ltr,80,49,3,5,no,no,2026-09-20,1440x900,development data; automatic scan flagged: phone-like:3 — REVIEW BEFORE PUBLICATION,runtime viewed (screen renders); no action performed,Part 10 — Customers and relationships,,
SCR-CRM-Index,ar,crm-index.ar.png,/Crm/Index,/Crm/Index,development administrator (single session),rendered-with-data,200,النظام المحاسبي - CrossBuy,إدارة العلاقات,ar,rtl,80,56,0,5,no,no,2026-09-20,1440x900,"development data; no e-mail, phone, IBAN or 14-digit id detected. The signed-in user name and avatar are visible in the header.",runtime viewed (screen renders); no action performed,Part 10 — Customers and relationships,,
SCR-CRM-Index,en,crm-index.en.png,/Crm/Index,/Crm/Index,development administrator (single session),rendered-with-data,200,Accounting System - CrossBuy,CRM,en,ltr,80,56,0,5,no,no,2026-09-20,1440x900,"development data; no e-mail, phone, IBAN or 14-digit id detected. The signed-in user name and avatar are visible in the header.",runtime viewed (screen renders); no action performed,Part 10 — Customers and relationships,,
SCR-CRM-Leads,ar,crm-leads.ar.png,/Crm/Leads,/Crm/Leads,development administrator (single session),rendered-with-data,200,النظام المحاسبي - CrossBuy,العملاء المحتملون,ar,rtl,96,78,12,6,no,no,2026-09-20,1440x900,development data; automatic scan flagged: phone-like:12 — REVIEW BEFORE PUBLICATION,runtime viewed (screen renders); no action performed,Part 10 — Customers and relationships,WF-CRM-01,
SCR-CRM-Leads,en,crm-leads.en.png,/Crm/Leads,/Crm/Leads,development administrator (single session),rendered-empty-state,200,Accounting System - CrossBuy,Leads,en,ltr,96,54,0,6,no,no,2026-09-20,1440x900,development data; automatic scan flagged: phone-like:1 — REVIEW BEFORE PUBLICATION,runtime viewed (screen renders); no action performed,Part 10 — Customers and relationships,WF-CRM-01,
SCR-CRM-ListEditor,ar,crm-listeditor.ar.png,/Crm/ListEditor,/Crm/ListEditor,development administrator (single session),rendered-empty-state,200,النظام المحاسبي - CrossBuy,قائمة جديدة,ar,rtl,85,51,0,5,no,no,2026-09-20,1440x900,"development data; no e-mail, phone, IBAN or 14-digit id detected. The signed-in user name and avatar are visible in the header.",runtime viewed (screen renders); no action performed,Part 10 — Customers and relationships,,
SCR-CRM-ListEditor,en,crm-listeditor.en.png,/Crm/ListEditor,/Crm/ListEditor,development administrator (single session),rendered-with-data,200,Accounting System - CrossBuy,New list,en,ltr,85,51,0,5,no,no,2026-09-20,1440x900,"development data; no e-mail, phone, IBAN or 14-digit id detected. The signed-in user name and avatar are visible in the header.",runtime viewed (screen renders); no action performed,Part 10 — Customers and relationships,,
SCR-CRM-MarketingLists,ar,crm-marketinglists.ar.png,/Crm/MarketingLists,/Crm/MarketingLists,development administrator (single session),rendered-empty-state,200,النظام المحاسبي - CrossBuy,القوائم التسويقية,ar,rtl,82,51,0,5,no,no,2026-09-20,1440x900,development data; automatic scan flagged: phone-like:1 — REVIEW BEFORE PUBLICATION,runtime viewed (screen renders); no action performed,Part 10 — Customers and relationships,,
SCR-CRM-MarketingLists,en,crm-marketinglists.en.png,/Crm/MarketingLists,/Crm/MarketingLists,development administrator (single session),rendered-empty-state,200,Accounting System - CrossBuy,Marketing lists,en,ltr,82,51,0,5,no,no,2026-09-20,1440x900,development data; automatic scan flagged: phone-like:1 — REVIEW BEFORE PUBLICATION,runtime viewed (screen renders); no action performed,Part 10 — Customers and relationships,,
SCR-CRM-Opportunities,ar,crm-opportunities.ar.png,/Crm/Opportunities,/Crm/Opportunities,development administrator (single session),rendered-with-data,200,النظام المحاسبي - CrossBuy,الفرص,ar,rtl,95,68,7,6,no,no,2026-09-20,1440x900,development data; automatic scan flagged: phone-like:5 — REVIEW BEFORE PUBLICATION,runtime viewed (screen renders); no action performed,Part 10 — Customers and relationships,WF-CRM-01,
SCR-CRM-Opportunities,en,crm-opportunities.en.png,/Crm/Opportunities,/Crm/Opportunities,development administrator (single session),rendered-empty-state,200,Accounting System - CrossBuy,Opportunities,en,ltr,95,54,0,6,no,no,2026-09-20,1440x900,development data; automatic scan flagged: phone-like:1 — REVIEW BEFORE PUBLICATION,runtime viewed (screen renders); no action performed,Part 10 — Customers and relationships,WF-CRM-01,
SCR-CRM-OpportunityInsights,ar,crm-opportunityinsights.ar.png,/Crm/OpportunityInsights,/Crm/OpportunityInsights,development administrator (single session),rendered-with-data,200,لوحة تحكم CrossBuy,تحليلات الفرص,ar,rtl,24,46,15,3,no,no,2026-09-20,1440x900,development data; automatic scan flagged: phone-like:4 — REVIEW BEFORE PUBLICATION,runtime viewed (screen renders); no action performed,Part 10 — Customers and relationships,,
SCR-CRM-OpportunityInsights,en,crm-opportunityinsights.en.png,/Crm/OpportunityInsights,/Crm/OpportunityInsights,development administrator (single session),rendered-with-data,200,CrossBuy Admin,Opportunity Insights,en,ltr,24,46,15,3,no,no,2026-09-20,1440x900,development data; automatic scan flagged: phone-like:4 — REVIEW BEFORE PUBLICATION,runtime viewed (screen renders); no action performed,Part 10 — Customers and relationships,,
SCR-CRM-OpportunityProducts,ar,crm-opportunityproducts.ar.png,/Crm/OpportunityProducts,/Crm/Opportunities,development administrator (single session),rendered-with-data,200,النظام المحاسبي - CrossBuy,الفرص,ar,rtl,95,68,7,6,no,no,2026-09-20,1440x900,development data; automatic scan flagged: phone-like:5 — REVIEW BEFORE PUBLICATION,runtime viewed (screen renders); no action performed,Part 10 — Customers and relationships,,
SCR-CRM-OpportunityProducts,en,crm-opportunityproducts.en.png,/Crm/OpportunityProducts,/Crm/Opportunities,development administrator (single session),rendered-with-data,200,Accounting System - CrossBuy,Opportunities,en,ltr,95,68,7,6,no,no,2026-09-20,1440x900,development data; automatic scan flagged: phone-like:5 — REVIEW BEFORE PUBLICATION,runtime viewed (screen renders); no action performed,Part 10 — Customers and relationships,,
SCR-CRM-Pipeline,ar,crm-pipeline.ar.png,/Crm/Pipeline,/Crm/Pipeline,development administrator (single session),rendered-with-data,200,النظام المحاسبي - CrossBuy,مسار المبيعات,ar,rtl,80,51,0,5,no,no,2026-09-20,1440x900,development data; automatic scan flagged: phone-like:4 — REVIEW BEFORE PUBLICATION,runtime viewed (screen renders); no action performed,Part 10 — Customers and relationships,WF-CRM-01,
SCR-CRM-Pipeline,en,crm-pipeline.en.png,/Crm/Pipeline,/Crm/Pipeline,development administrator (single session),rendered-with-data,200,Accounting System - CrossBuy,Sales pipeline,en,ltr,80,51,0,5,no,no,2026-09-20,1440x900,development data; automatic scan flagged: phone-like:4 — REVIEW BEFORE PUBLICATION,runtime viewed (screen renders); no action performed,Part 10 — Customers and relationships,WF-CRM-01,
SCR-CRM-PipelineEditor,ar,crm-pipelineeditor.ar.png,/Crm/PipelineEditor,/Crm/PipelineEditor,development administrator (single session),rendered-with-data,200,النظام المحاسبي - CrossBuy,مسار جديد,ar,rtl,108,59,6,5,no,no,2026-09-20,1440x900,development data; automatic scan flagged: phone-like:1 — REVIEW BEFORE PUBLICATION,runtime viewed (screen renders); no action performed,Part 10 — Customers and relationships,,
SCR-CRM-PipelineEditor,en,crm-pipelineeditor.en.png,/Crm/PipelineEditor,/Crm/PipelineEditor,development administrator (single session),rendered-with-data,200,Accounting System - CrossBuy,New pipeline,en,ltr,108,59,6,5,no,no,2026-09-20,1440x900,development data; automatic scan flagged: phone-like:1 — REVIEW BEFORE PUBLICATION,runtime viewed (screen renders); no action performed,Part 10 — Customers and relationships,,
SCR-CRM-Pipelines,ar,crm-pipelines.ar.png,/Crm/Pipelines,/Crm/Pipelines,development administrator (single session),rendered-with-data,200,النظام المحاسبي - CrossBuy,المسارات,ar,rtl,80,51,1,5,no,no,2026-09-20,1440x900,"development data; no e-mail, phone, IBAN or 14-digit id detected. The signed-in user name and avatar are visible in the header.",runtime viewed (screen renders); no action performed,Part 10 — Customers and relationships,,
SCR-CRM-Pipelines,en,crm-pipelines.en.png,/Crm/Pipelines,/Crm/Pipelines,development administrator (single session),rendered-with-data,200,Accounting System - CrossBuy,Pipelines,en,ltr,80,51,1,5,no,no,2026-09-20,1440x900,"development data; no e-mail, phone, IBAN or 14-digit id detected. The signed-in user name and avatar are visible in the header.",runtime viewed (screen renders); no action performed,Part 10 — Customers and relationships,,
SCR-CRM-Reports,ar,crm-reports.ar.png,/Crm/Reports,/Crm/Reports,development administrator (single session),rendered-with-data,200,النظام المحاسبي - CrossBuy,تقارير CRM 360°,ar,rtl,80,49,8,5,no,no,2026-09-20,1440x900,"development data; no e-mail, phone, IBAN or 14-digit id detected. The signed-in user name and avatar are visible in the header.",runtime viewed (screen renders); no action performed,Part 10 — Customers and relationships,,
SCR-CRM-Reports,en,crm-reports.en.png,/Crm/Reports,/Crm/Reports,development administrator (single session),rendered-with-data,200,Accounting System - CrossBuy,CRM 360° reports,en,ltr,80,49,8,5,no,no,2026-09-20,1440x900,"development data; no e-mail, phone, IBAN or 14-digit id detected. The signed-in user name and avatar are visible in the header.",runtime viewed (screen renders); no action performed,Part 10 — Customers and relationships,,
SCR-CRM-ScoringRules,ar,crm-scoringrules.ar.png,/Crm/ScoringRules,/Crm/ScoringRules,development administrator (single session),rendered-with-data,200,النظام المحاسبي - CrossBuy,تقييم العملاء والأتمتة,ar,rtl,90,59,5,6,no,no,2026-09-20,1440x900,"development data; no e-mail, phone, IBAN or 14-digit id detected. The signed-in user name and avatar are visible in the header.",runtime viewed (screen renders); no action performed,Part 10 — Customers and relationships,,
SCR-CRM-ScoringRules,en,crm-scoringrules.en.png,/Crm/ScoringRules,/Crm/ScoringRules,development administrator (single session),rendered-with-data,200,Accounting System - CrossBuy,Lead scoring & automation,en,ltr,90,59,5,6,no,no,2026-09-20,1440x900,"development data; no e-mail, phone, IBAN or 14-digit id detected. The signed-in user name and avatar are visible in the header.",runtime viewed (screen renders); no action performed,Part 10 — Customers and relationships,,
SCR-CRM-SlaPolicies,ar,crm-slapolicies.ar.png,/Crm/SlaPolicies,/Crm/SlaPolicies,development administrator (single session),rendered-with-data,200,النظام المحاسبي - CrossBuy,سياسات SLA,ar,rtl,85,56,4,6,no,no,2026-09-20,1440x900,"development data; no e-mail, phone, IBAN or 14-digit id detected. The signed-in user name and avatar are visible in the header.",runtime viewed (screen renders); no action performed,Part 10 — Customers and relationships,,
SCR-CRM-SlaPolicies,en,crm-slapolicies.en.png,/Crm/SlaPolicies,/Crm/SlaPolicies,development administrator (single session),rendered-with-data,200,Accounting System - CrossBuy,SLA policies,en,ltr,85,56,4,6,no,no,2026-09-20,1440x900,"development data; no e-mail, phone, IBAN or 14-digit id detected. The signed-in user name and avatar are visible in the header.",runtime viewed (screen renders); no action performed,Part 10 — Customers and relationships,,
SCR-CRM-TicketEditor,ar,crm-ticketeditor.ar.png,/Crm/TicketEditor,/Crm/TicketEditor,development administrator (single session),rendered-with-data,200,النظام المحاسبي - CrossBuy,تذكرة جديدة,ar,rtl,88,51,0,5,no,no,2026-09-20,1440x900,"development data; no e-mail, phone, IBAN or 14-digit id detected. The signed-in user name and avatar are visible in the header.",runtime viewed (screen renders); no action performed,Part 10 — Customers and relationships,,
SCR-CRM-TicketEditor,en,crm-ticketeditor.en.png,/Crm/TicketEditor,/Crm/TicketEditor,development administrator (single session),rendered-with-data,200,Accounting System - CrossBuy,New ticket,en,ltr,88,51,0,5,no,no,2026-09-20,1440x900,"development data; no e-mail, phone, IBAN or 14-digit id detected. The signed-in user name and avatar are visible in the header.",runtime viewed (screen renders); no action performed,Part 10 — Customers and relationships,,
SCR-CRM-Tickets,ar,crm-tickets.ar.png,/Crm/Tickets,/Crm/Tickets,development administrator (single session),rendered-with-data,200,النظام المحاسبي - CrossBuy,التذاكر,ar,rtl,84,57,6,5,no,no,2026-09-20,1440x900,development data; automatic scan flagged: phone-like:2 — REVIEW BEFORE PUBLICATION,runtime viewed (screen renders); no action performed,Part 10 — Customers and relationships,WF-CRM-01,
SCR-CRM-Tickets,en,crm-tickets.en.png,/Crm/Tickets,/Crm/Tickets,development administrator (single session),rendered-with-data,200,Accounting System - CrossBuy,Tickets,en,ltr,84,57,6,5,no,no,2026-09-20,1440x900,development data; automatic scan flagged: phone-like:2 — REVIEW BEFORE PUBLICATION,runtime viewed (screen renders); no action performed,Part 10 — Customers and relationships,WF-CRM-01,
SCR-CURRENCY-Currencies,ar,currency-currencies.ar.png,/Currency/Currencies,/Currency/Currencies,development administrator (single session),rendered-with-data,200,النظام المحاسبي - CrossBuy,العملات,ar,rtl,86,57,5,6,no,no,2026-09-20,1440x900,"development data; no e-mail, phone, IBAN or 14-digit id detected. The signed-in user name and avatar are visible in the header.",runtime viewed (screen renders); no action performed,Part 5 — Accounting,WF-ACC-01,
SCR-CURRENCY-Currencies,en,currency-currencies.en.png,/Currency/Currencies,/Currency/Currencies,development administrator (single session),rendered-with-data,200,Accounting System - CrossBuy,Currencies,en,ltr,86,57,5,6,no,no,2026-09-20,1440x900,"development data; no e-mail, phone, IBAN or 14-digit id detected. The signed-in user name and avatar are visible in the header.",runtime viewed (screen renders); no action performed,Part 5 — Accounting,WF-ACC-01,
SCR-CURRENCY-ExchangeRates,ar,currency-exchangerates.ar.png,/Currency/ExchangeRates,/Currency/ExchangeRates,development administrator (single session),rendered-with-data,200,النظام المحاسبي - CrossBuy,أسعار الصرف,ar,rtl,87,52,17,6,no,no,2026-09-20,1440x900,"development data; no e-mail, phone, IBAN or 14-digit id detected. The signed-in user name and avatar are visible in the header.",runtime viewed (screen renders); no action performed,Part 5 — Accounting,WF-ACC-01,
SCR-CURRENCY-ExchangeRates,en,currency-exchangerates.en.png,/Currency/ExchangeRates,/Currency/ExchangeRates,development administrator (single session),rendered-with-data,200,Accounting System - CrossBuy,Exchange Rates,en,ltr,87,52,17,6,no,no,2026-09-20,1440x900,"development data; no e-mail, phone, IBAN or 14-digit id detected. The signed-in user name and avatar are visible in the header.",runtime viewed (screen renders); no action performed,Part 5 — Accounting,WF-ACC-01,
SCR-CURRENCY-Revaluation,ar,currency-revaluation.ar.png,/Currency/Revaluation,/Currency/Revaluation,development administrator (single session),rendered-with-data,200,النظام المحاسبي - CrossBuy,إعادة تقييم العملات الأجنبية,ar,rtl,84,51,6,5,no,no,2026-09-20,1440x900,development data; automatic scan flagged: phone-like:2 — REVIEW BEFORE PUBLICATION,runtime viewed (screen renders); no action performed,Part 5 — Accounting,WF-ACC-02,
SCR-CURRENCY-Revaluation,en,currency-revaluation.en.png,/Currency/Revaluation,/Currency/Revaluation,development administrator (single session),rendered-with-data,200,Accounting System - CrossBuy,FX Revaluation,en,ltr,84,51,6,5,no,no,2026-09-20,1440x900,development data; automatic scan flagged: phone-like:2 — REVIEW BEFORE PUBLICATION,runtime viewed (screen renders); no action performed,Part 5 — Accounting,WF-ACC-02,
SCR-CURRENCY-Setup,ar,currency-setup.ar.png,/Currency/Setup,/Currency/Setup,development administrator (single session),rendered-with-data,200,النظام المحاسبي - CrossBuy,إعداد العملة الوظيفية,ar,rtl,89,57,8,5,no,no,2026-09-20,1440x900,"development data; no e-mail, phone, IBAN or 14-digit id detected. The signed-in user name and avatar are visible in the header.",runtime viewed (screen renders); no action performed,Part 5 — Accounting,WF-ACC-01,
SCR-CURRENCY-Setup,en,currency-setup.en.png,/Currency/Setup,/Currency/Setup,development administrator (single session),rendered-with-data,200,Accounting System - CrossBuy,Functional Currency Setup,en,ltr,89,57,8,5,no,no,2026-09-20,1440x900,"development data; no e-mail, phone, IBAN or 14-digit id detected. The signed-in user name and avatar are visible in the header.",runtime viewed (screen renders); no action performed,Part 5 — Accounting,WF-ACC-01,
SCR-DOCUMENTS-Workspace,ar,,/Documents/Workspace,,development administrator (single session),error,,,,ar,,,,,,no,no,2026-09-20,1440x900,not captured,not verified — capture failed,Part 12 — Working together,,"Error: page.goto: net::ERR_HTTP_RESPONSE_CODE_FAILURE at https://localhost:44368/Documents/Workspace
Call log:
[2m  - navigating to ""https://localhost:44368/Do"
SCR-DOCUMENTS-Workspace,en,,/Documents/Workspace,,development administrator (single session),error,,,,en,,,,,,no,no,2026-09-20,1440x900,not captured,not verified — capture failed,Part 12 — Working together,,"Error: page.goto: net::ERR_HTTP_RESPONSE_CODE_FAILURE at https://localhost:44368/Documents/Workspace
Call log:
[2m  - navigating to ""https://localhost:44368/Do"
SCR-EMPLOYEEONBOARDING-Index,ar,,/EmployeeOnboarding/Index,,development administrator (single session),error,,,,ar,,,,,,no,no,2026-09-20,1440x900,not captured,not verified — capture failed,Part 11 — People,,"Error: page.goto: net::ERR_HTTP_RESPONSE_CODE_FAILURE at https://localhost:44368/EmployeeOnboarding/Index
Call log:
[2m  - navigating to ""https://localhost:443"
SCR-EMPLOYEEONBOARDING-Index,en,,/EmployeeOnboarding/Index,,development administrator (single session),error,,,,en,,,,,,no,no,2026-09-20,1440x900,not captured,not verified — capture failed,Part 11 — People,,"Error: page.goto: net::ERR_HTTP_RESPONSE_CODE_FAILURE at https://localhost:44368/EmployeeOnboarding/Index
Call log:
[2m  - navigating to ""https://localhost:443"
SCR-FILEMANAGER-Index,ar,,/FileManager/Index,,development administrator (single session),error,,,,ar,,,,,,no,no,2026-09-20,1440x900,not captured,not verified — capture failed,Part 12 — Working together,,"Error: page.goto: Navigation to ""https://localhost:44368/FileManager/Index"" is interrupted by another navigation to ""about:blank""
Call log:
[2m  - navigating t"
SCR-FILEMANAGER-Index,en,filemanager-index.en.png,/FileManager/Index,/FileManager/Index,development administrator (single session),rendered-with-data (after re-authentication),200,CrossBuy Admin,File Manager,en,ltr,27,22,0,4,yes,no,2026-09-20,1440x900,"development data; no e-mail, phone, IBAN or 14-digit id detected. The signed-in user name and avatar are visible in the header.",runtime viewed (screen renders); no action performed,Part 12 — Working together,,
SCR-HOME-Index,ar,home-index.ar.png,/Home/Index,/Home/Index,development administrator (single session),rendered-but-near-empty,200,الصفحة الرئيسية - CrossBuy,مرحبا,en,ltr,0,1,0,0,no,no,2026-09-20,1440x900,"development data; no e-mail, phone, IBAN or 14-digit id detected. The signed-in user name and avatar are visible in the header.",runtime viewed (screen renders); no action performed,Part 1 — Getting started,,
SCR-HOME-Privacy,ar,home-privacy.ar.png,/Home/Privacy,/Home/Privacy,development administrator (single session),rendered-but-near-empty,200,سياسة الخصوصية - CrossBuy,سياسة الخصوصية,en,ltr,0,1,0,0,no,no,2026-09-20,1440x900,"development data; no e-mail, phone, IBAN or 14-digit id detected. The signed-in user name and avatar are visible in the header.",runtime viewed (screen renders); no action performed,Part 1 — Getting started,,
SCR-HOME-Store,ar,home-store.ar.png,/Home/Store,/Home/Store,development administrator (single session),rendered-with-data,200,نيست - قالب HTML للتجارة الإلكترونية متعدد الأغراض,Don’t miss amazing grocery deals,ar,rtl,7,69,0,2,no,no,2026-09-20,1440x900,development data; automatic scan flagged: phone-like:1 — REVIEW BEFORE PUBLICATION,runtime viewed (screen renders); no action performed,Part 1 — Getting started,WF-EXT-01,
SCR-HOME-Store,en,home-store.en.png,/Home/Store,/Home/Store,development administrator (single session),rendered-with-data,200,Nest - Multipurpose eCommerce HTML Template,Don’t miss amazing grocery deals,en,ltr,7,69,0,2,no,no,2026-09-20,1440x900,development data; automatic scan flagged: phone-like:1 — REVIEW BEFORE PUBLICATION,runtime viewed (screen renders); no action performed,Part 1 — Getting started,WF-EXT-01,
SCR-HYPER-Customer,ar,,/Hyper/Customer,,development administrator (single session),error,,,,ar,,,,,,no,no,2026-09-20,1440x900,not captured,not verified — capture failed,Part 8 — Restaurant and retail,,"Error: page.goto: net::ERR_HTTP_RESPONSE_CODE_FAILURE at https://localhost:44368/Hyper/Customer
Call log:
[2m  - navigating to ""https://localhost:44368/Hyper/C"
SCR-HYPER-Customer,en,,/Hyper/Customer,,development administrator (single session),error,,,,en,,,,,,no,no,2026-09-20,1440x900,not captured,not verified — capture failed,Part 8 — Restaurant and retail,,"Error: page.goto: net::ERR_HTTP_RESPONSE_CODE_FAILURE at https://localhost:44368/Hyper/Customer
Call log:
[2m  - navigating to ""https://localhost:44368/Hyper/C"
SCR-HYPER-Dashboard,ar,hyper-dashboard.ar.png,/Hyper/Dashboard,/Hyper/Dashboard,development administrator (single session),rendered-with-data,200,لوحة تحكم CrossBuy,لوحة الهايبر ماركت,ar,rtl,21,15,8,2,no,no,2026-09-20,1440x900,development data; automatic scan flagged: phone-like:1 — REVIEW BEFORE PUBLICATION,runtime viewed (screen renders); no action performed,Part 8 — Restaurant and retail,,
SCR-HYPER-Dashboard,en,hyper-dashboard.en.png,/Hyper/Dashboard,/Hyper/Dashboard,development administrator (single session),rendered-with-data,200,CrossBuy Admin,Hypermarket dashboard,en,ltr,21,15,8,2,no,no,2026-09-20,1440x900,development data; automatic scan flagged: phone-like:1 — REVIEW BEFORE PUBLICATION,runtime viewed (screen renders); no action performed,Part 8 — Restaurant and retail,,
SCR-HYPER-HyperItemMargin,ar,,/Hyper/HyperItemMargin,,development administrator (single session),error,,,,ar,,,,,,no,no,2026-09-20,1440x900,not captured,not verified — capture failed,Part 8 — Restaurant and retail,,"Error: page.goto: net::ERR_HTTP_RESPONSE_CODE_FAILURE at https://localhost:44368/Hyper/HyperItemMargin
Call log:
[2m  - navigating to ""https://localhost:44368/"
SCR-HYPER-HyperItemMargin,en,,/Hyper/HyperItemMargin,,development administrator (single session),error,,,,en,,,,,,no,no,2026-09-20,1440x900,not captured,not verified — capture failed,Part 8 — Restaurant and retail,,"Error: page.goto: net::ERR_HTTP_RESPONSE_CODE_FAILURE at https://localhost:44368/Hyper/HyperItemMargin
Call log:
[2m  - navigating to ""https://localhost:44368/"
SCR-HYPER-HyperSales,ar,,/Hyper/HyperSales,,development administrator (single session),error,,,,ar,,,,,,no,no,2026-09-20,1440x900,not captured,not verified — capture failed,Part 8 — Restaurant and retail,,"Error: page.goto: net::ERR_HTTP_RESPONSE_CODE_FAILURE at https://localhost:44368/Hyper/HyperSales
Call log:
[2m  - navigating to ""https://localhost:44368/Hyper"
SCR-HYPER-HyperSales,en,,/Hyper/HyperSales,,development administrator (single session),error,,,,en,,,,,,no,no,2026-09-20,1440x900,not captured,not verified — capture failed,Part 8 — Restaurant and retail,,"Error: page.goto: net::ERR_HTTP_RESPONSE_CODE_FAILURE at https://localhost:44368/Hyper/HyperSales
Call log:
[2m  - navigating to ""https://localhost:44368/Hyper"
SCR-HYPER-PosLane,ar,,/Hyper/PosLane,,development administrator (single session),error,,,,ar,,,,,,no,no,2026-09-20,1440x900,not captured,not verified — capture failed,Part 8 — Restaurant and retail,,"Error: page.goto: net::ERR_HTTP_RESPONSE_CODE_FAILURE at https://localhost:44368/Hyper/PosLane
Call log:
[2m  - navigating to ""https://localhost:44368/Hyper/Po"
SCR-HYPER-PosLane,en,,/Hyper/PosLane,,development administrator (single session),error,,,,en,,,,,,no,no,2026-09-20,1440x900,not captured,not verified — capture failed,Part 8 — Restaurant and retail,,"Error: page.goto: net::ERR_HTTP_RESPONSE_CODE_FAILURE at https://localhost:44368/Hyper/PosLane
Call log:
[2m  - navigating to ""https://localhost:44368/Hyper/Po"
SCR-HYPER-PosLogin,ar,,/Hyper/PosLogin,,development administrator (single session),error,,,,ar,,,,,,no,no,2026-09-20,1440x900,not captured,not verified — capture failed,Part 8 — Restaurant and retail,,"Error: page.goto: net::ERR_HTTP_RESPONSE_CODE_FAILURE at https://localhost:44368/Hyper/PosLogin
Call log:
[2m  - navigating to ""https://localhost:44368/Hyper/P"
SCR-HYPER-PosLogin,en,,/Hyper/PosLogin,,development administrator (single session),error,,,,en,,,,,,no,no,2026-09-20,1440x900,not captured,not verified — capture failed,Part 8 — Restaurant and retail,,"Error: page.goto: net::ERR_HTTP_RESPONSE_CODE_FAILURE at https://localhost:44368/Hyper/PosLogin
Call log:
[2m  - navigating to ""https://localhost:44368/Hyper/P"
SCR-HYPER-PosStart,ar,,/Hyper/PosStart,,development administrator (single session),error,,,,ar,,,,,,no,no,2026-09-20,1440x900,not captured,not verified — capture failed,Part 8 — Restaurant and retail,,"Error: page.goto: net::ERR_HTTP_RESPONSE_CODE_FAILURE at https://localhost:44368/Hyper/PosStart
Call log:
[2m  - navigating to ""https://localhost:44368/Hyper/P"
SCR-HYPER-PosStart,en,,/Hyper/PosStart,,development administrator (single session),error,,,,en,,,,,,no,no,2026-09-20,1440x900,not captured,not verified — capture failed,Part 8 — Restaurant and retail,,"Error: page.goto: net::ERR_HTTP_RESPONSE_CODE_FAILURE at https://localhost:44368/Hyper/PosStart
Call log:
[2m  - navigating to ""https://localhost:44368/Hyper/P"
SCR-HYPER-PriceCheck,ar,,/Hyper/PriceCheck,,development administrator (single session),error,,,,ar,,,,,,no,no,2026-09-20,1440x900,not captured,not verified — capture failed,Part 8 — Restaurant and retail,,"Error: page.goto: net::ERR_HTTP_RESPONSE_CODE_FAILURE at https://localhost:44368/Hyper/PriceCheck
Call log:
[2m  - navigating to ""https://localhost:44368/Hyper"
SCR-HYPER-PriceCheck,en,,/Hyper/PriceCheck,,development administrator (single session),error,,,,en,,,,,,no,no,2026-09-20,1440x900,not captured,not verified — capture failed,Part 8 — Restaurant and retail,,"Error: page.goto: net::ERR_HTTP_RESPONSE_CODE_FAILURE at https://localhost:44368/Hyper/PriceCheck
Call log:
[2m  - navigating to ""https://localhost:44368/Hyper"
SCR-HYPER-Receipts,ar,,/Hyper/Receipts,,development administrator (single session),error,,,,ar,,,,,,no,no,2026-09-20,1440x900,not captured,not verified — capture failed,Part 8 — Restaurant and retail,,"Error: page.goto: net::ERR_HTTP_RESPONSE_CODE_FAILURE at https://localhost:44368/Hyper/Receipts
Call log:
[2m  - navigating to ""https://localhost:44368/Hyper/R"
SCR-HYPER-Receipts,en,,/Hyper/Receipts,,development administrator (single session),error,,,,en,,,,,,no,no,2026-09-20,1440x900,not captured,not verified — capture failed,Part 8 — Restaurant and retail,,"Error: page.goto: net::ERR_HTTP_RESPONSE_CODE_FAILURE at https://localhost:44368/Hyper/Receipts
Call log:
[2m  - navigating to ""https://localhost:44368/Hyper/R"
SCR-INVENTORY-Approvals,ar,inventory-approvals.ar.png,/Inventory/Approvals,/Inventory/Approvals,development administrator (single session),rendered-with-data,200,نظام المخازن - CrossBuy,اعتمادات المخزون,ar,rtl,19,10,6,1,no,no,2026-09-20,1440x900,development data; automatic scan flagged: phone-like:10 — REVIEW BEFORE PUBLICATION,runtime viewed (screen renders); no action performed,Part 6 — Inventory and supply,,
SCR-INVENTORY-Approvals,en,inventory-approvals.en.png,/Inventory/Approvals,/Inventory/Approvals,development administrator (single session),rendered-with-data (after re-authentication),200,Inventory System - CrossBuy,Inventory approvals,en,ltr,19,10,6,1,yes,no,2026-09-20,1440x900,development data; automatic scan flagged: phone-like:10 — REVIEW BEFORE PUBLICATION,runtime viewed (screen renders); no action performed,Part 6 — Inventory and supply,,
SCR-INVENTORY-Batches,ar,inventory-batches.ar.png,/Inventory/Batches,/Inventory/Batches,development administrator (single session),rendered-with-data,200,نظام المخازن - CrossBuy,الدفعات والصلاحية,ar,rtl,20,11,19,1,no,no,2026-09-20,1440x900,development data; automatic scan flagged: phone-like:10 — REVIEW BEFORE PUBLICATION,runtime viewed (screen renders); no action performed,Part 6 — Inventory and supply,,
SCR-INVENTORY-Batches,en,inventory-batches.en.png,/Inventory/Batches,/Inventory/Batches,development administrator (single session),rendered-with-data,200,Inventory System - CrossBuy,Batches & expiry,en,ltr,20,11,19,1,no,no,2026-09-20,1440x900,development data; automatic scan flagged: phone-like:10 — REVIEW BEFORE PUBLICATION,runtime viewed (screen renders); no action performed,Part 6 — Inventory and supply,,
SCR-INVENTORY-BulkPriceChange,ar,inventory-bulkpricechange.ar.png,/Inventory/BulkPriceChange,/Inventory/BulkPriceChange,development administrator (single session),rendered-with-data,200,نظام المخازن - CrossBuy,تغيير الأسعار جماعيًّا,ar,rtl,27,13,0,1,no,no,2026-09-20,1440x900,"development data; no e-mail, phone, IBAN or 14-digit id detected. The signed-in user name and avatar are visible in the header.",runtime viewed (screen renders); no action performed,Part 6 — Inventory and supply,,
SCR-INVENTORY-BulkPriceChange,en,inventory-bulkpricechange.en.png,/Inventory/BulkPriceChange,/Inventory/BulkPriceChange,development administrator (single session),rendered-with-data,200,Inventory System - CrossBuy,Bulk price change,en,ltr,27,13,0,1,no,no,2026-09-20,1440x900,"development data; no e-mail, phone, IBAN or 14-digit id detected. The signed-in user name and avatar are visible in the header.",runtime viewed (screen renders); no action performed,Part 6 — Inventory and supply,,
SCR-INVENTORY-CapitalizeAsset,ar,inventory-capitalizeasset.ar.png,/Inventory/CapitalizeAsset,/Inventory/CapitalizeAsset,development administrator (single session),rendered-with-data,200,نظام المخازن - CrossBuy,رسملة أصل من المخزون,ar,rtl,23,11,0,1,no,no,2026-09-20,1440x900,"development data; no e-mail, phone, IBAN or 14-digit id detected. The signed-in user name and avatar are visible in the header.",runtime viewed (screen renders); no action performed,Part 6 — Inventory and supply,,
SCR-INVENTORY-CapitalizeAsset,en,inventory-capitalizeasset.en.png,/Inventory/CapitalizeAsset,/Inventory/CapitalizeAsset,development administrator (single session),rendered-with-data,200,Inventory System - CrossBuy,Capitalize asset from stock,en,ltr,23,11,0,1,no,no,2026-09-20,1440x900,"development data; no e-mail, phone, IBAN or 14-digit id detected. The signed-in user name and avatar are visible in the header.",runtime viewed (screen renders); no action performed,Part 6 — Inventory and supply,,
SCR-INVENTORY-Categories,ar,inventory-categories.ar.png,/Inventory/Categories,/Inventory/Categories,development administrator (single session),rendered-with-data,200,نظام المخازن - CrossBuy,تصنيفات الأصناف,ar,rtl,20,59,46,1,no,no,2026-09-20,1440x900,development data; automatic scan flagged: phone-like:2 — REVIEW BEFORE PUBLICATION,runtime viewed (screen renders); no action performed,Part 6 — Inventory and supply,WF-INV-01,
SCR-INVENTORY-Categories,en,inventory-categories.en.png,/Inventory/Categories,/Inventory/Categories,development administrator (single session),rendered-with-data,200,Inventory System - CrossBuy,Item Categories,en,ltr,20,59,46,1,no,no,2026-09-20,1440x900,development data; automatic scan flagged: phone-like:2 — REVIEW BEFORE PUBLICATION,runtime viewed (screen renders); no action performed,Part 6 — Inventory and supply,WF-INV-01,
SCR-INVENTORY-CategoryForm,ar,,/Inventory/CategoryForm,,development administrator (single session),error,,,,ar,,,,,,no,no,2026-09-20,1440x900,not captured,not verified — capture failed,Part 6 — Inventory and supply,,"Error: page.goto: net::ERR_HTTP_RESPONSE_CODE_FAILURE at https://localhost:44368/Inventory/CategoryForm
Call log:
[2m  - navigating to ""https://localhost:44368"
SCR-INVENTORY-CategoryForm,en,,/Inventory/CategoryForm,,development administrator (single session),error,,,,en,,,,,,no,no,2026-09-20,1440x900,not captured,not verified — capture failed,Part 6 — Inventory and supply,,"Error: page.goto: net::ERR_HTTP_RESPONSE_CODE_FAILURE at https://localhost:44368/Inventory/CategoryForm
Call log:
[2m  - navigating to ""https://localhost:44368"
SCR-INVENTORY-Deliveries,ar,,/Inventory/Deliveries,,development administrator (single session),error,,,,ar,,,,,,no,no,2026-09-20,1440x900,not captured,not verified — capture failed,Part 6 — Inventory and supply,,"Error: page.goto: Navigation to ""https://localhost:44368/Inventory/Deliveries"" is interrupted by another navigation to ""about:blank""
Call log:
[2m  - navigatin"
SCR-INVENTORY-Deliveries,en,inventory-deliveries.en.png,/Inventory/Deliveries,/Inventory/Deliveries,development administrator (single session),rendered-with-data,200,Inventory System - CrossBuy,Delivery notes,en,ltr,21,15,2,1,no,no,2026-09-20,1440x900,development data; automatic scan flagged: phone-like:3 — REVIEW BEFORE PUBLICATION,runtime viewed (screen renders); no action performed,Part 6 — Inventory and supply,,
SCR-INVENTORY-DocumentDetails,ar,,/Inventory/DocumentDetails,,development administrator (single session),error,,,,ar,,,,,,no,no,2026-09-20,1440x900,not captured,not verified — capture failed,Part 6 — Inventory and supply,WF-INV-02,"Error: page.goto: net::ERR_HTTP_RESPONSE_CODE_FAILURE at https://localhost:44368/Inventory/DocumentDetails
Call log:
[2m  - navigating to ""https://localhost:44"
SCR-INVENTORY-DocumentDetails,en,,/Inventory/DocumentDetails,,development administrator (single session),error,,,,en,,,,,,no,no,2026-09-20,1440x900,not captured,not verified — capture failed,Part 6 — Inventory and supply,WF-INV-02,"Error: page.goto: net::ERR_HTTP_RESPONSE_CODE_FAILURE at https://localhost:44368/Inventory/DocumentDetails
Call log:
[2m  - navigating to ""https://localhost:44"
SCR-INVENTORY-ExpiryAlerts,ar,inventory-expiryalerts.ar.png,/Inventory/ExpiryAlerts,/Inventory/ExpiryAlerts,development administrator (single session),rendered-with-data (after re-authentication),200,نظام المخازن - CrossBuy,تنبيهات الصلاحية,ar,rtl,20,11,10,1,yes,no,2026-09-20,1440x900,development data; automatic scan flagged: phone-like:10 — REVIEW BEFORE PUBLICATION,runtime viewed (screen renders); no action performed,Part 6 — Inventory and supply,,
SCR-INVENTORY-ExpiryAlerts,en,,/Inventory/ExpiryAlerts,,development administrator (single session),error,,,,en,,,,,,no,no,2026-09-20,1440x900,not captured,not verified — capture failed,Part 6 — Inventory and supply,,"Error: page.goto: Navigation to ""https://localhost:44368/Inventory/ExpiryAlerts"" is interrupted by another navigation to ""about:blank""
Call log:
[2m  - navigat"
SCR-INVENTORY-GoodsReceipts,ar,inventory-goodsreceipts.ar.png,/Inventory/GoodsReceipts,/Inventory/GoodsReceipts,development administrator (single session),rendered-with-data,200,نظام المخازن - CrossBuy,أذون الاستلام,ar,rtl,21,43,25,2,no,no,2026-09-20,1440x900,development data; automatic scan flagged: phone-like:27 — REVIEW BEFORE PUBLICATION,runtime viewed (screen renders); no action performed,Part 6 — Inventory and supply,,
SCR-INVENTORY-GoodsReceipts,en,inventory-goodsreceipts.en.png,/Inventory/GoodsReceipts,/Inventory/GoodsReceipts,development administrator (single session),rendered-with-data,200,Inventory System - CrossBuy,Goods receipts,en,ltr,21,43,25,2,no,no,2026-09-20,1440x900,development data; automatic scan flagged: phone-like:27 — REVIEW BEFORE PUBLICATION,runtime viewed (screen renders); no action performed,Part 6 — Inventory and supply,,
SCR-INVENTORY-Index,ar,inventory-index.ar.png,/Inventory/Index,/Inventory/Index,development administrator (single session),rendered-with-data,200,نظام المخازن - CrossBuy,المخزون,ar,rtl,19,15,10,1,no,no,2026-09-20,1440x900,"development data; no e-mail, phone, IBAN or 14-digit id detected. The signed-in user name and avatar are visible in the header.",runtime viewed (screen renders); no action performed,Part 6 — Inventory and supply,WF-AI-01,
SCR-INVENTORY-Index,en,inventory-index.en.png,/Inventory/Index,/Inventory/Index,development administrator (single session),rendered-with-data (after re-authentication),200,Inventory System - CrossBuy,Inventory,en,ltr,19,15,10,1,yes,no,2026-09-20,1440x900,"development data; no e-mail, phone, IBAN or 14-digit id detected. The signed-in user name and avatar are visible in the header.",runtime viewed (screen renders); no action performed,Part 6 — Inventory and supply,WF-AI-01,
SCR-INVENTORY-IntegrityReconciliation,ar,inventory-integrityreconciliation.ar.png,/Inventory/IntegrityReconciliation,/Inventory/IntegrityReconciliation,development administrator (single session),rendered-with-data,200,نظام المخازن - CrossBuy,تسوية السلامة,ar,rtl,19,14,30,1,no,no,2026-09-20,1440x900,"development data; no e-mail, phone, IBAN or 14-digit id detected. The signed-in user name and avatar are visible in the header.",runtime viewed (screen renders); no action performed,Part 6 — Inventory and supply,WF-INV-01,
SCR-INVENTORY-IntegrityReconciliation,en,inventory-integrityreconciliation.en.png,/Inventory/IntegrityReconciliation,,development administrator (single session),error,,,,en,,,,,,no,no,2026-09-20,1440x900,"development data; no e-mail, phone, IBAN or 14-digit id detected. The signed-in user name and avatar are visible in the header.",runtime viewed (screen renders); no action performed,Part 6 — Inventory and supply,WF-INV-01,"Error: page.goto: Navigation to ""https://localhost:44368/Inventory/IntegrityReconciliation"" is interrupted by another navigation to ""about:blank""
Call log:
[2m"
SCR-INVENTORY-InventoryRoles,ar,inventory-inventoryroles.ar.png,/Inventory/InventoryRoles,/Inventory/InventoryRoles,development administrator (single session),rendered-with-data,200,نظام المخازن - CrossBuy,أدوار وصلاحيات المخزون,ar,rtl,22,12,1,1,no,no,2026-09-20,1440x900,"development data; no e-mail, phone, IBAN or 14-digit id detected. The signed-in user name and avatar are visible in the header.",runtime viewed (screen renders); no action performed,Part 6 — Inventory and supply,WF-SETUP-02,
SCR-INVENTORY-InventoryRoles,en,inventory-inventoryroles.en.png,/Inventory/InventoryRoles,,development administrator (single session),error,,,,en,,,,,,no,no,2026-09-20,1440x900,"development data; no e-mail, phone, IBAN or 14-digit id detected. The signed-in user name and avatar are visible in the header.",runtime viewed (screen renders); no action performed,Part 6 — Inventory and supply,WF-SETUP-02,"Error: page.goto: Navigation to ""https://localhost:44368/Inventory/InventoryRoles"" is interrupted by another navigation to ""about:blank""
Call log:
[2m  - navig"
SCR-INVENTORY-ItemForm,ar,,/Inventory/ItemForm,,development administrator (single session),error,,,,ar,,,,,,no,no,2026-09-20,1440x900,not captured,not verified — capture failed,Part 6 — Inventory and supply,WF-INV-01,"Error: page.goto: net::ERR_HTTP_RESPONSE_CODE_FAILURE at https://localhost:44368/Inventory/ItemForm
Call log:
[2m  - navigating to ""https://localhost:44368/Inv"
SCR-INVENTORY-ItemForm,en,,/Inventory/ItemForm,,development administrator (single session),error,,,,en,,,,,,no,no,2026-09-20,1440x900,not captured,not verified — capture failed,Part 6 — Inventory and supply,WF-INV-01,"Error: page.goto: net::ERR_HTTP_RESPONSE_CODE_FAILURE at https://localhost:44368/Inventory/ItemForm
Call log:
[2m  - navigating to ""https://localhost:44368/Inv"
SCR-INVENTORY-ItemLedger,ar,inventory-itemledger.ar.png,/Inventory/ItemLedger,/Inventory/StockBalances,development administrator (single session),rendered-with-data (after re-authentication),200,نظام المخازن - CrossBuy,أرصدة المخزون,ar,rtl,23,39,25,1,yes,no,2026-09-20,1440x900,development data; automatic scan flagged: phone-like:2 — REVIEW BEFORE PUBLICATION,runtime viewed (screen renders); no action performed,Part 6 — Inventory and supply,,
SCR-INVENTORY-ItemLedger,en,inventory-itemledger.en.png,/Inventory/ItemLedger,,development administrator (single session),error,,,,en,,,,,,no,no,2026-09-20,1440x900,"development data; no e-mail, phone, IBAN or 14-digit id detected. The signed-in user name and avatar are visible in the header.",runtime viewed (screen renders); no action performed,Part 6 — Inventory and supply,,"Error: page.goto: Navigation to ""https://localhost:44368/Inventory/ItemLedger"" is interrupted by another navigation to ""about:blank""
Call log:
[2m  - navigatin"
SCR-INVENTORY-ItemLocations,ar,inventory-itemlocations.ar.png,/Inventory/ItemLocations,/Inventory/ItemLocations,development administrator (single session),rendered-empty-state,200,نظام المخازن - CrossBuy,مواقع الأصناف,ar,rtl,20,10,0,1,no,no,2026-09-20,1440x900,"development data; no e-mail, phone, IBAN or 14-digit id detected. The signed-in user name and avatar are visible in the header.",runtime viewed (screen renders); no action performed,Part 6 — Inventory and supply,,
SCR-INVENTORY-ItemLocations,en,inventory-itemlocations.en.png,/Inventory/ItemLocations,,development administrator (single session),error,,,,en,,,,,,no,no,2026-09-20,1440x900,"development data; no e-mail, phone, IBAN or 14-digit id detected. The signed-in user name and avatar are visible in the header.",runtime viewed (screen renders); no action performed,Part 6 — Inventory and supply,,"Error: page.goto: Navigation to ""https://localhost:44368/Inventory/ItemLocations"" is interrupted by another navigation to ""about:blank""
Call log:
[2m  - naviga"
SCR-INVENTORY-Items,ar,inventory-items.ar.png,/Inventory/Items,/Inventory/Items,development administrator (single session),rendered-with-data,200,نظام المخازن - CrossBuy,الأصناف,ar,rtl,24,63,25,1,no,no,2026-09-20,1440x900,development data; automatic scan flagged: phone-like:3 — REVIEW BEFORE PUBLICATION,runtime viewed (screen renders); no action performed,Part 6 — Inventory and supply,,
SCR-INVENTORY-Items,en,inventory-items.en.png,/Inventory/Items,,development administrator (single session),error,,,,en,,,,,,no,no,2026-09-20,1440x900,"development data; no e-mail, phone, IBAN or 14-digit id detected. The signed-in user name and avatar are visible in the header.",runtime viewed (screen renders); no action performed,Part 6 — Inventory and supply,,"Error: page.goto: Navigation to ""https://localhost:44368/Inventory/Items"" is interrupted by another navigation to ""about:blank""
Call log:
[2m  - navigating to "
SCR-INVENTORY-LandedCosts,ar,inventory-landedcosts.ar.png,/Inventory/LandedCosts,/Inventory/LandedCosts,development administrator (single session),rendered-with-data,200,نظام المخازن - CrossBuy,التكاليف الإضافية,ar,rtl,20,12,1,1,no,no,2026-09-20,1440x900,development data; automatic scan flagged: phone-like:1 — REVIEW BEFORE PUBLICATION,runtime viewed (screen renders); no action performed,Part 6 — Inventory and supply,WF-P2P-01,
SCR-INVENTORY-LandedCosts,en,inventory-landedcosts.en.png,/Inventory/LandedCosts,/Inventory/LandedCosts,development administrator (single session),rendered-with-data (after re-authentication),200,Inventory System - CrossBuy,Landed costs,en,ltr,20,12,1,1,yes,no,2026-09-20,1440x900,development data; automatic scan flagged: phone-like:1 — REVIEW BEFORE PUBLICATION,runtime viewed (screen renders); no action performed,Part 6 — Inventory and supply,WF-P2P-01,
SCR-INVENTORY-ManufDashboard,ar,inventory-manufdashboard.ar.png,/Inventory/ManufDashboard,/Inventory/ManufDashboard,development administrator (single session),rendered-with-data,200,نظام المخازن - CrossBuy,التصنيع,ar,rtl,80,54,10,5,no,no,2026-09-20,1440x900,development data; automatic scan flagged: phone-like:1 — REVIEW BEFORE PUBLICATION,runtime viewed (screen renders); no action performed,Part 6 — Inventory and supply,,
SCR-INVENTORY-ManufDashboard,en,inventory-manufdashboard.en.png,/Inventory/ManufDashboard,/Inventory/ManufDashboard,development administrator (single session),rendered-with-data,200,Warehouse System - CrossBuy,Manufacturing,en,ltr,80,54,10,5,no,no,2026-09-20,1440x900,development data; automatic scan flagged: phone-like:1 — REVIEW BEFORE PUBLICATION,runtime viewed (screen renders); no action performed,Part 6 — Inventory and supply,,
SCR-INVENTORY-ManufReports,ar,inventory-manufreports.ar.png,/Inventory/ManufReports,/Inventory/ManufReports,development administrator (single session),rendered-with-data,200,نظام المخازن - CrossBuy,تقارير التصنيع,ar,rtl,86,50,2,5,no,no,2026-09-20,1440x900,"development data; no e-mail, phone, IBAN or 14-digit id detected. The signed-in user name and avatar are visible in the header.",runtime viewed (screen renders); no action performed,Part 6 — Inventory and supply,,
SCR-INVENTORY-ManufReports,en,inventory-manufreports.en.png,/Inventory/ManufReports,/Inventory/ManufReports,development administrator (single session),rendered-with-data,200,Warehouse System - CrossBuy,Manufacturing reports,en,ltr,86,50,2,5,no,no,2026-09-20,1440x900,"development data; no e-mail, phone, IBAN or 14-digit id detected. The signed-in user name and avatar are visible in the header.",runtime viewed (screen renders); no action performed,Part 6 — Inventory and supply,,
SCR-INVENTORY-NewAssembly,ar,inventory-newassembly.ar.png,/Inventory/NewAssembly,/Inventory/NewAssembly,development administrator (single session),rendered-with-data,200,نظام المخازن - CrossBuy,أمر تجميع / تفكيك,ar,rtl,24,15,0,4,no,no,2026-09-20,1440x900,"development data; no e-mail, phone, IBAN or 14-digit id detected. The signed-in user name and avatar are visible in the header.",runtime viewed (screen renders); no action performed,Part 6 — Inventory and supply,,
SCR-INVENTORY-NewAssembly,en,inventory-newassembly.en.png,/Inventory/NewAssembly,/Inventory/NewAssembly,development administrator (single session),rendered-with-data,200,Inventory System - CrossBuy,Assembly / Disassembly order,en,ltr,24,15,0,4,no,no,2026-09-20,1440x900,"development data; no e-mail, phone, IBAN or 14-digit id detected. The signed-in user name and avatar are visible in the header.",runtime viewed (screen renders); no action performed,Part 6 — Inventory and supply,,
SCR-INVENTORY-NewCount,ar,inventory-newcount.ar.png,/Inventory/NewCount,/Inventory/NewCount,development administrator (single session),rendered-empty-state,200,نظام المخازن - CrossBuy,جرد فعلي جديد,ar,rtl,22,12,0,1,no,no,2026-09-20,1440x900,"development data; no e-mail, phone, IBAN or 14-digit id detected. The signed-in user name and avatar are visible in the header.",runtime viewed (screen renders); no action performed,Part 6 — Inventory and supply,,
SCR-INVENTORY-NewCount,en,inventory-newcount.en.png,/Inventory/NewCount,/Inventory/NewCount,development administrator (single session),rendered-empty-state,200,Inventory System - CrossBuy,New Stock Count,en,ltr,22,12,0,1,no,no,2026-09-20,1440x900,"development data; no e-mail, phone, IBAN or 14-digit id detected. The signed-in user name and avatar are visible in the header.",runtime viewed (screen renders); no action performed,Part 6 — Inventory and supply,,
SCR-INVENTORY-NewDelivery,ar,inventory-newdelivery.ar.png,/Inventory/NewDelivery,/Inventory/NewDelivery,development administrator (single session),rendered-with-data,200,نظام المخازن - CrossBuy,إذن صرف جديد,ar,rtl,34,22,1,5,no,no,2026-09-20,1440x900,"development data; no e-mail, phone, IBAN or 14-digit id detected. The signed-in user name and avatar are visible in the header.",runtime viewed (screen renders); no action performed,Part 6 — Inventory and supply,WF-O2C-01,
SCR-INVENTORY-NewGoodsReceipt,ar,inventory-newgoodsreceipt.ar.png,/Inventory/NewGoodsReceipt,/Inventory/NewGoodsReceipt,development administrator (single session),rendered-with-data,200,نظام المخازن - CrossBuy,إذن استلام جديد,ar,rtl,40,22,1,5,no,no,2026-09-20,1440x900,"development data; no e-mail, phone, IBAN or 14-digit id detected. The signed-in user name and avatar are visible in the header.",runtime viewed (screen renders); no action performed,Part 6 — Inventory and supply,WF-P2P-01,
SCR-INVENTORY-NewLandedCost,ar,inventory-newlandedcost.ar.png,/Inventory/NewLandedCost,/Inventory/NewLandedCost,development administrator (single session),rendered-empty-state,200,نظام المخازن - CrossBuy,تكلفة إضافية (Landed Cost),ar,rtl,23,11,0,1,no,no,2026-09-20,1440x900,development data; automatic scan flagged: phone-like:93 — REVIEW BEFORE PUBLICATION,runtime viewed (screen renders); no action performed,Part 6 — Inventory and supply,,
SCR-INVENTORY-NewMovement,ar,inventory-newmovement.ar.png,/Inventory/NewMovement,/Inventory/NewMovement,development administrator (single session),rendered-with-data,200,نظام المخازن - CrossBuy,حركة مخزون جديدة,ar,rtl,35,17,0,5,no,no,2026-09-20,1440x900,"development data; no e-mail, phone, IBAN or 14-digit id detected. The signed-in user name and avatar are visible in the header.",runtime viewed (screen renders); no action performed,Part 6 — Inventory and supply,,
SCR-INVENTORY-NewMovement,en,inventory-newmovement.en.png,/Inventory/NewMovement,/Inventory/NewMovement,development administrator (single session),rendered-with-data,200,Inventory System - CrossBuy,New stock movement,en,ltr,35,17,0,5,no,no,2026-09-20,1440x900,"development data; no e-mail, phone, IBAN or 14-digit id detected. The signed-in user name and avatar are visible in the header.",runtime viewed (screen renders); no action performed,Part 6 — Inventory and supply,,
SCR-INVENTORY-NewPurchaseOrder,ar,inventory-newpurchaseorder.ar.png,/Inventory/NewPurchaseOrder,/Inventory/NewPurchaseOrder,development administrator (single session),rendered-with-data,200,نظام المخازن - CrossBuy,أمر شراء جديد,ar,rtl,35,22,1,5,no,no,2026-09-20,1440x900,"development data; no e-mail, phone, IBAN or 14-digit id detected. The signed-in user name and avatar are visible in the header.",runtime viewed (screen renders); no action performed,Part 6 — Inventory and supply,WF-P2P-01,
SCR-INVENTORY-NewPurchaseOrder,en,inventory-newpurchaseorder.en.png,/Inventory/NewPurchaseOrder,/Inventory/NewPurchaseOrder,development administrator (single session),rendered-with-data,200,Inventory System - CrossBuy,New Purchase Order,en,ltr,35,22,1,5,no,no,2026-09-20,1440x900,"development data; no e-mail, phone, IBAN or 14-digit id detected. The signed-in user name and avatar are visible in the header.",runtime viewed (screen renders); no action performed,Part 6 — Inventory and supply,WF-P2P-01,
SCR-INVENTORY-NewQuotation,ar,inventory-newquotation.ar.png,/Inventory/NewQuotation,/Inventory/NewQuotation,development administrator (single session),rendered-with-data,200,نظام المخازن - CrossBuy,عرض سعر جديد,ar,rtl,37,22,1,5,no,no,2026-09-20,1440x900,"development data; no e-mail, phone, IBAN or 14-digit id detected. The signed-in user name and avatar are visible in the header.",runtime viewed (screen renders); no action performed,Part 6 — Inventory and supply,WF-O2C-01,
SCR-INVENTORY-NewQuotation,en,inventory-newquotation.en.png,/Inventory/NewQuotation,/Inventory/NewQuotation,development administrator (single session),rendered-with-data,200,Inventory System - CrossBuy,New Quotation,en,ltr,37,22,1,5,no,no,2026-09-20,1440x900,"development data; no e-mail, phone, IBAN or 14-digit id detected. The signed-in user name and avatar are visible in the header.",runtime viewed (screen renders); no action performed,Part 6 — Inventory and supply,WF-O2C-01,
SCR-INVENTORY-NewSalesOrder,ar,inventory-newsalesorder.ar.png,/Inventory/NewSalesOrder,/Inventory/NewSalesOrder,development administrator (single session),rendered-with-data,200,نظام المخازن - CrossBuy,أمر بيع جديد,ar,rtl,37,22,1,5,no,no,2026-09-20,1440x900,"development data; no e-mail, phone, IBAN or 14-digit id detected. The signed-in user name and avatar are visible in the header.",runtime viewed (screen renders); no action performed,Part 6 — Inventory and supply,WF-O2C-01,
SCR-INVENTORY-NewSalesOrder,en,inventory-newsalesorder.en.png,/Inventory/NewSalesOrder,/Inventory/NewSalesOrder,development administrator (single session),rendered-with-data,200,Inventory System - CrossBuy,New Sales Order,en,ltr,37,22,1,5,no,no,2026-09-20,1440x900,"development data; no e-mail, phone, IBAN or 14-digit id detected. The signed-in user name and avatar are visible in the header.",runtime viewed (screen renders); no action performed,Part 6 — Inventory and supply,WF-O2C-01,
SCR-INVENTORY-NewTransfer,ar,inventory-newtransfer.ar.png,/Inventory/NewTransfer,/Inventory/NewTransfer,development administrator (single session),rendered-with-data,200,نظام المخازن - CrossBuy,تحويل بين المخازن,ar,rtl,36,21,1,5,no,no,2026-09-20,1440x900,"development data; no e-mail, phone, IBAN or 14-digit id detected. The signed-in user name and avatar are visible in the header.",runtime viewed (screen renders); no action performed,Part 6 — Inventory and supply,WF-INV-02,
SCR-INVENTORY-NewTransfer,en,inventory-newtransfer.en.png,/Inventory/NewTransfer,/Inventory/NewTransfer,development administrator (single session),rendered-with-data,200,Inventory System - CrossBuy,New Stock Transfer,en,ltr,36,21,1,5,no,no,2026-09-20,1440x900,"development data; no e-mail, phone, IBAN or 14-digit id detected. The signed-in user name and avatar are visible in the header.",runtime viewed (screen renders); no action performed,Part 6 — Inventory and supply,WF-INV-02,
SCR-INVENTORY-NewWorkOrder,ar,inventory-newworkorder.ar.png,/Inventory/NewWorkOrder,/Inventory/NewWorkOrder,development administrator (single session),rendered-with-data,200,نظام المخازن - CrossBuy,أمر تشغيل جديد,ar,rtl,92,54,0,8,no,no,2026-09-20,1440x900,"development data; no e-mail, phone, IBAN or 14-digit id detected. The signed-in user name and avatar are visible in the header.",runtime viewed (screen renders); no action performed,Part 6 — Inventory and supply,,
SCR-INVENTORY-NewWorkOrder,en,inventory-newworkorder.en.png,/Inventory/NewWorkOrder,/Inventory/NewWorkOrder,development administrator (single session),rendered-with-data,200,Warehouse System - CrossBuy,New work order,en,ltr,92,54,0,8,no,no,2026-09-20,1440x900,"development data; no e-mail, phone, IBAN or 14-digit id detected. The signed-in user name and avatar are visible in the header.",runtime viewed (screen renders); no action performed,Part 6 — Inventory and supply,,
SCR-INVENTORY-NewWriteOff,ar,inventory-newwriteoff.ar.png,/Inventory/NewWriteOff,/Inventory/NewWriteOff,development administrator (single session),rendered-empty-state,200,نظام المخازن - CrossBuy,إعدام / تلف جديد,ar,rtl,25,16,0,5,no,no,2026-09-20,1440x900,"development data; no e-mail, phone, IBAN or 14-digit id detected. The signed-in user name and avatar are visible in the header.",runtime viewed (screen renders); no action performed,Part 6 — Inventory and supply,,
SCR-INVENTORY-NewWriteOff,en,inventory-newwriteoff.en.png,/Inventory/NewWriteOff,/Inventory/NewWriteOff,development administrator (single session),rendered-empty-state,200,Inventory System - CrossBuy,New write-off / damage,en,ltr,25,16,0,5,no,no,2026-09-20,1440x900,"development data; no e-mail, phone, IBAN or 14-digit id detected. The signed-in user name and avatar are visible in the header.",runtime viewed (screen renders); no action performed,Part 6 — Inventory and supply,,
SCR-INVENTORY-OpeningBalances,ar,inventory-openingbalances.ar.png,/Inventory/OpeningBalances,/Inventory/OpeningBalances,development administrator (single session),rendered-with-data,200,نظام المخازن - CrossBuy,الأرصدة الافتتاحية (Go-Live),ar,rtl,41,18,2,1,no,no,2026-09-20,1440x900,"development data; no e-mail, phone, IBAN or 14-digit id detected. The signed-in user name and avatar are visible in the header.",runtime viewed (screen renders); no action performed,Part 6 — Inventory and supply,WF-ACC-01; WF-INV-01,
SCR-INVENTORY-OpeningBalances,en,inventory-openingbalances.en.png,/Inventory/OpeningBalances,/Inventory/OpeningBalances,development administrator (single session),rendered-with-data,200,Inventory System - CrossBuy,Opening balances (Go-Live),en,ltr,41,18,2,1,no,no,2026-09-20,1440x900,"development data; no e-mail, phone, IBAN or 14-digit id detected. The signed-in user name and avatar are visible in the header.",runtime viewed (screen renders); no action performed,Part 6 — Inventory and supply,WF-ACC-01; WF-INV-01,
SCR-INVENTORY-PlanDetails,ar,inventory-plandetails.ar.png,/Inventory/PlanDetails,/Inventory/ProductionPlanning,development administrator (single session),rendered-with-data,200,نظام المخازن - CrossBuy,تخطيط الإنتاج (MRP),ar,rtl,85,56,1,6,no,no,2026-09-20,1440x900,development data; automatic scan flagged: phone-like:1 — REVIEW BEFORE PUBLICATION,runtime viewed (screen renders); no action performed,Part 6 — Inventory and supply,,
SCR-INVENTORY-PlanDetails,en,inventory-plandetails.en.png,/Inventory/PlanDetails,/Inventory/ProductionPlanning,development administrator (single session),rendered-with-data,200,Warehouse System - CrossBuy,Production planning (MRP),en,ltr,85,56,1,6,no,no,2026-09-20,1440x900,development data; automatic scan flagged: phone-like:1 — REVIEW BEFORE PUBLICATION,runtime viewed (screen renders); no action performed,Part 6 — Inventory and supply,,
SCR-INVENTORY-Planning,ar,inventory-planning.ar.png,/Inventory/Planning,/Inventory/Planning,development administrator (single session),rendered-with-data,200,نظام المخازن - CrossBuy,تخطيط النواقص,ar,rtl,78,12,28,1,no,no,2026-09-20,1440x900,development data; automatic scan flagged: phone-like:15 — REVIEW BEFORE PUBLICATION,runtime viewed (screen renders); no action performed,Part 6 — Inventory and supply,WF-P2P-01,
SCR-INVENTORY-Planning,en,inventory-planning.en.png,/Inventory/Planning,/Inventory/Planning,development administrator (single session),rendered-with-data,200,Inventory System - CrossBuy,Reorder planning,en,ltr,78,12,28,1,no,no,2026-09-20,1440x900,development data; automatic scan flagged: phone-like:15 — REVIEW BEFORE PUBLICATION,runtime viewed (screen renders); no action performed,Part 6 — Inventory and supply,WF-P2P-01,
SCR-INVENTORY-PoMatch,ar,inventory-pomatch.ar.png,/Inventory/PoMatch,/Inventory/PurchaseOrders,development administrator (single session),rendered-empty-state,200,نظام المخازن - CrossBuy,أوامر الشراء,ar,rtl,22,19,0,2,no,no,2026-09-20,1440x900,development data; automatic scan flagged: phone-like:1 — REVIEW BEFORE PUBLICATION,runtime viewed (screen renders); no action performed,Part 6 — Inventory and supply,,
SCR-INVENTORY-PoMatch,en,inventory-pomatch.en.png,/Inventory/PoMatch,/Inventory/PurchaseOrders,development administrator (single session),rendered-with-data,200,Inventory System - CrossBuy,Purchase orders,en,ltr,22,30,5,2,no,no,2026-09-20,1440x900,development data; automatic scan flagged: phone-like:6 — REVIEW BEFORE PUBLICATION,runtime viewed (screen renders); no action performed,Part 6 — Inventory and supply,,
SCR-INVENTORY-PriceListEditor,ar,inventory-pricelisteditor.ar.png,/Inventory/PriceListEditor,/Inventory/PriceListEditor,development administrator (single session),rendered-empty-state,200,نظام المخازن - CrossBuy,قائمة أسعار جديدة,ar,rtl,40,14,0,1,no,no,2026-09-20,1440x900,"development data; no e-mail, phone, IBAN or 14-digit id detected. The signed-in user name and avatar are visible in the header.",runtime viewed (screen renders); no action performed,Part 6 — Inventory and supply,,
SCR-INVENTORY-PriceListEditor,en,inventory-pricelisteditor.en.png,/Inventory/PriceListEditor,/Inventory/PriceListEditor,development administrator (single session),rendered-empty-state,200,Inventory System - CrossBuy,New price list,en,ltr,40,14,0,1,no,no,2026-09-20,1440x900,"development data; no e-mail, phone, IBAN or 14-digit id detected. The signed-in user name and avatar are visible in the header.",runtime viewed (screen renders); no action performed,Part 6 — Inventory and supply,,
SCR-INVENTORY-PriceLists,ar,inventory-pricelists.ar.png,/Inventory/PriceLists,/Inventory/PriceLists,development administrator (single session),rendered-empty-state,200,نظام المخازن - CrossBuy,قوائم الأسعار,ar,rtl,22,13,0,1,no,no,2026-09-20,1440x900,development data; automatic scan flagged: phone-like:1 — REVIEW BEFORE PUBLICATION,runtime viewed (screen renders); no action performed,Part 6 — Inventory and supply,,
SCR-INVENTORY-PriceLists,en,inventory-pricelists.en.png,/Inventory/PriceLists,/Inventory/PriceLists,development administrator (single session),rendered-with-data,200,Inventory System - CrossBuy,Price lists,en,ltr,22,22,3,1,no,no,2026-09-20,1440x900,development data; automatic scan flagged: phone-like:1 — REVIEW BEFORE PUBLICATION,runtime viewed (screen renders); no action performed,Part 6 — Inventory and supply,,
SCR-INVENTORY-ProductionPlanning,ar,inventory-productionplanning.ar.png,/Inventory/ProductionPlanning,/Inventory/ProductionPlanning,development administrator (single session),rendered-with-data,200,نظام المخازن - CrossBuy,تخطيط الإنتاج (MRP),ar,rtl,85,55,1,6,no,no,2026-09-20,1440x900,development data; automatic scan flagged: phone-like:1 — REVIEW BEFORE PUBLICATION,runtime viewed (screen renders); no action performed,Part 6 — Inventory and supply,,
SCR-INVENTORY-ProductionPlanning,en,inventory-productionplanning.en.png,/Inventory/ProductionPlanning,/Inventory/ProductionPlanning,development administrator (single session),rendered-with-data,200,Warehouse System - CrossBuy,Production planning (MRP),en,ltr,85,55,1,6,no,no,2026-09-20,1440x900,development data; automatic scan flagged: phone-like:1 — REVIEW BEFORE PUBLICATION,runtime viewed (screen renders); no action performed,Part 6 — Inventory and supply,,
SCR-INVENTORY-PromotionEditor,ar,inventory-promotioneditor.ar.png,/Inventory/PromotionEditor,/Inventory/PromotionEditor,development administrator (single session),rendered-empty-state,200,نظام المخازن - CrossBuy,عرض جديد,ar,rtl,38,12,0,1,no,no,2026-09-20,1440x900,"development data; no e-mail, phone, IBAN or 14-digit id detected. The signed-in user name and avatar are visible in the header.",runtime viewed (screen renders); no action performed,Part 6 — Inventory and supply,,
SCR-INVENTORY-PromotionEditor,en,inventory-promotioneditor.en.png,/Inventory/PromotionEditor,/Inventory/PromotionEditor,development administrator (single session),rendered-with-data,200,Inventory System - CrossBuy,New promotion,en,ltr,38,12,0,1,no,no,2026-09-20,1440x900,"development data; no e-mail, phone, IBAN or 14-digit id detected. The signed-in user name and avatar are visible in the header.",runtime viewed (screen renders); no action performed,Part 6 — Inventory and supply,,
SCR-INVENTORY-Promotions,ar,inventory-promotions.ar.png,/Inventory/Promotions,/Inventory/Promotions,development administrator (single session),rendered-with-data,200,نظام المخازن - CrossBuy,العروض والخصومات,ar,rtl,22,34,11,1,no,no,2026-09-20,1440x900,development data; automatic scan flagged: phone-like:3 — REVIEW BEFORE PUBLICATION,runtime viewed (screen renders); no action performed,Part 6 — Inventory and supply,,
SCR-INVENTORY-Promotions,en,inventory-promotions.en.png,/Inventory/Promotions,/Inventory/Promotions,development administrator (single session),rendered-empty-state,200,Inventory System - CrossBuy,Promotions,en,ltr,22,12,0,1,no,no,2026-09-20,1440x900,development data; automatic scan flagged: phone-like:1 — REVIEW BEFORE PUBLICATION,runtime viewed (screen renders); no action performed,Part 6 — Inventory and supply,,
SCR-INVENTORY-PurchaseOrders,ar,inventory-purchaseorders.ar.png,/Inventory/PurchaseOrders,/Inventory/PurchaseOrders,development administrator (single session),rendered-with-data,200,نظام المخازن - CrossBuy,أوامر الشراء,ar,rtl,22,29,5,2,no,no,2026-09-20,1440x900,development data; automatic scan flagged: phone-like:6 — REVIEW BEFORE PUBLICATION,runtime viewed (screen renders); no action performed,Part 6 — Inventory and supply,WF-P2P-01,
SCR-INVENTORY-PurchaseOrders,en,inventory-purchaseorders.en.png,/Inventory/PurchaseOrders,/Inventory/PurchaseOrders,development administrator (single session),rendered-with-data,200,Inventory System - CrossBuy,Purchase orders,en,ltr,22,29,5,2,no,no,2026-09-20,1440x900,development data; automatic scan flagged: phone-like:6 — REVIEW BEFORE PUBLICATION,runtime viewed (screen renders); no action performed,Part 6 — Inventory and supply,WF-P2P-01,
SCR-INVENTORY-QuotationDetails,ar,inventory-quotationdetails.ar.png,/Inventory/QuotationDetails,/Inventory/Quotations,development administrator (single session),rendered-empty-state,200,نظام المخازن - CrossBuy,عروض الأسعار,ar,rtl,22,14,0,1,no,no,2026-09-20,1440x900,development data; automatic scan flagged: phone-like:1 — REVIEW BEFORE PUBLICATION,runtime viewed (screen renders); no action performed,Part 6 — Inventory and supply,,
SCR-INVENTORY-QuotationDetails,en,inventory-quotationdetails.en.png,/Inventory/QuotationDetails,/Inventory/Quotations,development administrator (single session),rendered-empty-state,200,Inventory System - CrossBuy,Quotations,en,ltr,22,14,0,1,no,no,2026-09-20,1440x900,development data; automatic scan flagged: phone-like:1 — REVIEW BEFORE PUBLICATION,runtime viewed (screen renders); no action performed,Part 6 — Inventory and supply,,
SCR-INVENTORY-Quotations,ar,inventory-quotations.ar.png,/Inventory/Quotations,/Inventory/Quotations,development administrator (single session),rendered-empty-state,200,نظام المخازن - CrossBuy,عروض الأسعار,ar,rtl,22,13,0,1,no,no,2026-09-20,1440x900,development data; automatic scan flagged: phone-like:1 — REVIEW BEFORE PUBLICATION,runtime viewed (screen renders); no action performed,Part 6 — Inventory and supply,,
SCR-INVENTORY-Quotations,en,inventory-quotations.en.png,/Inventory/Quotations,/Inventory/Quotations,development administrator (single session),rendered-empty-state,200,Inventory System - CrossBuy,Quotations,en,ltr,22,13,0,1,no,no,2026-09-20,1440x900,development data; automatic scan flagged: phone-like:1 — REVIEW BEFORE PUBLICATION,runtime viewed (screen renders); no action performed,Part 6 — Inventory and supply,,
SCR-INVENTORY-RackBalances,ar,inventory-rackbalances.ar.png,/Inventory/RackBalances,/Inventory/RackBalances,development administrator (single session),rendered-empty-state,200,نظام المخازن - CrossBuy,جرد الرفوف,ar,rtl,22,13,0,2,no,no,2026-09-20,1440x900,"development data; no e-mail, phone, IBAN or 14-digit id detected. The signed-in user name and avatar are visible in the header.",runtime viewed (screen renders); no action performed,Part 6 — Inventory and supply,,
SCR-INVENTORY-RackBalances,en,inventory-rackbalances.en.png,/Inventory/RackBalances,/Inventory/RackBalances,development administrator (single session),rendered-empty-state,200,Inventory System - CrossBuy,Rack stock,en,ltr,22,13,0,2,no,no,2026-09-20,1440x900,"development data; no e-mail, phone, IBAN or 14-digit id detected. The signed-in user name and avatar are visible in the header.",runtime viewed (screen renders); no action performed,Part 6 — Inventory and supply,,
SCR-INVENTORY-ReorderReport,ar,inventory-reorderreport.ar.png,/Inventory/ReorderReport,/Inventory/ReorderReport,development administrator (single session),rendered-with-data,200,نظام المخازن - CrossBuy,النواقص وإعادة الطلب,ar,rtl,21,11,29,1,no,no,2026-09-20,1440x900,development data; automatic scan flagged: phone-like:2 — REVIEW BEFORE PUBLICATION,runtime viewed (screen renders); no action performed,Part 6 — Inventory and supply,,
SCR-INVENTORY-ReorderReport,en,inventory-reorderreport.en.png,/Inventory/ReorderReport,/Inventory/ReorderReport,development administrator (single session),rendered-with-data,200,Inventory System - CrossBuy,Reorder / Low stock,en,ltr,21,11,29,1,no,no,2026-09-20,1440x900,development data; automatic scan flagged: phone-like:2 — REVIEW BEFORE PUBLICATION,runtime viewed (screen renders); no action performed,Part 6 — Inventory and supply,,
SCR-INVENTORY-ReorderSettings,ar,inventory-reordersettings.ar.png,/Inventory/ReorderSettings,/Inventory/ReorderSettings,development administrator (single session),rendered-empty-state,200,نظام المخازن - CrossBuy,حدود إعادة الطلب,ar,rtl,20,10,0,1,no,no,2026-09-20,1440x900,"development data; no e-mail, phone, IBAN or 14-digit id detected. The signed-in user name and avatar are visible in the header.",runtime viewed (screen renders); no action performed,Part 6 — Inventory and supply,,
SCR-INVENTORY-ReorderSettings,en,inventory-reordersettings.en.png,/Inventory/ReorderSettings,/Inventory/ReorderSettings,development administrator (single session),rendered-empty-state,200,Inventory System - CrossBuy,Reorder settings,en,ltr,20,10,0,1,no,no,2026-09-20,1440x900,"development data; no e-mail, phone, IBAN or 14-digit id detected. The signed-in user name and avatar are visible in the header.",runtime viewed (screen renders); no action performed,Part 6 — Inventory and supply,,
SCR-INVENTORY-Reports,ar,inventory-reports.ar.png,/Inventory/Reports,/Inventory/Reports,development administrator (single session),rendered-with-data,200,نظام المخازن - CrossBuy,تقارير المخزون,ar,rtl,19,10,0,1,no,no,2026-09-20,1440x900,"development data; no e-mail, phone, IBAN or 14-digit id detected. The signed-in user name and avatar are visible in the header.",runtime viewed (screen renders); no action performed,Part 6 — Inventory and supply,,
SCR-INVENTORY-Reports,en,inventory-reports.en.png,/Inventory/Reports,/Inventory/Reports,development administrator (single session),rendered-with-data,200,Inventory System - CrossBuy,Inventory reports,en,ltr,19,10,0,1,no,no,2026-09-20,1440x900,"development data; no e-mail, phone, IBAN or 14-digit id detected. The signed-in user name and avatar are visible in the header.",runtime viewed (screen renders); no action performed,Part 6 — Inventory and supply,,
SCR-INVENTORY-RiskInsights,ar,inventory-riskinsights.ar.png,/Inventory/RiskInsights,/Inventory/RiskInsights,development administrator (single session),rendered-with-data,200,نظام المخازن - CrossBuy,تحليلات المخاطر,ar,rtl,19,12,0,2,no,no,2026-09-20,1440x900,"development data; no e-mail, phone, IBAN or 14-digit id detected. The signed-in user name and avatar are visible in the header.",runtime viewed (screen renders); no action performed,Part 6 — Inventory and supply,,
SCR-INVENTORY-RiskInsights,en,inventory-riskinsights.en.png,/Inventory/RiskInsights,/Inventory/RiskInsights,development administrator (single session),rendered-with-data,200,Inventory System - CrossBuy,Risk Insights,en,ltr,19,12,0,2,no,no,2026-09-20,1440x900,"development data; no e-mail, phone, IBAN or 14-digit id detected. The signed-in user name and avatar are visible in the header.",runtime viewed (screen renders); no action performed,Part 6 — Inventory and supply,,
SCR-INVENTORY-Routing,ar,inventory-routing.ar.png,/Inventory/Routing,/Inventory/WorkOrders,development administrator (single session),rendered-with-data,200,نظام المخازن - CrossBuy,أوامر التشغيل,ar,rtl,83,77,25,5,no,no,2026-09-20,1440x900,development data; automatic scan flagged: phone-like:2 — REVIEW BEFORE PUBLICATION,runtime viewed (screen renders); no action performed,Part 6 — Inventory and supply,,
SCR-INVENTORY-Routing,en,inventory-routing.en.png,/Inventory/Routing,/Inventory/WorkOrders,development administrator (single session),rendered-empty-state,200,Warehouse System - CrossBuy,Work orders,en,ltr,83,52,0,5,no,no,2026-09-20,1440x900,development data; automatic scan flagged: phone-like:1 — REVIEW BEFORE PUBLICATION,runtime viewed (screen renders); no action performed,Part 6 — Inventory and supply,,
SCR-INVENTORY-SalesOrders,ar,inventory-salesorders.ar.png,/Inventory/SalesOrders,/Inventory/SalesOrders,development administrator (single session),rendered-with-data,200,نظام المخازن - CrossBuy,أوامر البيع,ar,rtl,22,22,2,2,no,no,2026-09-20,1440x900,development data; automatic scan flagged: phone-like:3 — REVIEW BEFORE PUBLICATION,runtime viewed (screen renders); no action performed,Part 6 — Inventory and supply,,
SCR-INVENTORY-SalesOrders,en,inventory-salesorders.en.png,/Inventory/SalesOrders,/Inventory/SalesOrders,development administrator (single session),rendered-with-data,200,Inventory System - CrossBuy,Sales orders,en,ltr,22,22,2,2,no,no,2026-09-20,1440x900,development data; automatic scan flagged: phone-like:3 — REVIEW BEFORE PUBLICATION,runtime viewed (screen renders); no action performed,Part 6 — Inventory and supply,,
SCR-INVENTORY-Serials,ar,inventory-serials.ar.png,/Inventory/Serials,/Inventory/Serials,development administrator (single session),rendered-empty-state,200,نظام المخازن - CrossBuy,الأرقام التسلسلية,ar,rtl,21,10,0,1,no,no,2026-09-20,1440x900,"development data; no e-mail, phone, IBAN or 14-digit id detected. The signed-in user name and avatar are visible in the header.",runtime viewed (screen renders); no action performed,Part 6 — Inventory and supply,,
SCR-INVENTORY-Serials,en,inventory-serials.en.png,/Inventory/Serials,/Inventory/Serials,development administrator (single session),rendered-empty-state,200,Inventory System - CrossBuy,Serial numbers,en,ltr,21,10,0,1,no,no,2026-09-20,1440x900,"development data; no e-mail, phone, IBAN or 14-digit id detected. The signed-in user name and avatar are visible in the header.",runtime viewed (screen renders); no action performed,Part 6 — Inventory and supply,,
SCR-INVENTORY-Settings,ar,inventory-settings.ar.png,/Inventory/Settings,/Inventory/Settings,development administrator (single session),rendered-with-data,200,نظام المخازن - CrossBuy,إعدادات المخزون,ar,rtl,26,11,0,1,no,no,2026-09-20,1440x900,"development data; no e-mail, phone, IBAN or 14-digit id detected. The signed-in user name and avatar are visible in the header.",runtime viewed (screen renders); no action performed,Part 6 — Inventory and supply,,
SCR-INVENTORY-Settings,en,inventory-settings.en.png,/Inventory/Settings,/Inventory/Settings,development administrator (single session),rendered-with-data,200,Inventory System - CrossBuy,Inventory settings,en,ltr,26,11,0,1,no,no,2026-09-20,1440x900,"development data; no e-mail, phone, IBAN or 14-digit id detected. The signed-in user name and avatar are visible in the header.",runtime viewed (screen renders); no action performed,Part 6 — Inventory and supply,,
SCR-INVENTORY-ShelfLabels,ar,inventory-shelflabels.ar.png,/Inventory/ShelfLabels,/Inventory/ShelfLabels,development administrator (single session),rendered-empty-state,200,نظام المخازن - CrossBuy,بطاقات الرفّ,ar,rtl,20,11,0,1,no,no,2026-09-20,1440x900,"development data; no e-mail, phone, IBAN or 14-digit id detected. The signed-in user name and avatar are visible in the header.",runtime viewed (screen renders); no action performed,Part 6 — Inventory and supply,,
SCR-INVENTORY-ShelfLabels,en,inventory-shelflabels.en.png,/Inventory/ShelfLabels,/Inventory/ShelfLabels,development administrator (single session),rendered-empty-state,200,Inventory System - CrossBuy,Shelf labels,en,ltr,20,11,0,1,no,no,2026-09-20,1440x900,"development data; no e-mail, phone, IBAN or 14-digit id detected. The signed-in user name and avatar are visible in the header.",runtime viewed (screen renders); no action performed,Part 6 — Inventory and supply,,
SCR-INVENTORY-StagnantReport,ar,inventory-stagnantreport.ar.png,/Inventory/StagnantReport,/Inventory/StagnantReport,development administrator (single session),rendered-with-data,200,نظام المخازن - CrossBuy,الأصناف الراكدة,ar,rtl,22,11,18,1,no,no,2026-09-20,1440x900,development data; automatic scan flagged: phone-like:6 — REVIEW BEFORE PUBLICATION,runtime viewed (screen renders); no action performed,Part 6 — Inventory and supply,,
SCR-INVENTORY-StagnantReport,en,inventory-stagnantreport.en.png,/Inventory/StagnantReport,/Inventory/StagnantReport,development administrator (single session),rendered-with-data,200,Inventory System - CrossBuy,Slow-moving items,en,ltr,22,11,18,1,no,no,2026-09-20,1440x900,development data; automatic scan flagged: phone-like:6 — REVIEW BEFORE PUBLICATION,runtime viewed (screen renders); no action performed,Part 6 — Inventory and supply,,
SCR-INVENTORY-StockBalances,ar,inventory-stockbalances.ar.png,/Inventory/StockBalances,/Inventory/StockBalances,development administrator (single session),rendered-empty-state,200,نظام المخازن - CrossBuy,أرصدة المخزون,ar,rtl,23,13,0,1,no,no,2026-09-20,1440x900,development data; automatic scan flagged: phone-like:1 — REVIEW BEFORE PUBLICATION,runtime viewed (screen renders); no action performed,Part 6 — Inventory and supply,,
SCR-INVENTORY-StockBalances,en,inventory-stockbalances.en.png,/Inventory/StockBalances,/Inventory/StockBalances,development administrator (single session),rendered-with-data,200,Inventory System - CrossBuy,Stock on-hand,en,ltr,23,38,25,1,no,no,2026-09-20,1440x900,development data; automatic scan flagged: phone-like:2 — REVIEW BEFORE PUBLICATION,runtime viewed (screen renders); no action performed,Part 6 — Inventory and supply,,
SCR-INVENTORY-StockCounts,ar,inventory-stockcounts.ar.png,/Inventory/StockCounts,/Inventory/StockCounts,development administrator (single session),rendered-with-data,200,نظام المخازن - CrossBuy,الجرد والتسويات,ar,rtl,20,80,69,1,no,no,2026-09-20,1440x900,development data; automatic scan flagged: phone-like:10 — REVIEW BEFORE PUBLICATION,runtime viewed (screen renders); no action performed,Part 6 — Inventory and supply,WF-INV-01,
SCR-INVENTORY-StockCounts,en,inventory-stockcounts.en.png,/Inventory/StockCounts,/Inventory/StockCounts,development administrator (single session),rendered-with-data,200,Inventory System - CrossBuy,Stock counts,en,ltr,20,80,69,1,no,no,2026-09-20,1440x900,development data; automatic scan flagged: phone-like:10 — REVIEW BEFORE PUBLICATION,runtime viewed (screen renders); no action performed,Part 6 — Inventory and supply,WF-INV-01,
SCR-INVENTORY-StockMovements,ar,inventory-stockmovements.ar.png,/Inventory/StockMovements,/Inventory/StockMovements,development administrator (single session),rendered-empty-state,200,نظام المخازن - CrossBuy,حركات المخزون,ar,rtl,22,13,0,1,no,no,2026-09-20,1440x900,development data; automatic scan flagged: phone-like:1 — REVIEW BEFORE PUBLICATION,runtime viewed (screen renders); no action performed,Part 6 — Inventory and supply,,
SCR-INVENTORY-StockMovements,en,inventory-stockmovements.en.png,/Inventory/StockMovements,/Inventory/StockMovements,development administrator (single session),rendered-empty-state,200,Inventory System - CrossBuy,Stock movements,en,ltr,22,13,0,1,no,no,2026-09-20,1440x900,development data; automatic scan flagged: phone-like:1 — REVIEW BEFORE PUBLICATION,runtime viewed (screen renders); no action performed,Part 6 — Inventory and supply,,
SCR-INVENTORY-StockTransfers,ar,inventory-stocktransfers.ar.png,/Inventory/StockTransfers,/Inventory/StockTransfers,development administrator (single session),rendered-with-data,200,نظام المخازن - CrossBuy,التحويلات بين المخازن,ar,rtl,20,23,12,1,no,no,2026-09-20,1440x900,development data; automatic scan flagged: phone-like:10 — REVIEW BEFORE PUBLICATION,runtime viewed (screen renders); no action performed,Part 6 — Inventory and supply,WF-INV-02,
SCR-INVENTORY-StockTransfers,en,inventory-stocktransfers.en.png,/Inventory/StockTransfers,/Inventory/StockTransfers,development administrator (single session),rendered-with-data,200,Inventory System - CrossBuy,Stock transfers,en,ltr,20,23,12,1,no,no,2026-09-20,1440x900,development data; automatic scan flagged: phone-like:10 — REVIEW BEFORE PUBLICATION,runtime viewed (screen renders); no action performed,Part 6 — Inventory and supply,WF-INV-02,
SCR-INVENTORY-Units,ar,inventory-units.ar.png,/Inventory/Units,/Inventory/Units,development administrator (single session),rendered-with-data,200,نظام المخازن - CrossBuy,وحدات القياس,ar,rtl,23,13,4,2,no,no,2026-09-20,1440x900,"development data; no e-mail, phone, IBAN or 14-digit id detected. The signed-in user name and avatar are visible in the header.",runtime viewed (screen renders); no action performed,Part 6 — Inventory and supply,WF-INV-01,
SCR-INVENTORY-Units,en,inventory-units.en.png,/Inventory/Units,/Inventory/Units,development administrator (single session),rendered-with-data,200,Inventory System - CrossBuy,Units of Measure,en,ltr,23,13,4,2,no,no,2026-09-20,1440x900,"development data; no e-mail, phone, IBAN or 14-digit id detected. The signed-in user name and avatar are visible in the header.",runtime viewed (screen renders); no action performed,Part 6 — Inventory and supply,WF-INV-01,
SCR-INVENTORY-ValuationReport,ar,inventory-valuationreport.ar.png,/Inventory/ValuationReport,/Inventory/ValuationReport,development administrator (single session),rendered-with-data,200,نظام المخازن - CrossBuy,تقرير تقييم المخزون,ar,rtl,21,11,64,1,no,no,2026-09-20,1440x900,"development data; no e-mail, phone, IBAN or 14-digit id detected. The signed-in user name and avatar are visible in the header.",runtime viewed (screen renders); no action performed,Part 6 — Inventory and supply,,
SCR-INVENTORY-ValuationReport,en,inventory-valuationreport.en.png,/Inventory/ValuationReport,/Inventory/ValuationReport,development administrator (single session),rendered-with-data,200,Inventory System - CrossBuy,Inventory Valuation,en,ltr,21,11,64,1,no,no,2026-09-20,1440x900,"development data; no e-mail, phone, IBAN or 14-digit id detected. The signed-in user name and avatar are visible in the header.",runtime viewed (screen renders); no action performed,Part 6 — Inventory and supply,,
SCR-INVENTORY-WarehouseSections,ar,inventory-warehousesections.ar.png,/Inventory/WarehouseSections,/Inventory/WarehouseSections,development administrator (single session),rendered-empty-state,200,نظام المخازن - CrossBuy,سيكشنات / رفوف المخزن,ar,rtl,20,10,0,1,no,no,2026-09-20,1440x900,"development data; no e-mail, phone, IBAN or 14-digit id detected. The signed-in user name and avatar are visible in the header.",runtime viewed (screen renders); no action performed,Part 6 — Inventory and supply,WF-INV-01,
SCR-INVENTORY-WarehouseSections,en,inventory-warehousesections.en.png,/Inventory/WarehouseSections,/Inventory/WarehouseSections,development administrator (single session),rendered-empty-state,200,Inventory System - CrossBuy,Warehouse sections / racks,en,ltr,20,10,0,1,no,no,2026-09-20,1440x900,"development data; no e-mail, phone, IBAN or 14-digit id detected. The signed-in user name and avatar are visible in the header.",runtime viewed (screen renders); no action performed,Part 6 — Inventory and supply,WF-INV-01,
SCR-INVENTORY-Warehouses,ar,inventory-warehouses.ar.png,/Inventory/Warehouses,/Inventory/Warehouses,development administrator (single session),rendered-with-data,200,نظام المخازن - CrossBuy,المخازن,ar,rtl,35,18,3,3,no,no,2026-09-20,1440x900,"development data; no e-mail, phone, IBAN or 14-digit id detected. The signed-in user name and avatar are visible in the header.",runtime viewed (screen renders); no action performed,Part 6 — Inventory and supply,WF-INV-01,
SCR-INVENTORY-Warehouses,en,inventory-warehouses.en.png,/Inventory/Warehouses,/Inventory/Warehouses,development administrator (single session),rendered-with-data,200,Inventory System - CrossBuy,Warehouses,en,ltr,35,18,3,3,no,no,2026-09-20,1440x900,"development data; no e-mail, phone, IBAN or 14-digit id detected. The signed-in user name and avatar are visible in the header.",runtime viewed (screen renders); no action performed,Part 6 — Inventory and supply,WF-INV-01,
SCR-INVENTORY-WorkCenters,ar,inventory-workcenters.ar.png,/Inventory/WorkCenters,/Inventory/WorkCenters,development administrator (single session),rendered-with-data,200,نظام المخازن - CrossBuy,مراكز العمل,ar,rtl,86,54,1,6,no,no,2026-09-20,1440x900,"development data; no e-mail, phone, IBAN or 14-digit id detected. The signed-in user name and avatar are visible in the header.",runtime viewed (screen renders); no action performed,Part 6 — Inventory and supply,,
SCR-INVENTORY-WorkCenters,en,inventory-workcenters.en.png,/Inventory/WorkCenters,/Inventory/WorkCenters,development administrator (single session),rendered-with-data,200,Warehouse System - CrossBuy,Work centers,en,ltr,86,54,1,6,no,no,2026-09-20,1440x900,"development data; no e-mail, phone, IBAN or 14-digit id detected. The signed-in user name and avatar are visible in the header.",runtime viewed (screen renders); no action performed,Part 6 — Inventory and supply,,
SCR-INVENTORY-WorkOrderDetails,ar,inventory-workorderdetails.ar.png,/Inventory/WorkOrderDetails,/Inventory/WorkOrders,development administrator (single session),rendered-empty-state,200,نظام المخازن - CrossBuy,أوامر التشغيل,ar,rtl,83,52,0,5,no,no,2026-09-20,1440x900,development data; automatic scan flagged: phone-like:1 — REVIEW BEFORE PUBLICATION,runtime viewed (screen renders); no action performed,Part 6 — Inventory and supply,,
SCR-INVENTORY-WorkOrderDetails,en,inventory-workorderdetails.en.png,/Inventory/WorkOrderDetails,/Inventory/WorkOrders,development administrator (single session),rendered-empty-state,200,Warehouse System - CrossBuy,Work orders,en,ltr,83,52,0,5,no,no,2026-09-20,1440x900,development data; automatic scan flagged: phone-like:1 — REVIEW BEFORE PUBLICATION,runtime viewed (screen renders); no action performed,Part 6 — Inventory and supply,,
SCR-INVENTORY-WorkOrders,ar,inventory-workorders.ar.png,/Inventory/WorkOrders,/Inventory/WorkOrders,development administrator (single session),rendered-with-data,200,نظام المخازن - CrossBuy,أوامر التشغيل,ar,rtl,83,76,25,5,no,no,2026-09-20,1440x900,development data; automatic scan flagged: phone-like:2 — REVIEW BEFORE PUBLICATION,runtime viewed (screen renders); no action performed,Part 6 — Inventory and supply,,
SCR-INVENTORY-WorkOrders,en,inventory-workorders.en.png,/Inventory/WorkOrders,/Inventory/WorkOrders,development administrator (single session),rendered-with-data,200,Warehouse System - CrossBuy,Work orders,en,ltr,83,76,25,5,no,no,2026-09-20,1440x900,development data; automatic scan flagged: phone-like:2 — REVIEW BEFORE PUBLICATION,runtime viewed (screen renders); no action performed,Part 6 — Inventory and supply,,
SCR-INVENTORY-WriteOffs,ar,inventory-writeoffs.ar.png,/Inventory/WriteOffs,/Inventory/WriteOffs,development administrator (single session),rendered-with-data,200,نظام المخازن - CrossBuy,الإعدام والتلف,ar,rtl,20,12,1,1,no,no,2026-09-20,1440x900,development data; automatic scan flagged: phone-like:1 — REVIEW BEFORE PUBLICATION,runtime viewed (screen renders); no action performed,Part 6 — Inventory and supply,,
SCR-INVENTORY-WriteOffs,en,inventory-writeoffs.en.png,/Inventory/WriteOffs,/Inventory/WriteOffs,development administrator (single session),rendered-with-data,200,Inventory System - CrossBuy,Write-offs & damage,en,ltr,20,12,1,1,no,no,2026-09-20,1440x900,development data; automatic scan flagged: phone-like:1 — REVIEW BEFORE PUBLICATION,runtime viewed (screen renders); no action performed,Part 6 — Inventory and supply,,
SCR-NOTIFICATIONS-Index,ar,notifications-index.ar.png,/Notifications/Index,/Notifications/Index,development administrator (single session),rendered-with-data,200,لوحة تحكم CrossBuy,الإشعارات,ar,rtl,24,17,0,3,no,no,2026-09-20,1440x900,development data; automatic scan flagged: phone-like:33 — REVIEW BEFORE PUBLICATION,runtime viewed (screen renders); no action performed,Part 12 — Working together,,
SCR-NOTIFICATIONS-Index,en,notifications-index.en.png,/Notifications/Index,/Notifications/Index,development administrator (single session),rendered-with-data,200,CrossBuy Admin,Notifications,en,ltr,24,17,0,3,no,no,2026-09-20,1440x900,development data; automatic scan flagged: phone-like:33 — REVIEW BEFORE PUBLICATION,runtime viewed (screen renders); no action performed,Part 12 — Working together,,
SCR-PEOPLE-Attendance,ar,people-attendance.ar.png,/People/Attendance,/People/Attendance,development administrator (single session),rendered-with-data,200,بوابة الموظفين - CrossBuy,حضوري,ar,rtl,2,1,5,0,no,no,2026-09-20,1440x900,development data; automatic scan flagged: phone-like:5 — REVIEW BEFORE PUBLICATION,runtime viewed (screen renders); no action performed,Part 11 — People,,
SCR-PEOPLE-Attendance,en,people-attendance.en.png,/People/Attendance,/People/Attendance,development administrator (single session),rendered-with-data,200,People Portal - CrossBuy,My attendance,en,ltr,2,1,5,0,no,no,2026-09-20,1440x900,development data; automatic scan flagged: phone-like:5 — REVIEW BEFORE PUBLICATION,runtime viewed (screen renders); no action performed,Part 11 — People,,
SCR-PEOPLE-Dashboard,ar,people-dashboard.ar.png,/People/Dashboard,/People/Dashboard,development administrator (single session),rendered-with-data,200,بوابة الموظفين - CrossBuy,مرحبًا، احمد زكريا 👋,ar,rtl,0,3,5,0,no,no,2026-09-20,1440x900,development data; automatic scan flagged: phone-like:1 — REVIEW BEFORE PUBLICATION,runtime viewed (screen renders); no action performed,Part 11 — People,WF-EXT-01,
SCR-PEOPLE-Dashboard,en,people-dashboard.en.png,/People/Dashboard,/People/Dashboard,development administrator (single session),rendered-with-data,200,People Portal - CrossBuy,"Welcome, ahmed zakareya 👋",en,ltr,0,3,5,0,no,no,2026-09-20,1440x900,development data; automatic scan flagged: phone-like:1 — REVIEW BEFORE PUBLICATION,runtime viewed (screen renders); no action performed,Part 11 — People,WF-EXT-01,
SCR-PEOPLE-Leaves,ar,people-leaves.ar.png,/People/Leaves,/People/Leaves,development administrator (single session),rendered-with-data,200,بوابة الموظفين - CrossBuy,الإجازات,ar,rtl,13,14,0,1,no,no,2026-09-20,1440x900,"development data; no e-mail, phone, IBAN or 14-digit id detected. The signed-in user name and avatar are visible in the header.",runtime viewed (screen renders); no action performed,Part 11 — People,,
SCR-PEOPLE-Leaves,en,people-leaves.en.png,/People/Leaves,/People/Leaves,development administrator (single session),rendered-with-data,200,People Portal - CrossBuy,Leaves,en,ltr,13,14,0,1,no,no,2026-09-20,1440x900,"development data; no e-mail, phone, IBAN or 14-digit id detected. The signed-in user name and avatar are visible in the header.",runtime viewed (screen renders); no action performed,Part 11 — People,,
SCR-PEOPLE-LetterPrint,ar,people-letterprint.ar.png,/People/LetterPrint,/People/Requests,development administrator (single session),rendered-with-data,200,بوابة الموظفين - CrossBuy,طلباتي — خطابات وأذونات,ar,rtl,7,10,5,0,no,no,2026-09-20,1440x900,development data; automatic scan flagged: phone-like:2 — REVIEW BEFORE PUBLICATION,runtime viewed (screen renders); no action performed,Part 11 — People,,
SCR-PEOPLE-LetterPrint,en,people-letterprint.en.png,/People/LetterPrint,/People/Requests,development administrator (single session),rendered-with-data,200,People Portal - CrossBuy,My Requests — letters & permissions,en,ltr,7,10,5,0,no,no,2026-09-20,1440x900,development data; automatic scan flagged: phone-like:2 — REVIEW BEFORE PUBLICATION,runtime viewed (screen renders); no action performed,Part 11 — People,,
SCR-PEOPLE-MyAppraisal,ar,people-myappraisal.ar.png,/People/MyAppraisal,/People/MyAppraisals,development administrator (single session),rendered-with-data,200,بوابة الموظفين - CrossBuy,تقييماتي,ar,rtl,0,4,3,0,no,no,2026-09-20,1440x900,"development data; no e-mail, phone, IBAN or 14-digit id detected. The signed-in user name and avatar are visible in the header.",runtime viewed (screen renders); no action performed,Part 11 — People,,
SCR-PEOPLE-MyAppraisal,en,people-myappraisal.en.png,/People/MyAppraisal,/People/MyAppraisals,development administrator (single session),rendered-with-data,200,People Portal - CrossBuy,My appraisals,en,ltr,0,4,3,0,no,no,2026-09-20,1440x900,"development data; no e-mail, phone, IBAN or 14-digit id detected. The signed-in user name and avatar are visible in the header.",runtime viewed (screen renders); no action performed,Part 11 — People,,
SCR-PEOPLE-MyAppraisals,ar,people-myappraisals.ar.png,/People/MyAppraisals,/People/MyAppraisals,development administrator (single session),rendered-with-data,200,بوابة الموظفين - CrossBuy,تقييماتي,ar,rtl,0,4,3,0,no,no,2026-09-20,1440x900,"development data; no e-mail, phone, IBAN or 14-digit id detected. The signed-in user name and avatar are visible in the header.",runtime viewed (screen renders); no action performed,Part 11 — People,,
SCR-PEOPLE-MyAppraisals,en,people-myappraisals.en.png,/People/MyAppraisals,/People/MyAppraisals,development administrator (single session),rendered-with-data,200,People Portal - CrossBuy,My appraisals,en,ltr,0,4,3,0,no,no,2026-09-20,1440x900,"development data; no e-mail, phone, IBAN or 14-digit id detected. The signed-in user name and avatar are visible in the header.",runtime viewed (screen renders); no action performed,Part 11 — People,,
SCR-PEOPLE-MyTrainings,ar,people-mytrainings.ar.png,/People/MyTrainings,/People/MyTrainings,development administrator (single session),rendered-with-data,200,بوابة الموظفين - CrossBuy,تدريباتي,ar,rtl,0,1,1,0,no,no,2026-09-20,1440x900,development data; automatic scan flagged: phone-like:1 — REVIEW BEFORE PUBLICATION,runtime viewed (screen renders); no action performed,Part 11 — People,,
SCR-PEOPLE-MyTrainings,en,people-mytrainings.en.png,/People/MyTrainings,/People/MyTrainings,development administrator (single session),rendered-with-data,200,People Portal - CrossBuy,My trainings,en,ltr,0,1,1,0,no,no,2026-09-20,1440x900,development data; automatic scan flagged: phone-like:1 — REVIEW BEFORE PUBLICATION,runtime viewed (screen renders); no action performed,Part 11 — People,,
SCR-PEOPLE-Payslip,ar,people-payslip.ar.png,/People/Payslip,/People/Payslips,development administrator (single session),rendered-with-data,200,بوابة الموظفين - CrossBuy,قسائم راتبي,ar,rtl,0,3,2,0,no,no,2026-09-20,1440x900,"development data; no e-mail, phone, IBAN or 14-digit id detected. The signed-in user name and avatar are visible in the header.",runtime viewed (screen renders); no action performed,Part 11 — People,,
SCR-PEOPLE-Payslip,en,people-payslip.en.png,/People/Payslip,/People/Payslips,development administrator (single session),rendered-with-data,200,People Portal - CrossBuy,My payslips,en,ltr,0,3,2,0,no,no,2026-09-20,1440x900,"development data; no e-mail, phone, IBAN or 14-digit id detected. The signed-in user name and avatar are visible in the header.",runtime viewed (screen renders); no action performed,Part 11 — People,,
SCR-PEOPLE-Payslips,ar,people-payslips.ar.png,/People/Payslips,/People/Payslips,development administrator (single session),rendered-with-data,200,بوابة الموظفين - CrossBuy,قسائم راتبي,ar,rtl,0,3,2,0,no,no,2026-09-20,1440x900,"development data; no e-mail, phone, IBAN or 14-digit id detected. The signed-in user name and avatar are visible in the header.",runtime viewed (screen renders); no action performed,Part 11 — People,,
SCR-PEOPLE-Payslips,en,people-payslips.en.png,/People/Payslips,/People/Payslips,development administrator (single session),rendered-with-data,200,People Portal - CrossBuy,My payslips,en,ltr,0,3,2,0,no,no,2026-09-20,1440x900,"development data; no e-mail, phone, IBAN or 14-digit id detected. The signed-in user name and avatar are visible in the header.",runtime viewed (screen renders); no action performed,Part 11 — People,,
SCR-PEOPLE-Profile,ar,people-profile.ar.png,/People/Profile,/People/Profile,development administrator (single session),rendered-with-data,200,بوابة الموظفين - CrossBuy,ملفي الشخصي,ar,rtl,0,1,0,0,no,no,2026-09-20,1440x900,"development data; automatic scan flagged: email:1,phone-like:1 — REVIEW BEFORE PUBLICATION",runtime viewed (screen renders); no action performed,Part 11 — People,,
SCR-PEOPLE-Profile,en,people-profile.en.png,/People/Profile,/People/Profile,development administrator (single session),rendered-with-data,200,People Portal - CrossBuy,My Profile,en,ltr,0,1,0,0,no,no,2026-09-20,1440x900,"development data; automatic scan flagged: email:1,phone-like:1 — REVIEW BEFORE PUBLICATION",runtime viewed (screen renders); no action performed,Part 11 — People,,
SCR-PEOPLE-Requests,ar,people-requests.ar.png,/People/Requests,/People/Requests,development administrator (single session),rendered-with-data,200,بوابة الموظفين - CrossBuy,طلباتي — خطابات وأذونات,ar,rtl,7,10,5,0,no,no,2026-09-20,1440x900,development data; automatic scan flagged: phone-like:2 — REVIEW BEFORE PUBLICATION,runtime viewed (screen renders); no action performed,Part 11 — People,,
SCR-PEOPLE-Requests,en,people-requests.en.png,/People/Requests,/People/Requests,development administrator (single session),rendered-with-data,200,People Portal - CrossBuy,My Requests — letters & permissions,en,ltr,7,10,5,0,no,no,2026-09-20,1440x900,development data; automatic scan flagged: phone-like:2 — REVIEW BEFORE PUBLICATION,runtime viewed (screen renders); no action performed,Part 11 — People,,
SCR-PEOPLE-Structure,ar,people-structure.ar.png,/People/Structure,/People/Structure,development administrator (single session),rendered-with-data,200,بوابة الموظفين - CrossBuy,الهيكل الإداري,ar,rtl,0,1,0,0,no,no,2026-09-20,1440x900,"development data; no e-mail, phone, IBAN or 14-digit id detected. The signed-in user name and avatar are visible in the header.",runtime viewed (screen renders); no action performed,Part 11 — People,,
SCR-PEOPLE-Structure,en,people-structure.en.png,/People/Structure,/People/Structure,development administrator (single session),rendered-with-data,200,People Portal - CrossBuy,Org Structure,en,ltr,0,1,0,0,no,no,2026-09-20,1440x900,"development data; no e-mail, phone, IBAN or 14-digit id detected. The signed-in user name and avatar are visible in the header.",runtime viewed (screen renders); no action performed,Part 11 — People,,
SCR-PORTAL-Choose,ar,portal-choose.ar.png,/Portal/Choose,/Portal/Choose,development administrator (single session),rendered-with-data,200,اختر الوجهة - CrossBuy,أهلاً بك، احمد زكريا,ar,rtl,0,0,0,0,no,no,2026-09-20,1440x900,"development data; no e-mail, phone, IBAN or 14-digit id detected. The signed-in user name and avatar are visible in the header.",runtime viewed (screen renders); no action performed,Part 1 — Getting started,WF-ACCESS-01,
SCR-PORTAL-Choose,en,portal-choose.en.png,/Portal/Choose,/Portal/Choose,development administrator (single session),rendered-with-data,200,Choose destination - CrossBuy,"Welcome, ahmed zakareya",en,ltr,0,0,0,0,no,no,2026-09-20,1440x900,"development data; no e-mail, phone, IBAN or 14-digit id detected. The signed-in user name and avatar are visible in the header.",runtime viewed (screen renders); no action performed,Part 1 — Getting started,WF-ACCESS-01,
SCR-POS-Areas,ar,pos-areas.ar.png,/Pos/Areas,/Pos/Areas,development administrator (single session),rendered-empty-state,200,لوحة تحكم CrossBuy,الصالات والمطابخ,ar,rtl,23,14,0,2,no,no,2026-09-20,1440x900,"development data; no e-mail, phone, IBAN or 14-digit id detected. The signed-in user name and avatar are visible in the header.",runtime viewed (screen renders); no action performed,Part 8 — Restaurant and retail,,
SCR-POS-Areas,en,pos-areas.en.png,/Pos/Areas,/Pos/Areas,development administrator (single session),rendered-empty-state,200,CrossBuy Admin,Dining areas & kitchen stations,en,ltr,23,14,0,2,no,no,2026-09-20,1440x900,"development data; no e-mail, phone, IBAN or 14-digit id detected. The signed-in user name and avatar are visible in the header.",runtime viewed (screen renders); no action performed,Part 8 — Restaurant and retail,,
SCR-POS-CashierRoles,ar,pos-cashierroles.ar.png,/Pos/CashierRoles,/Pos/CashierRoles,development administrator (single session),rendered-empty-state,200,لوحة تحكم CrossBuy,أدوار الكاشير,ar,rtl,23,14,0,2,no,no,2026-09-20,1440x900,"development data; no e-mail, phone, IBAN or 14-digit id detected. The signed-in user name and avatar are visible in the header.",runtime viewed (screen renders); no action performed,Part 8 — Restaurant and retail,WF-SETUP-02,
SCR-POS-CashierRoles,en,pos-cashierroles.en.png,/Pos/CashierRoles,/Pos/CashierRoles,development administrator (single session),rendered-empty-state,200,CrossBuy Admin,Cashier roles,en,ltr,23,14,0,2,no,no,2026-09-20,1440x900,"development data; no e-mail, phone, IBAN or 14-digit id detected. The signed-in user name and avatar are visible in the header.",runtime viewed (screen renders); no action performed,Part 8 — Restaurant and retail,WF-SETUP-02,
SCR-POS-Dashboard,ar,pos-dashboard.ar.png,/Pos/Dashboard,/Pos/Dashboard,development administrator (single session),rendered-with-data,200,لوحة تحكم CrossBuy,المطعم,ar,rtl,21,18,8,2,no,no,2026-09-20,1440x900,"development data; no e-mail, phone, IBAN or 14-digit id detected. The signed-in user name and avatar are visible in the header.",runtime viewed (screen renders); no action performed,Part 8 — Restaurant and retail,,
SCR-POS-Dashboard,en,pos-dashboard.en.png,/Pos/Dashboard,/Pos/Dashboard,development administrator (single session),rendered-with-data,200,CrossBuy Admin,Restaurant,en,ltr,21,18,8,2,no,no,2026-09-20,1440x900,"development data; no e-mail, phone, IBAN or 14-digit id detected. The signed-in user name and avatar are visible in the header.",runtime viewed (screen renders); no action performed,Part 8 — Restaurant and retail,,
SCR-POS-DeliveryZones,ar,pos-deliveryzones.ar.png,/Pos/DeliveryZones,/Pos/DeliveryZones,development administrator (single session),rendered-empty-state,200,لوحة تحكم CrossBuy,مناطق ورسوم التوصيل,ar,rtl,23,14,0,2,no,no,2026-09-20,1440x900,"development data; no e-mail, phone, IBAN or 14-digit id detected. The signed-in user name and avatar are visible in the header.",runtime viewed (screen renders); no action performed,Part 8 — Restaurant and retail,,
SCR-POS-DeliveryZones,en,pos-deliveryzones.en.png,/Pos/DeliveryZones,/Pos/DeliveryZones,development administrator (single session),rendered-empty-state,200,CrossBuy Admin,Delivery zones & fees,en,ltr,23,14,0,2,no,no,2026-09-20,1440x900,"development data; no e-mail, phone, IBAN or 14-digit id detected. The signed-in user name and avatar are visible in the header.",runtime viewed (screen renders); no action performed,Part 8 — Restaurant and retail,,
SCR-POS-Drivers,ar,pos-drivers.ar.png,/Pos/Drivers,/Pos/Drivers,development administrator (single session),rendered-but-near-empty,200,,,,ltr,0,0,0,0,no,no,2026-09-20,1440x900,"development data; no e-mail, phone, IBAN or 14-digit id detected. The signed-in user name and avatar are visible in the header.",runtime viewed (screen renders); no action performed,Part 8 — Restaurant and retail,,
SCR-POS-FloorPlan,ar,pos-floorplan.ar.png,/Pos/FloorPlan,/Pos/FloorPlan,development administrator (single session),rendered-empty-state,200,لوحة تحكم CrossBuy,رسم الطاولات,ar,rtl,27,18,0,4,no,no,2026-09-20,1440x900,"development data; no e-mail, phone, IBAN or 14-digit id detected. The signed-in user name and avatar are visible in the header.",runtime viewed (screen renders); no action performed,Part 8 — Restaurant and retail,WF-POS-01,
SCR-POS-FloorPlan,en,pos-floorplan.en.png,/Pos/FloorPlan,/Pos/FloorPlan,development administrator (single session),rendered-with-data,200,CrossBuy Admin,Floor plan,en,ltr,27,18,0,4,no,no,2026-09-20,1440x900,"development data; no e-mail, phone, IBAN or 14-digit id detected. The signed-in user name and avatar are visible in the header.",runtime viewed (screen renders); no action performed,Part 8 — Restaurant and retail,WF-POS-01,
SCR-POS-ItemSourcing,ar,pos-itemsourcing.ar.png,/Pos/ItemSourcing,/Pos/ItemSourcing,development administrator (single session),rendered-empty-state,200,لوحة تحكم CrossBuy,مصادر توفير الأصناف,ar,rtl,23,14,0,2,no,no,2026-09-20,1440x900,"development data; no e-mail, phone, IBAN or 14-digit id detected. The signed-in user name and avatar are visible in the header.",runtime viewed (screen renders); no action performed,Part 8 — Restaurant and retail,,
SCR-POS-ItemSourcing,en,pos-itemsourcing.en.png,/Pos/ItemSourcing,/Pos/ItemSourcing,development administrator (single session),rendered-empty-state,200,CrossBuy Admin,Item sourcing,en,ltr,23,14,0,2,no,no,2026-09-20,1440x900,"development data; no e-mail, phone, IBAN or 14-digit id detected. The signed-in user name and avatar are visible in the header.",runtime viewed (screen renders); no action performed,Part 8 — Restaurant and retail,,
SCR-POS-Modifiers,ar,pos-modifiers.ar.png,/Pos/Modifiers,/Pos/Modifiers,development administrator (single session),rendered-empty-state,200,لوحة تحكم CrossBuy,الإضافات (Modifiers),ar,rtl,30,25,0,3,no,no,2026-09-20,1440x900,"development data; no e-mail, phone, IBAN or 14-digit id detected. The signed-in user name and avatar are visible in the header.",runtime viewed (screen renders); no action performed,Part 8 — Restaurant and retail,,
SCR-POS-Modifiers,en,pos-modifiers.en.png,/Pos/Modifiers,/Pos/Modifiers,development administrator (single session),rendered-empty-state,200,CrossBuy Admin,Modifiers,en,ltr,30,25,0,3,no,no,2026-09-20,1440x900,"development data; no e-mail, phone, IBAN or 14-digit id detected. The signed-in user name and avatar are visible in the header.",runtime viewed (screen renders); no action performed,Part 8 — Restaurant and retail,,
SCR-POS-PaymentMethods,ar,pos-paymentmethods.ar.png,/Pos/PaymentMethods,/Pos/PaymentMethods,development administrator (single session),rendered-empty-state,200,لوحة تحكم CrossBuy,طرق الدفع,ar,rtl,23,14,0,2,no,no,2026-09-20,1440x900,"development data; no e-mail, phone, IBAN or 14-digit id detected. The signed-in user name and avatar are visible in the header.",runtime viewed (screen renders); no action performed,Part 8 — Restaurant and retail,,
SCR-POS-PaymentMethods,en,pos-paymentmethods.en.png,/Pos/PaymentMethods,/Pos/PaymentMethods,development administrator (single session),rendered-empty-state,200,CrossBuy Admin,Payment methods,en,ltr,23,14,0,2,no,no,2026-09-20,1440x900,"development data; no e-mail, phone, IBAN or 14-digit id detected. The signed-in user name and avatar are visible in the header.",runtime viewed (screen renders); no action performed,Part 8 — Restaurant and retail,,
SCR-POS-Preview,ar,pos-preview.ar.png,/Pos/Preview,/Pos/Preview,development administrator (single session),rendered-empty-state,200,لوحة تحكم CrossBuy,معاينة شاشة الكاشير,ar,rtl,23,14,0,2,no,no,2026-09-20,1440x900,"development data; no e-mail, phone, IBAN or 14-digit id detected. The signed-in user name and avatar are visible in the header.",runtime viewed (screen renders); no action performed,Part 8 — Restaurant and retail,,
SCR-POS-Preview,en,pos-preview.en.png,/Pos/Preview,/Pos/Preview,development administrator (single session),rendered-empty-state,200,CrossBuy Admin,Cashier screen preview,en,ltr,23,14,0,2,no,no,2026-09-20,1440x900,"development data; no e-mail, phone, IBAN or 14-digit id detected. The signed-in user name and avatar are visible in the header.",runtime viewed (screen renders); no action performed,Part 8 — Restaurant and retail,,
SCR-POS-QuickMenu,ar,pos-quickmenu.ar.png,/Pos/QuickMenu,/Pos/QuickMenu,development administrator (single session),rendered-empty-state,200,لوحة تحكم CrossBuy,الأصناف السريعة (الكاشير),ar,rtl,29,20,0,3,no,no,2026-09-20,1440x900,"development data; no e-mail, phone, IBAN or 14-digit id detected. The signed-in user name and avatar are visible in the header.",runtime viewed (screen renders); no action performed,Part 8 — Restaurant and retail,,
SCR-POS-QuickMenu,en,pos-quickmenu.en.png,/Pos/QuickMenu,/Pos/QuickMenu,development administrator (single session),rendered-empty-state,200,CrossBuy Admin,Quick items (cashier),en,ltr,29,20,0,3,no,no,2026-09-20,1440x900,"development data; no e-mail, phone, IBAN or 14-digit id detected. The signed-in user name and avatar are visible in the header.",runtime viewed (screen renders); no action performed,Part 8 — Restaurant and retail,,
SCR-POS-Reservations,ar,pos-reservations.ar.png,/Pos/Reservations,/Pos/Reservations,development administrator (single session),rendered-empty-state,200,لوحة تحكم CrossBuy,الحجوزات,ar,rtl,30,18,0,3,no,no,2026-09-20,1440x900,"development data; no e-mail, phone, IBAN or 14-digit id detected. The signed-in user name and avatar are visible in the header.",runtime viewed (screen renders); no action performed,Part 8 — Restaurant and retail,,
SCR-POS-Reservations,en,pos-reservations.en.png,/Pos/Reservations,/Pos/Reservations,development administrator (single session),rendered-empty-state,200,CrossBuy Admin,Reservations,en,ltr,30,18,0,3,no,no,2026-09-20,1440x900,"development data; no e-mail, phone, IBAN or 14-digit id detected. The signed-in user name and avatar are visible in the header.",runtime viewed (screen renders); no action performed,Part 8 — Restaurant and retail,,
SCR-POS-Setup,ar,pos-setup.ar.png,/Pos/Setup,/Pos/Setup,development administrator (single session),rendered-empty-state,200,لوحة تحكم CrossBuy,تأسيس منصة العمليات,ar,rtl,23,14,0,2,no,no,2026-09-20,1440x900,"development data; no e-mail, phone, IBAN or 14-digit id detected. The signed-in user name and avatar are visible in the header.",runtime viewed (screen renders); no action performed,Part 8 — Restaurant and retail,WF-POS-01,
SCR-POS-Setup,en,pos-setup.en.png,/Pos/Setup,/Pos/Setup,development administrator (single session),rendered-empty-state,200,CrossBuy Admin,Operations platform setup,en,ltr,23,14,0,2,no,no,2026-09-20,1440x900,"development data; no e-mail, phone, IBAN or 14-digit id detected. The signed-in user name and avatar are visible in the header.",runtime viewed (screen renders); no action performed,Part 8 — Restaurant and retail,WF-POS-01,
SCR-POS-SourcingOverview,ar,pos-sourcingoverview.ar.png,/Pos/SourcingOverview,/Pos/SourcingOverview,development administrator (single session),rendered-empty-state,200,لوحة تحكم CrossBuy,نظرة عامة: مصادر توفير الأصناف,ar,rtl,21,15,0,2,no,no,2026-09-20,1440x900,"development data; no e-mail, phone, IBAN or 14-digit id detected. The signed-in user name and avatar are visible in the header.",runtime viewed (screen renders); no action performed,Part 8 — Restaurant and retail,,
SCR-POS-SourcingOverview,en,pos-sourcingoverview.en.png,/Pos/SourcingOverview,/Pos/SourcingOverview,development administrator (single session),rendered-empty-state,200,CrossBuy Admin,Item sourcing overview,en,ltr,21,15,0,2,no,no,2026-09-20,1440x900,"development data; no e-mail, phone, IBAN or 14-digit id detected. The signed-in user name and avatar are visible in the header.",runtime viewed (screen renders); no action performed,Part 8 — Restaurant and retail,,
SCR-POS-SyncConflicts,ar,pos-syncconflicts.ar.png,/Pos/SyncConflicts,/Pos/SyncConflicts,development administrator (single session),rendered-with-data,200,لوحة تحكم CrossBuy,مراجعة تعارضات المزامنة,ar,rtl,21,17,2,2,no,no,2026-09-20,1440x900,development data; automatic scan flagged: phone-like:1 — REVIEW BEFORE PUBLICATION,runtime viewed (screen renders); no action performed,Part 8 — Restaurant and retail,,
SCR-POS-SyncConflicts,en,pos-syncconflicts.en.png,/Pos/SyncConflicts,/Pos/SyncConflicts,development administrator (single session),rendered-with-data,200,CrossBuy Admin,Sync conflict review,en,ltr,21,17,2,2,no,no,2026-09-20,1440x900,development data; automatic scan flagged: phone-like:1 — REVIEW BEFORE PUBLICATION,runtime viewed (screen renders); no action performed,Part 8 — Restaurant and retail,,
SCR-POS-Terminals,ar,pos-terminals.ar.png,/Pos/Terminals,/Pos/Terminals,development administrator (single session),rendered-empty-state,200,لوحة تحكم CrossBuy,أجهزة الكاشير,ar,rtl,23,14,0,2,no,no,2026-09-20,1440x900,"development data; no e-mail, phone, IBAN or 14-digit id detected. The signed-in user name and avatar are visible in the header.",runtime viewed (screen renders); no action performed,Part 8 — Restaurant and retail,,
SCR-POS-Terminals,en,pos-terminals.en.png,/Pos/Terminals,/Pos/Terminals,development administrator (single session),rendered-empty-state,200,CrossBuy Admin,Cashier terminals,en,ltr,23,14,0,2,no,no,2026-09-20,1440x900,"development data; no e-mail, phone, IBAN or 14-digit id detected. The signed-in user name and avatar are visible in the header.",runtime viewed (screen renders); no action performed,Part 8 — Restaurant and retail,,
SCR-POSAPP-Delivery,ar,,/PosApp/Delivery,,development administrator (single session),error,,,,ar,,,,,,no,no,2026-09-20,1440x900,not captured,not verified — capture failed,Part 8 — Restaurant and retail,WF-POS-01,"Error: page.goto: net::ERR_HTTP_RESPONSE_CODE_FAILURE at https://localhost:44368/PosApp/Delivery
Call log:
[2m  - navigating to ""https://localhost:44368/PosApp"
SCR-POSAPP-Delivery,en,,/PosApp/Delivery,,development administrator (single session),error,,,,en,,,,,,no,no,2026-09-20,1440x900,not captured,not verified — capture failed,Part 8 — Restaurant and retail,WF-POS-01,"Error: page.goto: net::ERR_HTTP_RESPONSE_CODE_FAILURE at https://localhost:44368/PosApp/Delivery
Call log:
[2m  - navigating to ""https://localhost:44368/PosApp"
SCR-POSAPP-Kitchen,ar,,/PosApp/Kitchen,,development administrator (single session),error,,,,ar,,,,,,no,no,2026-09-20,1440x900,not captured,not verified — capture failed,Part 8 — Restaurant and retail,WF-POS-01,"Error: page.goto: net::ERR_HTTP_RESPONSE_CODE_FAILURE at https://localhost:44368/PosApp/Kitchen
Call log:
[2m  - navigating to ""https://localhost:44368/PosApp/"
SCR-POSAPP-Kitchen,en,,/PosApp/Kitchen,,development administrator (single session),error,,,,en,,,,,,no,no,2026-09-20,1440x900,not captured,not verified — capture failed,Part 8 — Restaurant and retail,WF-POS-01,"Error: page.goto: net::ERR_HTTP_RESPONSE_CODE_FAILURE at https://localhost:44368/PosApp/Kitchen
Call log:
[2m  - navigating to ""https://localhost:44368/PosApp/"
SCR-POSAPP-Login,ar,,/PosApp/Login,,development administrator (single session),error,,,,ar,,,,,,no,no,2026-09-20,1440x900,not captured,not verified — capture failed,Part 8 — Restaurant and retail,,"Error: page.goto: net::ERR_HTTP_RESPONSE_CODE_FAILURE at https://localhost:44368/PosApp/Login
Call log:
[2m  - navigating to ""https://localhost:44368/PosApp/Lo"
SCR-POSAPP-Login,en,,/PosApp/Login,,development administrator (single session),error,,,,en,,,,,,no,no,2026-09-20,1440x900,not captured,not verified — capture failed,Part 8 — Restaurant and retail,,"Error: page.goto: net::ERR_HTTP_RESPONSE_CODE_FAILURE at https://localhost:44368/PosApp/Login
Call log:
[2m  - navigating to ""https://localhost:44368/PosApp/Lo"
SCR-POSAPP-Start,ar,,/PosApp/Start,,development administrator (single session),error,,,,ar,,,,,,no,no,2026-09-20,1440x900,not captured,not verified — capture failed,Part 8 — Restaurant and retail,WF-POS-01,"Error: page.goto: net::ERR_HTTP_RESPONSE_CODE_FAILURE at https://localhost:44368/PosApp/Start
Call log:
[2m  - navigating to ""https://localhost:44368/PosApp/St"
SCR-POSAPP-Start,en,,/PosApp/Start,,development administrator (single session),error,,,,en,,,,,,no,no,2026-09-20,1440x900,not captured,not verified — capture failed,Part 8 — Restaurant and retail,WF-POS-01,"Error: page.goto: net::ERR_HTTP_RESPONSE_CODE_FAILURE at https://localhost:44368/PosApp/Start
Call log:
[2m  - navigating to ""https://localhost:44368/PosApp/St"
SCR-POSAPP-Terminal,ar,,/PosApp/Terminal,,development administrator (single session),error,,,,ar,,,,,,no,no,2026-09-20,1440x900,not captured,not verified — capture failed,Part 8 — Restaurant and retail,,"Error: page.goto: net::ERR_HTTP_RESPONSE_CODE_FAILURE at https://localhost:44368/PosApp/Terminal
Call log:
[2m  - navigating to ""https://localhost:44368/PosApp"
SCR-POSAPP-Terminal,en,,/PosApp/Terminal,,development administrator (single session),error,,,,en,,,,,,no,no,2026-09-20,1440x900,not captured,not verified — capture failed,Part 8 — Restaurant and retail,,"Error: page.goto: net::ERR_HTTP_RESPONSE_CODE_FAILURE at https://localhost:44368/PosApp/Terminal
Call log:
[2m  - navigating to ""https://localhost:44368/PosApp"
SCR-PROJECT-ActivityTypes,ar,project-activitytypes.ar.png,/Project/ActivityTypes,/Project/ActivityTypes,development administrator (single session),rendered-with-data,200,لوحة تحكم CrossBuy,أنواع النشاط,ar,rtl,25,20,1,3,no,no,2026-09-20,1440x900,"development data; no e-mail, phone, IBAN or 14-digit id detected. The signed-in user name and avatar are visible in the header.",runtime viewed (screen renders); no action performed,Part 9 — Projects and contracting,,
SCR-PROJECT-ActivityTypes,en,project-activitytypes.en.png,/Project/ActivityTypes,/Project/ActivityTypes,development administrator (single session),rendered-with-data (after re-authentication),200,CrossBuy Admin,Activity types,en,ltr,25,20,1,3,yes,no,2026-09-20,1440x900,"development data; no e-mail, phone, IBAN or 14-digit id detected. The signed-in user name and avatar are visible in the header.",runtime viewed (screen renders); no action performed,Part 9 — Projects and contracting,,
SCR-PROJECT-Advance,ar,project-advance.ar.png,/Project/Advance,/Project/Advance,development administrator (single session),rendered-empty-state,200,لوحة تحكم CrossBuy,استلام دفعة مقدمة,ar,rtl,27,16,0,2,no,no,2026-09-20,1440x900,development data; automatic scan flagged: phone-like:1 — REVIEW BEFORE PUBLICATION,runtime viewed (screen renders); no action performed,Part 9 — Projects and contracting,WF-PRJ-01,
SCR-PROJECT-Advance,en,project-advance.en.png,/Project/Advance,/Project/Advance,development administrator (single session),rendered-with-data,200,CrossBuy Admin,Receive advance,en,ltr,27,16,0,2,no,no,2026-09-20,1440x900,development data; automatic scan flagged: phone-like:3 — REVIEW BEFORE PUBLICATION,runtime viewed (screen renders); no action performed,Part 9 — Projects and contracting,WF-PRJ-01,
SCR-PROJECT-Billing,ar,project-billing.ar.png,/Project/Billing,/Project/Projects,development administrator (single session),rendered-with-data,200,لوحة تحكم CrossBuy,المشاريع,ar,rtl,40,118,9,3,no,no,2026-09-20,1440x900,development data; automatic scan flagged: phone-like:2 — REVIEW BEFORE PUBLICATION,runtime viewed (screen renders); no action performed,Part 9 — Projects and contracting,,
SCR-PROJECT-Billing,en,project-billing.en.png,/Project/Billing,/Project/Projects,development administrator (single session),rendered-with-data,200,CrossBuy Admin,Projects,en,ltr,40,118,9,3,no,no,2026-09-20,1440x900,development data; automatic scan flagged: phone-like:2 — REVIEW BEFORE PUBLICATION,runtime viewed (screen renders); no action performed,Part 9 — Projects and contracting,,
SCR-PROJECT-Boq,ar,project-boq.ar.png,/Project/Boq,/Project/Projects,development administrator (single session),rendered-with-data,200,لوحة تحكم CrossBuy,المشاريع,ar,rtl,40,118,9,3,no,no,2026-09-20,1440x900,development data; automatic scan flagged: phone-like:2 — REVIEW BEFORE PUBLICATION,runtime viewed (screen renders); no action performed,Part 9 — Projects and contracting,,
SCR-PROJECT-Boq,en,project-boq.en.png,/Project/Boq,/Project/Projects,development administrator (single session),rendered-with-data,200,CrossBuy Admin,Projects,en,ltr,40,118,9,3,no,no,2026-09-20,1440x900,development data; automatic scan flagged: phone-like:2 — REVIEW BEFORE PUBLICATION,runtime viewed (screen renders); no action performed,Part 9 — Projects and contracting,,
SCR-PROJECT-Budget,ar,project-budget.ar.png,/Project/Budget,/Project/Projects,development administrator (single session),rendered-with-data,200,لوحة تحكم CrossBuy,المشاريع,ar,rtl,40,118,9,3,no,no,2026-09-20,1440x900,development data; automatic scan flagged: phone-like:2 — REVIEW BEFORE PUBLICATION,runtime viewed (screen renders); no action performed,Part 9 — Projects and contracting,,
SCR-PROJECT-Budget,en,project-budget.en.png,/Project/Budget,/Project/Projects,development administrator (single session),rendered-with-data,200,CrossBuy Admin,Projects,en,ltr,40,118,9,3,no,no,2026-09-20,1440x900,development data; automatic scan flagged: phone-like:2 — REVIEW BEFORE PUBLICATION,runtime viewed (screen renders); no action performed,Part 9 — Projects and contracting,,
SCR-PROJECT-Dashboard,ar,project-dashboard.ar.png,/Project/Dashboard,/Project/Dashboard,development administrator (single session),rendered-with-data,200,لوحة تحكم CrossBuy,المشاريع والمقاولات,ar,rtl,21,19,13,2,no,no,2026-09-20,1440x900,"development data; no e-mail, phone, IBAN or 14-digit id detected. The signed-in user name and avatar are visible in the header.",runtime viewed (screen renders); no action performed,Part 9 — Projects and contracting,WF-PRJ-01,
SCR-PROJECT-Dashboard,en,project-dashboard.en.png,/Project/Dashboard,/Project/Dashboard,development administrator (single session),rendered-with-data,200,CrossBuy Admin,Projects & Contracting,en,ltr,21,19,13,2,no,no,2026-09-20,1440x900,"development data; no e-mail, phone, IBAN or 14-digit id detected. The signed-in user name and avatar are visible in the header.",runtime viewed (screen renders); no action performed,Part 9 — Projects and contracting,WF-PRJ-01,
SCR-PROJECT-EquipmentDepreciation,ar,project-equipmentdepreciation.ar.png,/Project/EquipmentDepreciation,/Project/Projects,development administrator (single session),rendered-with-data,200,لوحة تحكم CrossBuy,المشاريع,ar,rtl,40,118,9,3,no,no,2026-09-20,1440x900,development data; automatic scan flagged: phone-like:2 — REVIEW BEFORE PUBLICATION,runtime viewed (screen renders); no action performed,Part 9 — Projects and contracting,,
SCR-PROJECT-EquipmentDepreciation,en,project-equipmentdepreciation.en.png,/Project/EquipmentDepreciation,/Project/Projects,development administrator (single session),rendered-with-data,200,CrossBuy Admin,Projects,en,ltr,40,118,9,3,no,no,2026-09-20,1440x900,development data; automatic scan flagged: phone-like:2 — REVIEW BEFORE PUBLICATION,runtime viewed (screen renders); no action performed,Part 9 — Projects and contracting,,
SCR-PROJECT-Labor,ar,project-labor.ar.png,/Project/Labor,/Project/Projects,development administrator (single session),rendered-with-data,200,لوحة تحكم CrossBuy,المشاريع,ar,rtl,40,118,9,3,no,no,2026-09-20,1440x900,development data; automatic scan flagged: phone-like:2 — REVIEW BEFORE PUBLICATION,runtime viewed (screen renders); no action performed,Part 9 — Projects and contracting,,
SCR-PROJECT-Labor,en,project-labor.en.png,/Project/Labor,/Project/Projects,development administrator (single session),rendered-with-data,200,CrossBuy Admin,Projects,en,ltr,40,118,9,3,no,no,2026-09-20,1440x900,development data; automatic scan flagged: phone-like:2 — REVIEW BEFORE PUBLICATION,runtime viewed (screen renders); no action performed,Part 9 — Projects and contracting,,
SCR-PROJECT-MaterialIssues,ar,project-materialissues.ar.png,/Project/MaterialIssues,/Project/Projects,development administrator (single session),rendered-with-data,200,لوحة تحكم CrossBuy,المشاريع,ar,rtl,40,118,9,3,no,no,2026-09-20,1440x900,development data; automatic scan flagged: phone-like:2 — REVIEW BEFORE PUBLICATION,runtime viewed (screen renders); no action performed,Part 9 — Projects and contracting,,
SCR-PROJECT-MaterialIssues,en,project-materialissues.en.png,/Project/MaterialIssues,/Project/Projects,development administrator (single session),rendered-with-data (after re-authentication),200,CrossBuy Admin,Projects,en,ltr,40,118,9,3,yes,no,2026-09-20,1440x900,development data; automatic scan flagged: phone-like:2 — REVIEW BEFORE PUBLICATION,runtime viewed (screen renders); no action performed,Part 9 — Projects and contracting,,
SCR-PROJECT-Profitability,ar,project-profitability.ar.png,/Project/Profitability,/Project/Profitability,development administrator (single session),rendered-with-data,200,لوحة تحكم CrossBuy,ربحية المشاريع,ar,rtl,27,16,9,2,no,no,2026-09-20,1440x900,"development data; no e-mail, phone, IBAN or 14-digit id detected. The signed-in user name and avatar are visible in the header.",runtime viewed (screen renders); no action performed,Part 9 — Projects and contracting,WF-PRJ-01,
SCR-PROJECT-Profitability,en,project-profitability.en.png,/Project/Profitability,/Project/Profitability,development administrator (single session),rendered-with-data,200,CrossBuy Admin,Project profitability,en,ltr,27,16,9,2,no,no,2026-09-20,1440x900,"development data; no e-mail, phone, IBAN or 14-digit id detected. The signed-in user name and avatar are visible in the header.",runtime viewed (screen renders); no action performed,Part 9 — Projects and contracting,WF-PRJ-01,
SCR-PROJECT-Progress,ar,project-progress.ar.png,/Project/Progress,/Project/Projects,development administrator (single session),rendered-with-data,200,لوحة تحكم CrossBuy,المشاريع,ar,rtl,40,118,9,3,no,no,2026-09-20,1440x900,development data; automatic scan flagged: phone-like:2 — REVIEW BEFORE PUBLICATION,runtime viewed (screen renders); no action performed,Part 9 — Projects and contracting,,
SCR-PROJECT-Progress,en,project-progress.en.png,/Project/Progress,/Project/Projects,development administrator (single session),rendered-with-data,200,CrossBuy Admin,Projects,en,ltr,40,118,9,3,no,no,2026-09-20,1440x900,development data; automatic scan flagged: phone-like:2 — REVIEW BEFORE PUBLICATION,runtime viewed (screen renders); no action performed,Part 9 — Projects and contracting,,
SCR-PROJECT-Projects,ar,project-projects.ar.png,/Project/Projects,/Project/Projects,development administrator (single session),rendered-with-data,200,لوحة تحكم CrossBuy,المشاريع,ar,rtl,40,118,9,3,no,no,2026-09-20,1440x900,development data; automatic scan flagged: phone-like:2 — REVIEW BEFORE PUBLICATION,runtime viewed (screen renders); no action performed,Part 9 — Projects and contracting,WF-PRJ-01,
SCR-PROJECT-Projects,en,project-projects.en.png,/Project/Projects,/Project/Projects,development administrator (single session),rendered-with-data,200,CrossBuy Admin,Projects,en,ltr,40,118,9,3,no,no,2026-09-20,1440x900,development data; automatic scan flagged: phone-like:2 — REVIEW BEFORE PUBLICATION,runtime viewed (screen renders); no action performed,Part 9 — Projects and contracting,WF-PRJ-01,
SCR-PROJECT-RetentionRelease,ar,project-retentionrelease.ar.png,/Project/RetentionRelease,/Project/RetentionRelease,development administrator (single session),rendered-with-data,200,لوحة تحكم CrossBuy,رد المحتجز,ar,rtl,27,16,0,2,no,no,2026-09-20,1440x900,development data; automatic scan flagged: phone-like:1 — REVIEW BEFORE PUBLICATION,runtime viewed (screen renders); no action performed,Part 9 — Projects and contracting,WF-PRJ-01,
SCR-PROJECT-RetentionRelease,en,project-retentionrelease.en.png,/Project/RetentionRelease,/Project/RetentionRelease,development administrator (single session),rendered-with-data,200,CrossBuy Admin,Release retention,en,ltr,27,16,0,2,no,no,2026-09-20,1440x900,development data; automatic scan flagged: phone-like:3 — REVIEW BEFORE PUBLICATION,runtime viewed (screen renders); no action performed,Part 9 — Projects and contracting,WF-PRJ-01,
SCR-PROJECT-SubRetentionRelease,ar,project-subretentionrelease.ar.png,/Project/SubRetentionRelease,/Project/SubRetentionRelease,development administrator (single session),rendered-with-data,200,لوحة تحكم CrossBuy,رد محتجز الباطن,ar,rtl,27,16,0,2,no,no,2026-09-20,1440x900,development data; automatic scan flagged: phone-like:1 — REVIEW BEFORE PUBLICATION,runtime viewed (screen renders); no action performed,Part 9 — Projects and contracting,WF-PRJ-01,
SCR-PROJECT-SubRetentionRelease,en,project-subretentionrelease.en.png,/Project/SubRetentionRelease,/Project/SubRetentionRelease,development administrator (single session),rendered-with-data,200,CrossBuy Admin,Release subcontractor retention,en,ltr,27,16,0,2,no,no,2026-09-20,1440x900,development data; automatic scan flagged: phone-like:3 — REVIEW BEFORE PUBLICATION,runtime viewed (screen renders); no action performed,Part 9 — Projects and contracting,WF-PRJ-01,
SCR-PROJECT-Subcontracts,ar,project-subcontracts.ar.png,/Project/Subcontracts,/Project/Projects,development administrator (single session),rendered-with-data,200,لوحة تحكم CrossBuy,المشاريع,ar,rtl,40,118,9,3,no,no,2026-09-20,1440x900,development data; automatic scan flagged: phone-like:2 — REVIEW BEFORE PUBLICATION,runtime viewed (screen renders); no action performed,Part 9 — Projects and contracting,,
SCR-PROJECT-Subcontracts,en,project-subcontracts.en.png,/Project/Subcontracts,/Project/Projects,development administrator (single session),rendered-with-data,200,CrossBuy Admin,Projects,en,ltr,40,118,9,3,no,no,2026-09-20,1440x900,development data; automatic scan flagged: phone-like:2 — REVIEW BEFORE PUBLICATION,runtime viewed (screen renders); no action performed,Part 9 — Projects and contracting,,
SCR-PROJECT-Team,ar,project-team.ar.png,/Project/Team,/Project/Projects,development administrator (single session),rendered-with-data,200,لوحة تحكم CrossBuy,المشاريع,ar,rtl,40,118,9,3,no,no,2026-09-20,1440x900,development data; automatic scan flagged: phone-like:2 — REVIEW BEFORE PUBLICATION,runtime viewed (screen renders); no action performed,Part 9 — Projects and contracting,,
SCR-PROJECT-Team,en,project-team.en.png,/Project/Team,/Project/Projects,development administrator (single session),rendered-with-data,200,CrossBuy Admin,Projects,en,ltr,40,118,9,3,no,no,2026-09-20,1440x900,development data; automatic scan flagged: phone-like:2 — REVIEW BEFORE PUBLICATION,runtime viewed (screen renders); no action performed,Part 9 — Projects and contracting,,
SCR-PROJECT-VariationOrders,ar,project-variationorders.ar.png,/Project/VariationOrders,/Project/Projects,development administrator (single session),rendered-with-data,200,لوحة تحكم CrossBuy,المشاريع,ar,rtl,40,118,9,3,no,no,2026-09-20,1440x900,development data; automatic scan flagged: phone-like:2 — REVIEW BEFORE PUBLICATION,runtime viewed (screen renders); no action performed,Part 9 — Projects and contracting,,
SCR-PROJECT-VariationOrders,en,project-variationorders.en.png,/Project/VariationOrders,/Project/Projects,development administrator (single session),rendered-with-data,200,CrossBuy Admin,Projects,en,ltr,40,118,9,3,no,no,2026-09-20,1440x900,development data; automatic scan flagged: phone-like:2 — REVIEW BEFORE PUBLICATION,runtime viewed (screen renders); no action performed,Part 9 — Projects and contracting,,
SCR-PROJECTCLOSEOUT-Index,ar,,/ProjectCloseout/Index,,development administrator (single session),error,,,,ar,,,,,,no,no,2026-09-20,1440x900,not captured,not verified — capture failed,Part 9 — Projects and contracting,,"Error: page.goto: net::ERR_HTTP_RESPONSE_CODE_FAILURE at https://localhost:44368/ProjectCloseout/Index
Call log:
[2m  - navigating to ""https://localhost:44368/"
SCR-PROJECTCLOSEOUT-Index,en,,/ProjectCloseout/Index,,development administrator (single session),error,,,,en,,,,,,no,no,2026-09-20,1440x900,not captured,not verified — capture failed,Part 9 — Projects and contracting,,"Error: page.goto: net::ERR_HTTP_RESPONSE_CODE_FAILURE at https://localhost:44368/ProjectCloseout/Index
Call log:
[2m  - navigating to ""https://localhost:44368/"
SCR-REPORTS-Datasets,ar,,/Reports/Datasets,,development administrator (single session),error,,,,ar,,,,,,no,no,2026-09-20,1440x900,not captured,not verified — capture failed,Part 13 — Reports and analytics,,"Error: page.goto: Navigation to ""https://localhost:44368/Reports/Datasets"" is interrupted by another navigation to ""about:blank""
Call log:
[2m  - navigating to"
SCR-REPORTS-Datasets,en,reports-datasets.en.png,/Reports/Datasets,/Reports/Datasets,development administrator (single session),rendered-with-data (after re-authentication),200,Inventory System - CrossBuy,Derived datasets,en,ltr,30,14,1,1,yes,no,2026-09-20,1440x900,"development data; no e-mail, phone, IBAN or 14-digit id detected. The signed-in user name and avatar are visible in the header.",runtime viewed (screen renders); no action performed,Part 13 — Reports and analytics,,
SCR-REPORTS-Index,ar,reports-index.ar.png,/Reports/Index,/Reports/Index,development administrator (single session),rendered-with-data,200,نظام المخازن - CrossBuy,مركز التقارير,ar,rtl,23,13,55,1,no,no,2026-09-20,1440x900,"development data; automatic scan flagged: email:1,phone-like:2 — REVIEW BEFORE PUBLICATION",runtime viewed (screen renders); no action performed,Part 13 — Reports and analytics,WF-REP-01,
SCR-REPORTS-Index,en,reports-index.en.png,/Reports/Index,/Reports/Index,development administrator (single session),rendered-with-data,200,Inventory System - CrossBuy,Reports Center,en,ltr,23,13,55,1,no,no,2026-09-20,1440x900,"development data; automatic scan flagged: email:1,phone-like:2 — REVIEW BEFORE PUBLICATION",runtime viewed (screen renders); no action performed,Part 13 — Reports and analytics,WF-REP-01,
SCR-REPORTS-Studio,,,/Reports/Studio,/Reports/Studio,development administrator (single session),http-500,500,Internal Server Error,An error occurred during the compilation of a resource required to process this request. Please review the following spe,,ltr,0,4,0,0,no,no,2026-09-20,1440x900,not captured,not verified — capture failed,Part 13 — Reports and analytics,WF-REP-01,
SCR-REPORTS-Studio,ar,,/Reports/Studio,,development administrator (single session),error,,,,ar,,,,,,no,no,2026-09-20,1440x900,not captured,not verified — capture failed,Part 13 — Reports and analytics,WF-REP-01,"Error: page.goto: Navigation to ""https://localhost:44368/Reports/Studio"" is interrupted by another navigation to ""about:blank""
Call log:
[2m  - navigating to """
SCR-REPORTS-Studio,en,,/Reports/Studio,,development administrator (single session),error,,,,en,,,,,,no,no,2026-09-20,1440x900,not captured,not verified — capture failed,Part 13 — Reports and analytics,WF-REP-01,"Error: page.goto: Navigation to ""https://localhost:44368/Reports/Studio"" is interrupted by another navigation to ""about:blank""
Call log:
[2m  - navigating to """
SCR-REPORTS-Viewer,ar,,/Reports/Viewer,,development administrator (single session),error,,,,ar,,,,,,no,no,2026-09-20,1440x900,not captured,not verified — capture failed,Part 13 — Reports and analytics,WF-REP-01,"Error: page.goto: net::ERR_HTTP_RESPONSE_CODE_FAILURE at https://localhost:44368/Reports/Viewer
Call log:
[2m  - navigating to ""https://localhost:44368/Reports"
SCR-REPORTS-Viewer,en,,/Reports/Viewer,,development administrator (single session),error,,,,en,,,,,,no,no,2026-09-20,1440x900,not captured,not verified — capture failed,Part 13 — Reports and analytics,WF-REP-01,"Error: page.goto: net::ERR_HTTP_RESPONSE_CODE_FAILURE at https://localhost:44368/Reports/Viewer
Call log:
[2m  - navigating to ""https://localhost:44368/Reports"
SCR-RESTAURANTINTELLIGENCE-Index,ar,,/RestaurantIntelligence/Index,,development administrator (single session),error,,,,ar,,,,,,no,no,2026-09-20,1440x900,not captured,not verified — capture failed,Part 8 — Restaurant and retail,,"Error: page.goto: Navigation to ""https://localhost:44368/RestaurantIntelligence/Index"" is interrupted by another navigation to ""about:blank""
Call log:
[2m  - n"
SCR-RESTAURANTINTELLIGENCE-Index,en,restaurantintelligence-index.en.png,/RestaurantIntelligence/Index,/RestaurantIntelligence/Index,development administrator (single session),rendered-with-data (after re-authentication),200,Inventory System - CrossBuy,Restaurant inventory intelligence,en,ltr,26,11,0,1,yes,no,2026-09-20,1440x900,"development data; no e-mail, phone, IBAN or 14-digit id detected. The signed-in user name and avatar are visible in the header.",runtime viewed (screen renders); no action performed,Part 8 — Restaurant and retail,,
SCR-ROSTER-Index,ar,,/Roster/Index,,development administrator (single session),error,,,,ar,,,,,,no,no,2026-09-20,1440x900,not captured,not verified — capture failed,Part 11 — People,,"Error: page.goto: net::ERR_HTTP_RESPONSE_CODE_FAILURE at https://localhost:44368/Roster/Index
Call log:
[2m  - navigating to ""https://localhost:44368/Roster/In"
SCR-ROSTER-Index,en,,/Roster/Index,,development administrator (single session),error,,,,en,,,,,,no,no,2026-09-20,1440x900,not captured,not verified — capture failed,Part 11 — People,,"Error: page.goto: net::ERR_HTTP_RESPONSE_CODE_FAILURE at https://localhost:44368/Roster/Index
Call log:
[2m  - navigating to ""https://localhost:44368/Roster/In"
SCR-ROSTER-Mine,ar,,/Roster/Mine,,development administrator (single session),error,,,,ar,,,,,,no,no,2026-09-20,1440x900,not captured,not verified — capture failed,Part 11 — People,,"Error: page.goto: net::ERR_HTTP_RESPONSE_CODE_FAILURE at https://localhost:44368/Roster/Mine
Call log:
[2m  - navigating to ""https://localhost:44368/Roster/Min"
SCR-ROSTER-Mine,en,,/Roster/Mine,,development administrator (single session),error,,,,en,,,,,,no,no,2026-09-20,1440x900,not captured,not verified — capture failed,Part 11 — People,,"Error: page.goto: net::ERR_HTTP_RESPONSE_CODE_FAILURE at https://localhost:44368/Roster/Mine
Call log:
[2m  - navigating to ""https://localhost:44368/Roster/Min"
SCR-SERVICE-BranchesList,ar,,/Service/BranchesList,,development administrator (single session),error,,,,ar,,,,,,no,no,2026-09-20,1440x900,not captured,not verified — capture failed,Part 4 — Setting up,WF-SETUP-01,"Error: page.goto: Navigation to ""https://localhost:44368/Service/BranchesList"" is interrupted by another navigation to ""about:blank""
Call log:
[2m  - navigatin"
SCR-SERVICE-BranchesList,en,service-brancheslist.en.png,/Service/BranchesList,/Service/BranchesList,development administrator (single session),rendered-with-data,200,CrossBuy Admin,List Of Branches,en,ltr,34,45,10,2,no,no,2026-09-20,1440x900,development data; automatic scan flagged: phone-like:1 — REVIEW BEFORE PUBLICATION,runtime viewed (screen renders); no action performed,Part 4 — Setting up,WF-SETUP-01,
SCR-SERVICE-CompaniesList,ar,service-companieslist.ar.png,/Service/CompaniesList,/Service/CompaniesList,development administrator (single session),rendered-with-data,200,لوحة تحكم CrossBuy,قائمة الشركات,ar,rtl,34,25,10,2,no,no,2026-09-20,1440x900,development data; automatic scan flagged: phone-like:1 — REVIEW BEFORE PUBLICATION,runtime viewed (screen renders); no action performed,Part 4 — Setting up,WF-SETUP-01,
SCR-SERVICE-CompaniesList,en,service-companieslist.en.png,/Service/CompaniesList,/Service/CompaniesList,development administrator (single session),rendered-with-data (after re-authentication),200,CrossBuy Admin,Companies Lsit,en,ltr,34,25,10,2,yes,no,2026-09-20,1440x900,development data; automatic scan flagged: phone-like:1 — REVIEW BEFORE PUBLICATION,runtime viewed (screen renders); no action performed,Part 4 — Setting up,WF-SETUP-01,
SCR-SERVICE-CompanyDetails,ar,service-companydetails.ar.png,/Service/CompanyDetails,/Service/CompanyDetails,development administrator (single session),rendered-with-data (after re-authentication),200,لوحة تحكم CrossBuy,الشركات,ar,rtl,38,25,0,3,yes,no,2026-09-20,1440x900,"development data; no e-mail, phone, IBAN or 14-digit id detected. The signed-in user name and avatar are visible in the header.",runtime viewed (screen renders); no action performed,Part 4 — Setting up,,
SCR-SERVICE-CompanyDetails,en,service-companydetails.en.png,/Service/CompanyDetails,/Service/CompanyDetails,development administrator (single session),rendered-with-data (after re-authentication),200,CrossBuy Admin,Companies,en,ltr,38,25,0,3,yes,no,2026-09-20,1440x900,"development data; no e-mail, phone, IBAN or 14-digit id detected. The signed-in user name and avatar are visible in the header.",runtime viewed (screen renders); no action performed,Part 4 — Setting up,,
SCR-SERVICE-Index,ar,service-index.ar.png,/Service/Index,/Admin/Index,development administrator (single session),rendered-with-data,200,لوحة تحكم CrossBuy,الموارد البشرية,ar,rtl,21,21,6,2,no,no,2026-09-20,1440x900,development data; automatic scan flagged: phone-like:1 — REVIEW BEFORE PUBLICATION,runtime viewed (screen renders); no action performed,Part 4 — Setting up,,
SCR-SERVICE-Index,en,service-index.en.png,/Service/Index,/Admin/Index,development administrator (single session),rendered-with-data,200,CrossBuy Admin,Human Resources,en,ltr,21,21,6,2,no,no,2026-09-20,1440x900,development data; automatic scan flagged: phone-like:1 — REVIEW BEFORE PUBLICATION,runtime viewed (screen renders); no action performed,Part 4 — Setting up,,
SCR-STORE-Category,ar,,/Store/Category,,development administrator (single session),error,,,,ar,,,,,,no,no,2026-09-20,1440x900,not captured,not verified — capture failed,Part 15 — Outside the company,,"Error: page.goto: net::ERR_HTTP_RESPONSE_CODE_FAILURE at https://localhost:44368/Store/Category
Call log:
[2m  - navigating to ""https://localhost:44368/Store/C"
SCR-STORE-Category,en,,/Store/Category,,development administrator (single session),error,,,,en,,,,,,no,no,2026-09-20,1440x900,not captured,not verified — capture failed,Part 15 — Outside the company,,"Error: page.goto: net::ERR_HTTP_RESPONSE_CODE_FAILURE at https://localhost:44368/Store/Category
Call log:
[2m  - navigating to ""https://localhost:44368/Store/C"
SCR-STORE-Product,ar,,/Store/Product,,development administrator (single session),error,,,,ar,,,,,,no,no,2026-09-20,1440x900,not captured,not verified — capture failed,Part 15 — Outside the company,,"Error: page.goto: net::ERR_HTTP_RESPONSE_CODE_FAILURE at https://localhost:44368/Store/Product
Call log:
[2m  - navigating to ""https://localhost:44368/Store/Pr"
SCR-STORE-Product,en,,/Store/Product,,development administrator (single session),error,,,,en,,,,,,no,no,2026-09-20,1440x900,not captured,not verified — capture failed,Part 15 — Outside the company,,"Error: page.goto: net::ERR_HTTP_RESPONSE_CODE_FAILURE at https://localhost:44368/Store/Product
Call log:
[2m  - navigating to ""https://localhost:44368/Store/Pr"
SCR-TASKS-AutoRules,ar,tasks-autorules.ar.png,/Tasks/AutoRules,/Tasks/AutoRules,development administrator (single session),rendered-with-data (after re-authentication),200,نظام المخازن - CrossBuy,قواعد التوليد التلقائي للمهام,ar,rtl,29,16,5,1,yes,no,2026-09-20,1440x900,"development data; no e-mail, phone, IBAN or 14-digit id detected. The signed-in user name and avatar are visible in the header.",runtime viewed (screen renders); no action performed,Part 12 — Working together,,
SCR-TASKS-AutoRules,en,tasks-autorules.en.png,/Tasks/AutoRules,/Tasks/AutoRules,development administrator (single session),rendered-with-data (after re-authentication),200,Inventory System - CrossBuy,Auto-task generation rules,en,ltr,29,16,5,1,yes,no,2026-09-20,1440x900,"development data; no e-mail, phone, IBAN or 14-digit id detected. The signed-in user name and avatar are visible in the header.",runtime viewed (screen renders); no action performed,Part 12 — Working together,,
SCR-TASKS-Board,ar,tasks-board.ar.png,/Tasks/Board,/Tasks/Board,development administrator (single session),rendered-empty-state,200,نظام المخازن - CrossBuy,لوحة المهام,ar,rtl,22,14,0,1,no,no,2026-09-20,1440x900,"development data; no e-mail, phone, IBAN or 14-digit id detected. The signed-in user name and avatar are visible in the header.",runtime viewed (screen renders); no action performed,Part 12 — Working together,,
SCR-TASKS-Board,en,tasks-board.en.png,/Tasks/Board,/Tasks/Board,development administrator (single session),rendered-with-data (after re-authentication),200,Inventory System - CrossBuy,Task board,en,ltr,22,14,0,1,yes,no,2026-09-20,1440x900,"development data; no e-mail, phone, IBAN or 14-digit id detected. The signed-in user name and avatar are visible in the header.",runtime viewed (screen renders); no action performed,Part 12 — Working together,,
SCR-TASKS-Detail,ar,tasks-detail.ar.png,/Tasks/Detail,/Account/AccessDenied?ReturnUrl=%2FTasks%2FDetail,development administrator (single session),http-403,403,نظام المخازن - CrossBuy,لا تملك صلاحية الوصول,ar,rtl,19,12,0,1,no,no,2026-09-20,1440x900,"development data; no e-mail, phone, IBAN or 14-digit id detected. The signed-in user name and avatar are visible in the header.",runtime viewed (screen renders); no action performed,Part 12 — Working together,,
SCR-TASKS-Detail,en,tasks-detail.en.png,/Tasks/Detail,/Account/AccessDenied?ReturnUrl=%2FTasks%2FDetail,development administrator (single session),http-403,403,Inventory System - CrossBuy,Access denied,en,ltr,19,12,0,1,no,no,2026-09-20,1440x900,"development data; no e-mail, phone, IBAN or 14-digit id detected. The signed-in user name and avatar are visible in the header.",runtime viewed (screen renders); no action performed,Part 12 — Working together,,
SCR-TASKS-HoursReport,ar,tasks-hoursreport.ar.png,/Tasks/HoursReport,/Tasks/HoursReport,development administrator (single session),rendered-with-data,200,نظام المخازن - CrossBuy,تقرير ساعات العمل,ar,rtl,26,15,0,4,no,no,2026-09-20,1440x900,development data; automatic scan flagged: phone-like:2 — REVIEW BEFORE PUBLICATION,runtime viewed (screen renders); no action performed,Part 12 — Working together,,
SCR-TASKS-HoursReport,en,tasks-hoursreport.en.png,/Tasks/HoursReport,/Tasks/HoursReport,development administrator (single session),rendered-with-data,200,Inventory System - CrossBuy,Work hours report,en,ltr,26,15,0,4,no,no,2026-09-20,1440x900,development data; automatic scan flagged: phone-like:2 — REVIEW BEFORE PUBLICATION,runtime viewed (screen renders); no action performed,Part 12 — Working together,,
SCR-TASKS-Index,ar,tasks-index.ar.png,/Tasks/Index,/Tasks/Index,development administrator (single session),rendered-with-data,200,نظام المخازن - CrossBuy,إدارة المهام,ar,rtl,53,143,26,3,no,no,2026-09-20,1440x900,"development data; no e-mail, phone, IBAN or 14-digit id detected. The signed-in user name and avatar are visible in the header.",runtime viewed (screen renders); no action performed,Part 12 — Working together,WF-COLLAB-01,
SCR-TASKS-Index,en,tasks-index.en.png,/Tasks/Index,/Tasks/Index,development administrator (single session),rendered-with-data,200,Inventory System - CrossBuy,Tasks,en,ltr,53,143,26,3,no,no,2026-09-20,1440x900,"development data; no e-mail, phone, IBAN or 14-digit id detected. The signed-in user name and avatar are visible in the header.",runtime viewed (screen renders); no action performed,Part 12 — Working together,WF-COLLAB-01,
SCR-TASKS-MatchSuggestions,ar,tasks-matchsuggestions.ar.png,/Tasks/MatchSuggestions,/Tasks/MatchSuggestions,development administrator (single session),rendered-with-data,200,نظام المخازن - CrossBuy,مطابقات مقترحة,ar,rtl,19,41,15,1,no,no,2026-09-20,1440x900,development data; automatic scan flagged: phone-like:18 — REVIEW BEFORE PUBLICATION,runtime viewed (screen renders); no action performed,Part 12 — Working together,,
SCR-TASKS-MatchSuggestions,en,tasks-matchsuggestions.en.png,/Tasks/MatchSuggestions,/Tasks/MatchSuggestions,development administrator (single session),rendered-with-data,200,Inventory System - CrossBuy,Match suggestions,en,ltr,19,41,15,1,no,no,2026-09-20,1440x900,development data; automatic scan flagged: phone-like:18 — REVIEW BEFORE PUBLICATION,runtime viewed (screen renders); no action performed,Part 12 — Working together,,
SCR-TASKS-Reports,ar,tasks-reports.ar.png,/Tasks/Reports,/Tasks/Reports,development administrator (single session),rendered-with-data,200,نظام المخازن - CrossBuy,تقارير المهام,ar,rtl,19,11,0,1,no,no,2026-09-20,1440x900,"development data; no e-mail, phone, IBAN or 14-digit id detected. The signed-in user name and avatar are visible in the header.",runtime viewed (screen renders); no action performed,Part 12 — Working together,,
SCR-TASKS-Reports,en,tasks-reports.en.png,/Tasks/Reports,/Tasks/Reports,development administrator (single session),rendered-with-data,200,Inventory System - CrossBuy,Task reports,en,ltr,19,11,0,1,no,no,2026-09-20,1440x900,"development data; no e-mail, phone, IBAN or 14-digit id detected. The signed-in user name and avatar are visible in the header.",runtime viewed (screen renders); no action performed,Part 12 — Working together,,
SCR-TASKS-Summary,ar,tasks-summary.ar.png,/Tasks/Summary,/Account/AccessDenied?ReturnUrl=%2FTasks%2FSummary,development administrator (single session),http-403,403,نظام المخازن - CrossBuy,لا تملك صلاحية الوصول,ar,rtl,19,12,0,1,no,no,2026-09-20,1440x900,"development data; no e-mail, phone, IBAN or 14-digit id detected. The signed-in user name and avatar are visible in the header.",runtime viewed (screen renders); no action performed,Part 12 — Working together,,
SCR-TASKS-Summary,en,tasks-summary.en.png,/Tasks/Summary,/Account/AccessDenied?ReturnUrl=%2FTasks%2FSummary,development administrator (single session),http-403,403,Inventory System - CrossBuy,Access denied,en,ltr,19,12,0,1,no,no,2026-09-20,1440x900,"development data; no e-mail, phone, IBAN or 14-digit id detected. The signed-in user name and avatar are visible in the header.",runtime viewed (screen renders); no action performed,Part 12 — Working together,,
SCR-TASKS-Templates,ar,tasks-templates.ar.png,/Tasks/Templates,/Tasks/Templates,development administrator (single session),rendered-with-data,200,نظام المخازن - CrossBuy,قوالب المهام,ar,rtl,63,36,10,2,no,no,2026-09-20,1440x900,"development data; no e-mail, phone, IBAN or 14-digit id detected. The signed-in user name and avatar are visible in the header.",runtime viewed (screen renders); no action performed,Part 12 — Working together,,
SCR-TASKS-Templates,en,tasks-templates.en.png,/Tasks/Templates,/Tasks/Templates,development administrator (single session),rendered-with-data,200,Inventory System - CrossBuy,Task templates,en,ltr,63,36,10,2,no,no,2026-09-20,1440x900,"development data; no e-mail, phone, IBAN or 14-digit id detected. The signed-in user name and avatar are visible in the header.",runtime viewed (screen renders); no action performed,Part 12 — Working together,,
SCR-WORKSPACE-Agenda,ar,workspace-agenda.ar.png,/Workspace/Agenda,/Workspace/Agenda,development administrator (single session),rendered-with-data,200,نظام المخازن - CrossBuy,الأجندة,ar,rtl,19,13,41,1,no,no,2026-09-20,1440x900,development data; automatic scan flagged: phone-like:1 — REVIEW BEFORE PUBLICATION,runtime viewed (screen renders); no action performed,Part 12 — Working together,WF-COLLAB-01,
SCR-WORKSPACE-Agenda,en,workspace-agenda.en.png,/Workspace/Agenda,/Workspace/Agenda,development administrator (single session),rendered-with-data,200,Inventory System - CrossBuy,Agenda,en,ltr,19,13,41,1,no,no,2026-09-20,1440x900,development data; automatic scan flagged: phone-like:1 — REVIEW BEFORE PUBLICATION,runtime viewed (screen renders); no action performed,Part 12 — Working together,WF-COLLAB-01,
SCR-WORKSPACE-Index,ar,workspace-index.ar.png,/Workspace/Index,/Workspace/Index,development administrator (single session),rendered-with-data,200,نظام المخازن - CrossBuy,مساحة العمل,ar,rtl,19,19,57,1,no,no,2026-09-20,1440x900,development data; automatic scan flagged: phone-like:10 — REVIEW BEFORE PUBLICATION,runtime viewed (screen renders); no action performed,Part 12 — Working together,WF-COLLAB-01,
SCR-WORKSPACE-Index,en,workspace-index.en.png,/Workspace/Index,/Workspace/Index,development administrator (single session),rendered-with-data,200,Inventory System - CrossBuy,Workspace,en,ltr,19,19,57,1,no,no,2026-09-20,1440x900,development data; automatic scan flagged: phone-like:10 — REVIEW BEFORE PUBLICATION,runtime viewed (screen renders); no action performed,Part 12 — Working together,WF-COLLAB-01,
SCR-WORKSPACE-Mentions,ar,workspace-mentions.ar.png,/Workspace/Mentions,/Workspace/Mentions,development administrator (single session),rendered-with-data,200,نظام المخازن - CrossBuy,الإشارات إليّ,ar,rtl,19,10,5,1,no,no,2026-09-20,1440x900,development data; automatic scan flagged: phone-like:5 — REVIEW BEFORE PUBLICATION,runtime viewed (screen renders); no action performed,Part 12 — Working together,WF-COLLAB-01,
SCR-WORKSPACE-Mentions,en,workspace-mentions.en.png,/Workspace/Mentions,/Workspace/Mentions,development administrator (single session),rendered-with-data,200,Inventory System - CrossBuy,Mentions,en,ltr,19,10,5,1,no,no,2026-09-20,1440x900,development data; automatic scan flagged: phone-like:5 — REVIEW BEFORE PUBLICATION,runtime viewed (screen renders); no action performed,Part 12 — Working together,WF-COLLAB-01,
SCR-WORKSPACE-Notifications,ar,workspace-notifications.ar.png,/Workspace/Notifications,/Workspace/Notifications,development administrator (single session),rendered-with-data,200,نظام المخازن - CrossBuy,الإشعارات,ar,rtl,19,12,25,1,no,no,2026-09-20,1440x900,development data; automatic scan flagged: phone-like:20 — REVIEW BEFORE PUBLICATION,runtime viewed (screen renders); no action performed,Part 12 — Working together,WF-COLLAB-01,
SCR-WORKSPACE-Notifications,en,workspace-notifications.en.png,/Workspace/Notifications,/Workspace/Notifications,development administrator (single session),rendered-with-data,200,Inventory System - CrossBuy,Notifications,en,ltr,19,12,25,1,no,no,2026-09-20,1440x900,development data; automatic scan flagged: phone-like:20 — REVIEW BEFORE PUBLICATION,runtime viewed (screen renders); no action performed,Part 12 — Working together,WF-COLLAB-01,
SCR-WORKSPACE-Reports,ar,workspace-reports.ar.png,/Workspace/Reports,/Workspace/Reports,development administrator (single session),rendered-with-data,200,نظام المخازن - CrossBuy,التقارير,ar,rtl,19,11,21,1,no,no,2026-09-20,1440x900,development data; automatic scan flagged: phone-like:2 — REVIEW BEFORE PUBLICATION,runtime viewed (screen renders); no action performed,Part 12 — Working together,,
SCR-WORKSPACE-Reports,en,workspace-reports.en.png,/Workspace/Reports,/Workspace/Reports,development administrator (single session),rendered-with-data,200,Inventory System - CrossBuy,Reports,en,ltr,19,11,21,1,no,no,2026-09-20,1440x900,development data; automatic scan flagged: phone-like:2 — REVIEW BEFORE PUBLICATION,runtime viewed (screen renders); no action performed,Part 12 — Working together,,
SCR-HOME-Index,en,home-index.en.png,/Home/Index,,development administrator (single session),captured; its capture log was overwritten by a later retry,,,,,,,,,,,no,2026-09-20,1440x900,development data; NOT scanned (log lost) — REVIEW BEFORE PUBLICATION,runtime viewed (screen renders); no action performed,Part 1 — Getting started,,
SCR-HOME-Privacy,en,home-privacy.en.png,/Home/Privacy,,development administrator (single session),captured; its capture log was overwritten by a later retry,,,,,,,,,,,no,2026-09-20,1440x900,development data; NOT scanned (log lost) — REVIEW BEFORE PUBLICATION,runtime viewed (screen renders); no action performed,Part 1 — Getting started,,
SCR-INVENTORY-NewDelivery,en,inventory-newdelivery.en.png,/Inventory/NewDelivery,,development administrator (single session),captured; its capture log was overwritten by a later retry,,,,,,,,,,,no,2026-09-20,1440x900,development data; NOT scanned (log lost) — REVIEW BEFORE PUBLICATION,runtime viewed (screen renders); no action performed,Part 6 — Inventory and supply,WF-O2C-01,
SCR-INVENTORY-NewGoodsReceipt,en,inventory-newgoodsreceipt.en.png,/Inventory/NewGoodsReceipt,,development administrator (single session),captured; its capture log was overwritten by a later retry,,,,,,,,,,,no,2026-09-20,1440x900,development data; NOT scanned (log lost) — REVIEW BEFORE PUBLICATION,runtime viewed (screen renders); no action performed,Part 6 — Inventory and supply,WF-P2P-01,
SCR-INVENTORY-NewLandedCost,en,inventory-newlandedcost.en.png,/Inventory/NewLandedCost,,development administrator (single session),captured; its capture log was overwritten by a later retry,,,,,,,,,,,no,2026-09-20,1440x900,development data; NOT scanned (log lost) — REVIEW BEFORE PUBLICATION,runtime viewed (screen renders); no action performed,Part 6 — Inventory and supply,,
SCR-POS-Drivers,en,pos-drivers.en.png,/Pos/Drivers,,development administrator (single session),captured; its capture log was overwritten by a later retry,,,,,,,,,,,no,2026-09-20,1440x900,development data; NOT scanned (log lost) — REVIEW BEFORE PUBLICATION,runtime viewed (screen renders); no action performed,Part 8 — Restaurant and retail,,
