"module","controller","action","http_method","route_attribute","is_api","mutating","antiforgery","permission_attributes","inherited_permission","in_body_authorization","action_attributes","uses_scopedtx","uses_notify","uses_businessevent","file"
"Identity","AccountController","SetLanguage","GET","","False","False","False","(none)","(none)","False","","False","False","False","CrossBuy/Controllers/AccountController.cs"
"Identity","AccountController","Login","GET","","False","False","False","(none)","(none)","False","HttpGet","False","False","False","CrossBuy/Controllers/AccountController.cs"
"Identity","AccountController","SetEmployeeSession","GET","","False","False","False","(none)","(none)","False","","False","False","False","CrossBuy/Controllers/AccountController.cs"
"Identity","AccountController","GetEmployeeFromSession","GET","","False","False","False","(none)","(none)","False","","False","False","False","CrossBuy/Controllers/AccountController.cs"
"Identity","AccountController","Login","POST","","False","True","False","(none)","(none)","False","HttpPost","False","False","False","CrossBuy/Controllers/AccountController.cs"
"Identity","AccountController","Logout","GET","","False","False","False","(none)","(none)","False","","False","False","False","CrossBuy/Controllers/AccountController.cs"
"Identity","AccountController","Profile","GET","","False","False","False","(none)","(none)","False","SessionValidation;HttpGet","False","False","False","CrossBuy/Controllers/AccountController.cs"
"Identity","AccountController","Statements","GET","","False","False","False","(none)","(none)","False","SessionValidation;HttpGet","False","False","False","CrossBuy/Controllers/AccountController.cs"
"Identity","AccountController","Subscription","GET","","False","False","False","(none)","(none)","False","SessionValidation;HttpGet","False","False","False","CrossBuy/Controllers/AccountController.cs"
"Identity","AccountController","Settings","GET","","False","False","False","(none)","(none)","False","SessionValidation;HttpGet","False","False","False","CrossBuy/Controllers/AccountController.cs"
"Identity","AccountController","ChangePassword","POST","","False","True","True","(none)","(none)","False","SessionValidation;HttpPost;ValidateAntiForgeryToken","False","False","False","CrossBuy/Controllers/AccountController.cs"
"Identity","AccountingController","AiInsights","GET","","False","False","False","(none)","SessionValidation","False","SessionValidation;HttpGet","False","False","False","CrossBuy/Controllers/AccountingController.cs"
"Identity","AccountingController","Index","GET","","False","False","False","(none)","SessionValidation","False","SessionValidation;HttpGet","False","False","False","CrossBuy/Controllers/AccountingController.cs"
"Identity","AccountingController","Executive","GET","","False","False","False","(none)","SessionValidation","False","SessionValidation;HttpGet","False","False","False","CrossBuy/Controllers/AccountingController.cs"
"Identity","AccountingController","ChartOfAccounts","GET","","False","False","False","(none)","SessionValidation","False","SessionValidation;HttpGet","False","False","False","CrossBuy/Controllers/AccountingController.cs"
"Identity","AccountingController","CreateAccount","POST","","False","True","True","CrossBuy.Models.AccPerm(""manage"")","SessionValidation","False","SessionValidation;HttpPost;ValidateAntiForgeryToken;CrossBuy.Models.AccPerm(""manage"")","False","False","False","CrossBuy/Controllers/AccountingController.cs"
"Identity","AccountingController","EditAccount","POST","","False","True","True","CrossBuy.Models.AccPerm(""manage"")","SessionValidation","False","SessionValidation;HttpPost;ValidateAntiForgeryToken;CrossBuy.Models.AccPerm(""manage"")","False","False","False","CrossBuy/Controllers/AccountingController.cs"
"Identity","AccountingController","JournalEntry","GET","","False","False","False","(none)","SessionValidation","False","SessionValidation;HttpGet","False","False","False","CrossBuy/Controllers/AccountingController.cs"
"Identity","AccountingController","SalesInvoiceDetail","GET","","False","False","False","(none)","SessionValidation","False","SessionValidation;HttpGet","False","False","False","CrossBuy/Controllers/AccountingController.cs"
"Identity","AccountingController","PrintInvoice","GET","","False","False","False","(none)","SessionValidation","False","SessionValidation;HttpGet","False","False","False","CrossBuy/Controllers/AccountingController.cs"
"Identity","AccountingController","StampInvoiceCustomer","POST","","False","True","True","CrossBuy.Models.AccPerm(""post"")","SessionValidation","False","SessionValidation;HttpPost;ValidateAntiForgeryToken;CrossBuy.Models.AccPerm(""post"")","False","False","False","CrossBuy/Controllers/AccountingController.cs"
"Identity","AccountingController","PurchaseInvoiceDetail","GET","","False","False","False","(none)","SessionValidation","False","SessionValidation;HttpGet","False","False","False","CrossBuy/Controllers/AccountingController.cs"
"Identity","AccountingController","CustomerStatement","GET","","False","False","False","(none)","SessionValidation","False","SessionValidation;HttpGet","False","False","False","CrossBuy/Controllers/AccountingController.cs"
"Identity","AccountingController","VendorStatement","GET","","False","False","False","(none)","SessionValidation","False","SessionValidation;HttpGet","False","False","False","CrossBuy/Controllers/AccountingController.cs"
"Identity","AccountingController","Journals","GET","","False","False","False","(none)","SessionValidation","False","SessionValidation;HttpGet","False","False","False","CrossBuy/Controllers/AccountingController.cs"
"Identity","AccountingController","JournalsData","GET","","False","False","False","(none)","SessionValidation","False","SessionValidation;HttpGet","False","False","False","CrossBuy/Controllers/AccountingController.cs"
"Identity","AccountingController","CreateJournal","GET","","False","False","False","(none)","SessionValidation","False","SessionValidation;HttpGet","False","False","False","CrossBuy/Controllers/AccountingController.cs"
"Identity","AccountingController","CreateJournal","POST","","False","True","True","CrossBuy.Models.AccPerm(""post"")","SessionValidation","False","SessionValidation;HttpPost;ValidateAntiForgeryToken;CrossBuy.Models.AccPerm(""post"")","False","False","False","CrossBuy/Controllers/AccountingController.cs"
"Identity","AccountingController","PostJournal","POST","","False","True","True","CrossBuy.Models.AccPerm(""post"")","SessionValidation","False","SessionValidation;HttpPost;ValidateAntiForgeryToken;CrossBuy.Models.AccPerm(""post"")","False","False","False","CrossBuy/Controllers/AccountingController.cs"
"Identity","AccountingController","ReverseJournal","POST","","False","True","True","CrossBuy.Models.AccPerm(""post"")","SessionValidation","False","SessionValidation;HttpPost;ValidateAntiForgeryToken;CrossBuy.Models.AccPerm(""post"")","False","False","False","CrossBuy/Controllers/AccountingController.cs"
"Identity","AccountingController","TrialBalance","GET","","False","False","False","(none)","SessionValidation","False","SessionValidation;HttpGet","False","False","False","CrossBuy/Controllers/AccountingController.cs"
"Identity","AccountingController","CostCenters","GET","","False","False","False","(none)","SessionValidation","False","SessionValidation;HttpGet","False","False","False","CrossBuy/Controllers/AccountingController.cs"
"Identity","AccountingController","Periods","GET","","False","False","False","(none)","SessionValidation","False","SessionValidation;HttpGet","False","False","False","CrossBuy/Controllers/AccountingController.cs"
"Identity","AccountingController","SetPeriodStatus","POST","","False","True","True","CrossBuy.Models.AccPerm(""manage"")","SessionValidation","False","SessionValidation;HttpPost;ValidateAntiForgeryToken;CrossBuy.Models.AccPerm(""manage"")","False","False","False","CrossBuy/Controllers/AccountingController.cs"
"Identity","AccountingController","Payroll","GET","","False","False","False","(none)","SessionValidation","False","SessionValidation;HttpGet","False","False","False","CrossBuy/Controllers/AccountingController.cs"
"Identity","AccountingController","PostPayroll","POST","","False","True","True","CrossBuy.Models.AccPerm(""manage"")","SessionValidation","False","SessionValidation;HttpPost;ValidateAntiForgeryToken;CrossBuy.Models.AccPerm(""manage"")","False","False","False","CrossBuy/Controllers/AccountingController.cs"
"Identity","AccountingController","PayrollDisbursement","GET","","False","False","False","(none)","SessionValidation","False","SessionValidation;HttpGet","False","False","False","CrossBuy/Controllers/AccountingController.cs"
"Identity","AccountingController","DisbursePayroll","POST","","False","True","True","CrossBuy.Models.AccPerm(""pay"")","SessionValidation","False","SessionValidation;HttpPost;ValidateAntiForgeryToken;CrossBuy.Models.AccPerm(""pay"")","False","False","False","CrossBuy/Controllers/AccountingController.cs"
"Identity","AccountingController","RemitStatutory","POST","","False","True","True","CrossBuy.Models.AccPerm(""pay"")","SessionValidation","False","SessionValidation;HttpPost;ValidateAntiForgeryToken;CrossBuy.Models.AccPerm(""pay"")","False","False","False","CrossBuy/Controllers/AccountingController.cs"
"Identity","AccountingController","PayrollTaxSettings","GET","","False","False","False","(none)","SessionValidation","False","SessionValidation;HttpGet","False","False","False","CrossBuy/Controllers/AccountingController.cs"
"Identity","AccountingController","SavePayrollSettings","POST","","False","True","True","CrossBuy.Models.AccPerm(""manage"")","SessionValidation","False","SessionValidation;HttpPost;ValidateAntiForgeryToken;CrossBuy.Models.AccPerm(""manage"")","False","False","False","CrossBuy/Controllers/AccountingController.cs"
"Identity","AccountingController","SavePayrollBracket","POST","","False","True","True","CrossBuy.Models.AccPerm(""manage"")","SessionValidation","False","SessionValidation;HttpPost;ValidateAntiForgeryToken;CrossBuy.Models.AccPerm(""manage"")","False","False","False","CrossBuy/Controllers/AccountingController.cs"
"Identity","AccountingController","DeletePayrollBracket","POST","","False","True","True","CrossBuy.Models.AccPerm(""manage"")","SessionValidation","False","SessionValidation;HttpPost;ValidateAntiForgeryToken;CrossBuy.Models.AccPerm(""manage"")","False","False","False","CrossBuy/Controllers/AccountingController.cs"
"Identity","AccountingController","Payslips","GET","","False","False","False","(none)","SessionValidation","False","SessionValidation;HttpGet","False","False","False","CrossBuy/Controllers/AccountingController.cs"
"Identity","AccountingController","Payslip","GET","","False","False","False","(none)","SessionValidation","False","SessionValidation;HttpGet","False","False","False","CrossBuy/Controllers/AccountingController.cs"
"Identity","AccountingController","Customers","GET","","False","False","False","(none)","SessionValidation","False","SessionValidation;HttpGet","False","False","False","CrossBuy/Controllers/AccountingController.cs"
"Identity","AccountingController","CustomersData","GET","","False","False","False","(none)","SessionValidation","False","SessionValidation;HttpGet","False","False","False","CrossBuy/Controllers/AccountingController.cs"
"Identity","AccountingController","CustomersExport","GET","","False","False","False","(none)","SessionValidation","False","SessionValidation;HttpGet","False","False","False","CrossBuy/Controllers/AccountingController.cs"
"Identity","AccountingController","VendorsExport","GET","","False","False","False","(none)","SessionValidation","False","SessionValidation;HttpGet","False","False","False","CrossBuy/Controllers/AccountingController.cs"
"Identity","AccountingController","SalesInvoicesExport","GET","","False","False","False","(none)","SessionValidation","False","SessionValidation;HttpGet","False","False","False","CrossBuy/Controllers/AccountingController.cs"
"Identity","AccountingController","PurchaseInvoicesExport","GET","","False","False","False","(none)","SessionValidation","False","SessionValidation;HttpGet","False","False","False","CrossBuy/Controllers/AccountingController.cs"
"Identity","AccountingController","ReceiptsExport","GET","","False","False","False","(none)","SessionValidation","False","SessionValidation;HttpGet","False","False","False","CrossBuy/Controllers/AccountingController.cs"
"Identity","AccountingController","PaymentsExport","GET","","False","False","False","(none)","SessionValidation","False","SessionValidation;HttpGet","False","False","False","CrossBuy/Controllers/AccountingController.cs"
"Identity","AccountingController","JournalsExport","GET","","False","False","False","(none)","SessionValidation","False","SessionValidation;HttpGet","False","False","False","CrossBuy/Controllers/AccountingController.cs"
"Identity","AccountingController","CustomersSuggest","GET","","False","False","False","(none)","SessionValidation","False","SessionValidation;HttpGet","False","False","False","CrossBuy/Controllers/AccountingController.cs"
"Identity","AccountingController","SaveCustomer","POST","","False","True","True","CrossBuy.Models.AccPerm(""post"")","SessionValidation","False","SessionValidation;HttpPost;ValidateAntiForgeryToken;CrossBuy.Models.AccPerm(""post"")","False","False","False","CrossBuy/Controllers/AccountingController.cs"
"Identity","AccountingController","SalesInvoices","GET","","False","False","False","(none)","SessionValidation","False","SessionValidation;HttpGet","False","False","False","CrossBuy/Controllers/AccountingController.cs"
"Identity","AccountingController","SalesInvoicesData","GET","","False","False","False","(none)","SessionValidation","False","SessionValidation;HttpGet","False","False","False","CrossBuy/Controllers/AccountingController.cs"
"Identity","AccountingController","NewSalesInvoice","GET","","False","False","False","(none)","SessionValidation","False","SessionValidation;HttpGet","False","False","False","CrossBuy/Controllers/AccountingController.cs"
"Identity","AccountingController","CreateSalesInvoice","POST","","False","True","True","CrossBuy.Models.AccPerm(""post"")","SessionValidation","True","SessionValidation;HttpPost;ValidateAntiForgeryToken;CrossBuy.Models.AccPerm(""post"")","False","False","False","CrossBuy/Controllers/AccountingController.cs"
"Identity","AccountingController","EditSalesInvoice","GET","","False","False","False","CrossBuy.Models.AccPerm(""post"")","SessionValidation","False","SessionValidation;HttpGet;CrossBuy.Models.AccPerm(""post"")","False","False","False","CrossBuy/Controllers/AccountingController.cs"
"Identity","AccountingController","UpdateSalesInvoice","POST","","False","True","True","CrossBuy.Models.AccPerm(""post"")","SessionValidation","True","SessionValidation;HttpPost;ValidateAntiForgeryToken;CrossBuy.Models.AccPerm(""post"")","False","False","False","CrossBuy/Controllers/AccountingController.cs"
"Identity","AccountingController","SalesReturns","GET","","False","False","False","(none)","SessionValidation","False","SessionValidation;HttpGet","False","False","False","CrossBuy/Controllers/AccountingController.cs"
"Identity","AccountingController","NewSalesReturn","GET","","False","False","False","(none)","SessionValidation","False","SessionValidation;HttpGet","False","False","False","CrossBuy/Controllers/AccountingController.cs"
"Identity","AccountingController","CreateSalesReturn","POST","","False","True","True","CrossBuy.Models.AccPerm(""post"")","SessionValidation","False","SessionValidation;HttpPost;ValidateAntiForgeryToken;CrossBuy.Models.AccPerm(""post"")","False","False","False","CrossBuy/Controllers/AccountingController.cs"
"Identity","AccountingController","EditSalesReturn","GET","","False","False","False","CrossBuy.Models.AccPerm(""post"")","SessionValidation","False","SessionValidation;HttpGet;CrossBuy.Models.AccPerm(""post"")","False","False","False","CrossBuy/Controllers/AccountingController.cs"
"Identity","AccountingController","UpdateSalesReturn","POST","","False","True","True","CrossBuy.Models.AccPerm(""post"")","SessionValidation","False","SessionValidation;HttpPost;ValidateAntiForgeryToken;CrossBuy.Models.AccPerm(""post"")","False","False","False","CrossBuy/Controllers/AccountingController.cs"
"Identity","AccountingController","SalesReturnDetail","GET","","False","False","False","(none)","SessionValidation","False","SessionValidation;HttpGet","False","False","False","CrossBuy/Controllers/AccountingController.cs"
"Identity","AccountingController","Receipts","GET","","False","False","False","(none)","SessionValidation","False","SessionValidation;HttpGet","False","False","False","CrossBuy/Controllers/AccountingController.cs"
"Identity","AccountingController","ReceiptsData","GET","","False","False","False","(none)","SessionValidation","False","SessionValidation;HttpGet","False","False","False","CrossBuy/Controllers/AccountingController.cs"
"Identity","AccountingController","CreateReceipt","POST","","False","True","True","CrossBuy.Models.AccPerm(""pay"")","SessionValidation","True","SessionValidation;HttpPost;ValidateAntiForgeryToken;CrossBuy.Models.AccPerm(""pay"")","False","False","False","CrossBuy/Controllers/AccountingController.cs"
"Identity","AccountingController","ArAging","GET","","False","False","False","(none)","SessionValidation","False","SessionValidation;HttpGet","False","False","False","CrossBuy/Controllers/AccountingController.cs"
"Identity","AccountingController","CustomerAnalytics","GET","","False","False","False","(none)","SessionValidation","False","SessionValidation;HttpGet","False","False","False","CrossBuy/Controllers/AccountingController.cs"
"Identity","AccountingController","CustomerAnalyticsExport","GET","","False","False","False","(none)","SessionValidation","False","SessionValidation;HttpGet","False","False","False","CrossBuy/Controllers/AccountingController.cs"
"Identity","AccountingController","Vendors","GET","","False","False","False","(none)","SessionValidation","False","SessionValidation;HttpGet","False","False","False","CrossBuy/Controllers/AccountingController.cs"
"Identity","AccountingController","VendorsData","GET","","False","False","False","(none)","SessionValidation","False","SessionValidation;HttpGet","False","False","False","CrossBuy/Controllers/AccountingController.cs"
"Identity","AccountingController","VendorsSuggest","GET","","False","False","False","(none)","SessionValidation","False","SessionValidation;HttpGet","False","False","False","CrossBuy/Controllers/AccountingController.cs"
"Identity","AccountingController","SaveVendor","POST","","False","True","True","CrossBuy.Models.AccPerm(""post"")","SessionValidation","False","SessionValidation;HttpPost;ValidateAntiForgeryToken;CrossBuy.Models.AccPerm(""post"")","False","False","False","CrossBuy/Controllers/AccountingController.cs"
"Identity","AccountingController","VendorQuickAdd","POST","","False","True","True","CrossBuy.Models.ApiPerm(CrossBuy.Models.ApiPermAttribute.Accounting, ""post"")","SessionValidation","False","SessionValidation;HttpPost;ValidateAntiForgeryToken;CrossBuy.Models.ApiPerm(CrossBuy.Models.ApiPermAttribute.Accounting, ""post"")","False","False","False","CrossBuy/Controllers/AccountingController.cs"
"Identity","AccountingController","CustomerQuickAdd","POST","","False","True","True","CrossBuy.Models.ApiPerm(CrossBuy.Models.ApiPermAttribute.Accounting, ""post"")","SessionValidation","False","SessionValidation;HttpPost;ValidateAntiForgeryToken;CrossBuy.Models.ApiPerm(CrossBuy.Models.ApiPermAttribute.Accounting, ""post"")","False","False","False","CrossBuy/Controllers/AccountingController.cs"
"Identity","AccountingController","PurchaseInvoices","GET","","False","False","False","(none)","SessionValidation","False","SessionValidation;HttpGet","False","False","False","CrossBuy/Controllers/AccountingController.cs"
"Identity","AccountingController","PurchaseInvoicesData","GET","","False","False","False","(none)","SessionValidation","False","SessionValidation;HttpGet","False","False","False","CrossBuy/Controllers/AccountingController.cs"
"Identity","AccountingController","NewPurchaseInvoice","GET","","False","False","False","(none)","SessionValidation","False","SessionValidation;HttpGet","False","False","False","CrossBuy/Controllers/AccountingController.cs"
"Identity","AccountingController","CreatePurchaseInvoice","POST","","False","True","True","CrossBuy.Models.AccPerm(""post"")","SessionValidation","True","SessionValidation;HttpPost;ValidateAntiForgeryToken;CrossBuy.Models.AccPerm(""post"")","False","False","False","CrossBuy/Controllers/AccountingController.cs"
"Identity","AccountingController","MatchReceipts","GET","","False","False","False","(none)","SessionValidation","False","SessionValidation;HttpGet","False","False","False","CrossBuy/Controllers/AccountingController.cs"
"Identity","AccountingController","CreateInvoiceFromReceipt","POST","","False","True","True","CrossBuy.Models.AccPerm(""post"")","SessionValidation","False","SessionValidation;HttpPost;ValidateAntiForgeryToken;CrossBuy.Models.AccPerm(""post"")","False","False","False","CrossBuy/Controllers/AccountingController.cs"
"Identity","AccountingController","EditPurchaseInvoice","GET","","False","False","False","CrossBuy.Models.AccPerm(""post"")","SessionValidation","False","SessionValidation;HttpGet;CrossBuy.Models.AccPerm(""post"")","False","False","False","CrossBuy/Controllers/AccountingController.cs"
"Identity","AccountingController","UpdatePurchaseInvoice","POST","","False","True","True","CrossBuy.Models.AccPerm(""post"")","SessionValidation","True","SessionValidation;HttpPost;ValidateAntiForgeryToken;CrossBuy.Models.AccPerm(""post"")","False","False","False","CrossBuy/Controllers/AccountingController.cs"
"Identity","AccountingController","PurchaseReturns","GET","","False","False","False","(none)","SessionValidation","False","SessionValidation;HttpGet","False","False","False","CrossBuy/Controllers/AccountingController.cs"
"Identity","AccountingController","NewPurchaseReturn","GET","","False","False","False","(none)","SessionValidation","False","SessionValidation;HttpGet","False","False","False","CrossBuy/Controllers/AccountingController.cs"
"Identity","AccountingController","CreatePurchaseReturn","POST","","False","True","True","CrossBuy.Models.AccPerm(""post"")","SessionValidation","False","SessionValidation;HttpPost;ValidateAntiForgeryToken;CrossBuy.Models.AccPerm(""post"")","False","False","False","CrossBuy/Controllers/AccountingController.cs"
"Identity","AccountingController","EditPurchaseReturn","GET","","False","False","False","CrossBuy.Models.AccPerm(""post"")","SessionValidation","False","SessionValidation;HttpGet;CrossBuy.Models.AccPerm(""post"")","False","False","False","CrossBuy/Controllers/AccountingController.cs"
"Identity","AccountingController","UpdatePurchaseReturn","POST","","False","True","True","CrossBuy.Models.AccPerm(""post"")","SessionValidation","False","SessionValidation;HttpPost;ValidateAntiForgeryToken;CrossBuy.Models.AccPerm(""post"")","False","False","False","CrossBuy/Controllers/AccountingController.cs"
"Identity","AccountingController","PurchaseReturnDetail","GET","","False","False","False","(none)","SessionValidation","False","SessionValidation;HttpGet","False","False","False","CrossBuy/Controllers/AccountingController.cs"
"Identity","AccountingController","Payments","GET","","False","False","False","(none)","SessionValidation","False","SessionValidation;HttpGet","False","False","False","CrossBuy/Controllers/AccountingController.cs"
"Identity","AccountingController","PaymentsData","GET","","False","False","False","(none)","SessionValidation","False","SessionValidation;HttpGet","False","False","False","CrossBuy/Controllers/AccountingController.cs"
"Identity","AccountingController","CreatePayment","POST","","False","True","True","CrossBuy.Models.AccPerm(""pay"")","SessionValidation","True","SessionValidation;HttpPost;ValidateAntiForgeryToken;CrossBuy.Models.AccPerm(""pay"")","False","False","False","CrossBuy/Controllers/AccountingController.cs"
"Identity","AccountingController","ApAging","GET","","False","False","False","(none)","SessionValidation","False","SessionValidation;HttpGet","False","False","False","CrossBuy/Controllers/AccountingController.cs"
"Identity","AccountingController","BankAccounts","GET","","False","False","False","(none)","SessionValidation","False","SessionValidation;HttpGet","False","False","False","CrossBuy/Controllers/AccountingController.cs"
"Identity","AccountingController","CreateBankAccount","POST","","False","True","True","CrossBuy.Models.AccPerm(""manage"")","SessionValidation","False","SessionValidation;HttpPost;ValidateAntiForgeryToken;CrossBuy.Models.AccPerm(""manage"")","False","False","False","CrossBuy/Controllers/AccountingController.cs"
"Identity","AccountingController","CashBoxes","GET","","False","False","False","(none)","SessionValidation","False","SessionValidation;HttpGet","False","False","False","CrossBuy/Controllers/AccountingController.cs"
"Identity","AccountingController","CreateCashBox","POST","","False","True","True","CrossBuy.Models.AccPerm(""manage"")","SessionValidation","False","SessionValidation;HttpPost;ValidateAntiForgeryToken;CrossBuy.Models.AccPerm(""manage"")","False","False","False","CrossBuy/Controllers/AccountingController.cs"
"Identity","AccountingController","Transfer","GET","","False","False","False","(none)","SessionValidation","False","SessionValidation;HttpGet","False","False","False","CrossBuy/Controllers/AccountingController.cs"
"Identity","AccountingController","DoTransfer","POST","","False","True","True","CrossBuy.Models.AccPerm(""pay"")","SessionValidation","False","SessionValidation;HttpPost;ValidateAntiForgeryToken;CrossBuy.Models.AccPerm(""pay"")","False","False","False","CrossBuy/Controllers/AccountingController.cs"
"Identity","AccountingController","Reconcile","GET","","False","False","False","(none)","SessionValidation","False","SessionValidation;HttpGet","False","False","False","CrossBuy/Controllers/AccountingController.cs"
"Identity","AccountingController","DoReconcile","POST","","False","True","True","CrossBuy.Models.AccPerm(""manage"")","SessionValidation","False","SessionValidation;HttpPost;ValidateAntiForgeryToken;CrossBuy.Models.AccPerm(""manage"")","False","False","False","CrossBuy/Controllers/AccountingController.cs"
"Identity","AccountingController","Reconciliations","GET","","False","False","False","(none)","SessionValidation","False","SessionValidation;HttpGet","False","False","False","CrossBuy/Controllers/AccountingController.cs"
"Identity","AccountingController","Ledger","GET","","False","False","False","(none)","SessionValidation","False","SessionValidation;HttpGet","False","False","False","CrossBuy/Controllers/AccountingController.cs"
"Identity","AccountingController","FixedAssets","GET","","False","False","False","(none)","SessionValidation","False","SessionValidation;HttpGet","False","False","False","CrossBuy/Controllers/AccountingController.cs"
"Identity","AccountingController","CreateFixedAsset","POST","","False","True","True","CrossBuy.Models.AccPerm(""post"")","SessionValidation","False","SessionValidation;HttpPost;ValidateAntiForgeryToken;CrossBuy.Models.AccPerm(""post"")","False","False","False","CrossBuy/Controllers/AccountingController.cs"
"Identity","AccountingController","FixedAssetDetail","GET","","False","False","False","(none)","SessionValidation","False","SessionValidation;HttpGet","False","False","False","CrossBuy/Controllers/AccountingController.cs"
"Identity","AccountingController","SaveMaintenanceSchedule","POST","","False","True","True","CrossBuy.Models.AccPerm(""manage"")","SessionValidation","False","SessionValidation;HttpPost;ValidateAntiForgeryToken;CrossBuy.Models.AccPerm(""manage"")","False","False","False","CrossBuy/Controllers/AccountingController.cs"
"Identity","AccountingController","DeleteMaintenanceSchedule","POST","","False","True","True","CrossBuy.Models.AccPerm(""manage"")","SessionValidation","False","SessionValidation;HttpPost;ValidateAntiForgeryToken;CrossBuy.Models.AccPerm(""manage"")","False","False","False","CrossBuy/Controllers/AccountingController.cs"
"Identity","AccountingController","LogMaintenance","POST","","False","True","True","CrossBuy.Models.AccPerm(""post"")","SessionValidation","False","SessionValidation;HttpPost;ValidateAntiForgeryToken;CrossBuy.Models.AccPerm(""post"")","False","False","False","CrossBuy/Controllers/AccountingController.cs"
"Identity","AccountingController","MaintenanceDue","GET","","False","False","False","(none)","SessionValidation","False","SessionValidation;HttpGet","False","False","False","CrossBuy/Controllers/AccountingController.cs"
"Identity","AccountingController","DisposeAsset","POST","","False","True","True","CrossBuy.Models.AccPerm(""manage"")","SessionValidation","False","SessionValidation;HttpPost;ValidateAntiForgeryToken;CrossBuy.Models.AccPerm(""manage"")","False","False","False","CrossBuy/Controllers/AccountingController.cs"
"Identity","AccountingController","AssetCategories","GET","","False","False","False","(none)","SessionValidation","False","SessionValidation;HttpGet","False","False","False","CrossBuy/Controllers/AccountingController.cs"
"Identity","AccountingController","CreateAssetCategory","POST","","False","True","True","CrossBuy.Models.AccPerm(""manage"")","SessionValidation","False","SessionValidation;HttpPost;ValidateAntiForgeryToken;CrossBuy.Models.AccPerm(""manage"")","False","False","False","CrossBuy/Controllers/AccountingController.cs"
"Identity","AccountingController","DepreciationRuns","GET","","False","False","False","(none)","SessionValidation","False","SessionValidation;HttpGet","False","False","False","CrossBuy/Controllers/AccountingController.cs"
"Identity","AccountingController","RunDepreciation","POST","","False","True","True","CrossBuy.Models.AccPerm(""manage"")","SessionValidation","False","SessionValidation;HttpPost;ValidateAntiForgeryToken;CrossBuy.Models.AccPerm(""manage"")","False","False","False","CrossBuy/Controllers/AccountingController.cs"
"Identity","AccountingController","DepreciationRunDetail","GET","","False","False","False","(none)","SessionValidation","False","SessionValidation;HttpGet","False","False","False","CrossBuy/Controllers/AccountingController.cs"
"Identity","AccountingController","TaxCodes","GET","","False","False","False","(none)","SessionValidation","False","SessionValidation;HttpGet","False","False","False","CrossBuy/Controllers/AccountingController.cs"
"Identity","AccountingController","CreateTaxCode","POST","","False","True","True","CrossBuy.Models.AccPerm(""manage"")","SessionValidation","False","SessionValidation;HttpPost;ValidateAntiForgeryToken;CrossBuy.Models.AccPerm(""manage"")","False","False","False","CrossBuy/Controllers/AccountingController.cs"
"Identity","AccountingController","UpdateTaxCode","POST","","False","True","True","CrossBuy.Models.AccPerm(""manage"")","SessionValidation","False","SessionValidation;HttpPost;ValidateAntiForgeryToken;CrossBuy.Models.AccPerm(""manage"")","False","False","False","CrossBuy/Controllers/AccountingController.cs"
"Identity","AccountingController","ToggleTaxCode","POST","","False","True","True","CrossBuy.Models.AccPerm(""manage"")","SessionValidation","False","SessionValidation;HttpPost;ValidateAntiForgeryToken;CrossBuy.Models.AccPerm(""manage"")","False","False","False","CrossBuy/Controllers/AccountingController.cs"
"Identity","AccountingController","VatReturns","GET","","False","False","False","(none)","SessionValidation","False","SessionValidation;HttpGet","False","False","False","CrossBuy/Controllers/AccountingController.cs"
"Identity","AccountingController","FileVatReturn","POST","","False","True","True","CrossBuy.Models.AccPerm(""manage"")","SessionValidation","False","SessionValidation;HttpPost;ValidateAntiForgeryToken;CrossBuy.Models.AccPerm(""manage"")","False","False","False","CrossBuy/Controllers/AccountingController.cs"
"Identity","AccountingController","VatReturnDetail","GET","","False","False","False","(none)","SessionValidation","False","SessionValidation;HttpGet","False","False","False","CrossBuy/Controllers/AccountingController.cs"
"Identity","AccountingController","SettleVatReturn","POST","","False","True","True","CrossBuy.Models.AccPerm(""manage"")","SessionValidation","False","SessionValidation;HttpPost;ValidateAntiForgeryToken;CrossBuy.Models.AccPerm(""manage"")","False","False","False","CrossBuy/Controllers/AccountingController.cs"
"Identity","AccountingController","EtaStatus","GET","","False","False","False","(none)","SessionValidation","False","SessionValidation;HttpGet","False","False","False","CrossBuy/Controllers/AccountingController.cs"
"Identity","AccountingController","IncomeStatement","GET","","False","False","False","(none)","SessionValidation","False","SessionValidation;HttpGet","False","False","False","CrossBuy/Controllers/AccountingController.cs"
"Identity","AccountingController","BalanceSheet","GET","","False","False","False","(none)","SessionValidation","False","SessionValidation;HttpGet","False","False","False","CrossBuy/Controllers/AccountingController.cs"
"Identity","AccountingController","CashFlow","GET","","False","False","False","(none)","SessionValidation","False","SessionValidation;HttpGet","False","False","False","CrossBuy/Controllers/AccountingController.cs"
"Identity","AccountingController","YearEndClose","GET","","False","False","False","(none)","SessionValidation","False","SessionValidation;HttpGet","False","False","False","CrossBuy/Controllers/AccountingController.cs"
"Identity","AccountingController","CloseYear","POST","","False","True","True","CrossBuy.Models.AccPerm(""manage"")","SessionValidation","False","SessionValidation;HttpPost;ValidateAntiForgeryToken;CrossBuy.Models.AccPerm(""manage"")","False","False","False","CrossBuy/Controllers/AccountingController.cs"
"Identity","AccountingController","ReopenYear","POST","","False","True","True","CrossBuy.Models.AccPerm(""manage"")","SessionValidation","False","SessionValidation;HttpPost;ValidateAntiForgeryToken;CrossBuy.Models.AccPerm(""manage"")","False","False","False","CrossBuy/Controllers/AccountingController.cs"
"Identity","AccountingController","AccountingRoles","GET","","False","False","False","AccPerm(""manage"")","SessionValidation","False","SessionValidation;HttpGet;AccPerm(""manage"")","False","False","False","CrossBuy/Controllers/AccountingController.cs"
"Identity","AccountingController","AssignAccRole","POST","","False","True","True","AccPerm(""manage"")","SessionValidation","False","SessionValidation;HttpPost;ValidateAntiForgeryToken;AccPerm(""manage"")","False","False","False","CrossBuy/Controllers/AccountingController.cs"
"Identity","AccountingController","SaveAccSettings","POST","","False","True","True","AccPerm(""manage"")","SessionValidation","False","SessionValidation;HttpPost;ValidateAntiForgeryToken;AccPerm(""manage"")","False","False","False","CrossBuy/Controllers/AccountingController.cs"
"Identity","AccountingController","RemoveAccRole","POST","","False","True","True","AccPerm(""manage"")","SessionValidation","False","SessionValidation;HttpPost;ValidateAntiForgeryToken;AccPerm(""manage"")","False","False","False","CrossBuy/Controllers/AccountingController.cs"
"HR","AdminController","Appraisals","GET","","False","False","False","(none)","(none)","False","HttpGet","False","False","False","CrossBuy/Controllers/AdminController.Appraisals.cs"
"HR","AdminController","SaveAppraisalCycle","POST","","False","True","False","(none)","(none)","False","HttpPost","False","False","False","CrossBuy/Controllers/AdminController.Appraisals.cs"
"HR","AdminController","SetAppraisalCycleStatus","POST","","False","True","False","(none)","(none)","False","HttpPost","False","False","False","CrossBuy/Controllers/AdminController.Appraisals.cs"
"HR","AdminController","AppraisalTemplates","GET","","False","False","False","(none)","(none)","False","HttpGet","False","False","False","CrossBuy/Controllers/AdminController.Appraisals.cs"
"HR","AdminController","AppraisalTemplateEditor","GET","","False","False","False","(none)","(none)","False","HttpGet","False","False","False","CrossBuy/Controllers/AdminController.Appraisals.cs"
"HR","AdminController","SaveAppraisalTemplate","POST","","False","True","False","(none)","(none)","False","HttpPost","False","False","False","CrossBuy/Controllers/AdminController.Appraisals.cs"
"HR","AdminController","DeleteAppraisalTemplate","POST","","False","True","False","(none)","(none)","False","HttpPost","False","False","False","CrossBuy/Controllers/AdminController.Appraisals.cs"
"HR","AdminController","CreateAppraisal","POST","","False","True","False","(none)","(none)","False","HttpPost","False","False","False","CrossBuy/Controllers/AdminController.Appraisals.cs"
"HR","AdminController","AppraisalScore","GET","","False","False","False","(none)","(none)","False","HttpGet","False","False","False","CrossBuy/Controllers/AdminController.Appraisals.cs"
"HR","AdminController","SaveAppraisalScores","POST","","False","True","False","(none)","(none)","False","HttpPost","False","False","False","CrossBuy/Controllers/AdminController.Appraisals.cs"
"HR","AdminController","HolidaysList","GET","","False","False","False","(none)","(none)","False","HttpGet","False","False","True","CrossBuy/Controllers/AdminController.cs"
"HR","AdminController","SaveHoliday","POST","","False","True","True","(none)","(none)","False","HttpPost;ValidateAntiForgeryToken","False","False","True","CrossBuy/Controllers/AdminController.cs"
"HR","AdminController","DeleteHoliday","POST","","False","True","True","(none)","(none)","False","HttpPost;ValidateAntiForgeryToken","False","False","True","CrossBuy/Controllers/AdminController.cs"
"HR","AdminController","Attendance","GET","","False","False","False","(none)","(none)","False","HttpGet","False","False","True","CrossBuy/Controllers/AdminController.cs"
"HR","AdminController","AttendanceEntry","GET","","False","False","False","(none)","(none)","False","HttpGet","False","False","True","CrossBuy/Controllers/AdminController.cs"
"HR","AdminController","SaveAttendance","POST","","False","True","True","(none)","(none)","False","HttpPost;ValidateAntiForgeryToken","False","False","True","CrossBuy/Controllers/AdminController.cs"
"HR","AdminController","FinalSettlement","GET","","False","False","False","(none)","(none)","False","HttpGet","False","False","False","CrossBuy/Controllers/AdminController.cs"
"HR","AdminController","PostFinalSettlement","POST","","False","True","True","(none)","(none)","True","HttpPost;ValidateAntiForgeryToken","False","False","False","CrossBuy/Controllers/AdminController.cs"
"HR","AdminController","HrDocuments","GET","","False","False","False","(none)","(none)","False","HttpGet","False","False","False","CrossBuy/Controllers/AdminController.cs"
"HR","AdminController","HrDocFiles","GET","","False","False","False","(none)","(none)","False","HttpGet","False","False","False","CrossBuy/Controllers/AdminController.cs"
"HR","AdminController","AddAttachments","POST","","False","True","True","(none)","(none)","False","HttpPost;ValidateAntiForgeryToken","False","False","False","CrossBuy/Controllers/AdminController.cs"
"HR","AdminController","DeleteAttachment","POST","","False","True","True","(none)","(none)","False","HttpPost;ValidateAntiForgeryToken","False","False","False","CrossBuy/Controllers/AdminController.cs"
"HR","AdminController","SaveContract","POST","","False","True","True","(none)","(none)","False","HttpPost;ValidateAntiForgeryToken","False","False","False","CrossBuy/Controllers/AdminController.cs"
"HR","AdminController","DeleteContract","POST","","False","True","True","(none)","(none)","False","HttpPost;ValidateAntiForgeryToken","False","False","False","CrossBuy/Controllers/AdminController.cs"
"HR","AdminController","SaveDocument","POST","","False","True","True","(none)","(none)","False","HttpPost;ValidateAntiForgeryToken","False","False","False","CrossBuy/Controllers/AdminController.cs"
"HR","AdminController","DeleteDocument","POST","","False","True","True","(none)","(none)","False","HttpPost;ValidateAntiForgeryToken","False","False","False","CrossBuy/Controllers/AdminController.cs"
"HR","AdminController","DocExpiryAlerts","GET","","False","False","False","(none)","(none)","False","HttpGet","False","False","False","CrossBuy/Controllers/AdminController.cs"
"HR","AdminController","NotifyExpiring","POST","","False","True","True","(none)","(none)","False","HttpPost;ValidateAntiForgeryToken","False","False","False","CrossBuy/Controllers/AdminController.cs"
"HR","AdminController","LeaveAccrual","GET","","False","False","False","(none)","(none)","False","HttpGet","False","False","False","CrossBuy/Controllers/AdminController.cs"
"HR","AdminController","Encash","POST","","False","True","True","(none)","(none)","True","HttpPost;ValidateAntiForgeryToken","False","False","False","CrossBuy/Controllers/AdminController.cs"
"HR","AdminController","LeaveCarryOver","GET","","False","False","False","(none)","(none)","False","HttpGet","False","False","False","CrossBuy/Controllers/AdminController.cs"
"HR","AdminController","RunLeaveCarryOver","POST","","False","True","True","(none)","(none)","True","HttpPost;ValidateAntiForgeryToken","False","False","False","CrossBuy/Controllers/AdminController.cs"
"HR","AdminController","PostLeaveProvision","POST","","False","True","True","(none)","(none)","True","HttpPost;ValidateAntiForgeryToken","False","False","False","CrossBuy/Controllers/AdminController.cs"
"HR","AdminController","SaveLeaveTypeEncashable","POST","","False","True","True","(none)","(none)","False","HttpPost;ValidateAntiForgeryToken","False","False","False","CrossBuy/Controllers/AdminController.cs"
"HR","AdminController","Index","GET","","False","False","False","(none)","(none)","False","","False","False","False","CrossBuy/Controllers/AdminController.cs"
"HR","AdminController","JobTitlesList","GET","","False","False","False","(none)","(none)","False","","False","False","False","CrossBuy/Controllers/AdminController.cs"
"HR","AdminController","GetJobTitles","GET","","False","False","False","(none)","(none)","False","HttpGet","False","False","False","CrossBuy/Controllers/AdminController.cs"
"HR","AdminController","GetBranches","GET","","False","False","False","(none)","(none)","False","HttpGet","False","False","False","CrossBuy/Controllers/AdminController.cs"
"HR","AdminController","GetCompanies","GET","","False","False","False","(none)","(none)","False","HttpGet","False","False","False","CrossBuy/Controllers/AdminController.cs"
"HR","AdminController","JobTitle","GET","","False","False","False","(none)","(none)","False","","False","False","False","CrossBuy/Controllers/AdminController.cs"
"HR","AdminController","JobTitle","POST","","False","True","False","(none)","(none)","False","HttpPost","False","False","False","CrossBuy/Controllers/AdminController.cs"
"HR","AdminController","AdministrativeBodiesCompanyList","GET","","False","False","False","(none)","(none)","False","","False","False","False","CrossBuy/Controllers/AdminController.cs"
"HR","AdminController","AdministrativeBodiesCompany","GET","","False","False","False","(none)","(none)","False","","False","False","False","CrossBuy/Controllers/AdminController.cs"
"HR","AdminController","AdministrativeBodiesCompany","POST","","False","True","False","(none)","(none)","False","HttpPost","False","False","False","CrossBuy/Controllers/AdminController.cs"
"HR","AdminController","AdministrativeStructure","GET","","False","False","False","(none)","(none)","False","","False","False","False","CrossBuy/Controllers/AdminController.cs"
"HR","AdminController","GetHierarchicals","GET","","False","False","False","(none)","(none)","False","HttpGet","False","False","False","CrossBuy/Controllers/AdminController.cs"
"HR","AdminController","GetParentInfo","GET","","False","False","False","(none)","(none)","False","","False","False","False","CrossBuy/Controllers/AdminController.cs"
"HR","AdminController","AddHierarchicalItem","POST","","False","True","False","(none)","(none)","False","HttpPost","False","False","False","CrossBuy/Controllers/AdminController.cs"
"HR","AdminController","Polices","GET","","False","False","False","(none)","(none)","False","","False","False","False","CrossBuy/Controllers/AdminController.cs"
"HR","AdminController","GetLeaveTypes","GET","","False","False","False","(none)","(none)","False","HttpGet","False","False","False","CrossBuy/Controllers/AdminController.cs"
"HR","AdminController","SaveLeavePolicy","POST","","False","True","True","(none)","(none)","False","HttpPost;ValidateAntiForgeryToken","False","False","False","CrossBuy/Controllers/AdminController.cs"
"HR","AdminController","PolicesData","GET","","False","False","False","(none)","(none)","False","","False","False","False","CrossBuy/Controllers/AdminController.cs"
"HR","AdminController","LeaveTypesList","GET","","False","False","False","(none)","(none)","False","","False","False","False","CrossBuy/Controllers/AdminController.cs"
"HR","AdminController","SaveLeaveType","POST","","False","True","False","(none)","(none)","False","HttpPost","False","False","False","CrossBuy/Controllers/AdminController.cs"
"HR","AdminController","GetLeaveTypeById","GET","","False","False","False","(none)","(none)","False","HttpGet","False","False","False","CrossBuy/Controllers/AdminController.cs"
"HR","AdminController","GetSalaryPolicy","GET","","False","False","False","(none)","(none)","False","HttpGet","False","False","False","CrossBuy/Controllers/AdminController.cs"
"HR","AdminController","SaveSalaryPolicy","POST","","False","True","True","CrossBuy.Models.ApiPerm(CrossBuy.Models.ApiPermAttribute.Hr, CrossBuy.BL.HrActions.PayrollManage)","(none)","False","HttpPost;ValidateAntiForgeryToken;CrossBuy.Models.ApiPerm(CrossBuy.Models.ApiPermAttribute.Hr, CrossBuy.BL.HrActions.PayrollManage)","False","False","False","CrossBuy/Controllers/AdminController.cs"
"HR","AdminController","SaveMainPolices","POST","","False","True","True","(none)","(none)","False","HttpPost;ValidateAntiForgeryToken","False","False","False","CrossBuy/Controllers/AdminController.cs"
"HR","AdminController","SaveAttendancePolicy","POST","","False","True","True","(none)","(none)","False","HttpPost;ValidateAntiForgeryToken","False","False","False","CrossBuy/Controllers/AdminController.cs"
"HR","AdminController","GetPolicy","GET","","False","False","False","(none)","(none)","False","HttpGet","False","False","False","CrossBuy/Controllers/AdminController.cs"
"HR","AdminController","EmployeesList","GET","","False","False","False","(none)","(none)","False","","False","False","False","CrossBuy/Controllers/AdminController.cs"
"HR","AdminController","EmployeeData","GET","","False","False","False","(none)","(none)","False","","False","False","False","CrossBuy/Controllers/AdminController.cs"
"HR","AdminController","GetPolicies","GET","","False","False","False","(none)","(none)","False","HttpGet","False","False","False","CrossBuy/Controllers/AdminController.cs"
"HR","AdminController","GetEmployeeByUserId","GET","","False","False","False","(none)","(none)","False","HttpGet","False","False","False","CrossBuy/Controllers/AdminController.cs"
"HR","AdminController","SaveEmployee","POST","","False","True","True","(none)","(none)","False","HttpPost;ValidateAntiForgeryToken","False","False","False","CrossBuy/Controllers/AdminController.cs"
"HR","AdminController","Applications","GET","","False","False","False","(none)","(none)","False","HttpGet","False","False","False","CrossBuy/Controllers/AdminController.Recruitment.cs"
"HR","AdminController","ApplicationForm","GET","","False","False","False","(none)","(none)","False","HttpGet","False","False","False","CrossBuy/Controllers/AdminController.Recruitment.cs"
"HR","AdminController","SaveApplication","POST","","False","True","True","(none)","(none)","False","HttpPost;ValidateAntiForgeryToken","False","False","False","CrossBuy/Controllers/AdminController.Recruitment.cs"
"HR","AdminController","MoveApplication","POST","","False","True","True","(none)","(none)","False","HttpPost;ValidateAntiForgeryToken","False","False","False","CrossBuy/Controllers/AdminController.Recruitment.cs"
"HR","AdminController","ApplicationDetail","GET","","False","False","False","(none)","(none)","False","HttpGet","False","False","False","CrossBuy/Controllers/AdminController.Recruitment.cs"
"HR","AdminController","ChangeApplicationStage","POST","","False","True","True","(none)","(none)","False","HttpPost;ValidateAntiForgeryToken","False","False","False","CrossBuy/Controllers/AdminController.Recruitment.cs"
"HR","AdminController","UploadApplicationDoc","POST","","False","True","True","(none)","(none)","False","HttpPost;ValidateAntiForgeryToken","False","False","False","CrossBuy/Controllers/AdminController.Recruitment.cs"
"HR","AdminController","DeleteApplicationDoc","POST","","False","True","True","(none)","(none)","False","HttpPost;ValidateAntiForgeryToken","False","False","False","CrossBuy/Controllers/AdminController.Recruitment.cs"
"HR","AdminController","RequiredDocTypesList","GET","","False","False","False","(none)","(none)","False","HttpGet","False","False","False","CrossBuy/Controllers/AdminController.Recruitment.cs"
"HR","AdminController","SaveRequiredDocType","POST","","False","True","False","(none)","(none)","False","HttpPost","False","False","False","CrossBuy/Controllers/AdminController.Recruitment.cs"
"HR","AdminController","GetRequiredDocTypeById","GET","","False","False","False","(none)","(none)","False","HttpGet","False","False","False","CrossBuy/Controllers/AdminController.Recruitment.cs"
"HR","AdminController","DeleteRequiredDocType","POST","","False","True","False","(none)","(none)","False","HttpPost","False","False","False","CrossBuy/Controllers/AdminController.Recruitment.cs"
"HR","AdminController","TrainingCourses","GET","","False","False","False","(none)","(none)","False","HttpGet","False","False","False","CrossBuy/Controllers/AdminController.Training.cs"
"HR","AdminController","TrainingCourseEditor","GET","","False","False","False","(none)","(none)","False","HttpGet","False","False","False","CrossBuy/Controllers/AdminController.Training.cs"
"HR","AdminController","SaveTrainingCourse","POST","","False","True","False","(none)","(none)","False","HttpPost","False","False","False","CrossBuy/Controllers/AdminController.Training.cs"
"HR","AdminController","DeleteTrainingCourse","POST","","False","True","False","(none)","(none)","False","HttpPost","False","False","False","CrossBuy/Controllers/AdminController.Training.cs"
"HR","AdminController","CourseEnrollments","GET","","False","False","False","(none)","(none)","False","HttpGet","False","False","False","CrossBuy/Controllers/AdminController.Training.cs"
"HR","AdminController","EnrollEmployees","POST","","False","True","False","(none)","(none)","False","HttpPost","False","False","False","CrossBuy/Controllers/AdminController.Training.cs"
"HR","AdminController","SetEnrollmentStatus","POST","","False","True","False","(none)","(none)","False","HttpPost","False","False","False","CrossBuy/Controllers/AdminController.Training.cs"
"HR","AdminController","RemoveEnrollment","POST","","False","True","False","(none)","(none)","False","HttpPost","False","False","False","CrossBuy/Controllers/AdminController.Training.cs"
"Communication","AnnouncementsController","Index","GET","","False","False","False","(none)","SessionValidation","False","HttpGet","False","False","False","CrossBuy/Controllers/AnnouncementsController.cs"
"Communication","AnnouncementsController","Create","POST","","False","True","False","(none)","SessionValidation","False","HttpPost","False","False","False","CrossBuy/Controllers/AnnouncementsController.cs"
"Communication","AnnouncementsController","Active","GET","","False","False","False","(none)","SessionValidation","False","HttpGet","False","False","False","CrossBuy/Controllers/AnnouncementsController.cs"
"Communication","AnnouncementsController","Dismiss","POST","","False","True","False","(none)","SessionValidation","False","HttpPost","False","False","False","CrossBuy/Controllers/AnnouncementsController.cs"
"Communication","AnnouncementsController","Toggle","POST","","False","True","False","(none)","SessionValidation","False","HttpPost","False","False","False","CrossBuy/Controllers/AnnouncementsController.cs"
"Identity","AccountingApiController","Summary","GET","summary","True","False","False","(none)","Authorize(AuthenticationSchemes = JwtBearerDefaults.AuthenticationScheme)","True","HttpGet(""summary"")","False","False","False","CrossBuy/Controllers/Api/AccountingApiController.cs"
"Identity","AccountingApiController","AccountTypes","GET","account-types","True","False","False","(none)","Authorize(AuthenticationSchemes = JwtBearerDefaults.AuthenticationScheme)","True","HttpGet(""account-types"")","False","False","False","CrossBuy/Controllers/Api/AccountingApiController.cs"
"Identity","AccountingApiController","Accounts","GET","accounts","True","False","False","(none)","Authorize(AuthenticationSchemes = JwtBearerDefaults.AuthenticationScheme)","True","HttpGet(""accounts"")","False","False","False","CrossBuy/Controllers/Api/AccountingApiController.cs"
"Identity","AccountingApiController","Journals","GET","journals","True","False","False","(none)","Authorize(AuthenticationSchemes = JwtBearerDefaults.AuthenticationScheme)","True","HttpGet(""journals"")","False","False","False","CrossBuy/Controllers/Api/AccountingApiController.cs"
"Identity","AccountingApiController","Journal","GET","journals/{id:int}","True","False","False","(none)","Authorize(AuthenticationSchemes = JwtBearerDefaults.AuthenticationScheme)","True","HttpGet(""journals/{id:int}"")","False","False","False","CrossBuy/Controllers/Api/AccountingApiController.cs"
"Identity","AccountingApiController","CreateJournal","POST","journals","True","True","False","(none)","Authorize(AuthenticationSchemes = JwtBearerDefaults.AuthenticationScheme)","True","HttpPost(""journals"")","False","False","False","CrossBuy/Controllers/Api/AccountingApiController.cs"
"Identity","AccountingApiController","Post","POST","journals/{id:int}/post","True","True","False","(none)","Authorize(AuthenticationSchemes = JwtBearerDefaults.AuthenticationScheme)","True","HttpPost(""journals/{id:int}/post"")","False","False","False","CrossBuy/Controllers/Api/AccountingApiController.cs"
"Identity","AccountingApiController","Reverse","POST","journals/{id:int}/reverse","True","True","False","(none)","Authorize(AuthenticationSchemes = JwtBearerDefaults.AuthenticationScheme)","True","HttpPost(""journals/{id:int}/reverse"")","False","False","False","CrossBuy/Controllers/Api/AccountingApiController.cs"
"Identity","AccountingApiController","TrialBalance","GET","trial-balance","True","False","False","(none)","Authorize(AuthenticationSchemes = JwtBearerDefaults.AuthenticationScheme)","True","HttpGet(""trial-balance"")","False","False","False","CrossBuy/Controllers/Api/AccountingApiController.cs"
"Identity","AccountingApiController","Ledger","GET","ledger/{accountId:int}","True","False","False","(none)","Authorize(AuthenticationSchemes = JwtBearerDefaults.AuthenticationScheme)","True","HttpGet(""ledger/{accountId:int}"")","False","False","False","CrossBuy/Controllers/Api/AccountingApiController.cs"
"Identity","AccountingApiController","PayrollPreview","GET","payroll/preview","True","False","False","(none)","Authorize(AuthenticationSchemes = JwtBearerDefaults.AuthenticationScheme)","True","HttpGet(""payroll/preview"")","False","False","False","CrossBuy/Controllers/Api/AccountingApiController.cs"
"Identity","AccountingApiController","PayrollPost","POST","payroll/post","True","True","False","(none)","Authorize(AuthenticationSchemes = JwtBearerDefaults.AuthenticationScheme)","True","HttpPost(""payroll/post"")","False","False","False","CrossBuy/Controllers/Api/AccountingApiController.cs"
"Identity","AccountingApiController","Customers","GET","ar/customers","True","False","False","(none)","Authorize(AuthenticationSchemes = JwtBearerDefaults.AuthenticationScheme)","True","HttpGet(""ar/customers"")","False","False","False","CrossBuy/Controllers/Api/AccountingApiController.cs"
"Identity","AccountingApiController","CreateCustomer","POST","ar/customers","True","True","False","(none)","Authorize(AuthenticationSchemes = JwtBearerDefaults.AuthenticationScheme)","True","HttpPost(""ar/customers"")","False","False","False","CrossBuy/Controllers/Api/AccountingApiController.cs"
"Identity","AccountingApiController","CreateSalesInvoice","POST","ar/invoices","True","True","False","(none)","Authorize(AuthenticationSchemes = JwtBearerDefaults.AuthenticationScheme)","True","HttpPost(""ar/invoices"")","False","False","False","CrossBuy/Controllers/Api/AccountingApiController.cs"
"Identity","AccountingApiController","CreateReceipt","POST","ar/receipts","True","True","False","(none)","Authorize(AuthenticationSchemes = JwtBearerDefaults.AuthenticationScheme)","True","HttpPost(""ar/receipts"")","False","False","False","CrossBuy/Controllers/Api/AccountingApiController.cs"
"Identity","AccountingApiController","ArAging","GET","ar/aging","True","False","False","(none)","Authorize(AuthenticationSchemes = JwtBearerDefaults.AuthenticationScheme)","True","HttpGet(""ar/aging"")","False","False","False","CrossBuy/Controllers/Api/AccountingApiController.cs"
"Identity","AccountingApiController","Vendors","GET","ap/vendors","True","False","False","(none)","Authorize(AuthenticationSchemes = JwtBearerDefaults.AuthenticationScheme)","True","HttpGet(""ap/vendors"")","False","False","False","CrossBuy/Controllers/Api/AccountingApiController.cs"
"Identity","AccountingApiController","CreateVendor","POST","ap/vendors","True","True","False","(none)","Authorize(AuthenticationSchemes = JwtBearerDefaults.AuthenticationScheme)","True","HttpPost(""ap/vendors"")","False","False","False","CrossBuy/Controllers/Api/AccountingApiController.cs"
"Identity","AccountingApiController","CreatePurchaseInvoice","POST","ap/bills","True","True","False","(none)","Authorize(AuthenticationSchemes = JwtBearerDefaults.AuthenticationScheme)","True","HttpPost(""ap/bills"")","False","False","False","CrossBuy/Controllers/Api/AccountingApiController.cs"
"Identity","AccountingApiController","CreatePayment","POST","ap/payments","True","True","False","(none)","Authorize(AuthenticationSchemes = JwtBearerDefaults.AuthenticationScheme)","True","HttpPost(""ap/payments"")","False","False","False","CrossBuy/Controllers/Api/AccountingApiController.cs"
"Identity","AccountingApiController","ApAging","GET","ap/aging","True","False","False","(none)","Authorize(AuthenticationSchemes = JwtBearerDefaults.AuthenticationScheme)","True","HttpGet(""ap/aging"")","False","False","False","CrossBuy/Controllers/Api/AccountingApiController.cs"
"AI","AiController","SearchAccounts","GET","accounts/search","True","False","False","(none)","Authorize(AuthenticationSchemes = JwtBearerDefaults.AuthenticationScheme)","False","HttpGet(""accounts/search"")","False","False","False","CrossBuy/Controllers/Api/AiController.cs"
"AI","AiController","SearchCostCenters","GET","costcenters/search","True","False","False","(none)","Authorize(AuthenticationSchemes = JwtBearerDefaults.AuthenticationScheme)","False","HttpGet(""costcenters/search"")","False","False","False","CrossBuy/Controllers/Api/AiController.cs"
"AI","AiController","CashAccounts","GET","cash-accounts","True","False","False","(none)","Authorize(AuthenticationSchemes = JwtBearerDefaults.AuthenticationScheme)","False","HttpGet(""cash-accounts"")","False","False","False","CrossBuy/Controllers/Api/AiController.cs"
"AI","AiController","AnomalyJournalScan","POST","anomaly/journal-scan","True","True","False","(none)","Authorize(AuthenticationSchemes = JwtBearerDefaults.AuthenticationScheme)","False","HttpPost(""anomaly/journal-scan"")","False","False","False","CrossBuy/Controllers/Api/AiController.cs"
"AI","AiController","ForecastCashflow","POST","forecast/cashflow","True","True","False","(none)","Authorize(AuthenticationSchemes = JwtBearerDefaults.AuthenticationScheme)","False","HttpPost(""forecast/cashflow"")","False","False","False","CrossBuy/Controllers/Api/AiController.cs"
"AI","AiController","InventoryAnalyze","POST","inventory/analyze","True","True","False","(none)","Authorize(AuthenticationSchemes = JwtBearerDefaults.AuthenticationScheme)","False","HttpPost(""inventory/analyze"")","False","False","False","CrossBuy/Controllers/Api/AiController.cs"
"AI","AiController","Diag","POST","diag","True","True","False","(none)","Authorize(AuthenticationSchemes = JwtBearerDefaults.AuthenticationScheme)","False","HttpPost(""diag"")","False","False","False","CrossBuy/Controllers/Api/AiController.cs"
"Other","AuthApiController","Login","POST","login","True","True","False","(none)","(none)","False","HttpPost(""login"")","False","False","False","CrossBuy/Controllers/Api/AuthApiController.cs"
"Other","AuthApiController","Ping","GET","ping","True","False","False","(none)","(none)","False","HttpGet(""ping"");Microsoft.AspNetCore.Authorization.Authorize(AuthenticationSchemes = JwtBearerDefaults.AuthenticationScheme)","False","False","False","CrossBuy/Controllers/Api/AuthApiController.cs"
"DevTools","DevSeedController","ExcelSmoke","GET","excel-smoke","True","False","False","(none)","AllowAnonymous;CrossBuy.Models.DevOnly","False","HttpGet(""excel-smoke"")","False","False","False","CrossBuy/Controllers/Api/DevSeedController.cs"
"DevTools","DevSeedController","CultureCheck","GET","culture-check","True","False","False","(none)","AllowAnonymous;CrossBuy.Models.DevOnly","False","HttpGet(""culture-check"")","False","False","False","CrossBuy/Controllers/Api/DevSeedController.cs"
"DevTools","DevSeedController","HyperHm0Seed","GET","hyper-hm0-seed","True","False","False","(none)","AllowAnonymous;CrossBuy.Models.DevOnly","False","HttpGet(""hyper-hm0-seed"")","False","False","False","CrossBuy/Controllers/Api/DevSeedController.cs"
"DevTools","DevSeedController","Hm1Seed","GET","hm1-seed","True","False","False","(none)","AllowAnonymous;CrossBuy.Models.DevOnly","False","HttpGet(""hm1-seed"")","False","False","False","CrossBuy/Controllers/Api/DevSeedController.cs"
"DevTools","DevSeedController","Hm1VoidOrder","GET","hm1-void-order","True","False","False","(none)","AllowAnonymous;CrossBuy.Models.DevOnly","False","HttpGet(""hm1-void-order"")","False","False","False","CrossBuy/Controllers/Api/DevSeedController.cs"
"DevTools","DevSeedController","HmD38OrderTest","GET","hm-d38-order-test","True","False","False","(none)","AllowAnonymous;CrossBuy.Models.DevOnly","False","HttpGet(""hm-d38-order-test"")","False","False","False","CrossBuy/Controllers/Api/DevSeedController.cs"
"DevTools","DevSeedController","Hm2Seed","GET","hm2-seed","True","False","False","(none)","AllowAnonymous;CrossBuy.Models.DevOnly","False","HttpGet(""hm2-seed"")","False","False","False","CrossBuy/Controllers/Api/DevSeedController.cs"
"DevTools","DevSeedController","Hm2Edge","GET","hm2-edge","True","False","False","(none)","AllowAnonymous;CrossBuy.Models.DevOnly","False","HttpGet(""hm2-edge"")","False","False","False","CrossBuy/Controllers/Api/DevSeedController.cs"
"DevTools","DevSeedController","Hm3Seed","GET","hm3-seed","True","False","False","(none)","AllowAnonymous;CrossBuy.Models.DevOnly","False","HttpGet(""hm3-seed"")","False","False","False","CrossBuy/Controllers/Api/DevSeedController.cs"
"DevTools","DevSeedController","Hm3GuardTest","GET","hm3-guard-test","True","False","False","(none)","AllowAnonymous;CrossBuy.Models.DevOnly","False","HttpGet(""hm3-guard-test"")","False","False","False","CrossBuy/Controllers/Api/DevSeedController.cs"
"DevTools","DevSeedController","Hm4Seed","GET","hm4-seed","True","False","False","(none)","AllowAnonymous;CrossBuy.Models.DevOnly","False","HttpGet(""hm4-seed"")","False","False","False","CrossBuy/Controllers/Api/DevSeedController.cs"
"DevTools","DevSeedController","Hm4Accept","GET","hm4-accept","True","False","False","(none)","AllowAnonymous;CrossBuy.Models.DevOnly","False","HttpGet(""hm4-accept"")","False","False","False","CrossBuy/Controllers/Api/DevSeedController.cs"
"DevTools","DevSeedController","Hm4Bump","GET","hm4-bump","True","False","False","(none)","AllowAnonymous;CrossBuy.Models.DevOnly","False","HttpGet(""hm4-bump"")","False","False","False","CrossBuy/Controllers/Api/DevSeedController.cs"
"DevTools","DevSeedController","Hm5Seed","GET","hm5-seed","True","False","False","(none)","AllowAnonymous;CrossBuy.Models.DevOnly","False","HttpGet(""hm5-seed"")","False","False","False","CrossBuy/Controllers/Api/DevSeedController.cs"
"DevTools","DevSeedController","Hm5Accept","GET","hm5-accept","True","False","False","(none)","AllowAnonymous;CrossBuy.Models.DevOnly","False","HttpGet(""hm5-accept"")","False","False","False","CrossBuy/Controllers/Api/DevSeedController.cs"
"DevTools","DevSeedController","HmGuardTest","GET","hm-guard-test","True","False","False","(none)","AllowAnonymous;CrossBuy.Models.DevOnly","False","HttpGet(""hm-guard-test"")","False","False","False","CrossBuy/Controllers/Api/DevSeedController.cs"
"DevTools","DevSeedController","Hm6Seed","GET","hm6-seed","True","False","False","(none)","AllowAnonymous;CrossBuy.Models.DevOnly","False","HttpGet(""hm6-seed"")","False","False","False","CrossBuy/Controllers/Api/DevSeedController.cs"
"DevTools","DevSeedController","Hm6Accept","GET","hm6-accept","True","False","False","(none)","AllowAnonymous;CrossBuy.Models.DevOnly","False","HttpGet(""hm6-accept"")","False","False","False","CrossBuy/Controllers/Api/DevSeedController.cs"
"DevTools","DevSeedController","Hm16Accept","GET","hm16-accept","True","False","False","(none)","AllowAnonymous;CrossBuy.Models.DevOnly","False","HttpGet(""hm16-accept"")","False","False","False","CrossBuy/Controllers/Api/DevSeedController.cs"
"DevTools","DevSeedController","Hm8Accept","GET","hm8-accept","True","False","False","(none)","AllowAnonymous;CrossBuy.Models.DevOnly","False","HttpGet(""hm8-accept"")","False","False","False","CrossBuy/Controllers/Api/DevSeedController.cs"
"DevTools","DevSeedController","Hm9S1Accept","GET","hm9-s1-accept","True","False","False","(none)","AllowAnonymous;CrossBuy.Models.DevOnly","False","HttpGet(""hm9-s1-accept"")","False","False","False","CrossBuy/Controllers/Api/DevSeedController.cs"
"DevTools","DevSeedController","Hm9S2Accept","GET","hm9-s2-accept","True","False","False","(none)","AllowAnonymous;CrossBuy.Models.DevOnly","False","HttpGet(""hm9-s2-accept"")","False","False","False","CrossBuy/Controllers/Api/DevSeedController.cs"
"DevTools","DevSeedController","Hm10Accept","GET","hm10-accept","True","False","False","(none)","AllowAnonymous;CrossBuy.Models.DevOnly","False","HttpGet(""hm10-accept"")","False","False","False","CrossBuy/Controllers/Api/DevSeedController.cs"
"DevTools","DevSeedController","HmBAccept","GET","hm-b-accept","True","False","False","(none)","AllowAnonymous;CrossBuy.Models.DevOnly","False","HttpGet(""hm-b-accept"")","False","False","False","CrossBuy/Controllers/Api/DevSeedController.cs"
"DevTools","DevSeedController","Hm7CountAccept","GET","hm7-count-accept","True","False","False","(none)","AllowAnonymous;CrossBuy.Models.DevOnly","False","HttpGet(""hm7-count-accept"")","False","False","False","CrossBuy/Controllers/Api/DevSeedController.cs"
"DevTools","DevSeedController","Hm7LandedAccept","GET","hm7-landed-accept","True","False","False","(none)","AllowAnonymous;CrossBuy.Models.DevOnly","False","HttpGet(""hm7-landed-accept"")","True","False","False","CrossBuy/Controllers/Api/DevSeedController.cs"
"DevTools","DevSeedController","ApplyPresetGuardTest","GET","apply-preset-guard-test","True","False","False","(none)","AllowAnonymous;CrossBuy.Models.DevOnly","False","HttpGet(""apply-preset-guard-test"")","False","False","False","CrossBuy/Controllers/Api/DevSeedController.cs"
"DevTools","DevSeedController","NumberingConcurrencyTest","GET","numbering-concurrency-test","True","False","False","(none)","AllowAnonymous;CrossBuy.Models.DevOnly","False","HttpGet(""numbering-concurrency-test"")","False","False","False","CrossBuy/Controllers/Api/DevSeedController.cs"
"DevTools","DevSeedController","Hm1B3Test","GET","hm1-b3-test","True","False","False","(none)","AllowAnonymous;CrossBuy.Models.DevOnly","False","HttpGet(""hm1-b3-test"")","False","False","False","CrossBuy/Controllers/Api/DevSeedController.cs"
"DevTools","DevSeedController","Hm1B3TrackerTest","GET","hm1-b3-tracker-test","True","False","False","(none)","AllowAnonymous;CrossBuy.Models.DevOnly","False","HttpGet(""hm1-b3-tracker-test"")","True","False","False","CrossBuy/Controllers/Api/DevSeedController.cs"
"DevTools","DevSeedController","Hm1D5aTest","GET","hm1-d5a-test","True","False","False","(none)","AllowAnonymous;CrossBuy.Models.DevOnly","False","HttpGet(""hm1-d5a-test"")","False","False","False","CrossBuy/Controllers/Api/DevSeedController.cs"
"DevTools","DevSeedController","Hm1CloseShiftTest","GET","hm1-closeshift-test","True","False","False","(none)","AllowAnonymous;CrossBuy.Models.DevOnly","False","HttpGet(""hm1-closeshift-test"")","False","False","False","CrossBuy/Controllers/Api/DevSeedController.cs"
"DevTools","DevSeedController","Hm1D6ConcurrencyTest","GET","hm1-d6-concurrency-test","True","False","False","(none)","AllowAnonymous;CrossBuy.Models.DevOnly","False","HttpGet(""hm1-d6-concurrency-test"")","False","False","False","CrossBuy/Controllers/Api/DevSeedController.cs"
"DevTools","DevSeedController","Hm1B5bTest","GET","hm1-b5b-test","True","False","False","(none)","AllowAnonymous;CrossBuy.Models.DevOnly","False","HttpGet(""hm1-b5b-test"")","False","False","False","CrossBuy/Controllers/Api/DevSeedController.cs"
"DevTools","DevSeedController","Hm1ReverseJe","GET","hm1-reverse-je","True","False","False","(none)","AllowAnonymous;CrossBuy.Models.DevOnly","False","HttpGet(""hm1-reverse-je"")","True","False","False","CrossBuy/Controllers/Api/DevSeedController.cs"
"DevTools","DevSeedController","Hm1CloseBatchTest","GET","hm1-close-batch-test","True","False","False","(none)","AllowAnonymous;CrossBuy.Models.DevOnly","False","HttpGet(""hm1-close-batch-test"")","True","False","False","CrossBuy/Controllers/Api/DevSeedController.cs"
"DevTools","DevSeedController","Hm23cTest","GET","hm2-3c-test","True","False","False","(none)","AllowAnonymous;CrossBuy.Models.DevOnly","False","HttpGet(""hm2-3c-test"")","True","False","False","CrossBuy/Controllers/Api/DevSeedController.cs"
"DevTools","DevSeedController","Hm23c0Proofs","GET","hm2-3c0-proofs","True","False","False","(none)","AllowAnonymous;CrossBuy.Models.DevOnly","False","HttpGet(""hm2-3c0-proofs"")","True","False","False","CrossBuy/Controllers/Api/DevSeedController.cs"
"DevTools","DevSeedController","Hm2CashierReturnFxTest","GET","hm2-cashier-return-fx-test","True","False","False","(none)","AllowAnonymous;CrossBuy.Models.DevOnly","False","HttpGet(""hm2-cashier-return-fx-test"")","True","False","False","CrossBuy/Controllers/Api/DevSeedController.cs"
"DevTools","DevSeedController","Hm24Proofs","GET","hm2-4-proofs","True","False","False","(none)","AllowAnonymous;CrossBuy.Models.DevOnly","False","HttpGet(""hm2-4-proofs"")","True","False","False","CrossBuy/Controllers/Api/DevSeedController.cs"
"DevTools","DevSeedController","Hm2PrecisionAudit","GET","hm2-precision-audit","True","False","False","(none)","AllowAnonymous;CrossBuy.Models.DevOnly","False","HttpGet(""hm2-precision-audit"")","True","False","False","CrossBuy/Controllers/Api/DevSeedController.cs"
"DevTools","DevSeedController","Hm2KwdReturnTest","GET","hm2-kwd-return-test","True","False","False","(none)","AllowAnonymous;CrossBuy.Models.DevOnly","False","HttpGet(""hm2-kwd-return-test"")","True","False","False","CrossBuy/Controllers/Api/DevSeedController.cs"
"DevTools","DevSeedController","Hm2KwdReceiptTest","GET","hm2-kwd-receipt-test","True","False","False","(none)","AllowAnonymous;CrossBuy.Models.DevOnly","False","HttpGet(""hm2-kwd-receipt-test"")","True","False","False","CrossBuy/Controllers/Api/DevSeedController.cs"
"DevTools","DevSeedController","Hm2KwdInvoiceTest","GET","hm2-kwd-invoice-test","True","False","False","(none)","AllowAnonymous;CrossBuy.Models.DevOnly","False","HttpGet(""hm2-kwd-invoice-test"")","True","False","False","CrossBuy/Controllers/Api/DevSeedController.cs"
"DevTools","DevSeedController","Hm2RoundingTest","GET","hm2-rounding-test","True","False","False","(none)","AllowAnonymous;CrossBuy.Models.DevOnly","False","HttpGet(""hm2-rounding-test"")","True","False","False","CrossBuy/Controllers/Api/DevSeedController.cs"
"DevTools","DevSeedController","Hm1DoublePostTest","GET","hm1-double-post-test","True","False","False","(none)","AllowAnonymous;CrossBuy.Models.DevOnly","False","HttpGet(""hm1-double-post-test"")","True","False","False","CrossBuy/Controllers/Api/DevSeedController.cs"
"DevTools","DevSeedController","Hm1Step0Teardown","GET","hm1-step0-teardown","True","False","False","(none)","AllowAnonymous;CrossBuy.Models.DevOnly","False","HttpGet(""hm1-step0-teardown"")","True","False","False","CrossBuy/Controllers/Api/DevSeedController.cs"
"DevTools","DevSeedController","Hm1GuardPurchaseTest","GET","hm1-guard-purchase-test","True","False","False","(none)","AllowAnonymous;CrossBuy.Models.DevOnly","False","HttpGet(""hm1-guard-purchase-test"")","True","False","False","CrossBuy/Controllers/Api/DevSeedController.cs"
"DevTools","DevSeedController","Hm1Step0PurchaseTest","GET","hm1-step0-purchase-test","True","False","False","(none)","AllowAnonymous;CrossBuy.Models.DevOnly","False","HttpGet(""hm1-step0-purchase-test"")","True","False","False","CrossBuy/Controllers/Api/DevSeedController.cs"
"DevTools","DevSeedController","Hm1D6RaceTest","GET","hm1-d6-race-test","True","False","False","(none)","AllowAnonymous;CrossBuy.Models.DevOnly","False","HttpGet(""hm1-d6-race-test"")","True","False","False","CrossBuy/Controllers/Api/DevSeedController.cs"
"DevTools","DevSeedController","Hm1PhaseDMeasure","GET","hm1-phase-d-measure","True","False","False","(none)","AllowAnonymous;CrossBuy.Models.DevOnly","False","HttpGet(""hm1-phase-d-measure"")","True","False","False","CrossBuy/Controllers/Api/DevSeedController.cs"
"DevTools","DevSeedController","Hm2RateStalenessTest","GET","hm2-rate-staleness-test","True","False","False","(none)","AllowAnonymous;CrossBuy.Models.DevOnly","False","HttpGet(""hm2-rate-staleness-test"")","True","False","False","CrossBuy/Controllers/Api/DevSeedController.cs"
"DevTools","DevSeedController","Hm2KwdFunctionalCompany","GET","hm2-kwd-functional-company","True","False","False","(none)","AllowAnonymous;CrossBuy.Models.DevOnly","False","HttpGet(""hm2-kwd-functional-company"")","True","False","False","CrossBuy/Controllers/Api/DevSeedController.cs"
"DevTools","DevSeedController","Hm2RatePrecisionProbe","GET","hm2-rate-precision-probe","True","False","False","(none)","AllowAnonymous;CrossBuy.Models.DevOnly","False","HttpGet(""hm2-rate-precision-probe"")","True","False","False","CrossBuy/Controllers/Api/DevSeedController.cs"
"DevTools","DevSeedController","SeedCurrencies","GET","seed-currencies","True","False","False","(none)","AllowAnonymous;CrossBuy.Models.DevOnly","False","HttpGet(""seed-currencies"")","False","False","False","CrossBuy/Controllers/Api/DevSeedController.cs"
"DevTools","DevSeedController","SeedItemAllMoves","GET","seed-item-allmoves","True","False","False","(none)","AllowAnonymous;CrossBuy.Models.DevOnly","False","HttpGet(""seed-item-allmoves"")","False","False","False","CrossBuy/Controllers/Api/DevSeedController.cs"
"DevTools","DevSeedController","CrmTestCampaign","GET","crm-test-campaign","True","False","False","(none)","AllowAnonymous;CrossBuy.Models.DevOnly","False","HttpGet(""crm-test-campaign"")","False","False","False","CrossBuy/Controllers/Api/DevSeedController.cs"
"DevTools","DevSeedController","CrmTestAnalytics","GET","crm-test-analytics","True","False","False","(none)","AllowAnonymous;CrossBuy.Models.DevOnly","False","HttpGet(""crm-test-analytics"")","False","False","False","CrossBuy/Controllers/Api/DevSeedController.cs"
"DevTools","DevSeedController","CrmTestPricing","GET","crm-test-pricing","True","False","False","(none)","AllowAnonymous;CrossBuy.Models.DevOnly","False","HttpGet(""crm-test-pricing"")","False","False","False","CrossBuy/Controllers/Api/DevSeedController.cs"
"DevTools","DevSeedController","CrmTest3WayMatch","GET","crm-test-3waymatch","True","False","False","(none)","AllowAnonymous;CrossBuy.Models.DevOnly","False","HttpGet(""crm-test-3waymatch"")","False","False","False","CrossBuy/Controllers/Api/DevSeedController.cs"
"DevTools","DevSeedController","CrmTestCrm","GET","crm-test-crm","True","False","False","(none)","AllowAnonymous;CrossBuy.Models.DevOnly","False","HttpGet(""crm-test-crm"")","False","False","False","CrossBuy/Controllers/Api/DevSeedController.cs"
"DevTools","DevSeedController","InvTestI4","GET","inv-test-i4","True","False","False","(none)","AllowAnonymous;CrossBuy.Models.DevOnly","False","HttpGet(""inv-test-i4"")","False","False","False","CrossBuy/Controllers/Api/DevSeedController.cs"
"DevTools","DevSeedController","InvTestI3","GET","inv-test-i3","True","False","False","(none)","AllowAnonymous;CrossBuy.Models.DevOnly","False","HttpGet(""inv-test-i3"")","False","False","False","CrossBuy/Controllers/Api/DevSeedController.cs"
"DevTools","DevSeedController","InvTestCosting","GET","inv-test-costing","True","False","False","(none)","AllowAnonymous;CrossBuy.Models.DevOnly","False","HttpGet(""inv-test-costing"")","False","False","False","CrossBuy/Controllers/Api/DevSeedController.cs"
"DevTools","DevSeedController","InvTestGl","GET","inv-test-gl","True","False","False","(none)","AllowAnonymous;CrossBuy.Models.DevOnly","False","HttpGet(""inv-test-gl"")","False","False","False","CrossBuy/Controllers/Api/DevSeedController.cs"
"DevTools","DevSeedController","InvTestComposite","GET","inv-test-composite","True","False","False","(none)","AllowAnonymous;CrossBuy.Models.DevOnly","False","HttpGet(""inv-test-composite"")","False","False","False","CrossBuy/Controllers/Api/DevSeedController.cs"
"DevTools","DevSeedController","InvTestI2","GET","inv-test-i2","True","False","False","(none)","AllowAnonymous;CrossBuy.Models.DevOnly","False","HttpGet(""inv-test-i2"")","False","False","False","CrossBuy/Controllers/Api/DevSeedController.cs"
"DevTools","DevSeedController","SeedInvItems","GET","seed-inv-items","True","False","False","(none)","AllowAnonymous;CrossBuy.Models.DevOnly","False","HttpGet(""seed-inv-items"")","False","False","False","CrossBuy/Controllers/Api/DevSeedController.cs"
"DevTools","DevSeedController","SeedInvComposite","GET","seed-inv-composite","True","False","False","(none)","AllowAnonymous;CrossBuy.Models.DevOnly","False","HttpGet(""seed-inv-composite"")","False","False","False","CrossBuy/Controllers/Api/DevSeedController.cs"
"DevTools","DevSeedController","SeedItemImages","GET","seed-item-images","True","False","False","(none)","AllowAnonymous;CrossBuy.Models.DevOnly","False","HttpGet(""seed-item-images"")","False","False","False","CrossBuy/Controllers/Api/DevSeedController.cs"
"DevTools","DevSeedController","SeedItemImagesReal","GET","seed-item-images-real","True","False","False","(none)","AllowAnonymous;CrossBuy.Models.DevOnly","False","HttpGet(""seed-item-images-real"")","False","False","False","CrossBuy/Controllers/Api/DevSeedController.cs"
"DevTools","DevSeedController","SeedUomDemo","GET","seed-uom-demo","True","False","False","(none)","AllowAnonymous;CrossBuy.Models.DevOnly","False","HttpGet(""seed-uom-demo"")","False","False","False","CrossBuy/Controllers/Api/DevSeedController.cs"
"DevTools","DevSeedController","InvTestI6","GET","inv-test-i6","True","False","False","(none)","AllowAnonymous;CrossBuy.Models.DevOnly","False","HttpGet(""inv-test-i6"")","False","False","False","CrossBuy/Controllers/Api/DevSeedController.cs"
"DevTools","DevSeedController","InvTestI7","GET","inv-test-i7","True","False","False","(none)","AllowAnonymous;CrossBuy.Models.DevOnly","False","HttpGet(""inv-test-i7"")","False","False","False","CrossBuy/Controllers/Api/DevSeedController.cs"
"DevTools","DevSeedController","InvTestI9","GET","inv-test-i9","True","False","False","(none)","AllowAnonymous;CrossBuy.Models.DevOnly","False","HttpGet(""inv-test-i9"")","False","False","False","CrossBuy/Controllers/Api/DevSeedController.cs"
"DevTools","DevSeedController","InvTestInterbranch","GET","inv-test-interbranch","True","False","False","(none)","AllowAnonymous;CrossBuy.Models.DevOnly","False","HttpGet(""inv-test-interbranch"")","False","False","False","CrossBuy/Controllers/Api/DevSeedController.cs"
"DevTools","DevSeedController","SeedInvRoles","GET","seed-inv-roles","True","False","False","(none)","AllowAnonymous;CrossBuy.Models.DevOnly","False","HttpGet(""seed-inv-roles"")","False","False","False","CrossBuy/Controllers/Api/DevSeedController.cs"
"DevTools","DevSeedController","InvTestApproval","GET","inv-test-approval","True","False","False","(none)","AllowAnonymous;CrossBuy.Models.DevOnly","False","HttpGet(""inv-test-approval"")","False","False","False","CrossBuy/Controllers/Api/DevSeedController.cs"
"DevTools","DevSeedController","InvTestFefo","GET","inv-test-fefo","True","False","False","(none)","AllowAnonymous;CrossBuy.Models.DevOnly","False","HttpGet(""inv-test-fefo"")","False","False","False","CrossBuy/Controllers/Api/DevSeedController.cs"
"DevTools","DevSeedController","SeedWriteOffDemo","GET","seed-writeoff-demo","True","False","False","(none)","AllowAnonymous;CrossBuy.Models.DevOnly","False","HttpGet(""seed-writeoff-demo"")","False","False","False","CrossBuy/Controllers/Api/DevSeedController.cs"
"DevTools","DevSeedController","InvTestConcurrency","GET","inv-test-concurrency","True","False","False","(none)","AllowAnonymous;CrossBuy.Models.DevOnly","False","HttpGet(""inv-test-concurrency"")","False","False","False","CrossBuy/Controllers/Api/DevSeedController.cs"
"DevTools","DevSeedController","SeedOpeningDemo","GET","seed-opening-demo","True","False","False","(none)","AllowAnonymous;CrossBuy.Models.DevOnly","False","HttpGet(""seed-opening-demo"")","False","False","False","CrossBuy/Controllers/Api/DevSeedController.cs"
"DevTools","DevSeedController","InvTestPeriodLock","GET","inv-test-periodlock","True","False","False","(none)","AllowAnonymous;CrossBuy.Models.DevOnly","False","HttpGet(""inv-test-periodlock"")","False","False","False","CrossBuy/Controllers/Api/DevSeedController.cs"
"DevTools","DevSeedController","InvTestIntegrity","GET","inv-test-integrity","True","False","False","(none)","AllowAnonymous;CrossBuy.Models.DevOnly","False","HttpGet(""inv-test-integrity"")","False","False","False","CrossBuy/Controllers/Api/DevSeedController.cs"
"DevTools","DevSeedController","InvReconcile","GET","inv-reconcile","True","False","False","(none)","AllowAnonymous;CrossBuy.Models.DevOnly","False","HttpGet(""inv-reconcile"")","True","False","False","CrossBuy/Controllers/Api/DevSeedController.cs"
"DevTools","DevSeedController","InvResyncItem","GET","inv-resync-item","True","False","False","(none)","AllowAnonymous;CrossBuy.Models.DevOnly","False","HttpGet(""inv-resync-item"")","True","False","False","CrossBuy/Controllers/Api/DevSeedController.cs"
"DevTools","DevSeedController","Hm1ResyncGuardTest","GET","hm1-resync-guard-test","True","False","False","(none)","AllowAnonymous;CrossBuy.Models.DevOnly","False","HttpGet(""hm1-resync-guard-test"")","True","False","False","CrossBuy/Controllers/Api/DevSeedController.cs"
"DevTools","DevSeedController","WarehouseSectionsTest","GET","warehouse-sections-test","True","False","False","(none)","AllowAnonymous;CrossBuy.Models.DevOnly","False","HttpGet(""warehouse-sections-test"")","False","False","False","CrossBuy/Controllers/Api/DevSeedController.cs"
"DevTools","DevSeedController","SeedSectionsGroups","GET","seed-sections-groups","True","False","False","(none)","AllowAnonymous;CrossBuy.Models.DevOnly","False","HttpGet(""seed-sections-groups"")","False","False","False","CrossBuy/Controllers/Api/DevSeedController.cs"
"DevTools","DevSeedController","ReceiptLocationTest","GET","receipt-location-test","True","False","False","(none)","AllowAnonymous;CrossBuy.Models.DevOnly","False","HttpGet(""receipt-location-test"")","False","False","False","CrossBuy/Controllers/Api/DevSeedController.cs"
"DevTools","DevSeedController","OutboundLocationTest","GET","outbound-location-test","True","False","False","(none)","AllowAnonymous;CrossBuy.Models.DevOnly","False","HttpGet(""outbound-location-test"")","False","False","False","CrossBuy/Controllers/Api/DevSeedController.cs"
"DevTools","DevSeedController","BinStockTest","GET","binstock-test","True","False","False","(none)","AllowAnonymous;CrossBuy.Models.DevOnly","False","HttpGet(""binstock-test"")","False","False","False","CrossBuy/Controllers/Api/DevSeedController.cs"
"DevTools","DevSeedController","PosQuickMenuTest","GET","pos-quickmenu-test","True","False","False","(none)","AllowAnonymous;CrossBuy.Models.DevOnly","False","HttpGet(""pos-quickmenu-test"")","False","False","False","CrossBuy/Controllers/Api/DevSeedController.cs"
"DevTools","DevSeedController","SeedRestaurantMenu","GET","seed-restaurant-menu","True","False","False","(none)","AllowAnonymous;CrossBuy.Models.DevOnly","False","HttpGet(""seed-restaurant-menu"")","False","False","False","CrossBuy/Controllers/Api/DevSeedController.cs"
"DevTools","DevSeedController","PosModifiersTest","GET","pos-modifiers-test","True","False","False","(none)","AllowAnonymous;CrossBuy.Models.DevOnly","False","HttpGet(""pos-modifiers-test"")","False","False","False","CrossBuy/Controllers/Api/DevSeedController.cs"
"DevTools","DevSeedController","PosPayRolesTest","GET","pos-payroles-test","True","False","False","(none)","AllowAnonymous;CrossBuy.Models.DevOnly","False","HttpGet(""pos-payroles-test"")","False","False","False","CrossBuy/Controllers/Api/DevSeedController.cs"
"DevTools","DevSeedController","Rc2Test","GET","rc2-test","True","False","False","(none)","AllowAnonymous;CrossBuy.Models.DevOnly","False","HttpGet(""rc2-test"")","False","False","False","CrossBuy/Controllers/Api/DevSeedController.cs"
"DevTools","DevSeedController","PosTerminalsTest","GET","pos-terminals-test","True","False","False","(none)","AllowAnonymous;CrossBuy.Models.DevOnly","False","HttpGet(""pos-terminals-test"")","False","False","False","CrossBuy/Controllers/Api/DevSeedController.cs"
"DevTools","DevSeedController","Pos2Test","GET","pos2-test","True","False","False","(none)","AllowAnonymous;CrossBuy.Models.DevOnly","True","HttpGet(""pos2-test"")","False","False","False","CrossBuy/Controllers/Api/DevSeedController.cs"
"DevTools","DevSeedController","Pos3Test","GET","pos3-test","True","False","False","(none)","AllowAnonymous;CrossBuy.Models.DevOnly","False","HttpGet(""pos3-test"")","False","False","False","CrossBuy/Controllers/Api/DevSeedController.cs"
"DevTools","DevSeedController","InvTestAssetBridge","GET","inv-test-assetbridge","True","False","False","(none)","AllowAnonymous;CrossBuy.Models.DevOnly","False","HttpGet(""inv-test-assetbridge"")","False","False","False","CrossBuy/Controllers/Api/DevSeedController.cs"
"DevTools","DevSeedController","InvTestAssetCapitalize","GET","inv-test-assetcapitalize","True","False","False","(none)","AllowAnonymous;CrossBuy.Models.DevOnly","False","HttpGet(""inv-test-assetcapitalize"")","False","False","False","CrossBuy/Controllers/Api/DevSeedController.cs"
"DevTools","DevSeedController","SessProbe","GET","sess-probe","True","False","False","(none)","AllowAnonymous;CrossBuy.Models.DevOnly","False","HttpGet(""sess-probe"")","False","False","True","CrossBuy/Controllers/Api/DevSeedController.cs"
"DevTools","DevSeedController","HrTestHoliday","GET","hr-test-holiday","True","False","False","(none)","AllowAnonymous;CrossBuy.Models.DevOnly","False","HttpGet(""hr-test-holiday"")","False","False","True","CrossBuy/Controllers/Api/DevSeedController.cs"
"DevTools","DevSeedController","HrTestAttendance","GET","hr-test-attendance","True","False","False","(none)","AllowAnonymous;CrossBuy.Models.DevOnly","False","HttpGet(""hr-test-attendance"")","False","False","True","CrossBuy/Controllers/Api/DevSeedController.cs"
"DevTools","DevSeedController","HrTestPayslip","GET","hr-test-payslip","True","False","False","(none)","AllowAnonymous;CrossBuy.Models.DevOnly","False","HttpGet(""hr-test-payslip"")","False","False","True","CrossBuy/Controllers/Api/DevSeedController.cs"
"DevTools","DevSeedController","HrTestDisburse","GET","hr-test-disburse","True","False","False","(none)","AllowAnonymous;CrossBuy.Models.DevOnly","False","HttpGet(""hr-test-disburse"")","False","False","False","CrossBuy/Controllers/Api/DevSeedController.cs"
"DevTools","DevSeedController","SeedDisbursement","GET","seed-disbursement","True","False","False","(none)","AllowAnonymous;CrossBuy.Models.DevOnly","False","HttpGet(""seed-disbursement"")","False","False","False","CrossBuy/Controllers/Api/DevSeedController.cs"
"DevTools","DevSeedController","SeedPayments","GET","seed-payments","True","False","False","(none)","AllowAnonymous;CrossBuy.Models.DevOnly","False","HttpGet(""seed-payments"")","False","False","False","CrossBuy/Controllers/Api/DevSeedController.cs"
"DevTools","DevSeedController","HrTestLeaveAccrual","GET","hr-test-leaveaccrual","True","False","False","(none)","AllowAnonymous;CrossBuy.Models.DevOnly","False","HttpGet(""hr-test-leaveaccrual"")","False","False","False","CrossBuy/Controllers/Api/DevSeedController.cs"
"DevTools","DevSeedController","HrTestDocs","GET","hr-test-docs","True","False","False","(none)","AllowAnonymous;CrossBuy.Models.DevOnly","False","HttpGet(""hr-test-docs"")","False","False","False","CrossBuy/Controllers/Api/DevSeedController.cs"
"DevTools","DevSeedController","HrTestSettlement","GET","hr-test-settlement","True","False","False","(none)","AllowAnonymous;CrossBuy.Models.DevOnly","False","HttpGet(""hr-test-settlement"")","False","False","False","CrossBuy/Controllers/Api/DevSeedController.cs"
"DevTools","DevSeedController","HrTestCarryOver","GET","hr-test-carryover","True","False","False","(none)","AllowAnonymous;CrossBuy.Models.DevOnly","False","HttpGet(""hr-test-carryover"")","False","False","False","CrossBuy/Controllers/Api/DevSeedController.cs"
"DevTools","DevSeedController","CrmTestEnrich","GET","crm-test-enrich","True","False","False","(none)","AllowAnonymous;CrossBuy.Models.DevOnly","False","HttpGet(""crm-test-enrich"")","False","False","False","CrossBuy/Controllers/Api/DevSeedController.cs"
"DevTools","DevSeedController","CrmTestQuotation","GET","crm-test-quotation","True","False","False","(none)","AllowAnonymous;CrossBuy.Models.DevOnly","False","HttpGet(""crm-test-quotation"")","False","False","False","CrossBuy/Controllers/Api/DevSeedController.cs"
"DevTools","DevSeedController","CrmTestSalesReturn","GET","crm-test-salesreturn","True","False","False","(none)","AllowAnonymous;CrossBuy.Models.DevOnly","False","HttpGet(""crm-test-salesreturn"")","False","False","False","CrossBuy/Controllers/Api/DevSeedController.cs"
"DevTools","DevSeedController","CrmTestPurchaseReturn","GET","crm-test-purchasereturn","True","False","False","(none)","AllowAnonymous;CrossBuy.Models.DevOnly","False","HttpGet(""crm-test-purchasereturn"")","False","False","False","CrossBuy/Controllers/Api/DevSeedController.cs"
"DevTools","DevSeedController","CrmTestCreditLimit","GET","crm-test-creditlimit","True","False","False","(none)","AllowAnonymous;CrossBuy.Models.DevOnly","False","HttpGet(""crm-test-creditlimit"")","False","False","False","CrossBuy/Controllers/Api/DevSeedController.cs"
"DevTools","DevSeedController","SeedUsers","GET","seed-users","True","False","False","(none)","AllowAnonymous;CrossBuy.Models.DevOnly","False","HttpGet(""seed-users"")","False","False","False","CrossBuy/Controllers/Api/DevSeedController.cs"
"DevTools","DevSeedController","SeedTestOrg","GET","seed-test-org","True","False","False","(none)","AllowAnonymous;CrossBuy.Models.DevOnly","False","HttpGet(""seed-test-org"")","False","False","False","CrossBuy/Controllers/Api/DevSeedController.cs"
"DevTools","DevSeedController","SeedDeptHeads","GET","seed-dept-heads","True","False","False","(none)","AllowAnonymous;CrossBuy.Models.DevOnly","False","HttpGet(""seed-dept-heads"")","False","False","False","CrossBuy/Controllers/Api/DevSeedController.cs"
"DevTools","DevSeedController","SeedAccounting","GET","seed-accounting","True","False","False","(none)","AllowAnonymous;CrossBuy.Models.DevOnly","False","HttpGet(""seed-accounting"")","False","False","False","CrossBuy/Controllers/Api/DevSeedController.cs"
"DevTools","DevSeedController","SeedMultiCurrency","GET","seed-multicurrency","True","False","False","(none)","AllowAnonymous;CrossBuy.Models.DevOnly","False","HttpGet(""seed-multicurrency"")","False","False","False","CrossBuy/Controllers/Api/DevSeedController.cs"
"DevTools","DevSeedController","McTestP2p","GET","mc-test-p2p","True","False","False","(none)","AllowAnonymous;CrossBuy.Models.DevOnly","False","HttpGet(""mc-test-p2p"")","False","False","False","CrossBuy/Controllers/Api/DevSeedController.cs"
"DevTools","DevSeedController","McTestO2c","GET","mc-test-o2c","True","False","False","(none)","AllowAnonymous;CrossBuy.Models.DevOnly","False","HttpGet(""mc-test-o2c"")","False","False","False","CrossBuy/Controllers/Api/DevSeedController.cs"
"DevTools","DevSeedController","McTestFx","GET","mc-test-fx","True","False","False","(none)","AllowAnonymous;CrossBuy.Models.DevOnly","False","HttpGet(""mc-test-fx"")","False","False","False","CrossBuy/Controllers/Api/DevSeedController.cs"
"DevTools","DevSeedController","McTestReval","GET","mc-test-reval","True","False","False","(none)","AllowAnonymous;CrossBuy.Models.DevOnly","False","HttpGet(""mc-test-reval"")","False","False","False","CrossBuy/Controllers/Api/DevSeedController.cs"
"DevTools","DevSeedController","McTestPricing2","GET","mc-test-pricing2","True","False","False","(none)","AllowAnonymous;CrossBuy.Models.DevOnly","False","HttpGet(""mc-test-pricing2"")","False","False","False","CrossBuy/Controllers/Api/DevSeedController.cs"
"DevTools","DevSeedController","PricingTestMargin","GET","pricing-test-margin","True","False","False","(none)","AllowAnonymous;CrossBuy.Models.DevOnly","False","HttpGet(""pricing-test-margin"")","False","False","False","CrossBuy/Controllers/Api/DevSeedController.cs"
"DevTools","DevSeedController","PromotionTest","GET","promotion-test","True","False","False","(none)","AllowAnonymous;CrossBuy.Models.DevOnly","False","HttpGet(""promotion-test"")","False","False","False","CrossBuy/Controllers/Api/DevSeedController.cs"
"DevTools","DevSeedController","PricingTestCostPlus","GET","pricing-test-costplus","True","False","False","(none)","AllowAnonymous;CrossBuy.Models.DevOnly","False","HttpGet(""pricing-test-costplus"")","False","False","False","CrossBuy/Controllers/Api/DevSeedController.cs"
"DevTools","DevSeedController","ChatTestSeed","GET","chat-test-seed","True","False","False","(none)","AllowAnonymous;CrossBuy.Models.DevOnly","False","HttpGet(""chat-test-seed"")","False","False","False","CrossBuy/Controllers/Api/DevSeedController.cs"
"DevTools","DevSeedController","EmployeeRequestTest","GET","employee-request-test","True","False","False","(none)","AllowAnonymous;CrossBuy.Models.DevOnly","False","HttpGet(""employee-request-test"")","False","False","False","CrossBuy/Controllers/Api/DevSeedController.cs"
"DevTools","DevSeedController","AppraisalTest","GET","appraisal-test","True","False","False","(none)","AllowAnonymous;CrossBuy.Models.DevOnly","False","HttpGet(""appraisal-test"")","False","False","False","CrossBuy/Controllers/Api/DevSeedController.cs"
"DevTools","DevSeedController","TrainingTest","GET","training-test","True","False","False","(none)","AllowAnonymous;CrossBuy.Models.DevOnly","False","HttpGet(""training-test"")","False","False","False","CrossBuy/Controllers/Api/DevSeedController.cs"
"DevTools","DevSeedController","PricingTestDiscount","GET","pricing-test-discount","True","False","False","(none)","AllowAnonymous;CrossBuy.Models.DevOnly","False","HttpGet(""pricing-test-discount"")","False","False","False","CrossBuy/Controllers/Api/DevSeedController.cs"
"DevTools","DevSeedController","CrmTestAutomation","GET","crm-test-automation","True","False","False","(none)","AllowAnonymous;CrossBuy.Models.DevOnly","False","HttpGet(""crm-test-automation"")","False","False","False","CrossBuy/Controllers/Api/DevSeedController.cs"
"DevTools","DevSeedController","CrmTestCustomFields","GET","crm-test-customfields","True","False","False","(none)","AllowAnonymous;CrossBuy.Models.DevOnly","False","HttpGet(""crm-test-customfields"")","False","False","False","CrossBuy/Controllers/Api/DevSeedController.cs"
"DevTools","DevSeedController","FxTestBankReval","GET","fx-test-bank-reval","True","False","False","(none)","AllowAnonymous;CrossBuy.Models.DevOnly","False","HttpGet(""fx-test-bank-reval"")","False","False","False","CrossBuy/Controllers/Api/DevSeedController.cs"
"DevTools","DevSeedController","SeedBrands","GET","seed-brands","True","False","False","(none)","AllowAnonymous;CrossBuy.Models.DevOnly","False","HttpGet(""seed-brands"")","False","False","False","CrossBuy/Controllers/Api/DevSeedController.cs"
"DevTools","DevSeedController","BrandTest","GET","brand-test","True","False","False","(none)","AllowAnonymous;CrossBuy.Models.DevOnly","False","HttpGet(""brand-test"")","False","False","False","CrossBuy/Controllers/Api/DevSeedController.cs"
"DevTools","DevSeedController","MaintTest","GET","maint-test","True","False","False","(none)","AllowAnonymous;CrossBuy.Models.DevOnly","False","HttpGet(""maint-test"")","False","False","False","CrossBuy/Controllers/Api/DevSeedController.cs"
"DevTools","DevSeedController","JeTestProject","GET","je-test-project","True","False","False","(none)","AllowAnonymous;CrossBuy.Models.DevOnly","False","HttpGet(""je-test-project"")","False","False","False","CrossBuy/Controllers/Api/DevSeedController.cs"
"DevTools","DevSeedController","ProjectTest","GET","project-test","True","False","False","(none)","AllowAnonymous;CrossBuy.Models.DevOnly","False","HttpGet(""project-test"")","False","False","False","CrossBuy/Controllers/Api/DevSeedController.cs"
"DevTools","DevSeedController","P0Test","GET","p0-test","True","False","False","(none)","AllowAnonymous;CrossBuy.Models.DevOnly","False","HttpGet(""p0-test"")","False","False","False","CrossBuy/Controllers/Api/DevSeedController.cs"
"DevTools","DevSeedController","P1Test","GET","p1-test","True","False","False","(none)","AllowAnonymous;CrossBuy.Models.DevOnly","False","HttpGet(""p1-test"")","False","False","False","CrossBuy/Controllers/Api/DevSeedController.cs"
"DevTools","DevSeedController","P2Test","GET","p2-test","True","False","False","(none)","AllowAnonymous;CrossBuy.Models.DevOnly","False","HttpGet(""p2-test"")","False","False","False","CrossBuy/Controllers/Api/DevSeedController.cs"
"DevTools","DevSeedController","P3Test","GET","p3-test","True","False","False","(none)","AllowAnonymous;CrossBuy.Models.DevOnly","False","HttpGet(""p3-test"")","False","False","False","CrossBuy/Controllers/Api/DevSeedController.cs"
"DevTools","DevSeedController","SeedBillingData","GET","seed-billing-data","True","False","False","(none)","AllowAnonymous;CrossBuy.Models.DevOnly","False","HttpGet(""seed-billing-data"")","False","False","False","CrossBuy/Controllers/Api/DevSeedController.cs"
"DevTools","DevSeedController","P4Test","GET","p4-test","True","False","False","(none)","AllowAnonymous;CrossBuy.Models.DevOnly","False","HttpGet(""p4-test"")","False","False","False","CrossBuy/Controllers/Api/DevSeedController.cs"
"DevTools","DevSeedController","P5aTest","GET","p5a-test","True","False","False","(none)","AllowAnonymous;CrossBuy.Models.DevOnly","False","HttpGet(""p5a-test"")","False","False","False","CrossBuy/Controllers/Api/DevSeedController.cs"
"DevTools","DevSeedController","P5bTest","GET","p5b-test","True","False","False","(none)","AllowAnonymous;CrossBuy.Models.DevOnly","False","HttpGet(""p5b-test"")","False","False","False","CrossBuy/Controllers/Api/DevSeedController.cs"
"DevTools","DevSeedController","P6aTest","GET","p6a-test","True","False","False","(none)","AllowAnonymous;CrossBuy.Models.DevOnly","False","HttpGet(""p6a-test"")","False","False","False","CrossBuy/Controllers/Api/DevSeedController.cs"
"DevTools","DevSeedController","P6bTest","GET","p6b-test","True","False","False","(none)","AllowAnonymous;CrossBuy.Models.DevOnly","False","HttpGet(""p6b-test"")","False","False","False","CrossBuy/Controllers/Api/DevSeedController.cs"
"DevTools","DevSeedController","P6cTest","GET","p6c-test","True","False","False","(none)","AllowAnonymous;CrossBuy.Models.DevOnly","False","HttpGet(""p6c-test"")","False","False","False","CrossBuy/Controllers/Api/DevSeedController.cs"
"DevTools","DevSeedController","P6c2Test","GET","p6c2-test","True","False","False","(none)","AllowAnonymous;CrossBuy.Models.DevOnly","False","HttpGet(""p6c2-test"")","False","False","False","CrossBuy/Controllers/Api/DevSeedController.cs"
"DevTools","DevSeedController","P6dTest","GET","p6d-test","True","False","False","(none)","AllowAnonymous;CrossBuy.Models.DevOnly","False","HttpGet(""p6d-test"")","False","False","False","CrossBuy/Controllers/Api/DevSeedController.cs"
"DevTools","DevSeedController","P6eTest","GET","p6e-test","True","False","False","(none)","AllowAnonymous;CrossBuy.Models.DevOnly","False","HttpGet(""p6e-test"")","False","False","False","CrossBuy/Controllers/Api/DevSeedController.cs"
"DevTools","DevSeedController","PrjDemoCost","GET","prj-demo-cost","True","False","False","(none)","AllowAnonymous;CrossBuy.Models.DevOnly","False","HttpGet(""prj-demo-cost"")","False","False","False","CrossBuy/Controllers/Api/DevSeedController.cs"
"DevTools","DevSeedController","R0Test","GET","r0-test","True","False","False","(none)","AllowAnonymous;CrossBuy.Models.DevOnly","False","HttpGet(""r0-test"")","False","False","False","CrossBuy/Controllers/Api/DevSeedController.cs"
"DevTools","DevSeedController","R1Test","GET","r1-test","True","False","False","(none)","AllowAnonymous;CrossBuy.Models.DevOnly","False","HttpGet(""r1-test"")","False","False","False","CrossBuy/Controllers/Api/DevSeedController.cs"
"DevTools","DevSeedController","R2Test","GET","r2-test","True","False","False","(none)","AllowAnonymous;CrossBuy.Models.DevOnly","False","HttpGet(""r2-test"")","False","False","False","CrossBuy/Controllers/Api/DevSeedController.cs"
"DevTools","DevSeedController","R3Test","GET","r3-test","True","False","False","(none)","AllowAnonymous;CrossBuy.Models.DevOnly","False","HttpGet(""r3-test"")","False","False","False","CrossBuy/Controllers/Api/DevSeedController.cs"
"DevTools","DevSeedController","RecruitDemo","GET","recruit-demo","True","False","False","(none)","AllowAnonymous;CrossBuy.Models.DevOnly","False","HttpGet(""recruit-demo"")","False","False","False","CrossBuy/Controllers/Api/DevSeedController.cs"
"DevTools","DevSeedController","CrmSeedPipeline","GET","crm-seed-pipeline","True","False","False","(none)","AllowAnonymous;CrossBuy.Models.DevOnly","False","HttpGet(""crm-seed-pipeline"")","False","False","False","CrossBuy/Controllers/Api/DevSeedController.cs"
"DevTools","DevSeedController","CrmTestO2c","GET","crm-test-o2c","True","False","False","(none)","AllowAnonymous;CrossBuy.Models.DevOnly","False","HttpGet(""crm-test-o2c"")","False","False","False","CrossBuy/Controllers/Api/DevSeedController.cs"
"DevTools","DevSeedController","CrmTestAccount","GET","crm-test-account","True","False","False","(none)","AllowAnonymous;CrossBuy.Models.DevOnly","False","HttpGet(""crm-test-account"")","False","False","False","CrossBuy/Controllers/Api/DevSeedController.cs"
"DevTools","DevSeedController","CrmTestTimeline","GET","crm-test-timeline","True","False","False","(none)","AllowAnonymous;CrossBuy.Models.DevOnly","False","HttpGet(""crm-test-timeline"")","False","False","False","CrossBuy/Controllers/Api/DevSeedController.cs"
"DevTools","DevSeedController","CrmTestMarketing","GET","crm-test-marketing","True","False","False","(none)","AllowAnonymous;CrossBuy.Models.DevOnly","False","HttpGet(""crm-test-marketing"")","False","False","False","CrossBuy/Controllers/Api/DevSeedController.cs"
"DevTools","DevSeedController","CrmTestTickets","GET","crm-test-tickets","True","False","False","(none)","AllowAnonymous;CrossBuy.Models.DevOnly","False","HttpGet(""crm-test-tickets"")","False","False","False","CrossBuy/Controllers/Api/DevSeedController.cs"
"DevTools","DevSeedController","CrmTestManagerScope","GET","crm-test-manager-scope","True","False","False","(none)","AllowAnonymous;CrossBuy.Models.DevOnly","False","HttpGet(""crm-test-manager-scope"")","False","False","False","CrossBuy/Controllers/Api/DevSeedController.cs"
"DevTools","DevSeedController","CrmTestScoring","GET","crm-test-scoring","True","False","False","(none)","AllowAnonymous;CrossBuy.Models.DevOnly","False","HttpGet(""crm-test-scoring"")","False","False","False","CrossBuy/Controllers/Api/DevSeedController.cs"
"DevTools","DevSeedController","ManufTestWo","GET","manuf-test-wo","True","False","False","(none)","AllowAnonymous;CrossBuy.Models.DevOnly","False","HttpGet(""manuf-test-wo"")","False","False","False","CrossBuy/Controllers/Api/DevSeedController.cs"
"DevTools","DevSeedController","MfgSaleChainTest","GET","mfg-sale-chain-test","True","False","False","(none)","AllowAnonymous;CrossBuy.Models.DevOnly","False","HttpGet(""mfg-sale-chain-test"")","False","False","False","CrossBuy/Controllers/Api/DevSeedController.cs"
"DevTools","DevSeedController","SplitItemsTest","GET","split-items-test","True","False","False","(none)","AllowAnonymous;CrossBuy.Models.DevOnly","False","HttpGet(""split-items-test"")","False","False","False","CrossBuy/Controllers/Api/DevSeedController.cs"
"DevTools","DevSeedController","Rc4Test","GET","rc4-test","True","False","False","(none)","AllowAnonymous;CrossBuy.Models.DevOnly","False","HttpGet(""rc4-test"")","False","False","False","CrossBuy/Controllers/Api/DevSeedController.cs"
"DevTools","DevSeedController","Rc6aTest","GET","rc6a-test","True","False","False","(none)","AllowAnonymous;CrossBuy.Models.DevOnly","False","HttpGet(""rc6a-test"")","False","False","False","CrossBuy/Controllers/Api/DevSeedController.cs"
"DevTools","DevSeedController","Rc6bTest","GET","rc6b-test","True","False","False","(none)","AllowAnonymous;CrossBuy.Models.DevOnly","False","HttpGet(""rc6b-test"")","False","False","False","CrossBuy/Controllers/Api/DevSeedController.cs"
"DevTools","DevSeedController","Rc6cTest","GET","rc6c-test","True","False","False","(none)","AllowAnonymous;CrossBuy.Models.DevOnly","False","HttpGet(""rc6c-test"")","False","False","False","CrossBuy/Controllers/Api/DevSeedController.cs"
"DevTools","DevSeedController","HmD34GuardRegression","GET","hm-d34-guard-regression","True","False","False","(none)","AllowAnonymous;CrossBuy.Models.DevOnly","False","HttpGet(""hm-d34-guard-regression"")","False","False","False","CrossBuy/Controllers/Api/DevSeedController.cs"
"DevTools","DevSeedController","Rc6c2Test","GET","rc6c2-test","True","False","False","(none)","AllowAnonymous;CrossBuy.Models.DevOnly","False","HttpGet(""rc6c2-test"")","False","False","False","CrossBuy/Controllers/Api/DevSeedController.cs"
"DevTools","DevSeedController","Bis1Test","GET","bis1-test","True","False","False","(none)","AllowAnonymous;CrossBuy.Models.DevOnly","False","HttpGet(""bis1-test"")","False","False","False","CrossBuy/Controllers/Api/DevSeedController.cs"
"DevTools","DevSeedController","BisRecipeTest","GET","bis-recipe-test","True","False","False","(none)","AllowAnonymous;CrossBuy.Models.DevOnly","False","HttpGet(""bis-recipe-test"")","False","False","False","CrossBuy/Controllers/Api/DevSeedController.cs"
"DevTools","DevSeedController","Bis3Test","GET","bis3-test","True","False","False","(none)","AllowAnonymous;CrossBuy.Models.DevOnly","False","HttpGet(""bis3-test"")","False","False","False","CrossBuy/Controllers/Api/DevSeedController.cs"
"DevTools","DevSeedController","Bis4Test","GET","bis4-test","True","False","False","(none)","AllowAnonymous;CrossBuy.Models.DevOnly","False","HttpGet(""bis4-test"")","False","False","False","CrossBuy/Controllers/Api/DevSeedController.cs"
"DevTools","DevSeedController","TipTest","GET","tip-test","True","False","False","(none)","AllowAnonymous;CrossBuy.Models.DevOnly","False","HttpGet(""tip-test"")","False","False","False","CrossBuy/Controllers/Api/DevSeedController.cs"
"DevTools","DevSeedController","PosSyncTest","GET","pos-sync-test","True","False","False","(none)","AllowAnonymous;CrossBuy.Models.DevOnly","False","HttpGet(""pos-sync-test"")","False","False","False","CrossBuy/Controllers/Api/DevSeedController.cs"
"DevTools","DevSeedController","Pos9eTest","GET","pos-9e-test","True","False","False","(none)","AllowAnonymous;CrossBuy.Models.DevOnly","False","HttpGet(""pos-9e-test"")","False","False","False","CrossBuy/Controllers/Api/DevSeedController.cs"
"DevTools","DevSeedController","Tm1Test","GET","tm1-test","True","False","False","(none)","AllowAnonymous;CrossBuy.Models.DevOnly","False","HttpGet(""tm1-test"")","False","False","False","CrossBuy/Controllers/Api/DevSeedController.cs"
"DevTools","DevSeedController","Tm2Test","GET","tm2-test","True","False","False","(none)","AllowAnonymous;CrossBuy.Models.DevOnly","False","HttpGet(""tm2-test"")","False","False","False","CrossBuy/Controllers/Api/DevSeedController.cs"
"DevTools","DevSeedController","Tm3Test","GET","tm3-test","True","False","False","(none)","AllowAnonymous;CrossBuy.Models.DevOnly","False","HttpGet(""tm3-test"")","False","False","False","CrossBuy/Controllers/Api/DevSeedController.cs"
"DevTools","DevSeedController","Tm4Test","GET","tm4-test","True","False","False","(none)","AllowAnonymous;CrossBuy.Models.DevOnly","False","HttpGet(""tm4-test"")","False","False","False","CrossBuy/Controllers/Api/DevSeedController.cs"
"DevTools","DevSeedController","Tm5Test","GET","tm5-test","True","False","False","(none)","AllowAnonymous;CrossBuy.Models.DevOnly","False","HttpGet(""tm5-test"")","False","False","False","CrossBuy/Controllers/Api/DevSeedController.cs"
"DevTools","DevSeedController","Tm6Test","GET","tm6-test","True","False","False","(none)","AllowAnonymous;CrossBuy.Models.DevOnly","False","HttpGet(""tm6-test"")","False","False","False","CrossBuy/Controllers/Api/DevSeedController.cs"
"DevTools","DevSeedController","Tm7Test","GET","tm7-test","True","False","False","(none)","AllowAnonymous;CrossBuy.Models.DevOnly","False","HttpGet(""tm7-test"")","False","False","False","CrossBuy/Controllers/Api/DevSeedController.cs"
"DevTools","DevSeedController","Tm8Test","GET","tm8-test","True","False","False","(none)","AllowAnonymous;CrossBuy.Models.DevOnly","False","HttpGet(""tm8-test"")","False","False","False","CrossBuy/Controllers/Api/DevSeedController.cs"
"DevTools","DevSeedController","Tm9aTest","GET","tm9a-test","True","False","False","(none)","AllowAnonymous;CrossBuy.Models.DevOnly","False","HttpGet(""tm9a-test"")","False","False","False","CrossBuy/Controllers/Api/DevSeedController.cs"
"DevTools","DevSeedController","Tm9bTest","GET","tm9b-test","True","False","False","(none)","AllowAnonymous;CrossBuy.Models.DevOnly","False","HttpGet(""tm9b-test"")","False","False","False","CrossBuy/Controllers/Api/DevSeedController.cs"
"DevTools","DevSeedController","Tm9cTest","GET","tm9c-test","True","False","False","(none)","AllowAnonymous;CrossBuy.Models.DevOnly","False","HttpGet(""tm9c-test"")","False","False","False","CrossBuy/Controllers/Api/DevSeedController.cs"
"DevTools","DevSeedController","TasksSeed","GET","tasks-seed","True","False","False","(none)","AllowAnonymous;CrossBuy.Models.DevOnly","False","HttpGet(""tasks-seed"")","False","False","False","CrossBuy/Controllers/Api/DevSeedController.cs"
"DevTools","DevSeedController","TasksSeedClear","GET","tasks-seed-clear","True","False","False","(none)","AllowAnonymous;CrossBuy.Models.DevOnly","False","HttpGet(""tasks-seed-clear"")","False","False","False","CrossBuy/Controllers/Api/DevSeedController.cs"
"DevTools","DevSeedController","PosC1Test","GET","pos-c1-test","True","False","False","(none)","AllowAnonymous;CrossBuy.Models.DevOnly","False","HttpGet(""pos-c1-test"")","False","False","False","CrossBuy/Controllers/Api/DevSeedController.cs"
"DevTools","DevSeedController","PosC2Test","GET","pos-c2-test","True","False","False","(none)","AllowAnonymous;CrossBuy.Models.DevOnly","False","HttpGet(""pos-c2-test"")","False","False","False","CrossBuy/Controllers/Api/DevSeedController.cs"
"DevTools","DevSeedController","PosC3Test","GET","pos-c3-test","True","False","False","(none)","AllowAnonymous;CrossBuy.Models.DevOnly","False","HttpGet(""pos-c3-test"")","False","False","False","CrossBuy/Controllers/Api/DevSeedController.cs"
"DevTools","DevSeedController","PosC4Test","GET","pos-c4-test","True","False","False","(none)","AllowAnonymous;CrossBuy.Models.DevOnly","False","HttpGet(""pos-c4-test"")","False","False","False","CrossBuy/Controllers/Api/DevSeedController.cs"
"DevTools","DevSeedController","PosA1Test","GET","pos-a1-test","True","False","False","(none)","AllowAnonymous;CrossBuy.Models.DevOnly","False","HttpGet(""pos-a1-test"")","False","False","False","CrossBuy/Controllers/Api/DevSeedController.cs"
"DevTools","DevSeedController","PosB1Test","GET","pos-b1-test","True","False","False","(none)","AllowAnonymous;CrossBuy.Models.DevOnly","False","HttpGet(""pos-b1-test"")","False","False","False","CrossBuy/Controllers/Api/DevSeedController.cs"
"DevTools","DevSeedController","PosB2Test","GET","pos-b2-test","True","False","False","(none)","AllowAnonymous;CrossBuy.Models.DevOnly","False","HttpGet(""pos-b2-test"")","False","False","False","CrossBuy/Controllers/Api/DevSeedController.cs"
"DevTools","DevSeedController","Rc3aTest","GET","rc3a-test","True","False","False","(none)","AllowAnonymous;CrossBuy.Models.DevOnly","False","HttpGet(""rc3a-test"")","False","False","False","CrossBuy/Controllers/Api/DevSeedController.cs"
"DevTools","DevSeedController","Rc3dTest","GET","rc3d-test","True","False","False","(none)","AllowAnonymous;CrossBuy.Models.DevOnly","False","HttpGet(""rc3d-test"")","False","False","False","CrossBuy/Controllers/Api/DevSeedController.cs"
"DevTools","DevSeedController","Rc3eTest","GET","rc3e-test","True","False","False","(none)","AllowAnonymous;CrossBuy.Models.DevOnly","False","HttpGet(""rc3e-test"")","False","False","False","CrossBuy/Controllers/Api/DevSeedController.cs"
"DevTools","DevSeedController","ManufTestRouting","GET","manuf-test-routing","True","False","False","(none)","AllowAnonymous;CrossBuy.Models.DevOnly","False","HttpGet(""manuf-test-routing"")","False","False","False","CrossBuy/Controllers/Api/DevSeedController.cs"
"DevTools","DevSeedController","ManufTestMrp","GET","manuf-test-mrp","True","False","False","(none)","AllowAnonymous;CrossBuy.Models.DevOnly","False","HttpGet(""manuf-test-mrp"")","False","False","False","CrossBuy/Controllers/Api/DevSeedController.cs"
"DevTools","DevSeedController","ManufTestScrap","GET","manuf-test-scrap","True","False","False","(none)","AllowAnonymous;CrossBuy.Models.DevOnly","False","HttpGet(""manuf-test-scrap"")","False","False","False","CrossBuy/Controllers/Api/DevSeedController.cs"
"DevTools","DevSeedController","ManufTestLaborFx","GET","manuf-test-labor-fx","True","False","False","(none)","AllowAnonymous;CrossBuy.Models.DevOnly","False","HttpGet(""manuf-test-labor-fx"")","False","False","False","CrossBuy/Controllers/Api/DevSeedController.cs"
"DevTools","DevSeedController","ManufTestWip","GET","manuf-test-wip","True","False","False","(none)","AllowAnonymous;CrossBuy.Models.DevOnly","False","HttpGet(""manuf-test-wip"")","False","False","False","CrossBuy/Controllers/Api/DevSeedController.cs"
"DevTools","DevSeedController","ManufTestStaged","GET","manuf-test-staged","True","False","False","(none)","AllowAnonymous;CrossBuy.Models.DevOnly","False","HttpGet(""manuf-test-staged"")","False","False","False","CrossBuy/Controllers/Api/DevSeedController.cs"
"DevTools","DevSeedController","ManufTestPartial","GET","manuf-test-partial","True","False","False","(none)","AllowAnonymous;CrossBuy.Models.DevOnly","False","HttpGet(""manuf-test-partial"")","False","False","False","CrossBuy/Controllers/Api/DevSeedController.cs"
"DevTools","DevSeedController","ManufTestWipCheck","GET","manuf-test-wipcheck","True","False","False","(none)","AllowAnonymous;CrossBuy.Models.DevOnly","False","HttpGet(""manuf-test-wipcheck"")","False","False","False","CrossBuy/Controllers/Api/DevSeedController.cs"
"DevTools","DevSeedController","ManufTestLabor","GET","manuf-test-labor","True","False","False","(none)","AllowAnonymous;CrossBuy.Models.DevOnly","False","HttpGet(""manuf-test-labor"")","False","False","False","CrossBuy/Controllers/Api/DevSeedController.cs"
"DevTools","DevSeedController","ManufTestImmediateScrap","GET","manuf-test-immediate-scrap","True","False","False","(none)","AllowAnonymous;CrossBuy.Models.DevOnly","False","HttpGet(""manuf-test-immediate-scrap"")","False","False","False","CrossBuy/Controllers/Api/DevSeedController.cs"
"DevTools","DevSeedController","CrmSeedDemo","GET","crm-seed-demo","True","False","False","(none)","AllowAnonymous;CrossBuy.Models.DevOnly","False","HttpGet(""crm-seed-demo"")","False","False","False","CrossBuy/Controllers/Api/DevSeedController.cs"
"DevTools","DevSeedController","SeedAccDemo","GET","seed-acc-demo","True","False","False","(none)","AllowAnonymous;CrossBuy.Models.DevOnly","False","HttpGet(""seed-acc-demo"")","False","False","False","CrossBuy/Controllers/Api/DevSeedController.cs"
"DevTools","DevSeedController","SeedFaDemo","GET","seed-fa-demo","True","False","False","(none)","AllowAnonymous;CrossBuy.Models.DevOnly","False","HttpGet(""seed-fa-demo"")","False","False","False","CrossBuy/Controllers/Api/DevSeedController.cs"
"DevTools","DevSeedController","SeedTaxDemo","GET","seed-tax-demo","True","False","False","(none)","AllowAnonymous;CrossBuy.Models.DevOnly","False","HttpGet(""seed-tax-demo"")","False","False","False","CrossBuy/Controllers/Api/DevSeedController.cs"
"DevTools","DevSeedController","SeedBankRecon","GET","seed-bank-recon","True","False","False","(none)","AllowAnonymous;CrossBuy.Models.DevOnly","False","HttpGet(""seed-bank-recon"")","False","False","False","CrossBuy/Controllers/Api/DevSeedController.cs"
"DevTools","DevSeedController","SeedInvDemo","GET","seed-inv-demo","True","False","False","(none)","AllowAnonymous;CrossBuy.Models.DevOnly","False","HttpGet(""seed-inv-demo"")","False","False","False","CrossBuy/Controllers/Api/DevSeedController.cs"
"DevTools","DevSeedController","SeedProjectExecution","GET","seed-project-execution","True","False","False","(none)","AllowAnonymous;CrossBuy.Models.DevOnly","False","HttpGet(""seed-project-execution"")","False","False","False","CrossBuy/Controllers/Api/DevSeedController.cs"
"DevTools","DevSeedController","SeedFinalSettlement","GET","seed-final-settlement","True","False","False","(none)","AllowAnonymous;CrossBuy.Models.DevOnly","False","HttpGet(""seed-final-settlement"")","False","False","True","CrossBuy/Controllers/Api/DevSeedController.cs"
"DevTools","DevSeedController","SeedAttendanceMonth","GET","seed-attendance-month","True","False","False","(none)","AllowAnonymous;CrossBuy.Models.DevOnly","False","HttpGet(""seed-attendance-month"")","False","False","True","CrossBuy/Controllers/Api/DevSeedController.cs"
"DevTools","DevSeedController","SeedExpiry","GET","seed-expiry","True","False","False","(none)","AllowAnonymous;CrossBuy.Models.DevOnly","False","HttpGet(""seed-expiry"")","False","False","False","CrossBuy/Controllers/Api/DevSeedController.cs"
"DevTools","DevSeedController","UndoExpiry","GET","undo-expiry","True","False","False","(none)","AllowAnonymous;CrossBuy.Models.DevOnly","False","HttpGet(""undo-expiry"")","False","False","False","CrossBuy/Controllers/Api/DevSeedController.cs"
"Other","EmployeesApiController","List","GET","","True","False","False","(none)","Authorize(AuthenticationSchemes = JwtBearerDefaults.AuthenticationScheme)","False","HttpGet","False","False","False","CrossBuy/Controllers/Api/EmployeesApiController.cs"
"Other","EmployeesApiController","Detail","GET","{id:int}","True","False","False","(none)","Authorize(AuthenticationSchemes = JwtBearerDefaults.AuthenticationScheme)","False","HttpGet(""{id:int}"")","False","False","False","CrossBuy/Controllers/Api/EmployeesApiController.cs"
"Other","HrApiController","Summary","GET","summary","True","False","False","(none)","Authorize(AuthenticationSchemes = JwtBearerDefaults.AuthenticationScheme)","False","HttpGet(""summary"")","False","False","False","CrossBuy/Controllers/Api/HrApiController.cs"
"Other","HrApiController","JobTitles","GET","jobtitles","True","False","False","(none)","Authorize(AuthenticationSchemes = JwtBearerDefaults.AuthenticationScheme)","False","HttpGet(""jobtitles"")","False","False","False","CrossBuy/Controllers/Api/HrApiController.cs"
"Other","HrApiController","CreateJobTitle","POST","jobtitles","True","True","False","(none)","Authorize(AuthenticationSchemes = JwtBearerDefaults.AuthenticationScheme)","False","HttpPost(""jobtitles"")","False","False","False","CrossBuy/Controllers/Api/HrApiController.cs"
"Other","HrApiController","UpdateJobTitle","PUT","jobtitles/{id:int}","True","True","False","(none)","Authorize(AuthenticationSchemes = JwtBearerDefaults.AuthenticationScheme)","False","HttpPut(""jobtitles/{id:int}"")","False","False","False","CrossBuy/Controllers/Api/HrApiController.cs"
"Other","HrApiController","Companies","GET","companies","True","False","False","(none)","Authorize(AuthenticationSchemes = JwtBearerDefaults.AuthenticationScheme)","False","HttpGet(""companies"")","False","False","False","CrossBuy/Controllers/Api/HrApiController.cs"
"Other","HrApiController","Branches","GET","branches","True","False","False","(none)","Authorize(AuthenticationSchemes = JwtBearerDefaults.AuthenticationScheme)","False","HttpGet(""branches"")","False","False","False","CrossBuy/Controllers/Api/HrApiController.cs"
"Inventory","InventoryApiController","Items","GET","items","True","False","False","(none)","Authorize(AuthenticationSchemes = JwtBearerDefaults.AuthenticationScheme)","False","HttpGet(""items"")","False","False","False","CrossBuy/Controllers/Api/InventoryApiController.cs"
"Inventory","InventoryApiController","Scan","GET","scan","True","False","False","(none)","Authorize(AuthenticationSchemes = JwtBearerDefaults.AuthenticationScheme)","False","HttpGet(""scan"")","False","False","False","CrossBuy/Controllers/Api/InventoryApiController.cs"
"Inventory","InventoryApiController","OnHand","GET","onhand","True","False","False","(none)","Authorize(AuthenticationSchemes = JwtBearerDefaults.AuthenticationScheme)","False","HttpGet(""onhand"")","False","False","False","CrossBuy/Controllers/Api/InventoryApiController.cs"
"Other","LeaveApiController","Types","GET","types","True","False","False","(none)","Authorize(AuthenticationSchemes = JwtBearerDefaults.AuthenticationScheme)","False","HttpGet(""types"")","False","False","False","CrossBuy/Controllers/Api/LeaveApiController.cs"
"Other","LeaveApiController","WorkDays","GET","workdays","True","False","False","(none)","Authorize(AuthenticationSchemes = JwtBearerDefaults.AuthenticationScheme)","False","HttpGet(""workdays"")","False","False","False","CrossBuy/Controllers/Api/LeaveApiController.cs"
"Other","LeaveApiController","My","GET","my","True","False","False","(none)","Authorize(AuthenticationSchemes = JwtBearerDefaults.AuthenticationScheme)","False","HttpGet(""my"")","False","False","False","CrossBuy/Controllers/Api/LeaveApiController.cs"
"Other","LeaveApiController","Create","POST","","True","True","False","(none)","Authorize(AuthenticationSchemes = JwtBearerDefaults.AuthenticationScheme)","False","HttpPost","False","False","False","CrossBuy/Controllers/Api/LeaveApiController.cs"
"Other","LeaveApiController","Pending","GET","pending","True","False","False","(none)","Authorize(AuthenticationSchemes = JwtBearerDefaults.AuthenticationScheme)","False","HttpGet(""pending"")","False","False","False","CrossBuy/Controllers/Api/LeaveApiController.cs"
"Other","LeaveApiController","Decision","POST","{id:int}/decision","True","True","False","(none)","Authorize(AuthenticationSchemes = JwtBearerDefaults.AuthenticationScheme)","False","HttpPost(""{id:int}/decision"")","False","False","False","CrossBuy/Controllers/Api/LeaveApiController.cs"
"Other","MeApiController","Dashboard","GET","dashboard","True","False","False","(none)","Authorize(AuthenticationSchemes = JwtBearerDefaults.AuthenticationScheme)","False","HttpGet(""dashboard"")","False","False","False","CrossBuy/Controllers/Api/MeApiController.cs"
"Other","MeApiController","Documents","GET","documents","True","False","False","(none)","Authorize(AuthenticationSchemes = JwtBearerDefaults.AuthenticationScheme)","False","HttpGet(""documents"")","False","False","False","CrossBuy/Controllers/Api/MeApiController.cs"
"Other","MeApiController","Activity","GET","activity","True","False","False","(none)","Authorize(AuthenticationSchemes = JwtBearerDefaults.AuthenticationScheme)","False","HttpGet(""activity"")","False","False","False","CrossBuy/Controllers/Api/MeApiController.cs"
"Other","MeApiController","Profile","GET","profile","True","False","False","(none)","Authorize(AuthenticationSchemes = JwtBearerDefaults.AuthenticationScheme)","False","HttpGet(""profile"")","False","False","False","CrossBuy/Controllers/Api/MeApiController.cs"
"Other","MeApiController","Position","GET","position","True","False","False","(none)","Authorize(AuthenticationSchemes = JwtBearerDefaults.AuthenticationScheme)","False","HttpGet(""position"")","False","False","False","CrossBuy/Controllers/Api/MeApiController.cs"
"Other","MeApiController","Structure","GET","structure","True","False","False","(none)","Authorize(AuthenticationSchemes = JwtBearerDefaults.AuthenticationScheme)","False","HttpGet(""structure"")","False","False","False","CrossBuy/Controllers/Api/MeApiController.cs"
"Communication","NotificationsApiController","List","GET","","True","False","False","(none)","Authorize(AuthenticationSchemes = ""Identity.Application,"" + JwtBearerDefaults.AuthenticationScheme)","False","HttpGet","False","False","False","CrossBuy/Controllers/Api/NotificationsApiController.cs"
"Communication","NotificationsApiController","MarkRead","POST","{id:int}/read","True","True","False","(none)","Authorize(AuthenticationSchemes = ""Identity.Application,"" + JwtBearerDefaults.AuthenticationScheme)","False","HttpPost(""{id:int}/read"")","False","False","False","CrossBuy/Controllers/Api/NotificationsApiController.cs"
"Communication","NotificationsApiController","MarkAllRead","POST","read-all","True","True","False","(none)","Authorize(AuthenticationSchemes = ""Identity.Application,"" + JwtBearerDefaults.AuthenticationScheme)","False","HttpPost(""read-all"")","False","False","False","CrossBuy/Controllers/Api/NotificationsApiController.cs"
"Workflow","ApprovalsController","Index","GET","","False","False","False","(none)","SessionValidation","False","HttpGet","False","False","False","CrossBuy/Controllers/ApprovalsController.cs"
"Other","BaseController","Index","GET","","False","False","False","(none)","(none)","False","","False","False","False","CrossBuy/Controllers/BaseController.cs"
"Retail","BrandController","Brands","GET","","False","False","False","(none)","SessionValidation","False","HttpGet","False","False","False","CrossBuy/Controllers/BrandController.cs"
"Retail","BrandController","BrandEditor","GET","","False","False","False","(none)","SessionValidation","False","HttpGet","False","False","False","CrossBuy/Controllers/BrandController.cs"
"Retail","BrandController","SaveBrand","POST","","False","True","True","(none)","SessionValidation","False","HttpPost;ValidateAntiForgeryToken","False","False","False","CrossBuy/Controllers/BrandController.cs"
"Retail","BrandController","DeleteBrand","POST","","False","True","True","(none)","SessionValidation","False","HttpPost;ValidateAntiForgeryToken","False","False","False","CrossBuy/Controllers/BrandController.cs"
"Retail","BrandController","ActivateDefaultBrand","POST","","False","True","True","(none)","SessionValidation","False","HttpPost;ValidateAntiForgeryToken","False","False","False","CrossBuy/Controllers/BrandController.cs"
"Platform","BusinessEventMonitorController","Index","GET","","False","False","False","(none)","SessionValidation;PlatformOps","False","HttpGet","False","False","False","CrossBuy/Controllers/BusinessEventMonitorController.cs"
"Platform","BusinessEventMonitorController","Runtime","GET","","False","False","False","(none)","SessionValidation;PlatformOps","False","HttpGet","False","False","False","CrossBuy/Controllers/BusinessEventMonitorController.cs"
"Platform","BusinessEventMonitorController","Rows","GET","","False","False","False","(none)","SessionValidation;PlatformOps","False","HttpGet","False","False","False","CrossBuy/Controllers/BusinessEventMonitorController.cs"
"Platform","BusinessEventMonitorController","Details","GET","","False","False","False","(none)","SessionValidation;PlatformOps","False","HttpGet","False","False","False","CrossBuy/Controllers/BusinessEventMonitorController.cs"
"Platform","BusinessEventMonitorController","Retry","POST","","False","True","True","(none)","SessionValidation;PlatformOps","False","HttpPost;ValidateAntiForgeryToken","False","False","False","CrossBuy/Controllers/BusinessEventMonitorController.cs"
"Communication","CalendarController","Index","GET","","False","False","False","(none)","SessionValidation","False","HttpGet","False","True","False","CrossBuy/Controllers/CalendarController.cs"
"Communication","CalendarController","Events","GET","","False","False","False","(none)","SessionValidation","False","HttpGet","False","True","False","CrossBuy/Controllers/CalendarController.cs"
"Communication","CalendarController","Upcoming","GET","","False","False","False","(none)","SessionValidation","False","HttpGet","False","True","False","CrossBuy/Controllers/CalendarController.cs"
"Communication","CalendarController","Get","GET","","False","False","False","(none)","SessionValidation","False","HttpGet","False","True","False","CrossBuy/Controllers/CalendarController.cs"
"Communication","CalendarController","Save","POST","","False","True","True","(none)","SessionValidation","False","HttpPost;ValidateAntiForgeryToken","False","True","False","CrossBuy/Controllers/CalendarController.cs"
"Communication","CalendarController","Delete","POST","","False","True","True","(none)","SessionValidation","False","HttpPost;ValidateAntiForgeryToken","False","False","False","CrossBuy/Controllers/CalendarController.cs"
"Communication","CalendarController","Attendees","GET","","False","False","False","(none)","SessionValidation","False","HttpGet","False","False","False","CrossBuy/Controllers/CalendarController.cs"
"Communication","ChatController","Index","GET","","False","False","False","(none)","SessionValidation","False","HttpGet","False","False","False","CrossBuy/Controllers/ChatController.cs"
"Communication","ChatController","Conversations","GET","","False","False","False","(none)","SessionValidation","False","HttpGet","False","False","False","CrossBuy/Controllers/ChatController.cs"
"Communication","ChatController","Header","GET","","False","False","False","(none)","SessionValidation","False","HttpGet","False","False","False","CrossBuy/Controllers/ChatController.cs"
"Communication","ChatController","Messages","GET","","False","False","False","(none)","SessionValidation","True","HttpGet","False","False","False","CrossBuy/Controllers/ChatController.cs"
"Communication","ChatController","Directory","GET","","False","False","False","(none)","SessionValidation","False","HttpGet","False","False","False","CrossBuy/Controllers/ChatController.cs"
"Communication","ChatController","StartDirect","POST","","False","True","False","(none)","SessionValidation","False","HttpPost","False","False","False","CrossBuy/Controllers/ChatController.cs"
"Communication","ChatController","CreateGroup","POST","","False","True","False","(none)","SessionValidation","False","HttpPost","False","False","False","CrossBuy/Controllers/ChatController.cs"
"Communication","ChatController","Send","POST","","False","True","False","(none)","SessionValidation","False","HttpPost;RequestSizeLimit(52_428_800)","False","False","False","CrossBuy/Controllers/ChatController.cs"
"Communication","ChatController","Edit","POST","","False","True","False","(none)","SessionValidation","False","HttpPost","False","False","False","CrossBuy/Controllers/ChatController.cs"
"Communication","ChatController","Delete","POST","","False","True","False","(none)","SessionValidation","False","HttpPost","False","False","False","CrossBuy/Controllers/ChatController.cs"
"Communication","ChatController","React","POST","","False","True","False","(none)","SessionValidation","False","HttpPost","False","False","False","CrossBuy/Controllers/ChatController.cs"
"Communication","ChatController","MarkRead","POST","","False","True","False","(none)","SessionValidation","False","HttpPost","False","False","False","CrossBuy/Controllers/ChatController.cs"
"Communication","ChatController","AddMember","POST","","False","True","False","(none)","SessionValidation","False","HttpPost","False","False","False","CrossBuy/Controllers/ChatController.cs"
"Communication","ChatController","RemoveMember","POST","","False","True","False","(none)","SessionValidation","False","HttpPost","False","False","False","CrossBuy/Controllers/ChatController.cs"
"Communication","CommController","Index","GET","","False","False","False","(none)","SessionValidation","False","HttpGet","False","False","False","CrossBuy/Controllers/CommController.cs"
"Communication","CommController","Compose","GET","","False","False","False","(none)","SessionValidation","False","HttpGet","False","False","False","CrossBuy/Controllers/CommController.cs"
"Communication","CommController","View","GET","","False","False","False","(none)","SessionValidation","False","HttpGet","False","False","False","CrossBuy/Controllers/CommController.cs"
"Communication","CommController","Send","POST","","False","True","True","(none)","SessionValidation","False","HttpPost;ValidateAntiForgeryToken;RequestSizeLimit(52_428_800)","False","False","False","CrossBuy/Controllers/CommController.cs"
"Communication","CommController","Contacts","GET","","False","False","False","(none)","SessionValidation","False","HttpGet","False","False","False","CrossBuy/Controllers/CommController.cs"
"Communication","CommController","Trash","POST","","False","True","True","(none)","SessionValidation","False","HttpPost;ValidateAntiForgeryToken","False","False","False","CrossBuy/Controllers/CommController.cs"
"Communication","CommController","Star","POST","","False","True","False","(none)","SessionValidation","False","HttpPost","False","False","False","CrossBuy/Controllers/CommController.cs"
"Communication","CommController","Resend","POST","","False","True","True","(none)","SessionValidation","False","HttpPost;ValidateAntiForgeryToken","False","False","False","CrossBuy/Controllers/CommController.cs"
"Communication","CommentsController","List","GET","","False","False","False","(none)","SessionValidation","False","HttpGet","False","False","False","CrossBuy/Controllers/CommentsController.cs"
"Communication","CommentsController","Add","POST","","False","True","False","(none)","SessionValidation","False","HttpPost","False","False","False","CrossBuy/Controllers/CommentsController.cs"
"Communication","CommentsController","Delete","POST","","False","True","False","(none)","SessionValidation","False","HttpPost","False","False","False","CrossBuy/Controllers/CommentsController.cs"
"CRM","CrmController","CustomFields","GET","","False","False","False","(none)","SessionValidation","False","HttpGet","False","False","False","CrossBuy/Controllers/CrmController.cs"
"CRM","CrmController","SaveCustomField","POST","","False","True","True","CrossBuy.Models.CrmPerm(""manage"")","SessionValidation","False","HttpPost;ValidateAntiForgeryToken;CrossBuy.Models.CrmPerm(""manage"")","False","False","False","CrossBuy/Controllers/CrmController.cs"
"CRM","CrmController","DeleteCustomField","POST","","False","True","True","CrossBuy.Models.CrmPerm(""manage"")","SessionValidation","False","HttpPost;ValidateAntiForgeryToken;CrossBuy.Models.CrmPerm(""manage"")","False","False","False","CrossBuy/Controllers/CrmController.cs"
"CRM","CrmController","EntityCustomValues","GET","","False","False","False","(none)","SessionValidation","False","HttpGet","False","False","False","CrossBuy/Controllers/CrmController.cs"
"CRM","CrmController","AutomationRules","GET","","False","False","False","(none)","SessionValidation","False","HttpGet","False","False","False","CrossBuy/Controllers/CrmController.cs"
"CRM","CrmController","SaveAutomationRule","POST","","False","True","True","CrossBuy.Models.CrmPerm(""manage"")","SessionValidation","False","HttpPost;ValidateAntiForgeryToken;CrossBuy.Models.CrmPerm(""manage"")","False","False","False","CrossBuy/Controllers/CrmController.cs"
"CRM","CrmController","DeleteAutomationRule","POST","","False","True","True","CrossBuy.Models.CrmPerm(""manage"")","SessionValidation","False","HttpPost;ValidateAntiForgeryToken;CrossBuy.Models.CrmPerm(""manage"")","False","False","False","CrossBuy/Controllers/CrmController.cs"
"CRM","CrmController","Index","GET","","False","False","False","(none)","SessionValidation","False","HttpGet","False","False","False","CrossBuy/Controllers/CrmController.cs"
"CRM","CrmController","CustomerPickData","GET","","False","False","False","(none)","SessionValidation","False","HttpGet","False","False","False","CrossBuy/Controllers/CrmController.cs"
"CRM","CrmController","AccountPickData","GET","","False","False","False","(none)","SessionValidation","False","HttpGet","False","False","False","CrossBuy/Controllers/CrmController.cs"
"CRM","CrmController","Accounts","GET","","False","False","False","(none)","SessionValidation","False","HttpGet","False","False","False","CrossBuy/Controllers/CrmController.cs"
"CRM","CrmController","AccountsData","GET","","False","False","False","(none)","SessionValidation","False","HttpGet","False","False","False","CrossBuy/Controllers/CrmController.cs"
"CRM","CrmController","AccountEditor","GET","","False","False","False","(none)","SessionValidation","False","HttpGet","False","False","False","CrossBuy/Controllers/CrmController.cs"
"CRM","CrmController","SaveAccount","POST","","False","True","True","CrossBuy.Models.CrmPerm(""edit"")","SessionValidation","False","HttpPost;ValidateAntiForgeryToken;CrossBuy.Models.CrmPerm(""edit"")","False","False","False","CrossBuy/Controllers/CrmController.cs"
"CRM","CrmController","SaveContact","POST","","False","True","True","CrossBuy.Models.CrmPerm(""edit"")","SessionValidation","False","HttpPost;ValidateAntiForgeryToken;CrossBuy.Models.CrmPerm(""edit"")","False","False","False","CrossBuy/Controllers/CrmController.cs"
"CRM","CrmController","DeleteContact","POST","","False","True","True","CrossBuy.Models.CrmPerm(""edit"")","SessionValidation","False","HttpPost;ValidateAntiForgeryToken;CrossBuy.Models.CrmPerm(""edit"")","False","False","False","CrossBuy/Controllers/CrmController.cs"
"CRM","CrmController","Campaigns","GET","","False","False","False","(none)","SessionValidation","False","HttpGet","False","False","False","CrossBuy/Controllers/CrmController.cs"
"CRM","CrmController","CampaignsData","GET","","False","False","False","(none)","SessionValidation","False","HttpGet","False","False","False","CrossBuy/Controllers/CrmController.cs"
"CRM","CrmController","CampaignsExport","GET","","False","False","False","(none)","SessionValidation","False","HttpGet","False","False","False","CrossBuy/Controllers/CrmController.cs"
"CRM","CrmController","LeadsExport","GET","","False","False","False","(none)","SessionValidation","False","HttpGet","False","False","False","CrossBuy/Controllers/CrmController.cs"
"CRM","CrmController","OpportunitiesExport","GET","","False","False","False","(none)","SessionValidation","False","HttpGet","False","False","False","CrossBuy/Controllers/CrmController.cs"
"CRM","CrmController","ActivitiesExport","GET","","False","False","False","(none)","SessionValidation","False","HttpGet","False","False","False","CrossBuy/Controllers/CrmController.cs"
"CRM","CrmController","SaveCampaign","POST","","False","True","True","CrossBuy.Models.CrmPerm(""edit"")","SessionValidation","False","HttpPost;ValidateAntiForgeryToken;CrossBuy.Models.CrmPerm(""edit"")","False","False","False","CrossBuy/Controllers/CrmController.cs"
"CRM","CrmController","CampaignDetail","GET","","False","False","False","(none)","SessionValidation","False","HttpGet","False","False","False","CrossBuy/Controllers/CrmController.cs"
"CRM","CrmController","EntityPickData","GET","","False","False","False","(none)","SessionValidation","False","HttpGet","False","False","False","CrossBuy/Controllers/CrmController.cs"
"CRM","CrmController","AddCampaignMember","POST","","False","True","True","CrossBuy.Models.CrmPerm(""edit"")","SessionValidation","False","HttpPost;ValidateAntiForgeryToken;CrossBuy.Models.CrmPerm(""edit"")","False","False","False","CrossBuy/Controllers/CrmController.cs"
"CRM","CrmController","AddListToCampaign","POST","","False","True","True","CrossBuy.Models.CrmPerm(""edit"")","SessionValidation","False","HttpPost;ValidateAntiForgeryToken;CrossBuy.Models.CrmPerm(""edit"")","False","False","False","CrossBuy/Controllers/CrmController.cs"
"CRM","CrmController","UpdateMemberStatus","POST","","False","True","True","CrossBuy.Models.CrmPerm(""edit"")","SessionValidation","False","HttpPost;ValidateAntiForgeryToken;CrossBuy.Models.CrmPerm(""edit"")","False","False","False","CrossBuy/Controllers/CrmController.cs"
"CRM","CrmController","RemoveCampaignMember","POST","","False","True","True","CrossBuy.Models.CrmPerm(""edit"")","SessionValidation","False","HttpPost;ValidateAntiForgeryToken;CrossBuy.Models.CrmPerm(""edit"")","False","False","False","CrossBuy/Controllers/CrmController.cs"
"CRM","CrmController","MarketingLists","GET","","False","False","False","(none)","SessionValidation","False","HttpGet","False","False","False","CrossBuy/Controllers/CrmController.cs"
"CRM","CrmController","MarketingListsData","GET","","False","False","False","(none)","SessionValidation","False","HttpGet","False","False","False","CrossBuy/Controllers/CrmController.cs"
"CRM","CrmController","ListEditor","GET","","False","False","False","(none)","SessionValidation","False","HttpGet","False","False","False","CrossBuy/Controllers/CrmController.cs"
"CRM","CrmController","SaveList","POST","","False","True","True","CrossBuy.Models.CrmPerm(""edit"")","SessionValidation","False","HttpPost;ValidateAntiForgeryToken;CrossBuy.Models.CrmPerm(""edit"")","False","False","False","CrossBuy/Controllers/CrmController.cs"
"CRM","CrmController","AddListMember","POST","","False","True","True","CrossBuy.Models.CrmPerm(""edit"")","SessionValidation","False","HttpPost;ValidateAntiForgeryToken;CrossBuy.Models.CrmPerm(""edit"")","False","False","False","CrossBuy/Controllers/CrmController.cs"
"CRM","CrmController","RemoveListMember","POST","","False","True","True","CrossBuy.Models.CrmPerm(""edit"")","SessionValidation","False","HttpPost;ValidateAntiForgeryToken;CrossBuy.Models.CrmPerm(""edit"")","False","False","False","CrossBuy/Controllers/CrmController.cs"
"CRM","CrmController","Tickets","GET","","False","False","False","(none)","SessionValidation","False","HttpGet","False","False","False","CrossBuy/Controllers/CrmController.cs"
"CRM","CrmController","TicketsData","GET","","False","False","False","(none)","SessionValidation","False","HttpGet","False","False","False","CrossBuy/Controllers/CrmController.cs"
"CRM","CrmController","TicketEditor","GET","","False","False","False","(none)","SessionValidation","False","HttpGet","False","False","False","CrossBuy/Controllers/CrmController.cs"
"CRM","CrmController","SaveTicket","POST","","False","True","True","CrossBuy.Models.CrmPerm(""edit"")","SessionValidation","False","HttpPost;ValidateAntiForgeryToken;CrossBuy.Models.CrmPerm(""edit"")","False","False","False","CrossBuy/Controllers/CrmController.cs"
"CRM","CrmController","UpdateTicketStatus","POST","","False","True","True","CrossBuy.Models.CrmPerm(""edit"")","SessionValidation","False","HttpPost;ValidateAntiForgeryToken;CrossBuy.Models.CrmPerm(""edit"")","False","False","False","CrossBuy/Controllers/CrmController.cs"
"CRM","CrmController","SlaPolicies","GET","","False","False","False","CrossBuy.Models.CrmPerm(""manage"")","SessionValidation","False","HttpGet;CrossBuy.Models.CrmPerm(""manage"")","False","False","False","CrossBuy/Controllers/CrmController.cs"
"CRM","CrmController","SaveSlaPolicy","POST","","False","True","True","CrossBuy.Models.CrmPerm(""manage"")","SessionValidation","False","HttpPost;ValidateAntiForgeryToken;CrossBuy.Models.CrmPerm(""manage"")","False","False","False","CrossBuy/Controllers/CrmController.cs"
"CRM","CrmController","ScoringRules","GET","","False","False","False","CrossBuy.Models.CrmPerm(""manage"")","SessionValidation","False","HttpGet;CrossBuy.Models.CrmPerm(""manage"")","False","False","False","CrossBuy/Controllers/CrmController.cs"
"CRM","CrmController","SaveScoringRule","POST","","False","True","True","CrossBuy.Models.CrmPerm(""manage"")","SessionValidation","False","HttpPost;ValidateAntiForgeryToken;CrossBuy.Models.CrmPerm(""manage"")","False","False","False","CrossBuy/Controllers/CrmController.cs"
"CRM","CrmController","SaveCrmSettings","POST","","False","True","True","CrossBuy.Models.CrmPerm(""manage"")","SessionValidation","False","HttpPost;ValidateAntiForgeryToken;CrossBuy.Models.CrmPerm(""manage"")","False","False","False","CrossBuy/Controllers/CrmController.cs"
"CRM","CrmController","RecomputeScores","POST","","False","True","True","CrossBuy.Models.CrmPerm(""manage"")","SessionValidation","False","HttpPost;ValidateAntiForgeryToken;CrossBuy.Models.CrmPerm(""manage"")","False","False","False","CrossBuy/Controllers/CrmController.cs"
"CRM","CrmController","Forecast","GET","","False","False","False","(none)","SessionValidation","False","HttpGet","False","False","False","CrossBuy/Controllers/CrmController.cs"
"CRM","CrmController","Reports","GET","","False","False","False","(none)","SessionValidation","False","HttpGet","False","False","False","CrossBuy/Controllers/CrmController.cs"
"CRM","CrmController","Leads","GET","","False","False","False","(none)","SessionValidation","False","HttpGet","False","False","False","CrossBuy/Controllers/CrmController.cs"
"CRM","CrmController","LeadsData","GET","","False","False","False","(none)","SessionValidation","False","HttpGet","False","False","False","CrossBuy/Controllers/CrmController.cs"
"CRM","CrmController","SaveLead","POST","","False","True","True","CrossBuy.Models.CrmPerm(""edit"")","SessionValidation","False","HttpPost;ValidateAntiForgeryToken;CrossBuy.Models.CrmPerm(""edit"")","False","False","False","CrossBuy/Controllers/CrmController.cs"
"CRM","CrmController","ConvertLead","POST","","False","True","True","CrossBuy.Models.CrmPerm(""edit"")","SessionValidation","False","HttpPost;ValidateAntiForgeryToken;CrossBuy.Models.CrmPerm(""edit"")","False","False","False","CrossBuy/Controllers/CrmController.cs"
"CRM","CrmController","Opportunities","GET","","False","False","False","(none)","SessionValidation","False","HttpGet","False","False","False","CrossBuy/Controllers/CrmController.cs"
"CRM","CrmController","OpportunitiesData","GET","","False","False","False","(none)","SessionValidation","False","HttpGet","False","False","False","CrossBuy/Controllers/CrmController.cs"
"CRM","CrmController","Pipeline","GET","","False","False","False","(none)","SessionValidation","False","HttpGet","False","False","False","CrossBuy/Controllers/CrmController.cs"
"CRM","CrmController","StagesData","GET","","False","False","False","(none)","SessionValidation","False","HttpGet","False","False","False","CrossBuy/Controllers/CrmController.cs"
"CRM","CrmController","Pipelines","GET","","False","False","False","CrossBuy.Models.CrmPerm(""manage"")","SessionValidation","False","HttpGet;CrossBuy.Models.CrmPerm(""manage"")","False","False","False","CrossBuy/Controllers/CrmController.cs"
"CRM","CrmController","PipelineEditor","GET","","False","False","False","CrossBuy.Models.CrmPerm(""manage"")","SessionValidation","False","HttpGet;CrossBuy.Models.CrmPerm(""manage"")","False","False","False","CrossBuy/Controllers/CrmController.cs"
"CRM","CrmController","SavePipeline","POST","","False","True","True","CrossBuy.Models.CrmPerm(""manage"")","SessionValidation","False","HttpPost;ValidateAntiForgeryToken;CrossBuy.Models.CrmPerm(""manage"")","False","False","False","CrossBuy/Controllers/CrmController.cs"
"CRM","CrmController","MoveOpportunity","POST","","False","True","True","CrossBuy.Models.CrmPerm(""edit"")","SessionValidation","False","HttpPost;ValidateAntiForgeryToken;CrossBuy.Models.CrmPerm(""edit"")","False","False","False","CrossBuy/Controllers/CrmController.cs"
"CRM","CrmController","SaveOpportunity","POST","","False","True","True","CrossBuy.Models.CrmPerm(""edit"")","SessionValidation","False","HttpPost;ValidateAntiForgeryToken;CrossBuy.Models.CrmPerm(""edit"")","False","False","False","CrossBuy/Controllers/CrmController.cs"
"CRM","CrmController","OpportunityProducts","GET","","False","False","False","(none)","SessionValidation","False","HttpGet","False","False","False","CrossBuy/Controllers/CrmController.cs"
"CRM","CrmController","SaveOpportunityProducts","POST","","False","True","True","CrossBuy.Models.CrmPerm(""edit"")","SessionValidation","False","HttpPost;ValidateAntiForgeryToken;CrossBuy.Models.CrmPerm(""edit"")","False","False","False","CrossBuy/Controllers/CrmController.cs"
"CRM","CrmController","ConvertOpportunityToQuotation","POST","","False","True","True","CrossBuy.Models.CrmPerm(""edit"")","SessionValidation","False","HttpPost;ValidateAntiForgeryToken;CrossBuy.Models.CrmPerm(""edit"")","False","False","False","CrossBuy/Controllers/CrmController.cs"
"CRM","CrmController","Activities","GET","","False","False","False","(none)","SessionValidation","False","HttpGet","False","False","False","CrossBuy/Controllers/CrmController.cs"
"CRM","CrmController","ActivitiesData","GET","","False","False","False","(none)","SessionValidation","False","HttpGet","False","False","False","CrossBuy/Controllers/CrmController.cs"
"CRM","CrmController","SaveActivity","POST","","False","True","True","CrossBuy.Models.CrmPerm(""edit"")","SessionValidation","False","HttpPost;ValidateAntiForgeryToken;CrossBuy.Models.CrmPerm(""edit"")","False","False","False","CrossBuy/Controllers/CrmController.cs"
"CRM","CrmController","TimelineData","GET","","False","False","False","(none)","SessionValidation","False","HttpGet","False","False","False","CrossBuy/Controllers/CrmController.cs"
"CRM","CrmController","ToggleActivity","POST","","False","True","True","CrossBuy.Models.CrmPerm(""edit"")","SessionValidation","False","HttpPost;ValidateAntiForgeryToken;CrossBuy.Models.CrmPerm(""edit"")","False","False","False","CrossBuy/Controllers/CrmController.cs"
"CRM","CrmController","CrmRoles","GET","","False","False","False","CrossBuy.Models.CrmPerm(""manage"")","SessionValidation","False","HttpGet;CrossBuy.Models.CrmPerm(""manage"")","False","False","False","CrossBuy/Controllers/CrmController.cs"
"CRM","CrmController","AssignCrmRole","POST","","False","True","True","CrossBuy.Models.CrmPerm(""manage"")","SessionValidation","False","HttpPost;ValidateAntiForgeryToken;CrossBuy.Models.CrmPerm(""manage"")","False","False","False","CrossBuy/Controllers/CrmController.cs"
"CRM","CrmController","RemoveCrmRole","POST","","False","True","True","CrossBuy.Models.CrmPerm(""manage"")","SessionValidation","False","HttpPost;ValidateAntiForgeryToken;CrossBuy.Models.CrmPerm(""manage"")","False","False","False","CrossBuy/Controllers/CrmController.cs"
"Accounting","CurrencyController","Currencies","GET","","False","False","False","(none)","SessionValidation","False","HttpGet","False","False","False","CrossBuy/Controllers/CurrencyController.cs"
"Accounting","CurrencyController","CurrenciesData","GET","","False","False","False","(none)","SessionValidation","False","HttpGet","False","False","False","CrossBuy/Controllers/CurrencyController.cs"
"Accounting","CurrencyController","SaveCurrency","POST","","False","True","True","AccPerm(""manage"")","SessionValidation","False","HttpPost;ValidateAntiForgeryToken;AccPerm(""manage"")","False","False","False","CrossBuy/Controllers/CurrencyController.cs"
"Accounting","CurrencyController","ExchangeRates","GET","","False","False","False","(none)","SessionValidation","False","HttpGet","False","False","False","CrossBuy/Controllers/CurrencyController.cs"
"Accounting","CurrencyController","SaveExchangeRate","POST","","False","True","True","AccPerm(""post"")","SessionValidation","False","HttpPost;ValidateAntiForgeryToken;AccPerm(""post"")","False","False","False","CrossBuy/Controllers/CurrencyController.cs"
"Accounting","CurrencyController","Setup","GET","","False","False","False","(none)","SessionValidation","False","HttpGet","False","False","False","CrossBuy/Controllers/CurrencyController.cs"
"Accounting","CurrencyController","SetCompanyCurrency","POST","","False","True","True","AccPerm(""manage"")","SessionValidation","False","HttpPost;ValidateAntiForgeryToken;AccPerm(""manage"")","False","False","False","CrossBuy/Controllers/CurrencyController.cs"
"Accounting","CurrencyController","SetBranchCurrency","POST","","False","True","True","AccPerm(""manage"")","SessionValidation","False","HttpPost;ValidateAntiForgeryToken;AccPerm(""manage"")","False","False","False","CrossBuy/Controllers/CurrencyController.cs"
"Accounting","CurrencyController","Revaluation","GET","","False","False","False","(none)","SessionValidation","False","HttpGet","False","False","False","CrossBuy/Controllers/CurrencyController.cs"
"Accounting","CurrencyController","PostRevaluation","POST","","False","True","True","AccPerm(""manage"")","SessionValidation","False","HttpPost;ValidateAntiForgeryToken;AccPerm(""manage"")","False","False","False","CrossBuy/Controllers/CurrencyController.cs"
"Communication","FileManagerController","Index","GET","","False","False","False","(none)","SessionValidation","False","HttpGet","False","False","False","CrossBuy/Controllers/FileManagerController.cs"
"Communication","FileManagerController","List","GET","","False","False","False","(none)","SessionValidation","False","HttpGet","False","False","False","CrossBuy/Controllers/FileManagerController.cs"
"Communication","FileManagerController","FolderTree","GET","","False","False","False","(none)","SessionValidation","False","HttpGet","False","False","False","CrossBuy/Controllers/FileManagerController.cs"
"Communication","FileManagerController","CreateFolder","POST","","False","True","True","(none)","SessionValidation","False","HttpPost;ValidateAntiForgeryToken","False","False","False","CrossBuy/Controllers/FileManagerController.cs"
"Communication","FileManagerController","Rename","POST","","False","True","True","(none)","SessionValidation","False","HttpPost;ValidateAntiForgeryToken","False","False","False","CrossBuy/Controllers/FileManagerController.cs"
"Communication","FileManagerController","Move","POST","","False","True","True","(none)","SessionValidation","False","HttpPost;ValidateAntiForgeryToken","False","False","False","CrossBuy/Controllers/FileManagerController.cs"
"Communication","FileManagerController","Delete","POST","","False","True","True","(none)","SessionValidation","False","HttpPost;ValidateAntiForgeryToken","False","False","False","CrossBuy/Controllers/FileManagerController.cs"
"Communication","FileManagerController","Upload","POST","","False","True","True","(none)","SessionValidation","False","HttpPost;ValidateAntiForgeryToken;RequestSizeLimit(268435456)","False","False","False","CrossBuy/Controllers/FileManagerController.cs"
"Communication","FileManagerController","Download","GET","","False","False","False","(none)","SessionValidation","False","HttpGet","False","False","False","CrossBuy/Controllers/FileManagerController.cs"
"Other","HomeController","Index","GET","","False","False","False","(none)","(none)","False","","False","False","False","CrossBuy/Controllers/HomeController.cs"
"Other","HomeController","Privacy","GET","","False","False","False","(none)","(none)","False","","False","False","False","CrossBuy/Controllers/HomeController.cs"
"Other","HomeController","Store","GET","","False","False","False","(none)","(none)","False","AllowAnonymous","False","False","False","CrossBuy/Controllers/HomeController.cs"
"Other","HomeController","Error","GET","","False","False","False","(none)","(none)","False","ResponseCache(Duration = 0, Location = ResponseCacheLocation.None, NoStore = true)","False","False","False","CrossBuy/Controllers/HomeController.cs"
"Other","HyperController","Dashboard","GET","","False","False","False","(none)","(none)","False","HttpGet("""");HttpGet(""dashboard"")","False","False","False","CrossBuy/Controllers/HyperController.cs"
"Other","HyperController","ItemMargin","GET","reports/item-margin","False","False","False","(none)","(none)","False","HttpGet(""reports/item-margin"")","False","False","False","CrossBuy/Controllers/HyperController.cs"
"Other","HyperController","Sales","GET","reports/sales","False","False","False","(none)","(none)","False","HttpGet(""reports/sales"")","False","False","False","CrossBuy/Controllers/HyperController.cs"
"Other","HyperPosController","Index","GET","","False","False","False","(none)","CrossBuy.Models.PosLaneActivityGuard(""HyperCtx"", ""hyper"", ""/hyper/pos/login"")","False","HttpGet("""")","False","False","False","CrossBuy/Controllers/HyperPosController.cs"
"Other","HyperPosController","Login","GET","login","False","False","False","(none)","CrossBuy.Models.PosLaneActivityGuard(""HyperCtx"", ""hyper"", ""/hyper/pos/login"")","False","HttpGet(""login"");AllowAnonymous","False","False","False","CrossBuy/Controllers/HyperPosController.cs"
"Other","HyperPosController","Login","POST","login","False","True","True","(none)","CrossBuy.Models.PosLaneActivityGuard(""HyperCtx"", ""hyper"", ""/hyper/pos/login"")","True","HttpPost(""login"");AllowAnonymous;ValidateAntiForgeryToken","False","False","False","CrossBuy/Controllers/HyperPosController.cs"
"Other","HyperPosController","Logout","GET","logout","False","False","False","(none)","CrossBuy.Models.PosLaneActivityGuard(""HyperCtx"", ""hyper"", ""/hyper/pos/login"")","False","HttpGet(""logout"")","False","False","False","CrossBuy/Controllers/HyperPosController.cs"
"Other","HyperPosController","Start","GET","start","False","False","False","(none)","CrossBuy.Models.PosLaneActivityGuard(""HyperCtx"", ""hyper"", ""/hyper/pos/login"")","False","HttpGet(""start"")","False","False","False","CrossBuy/Controllers/HyperPosController.cs"
"Other","HyperPosController","Start","POST","start","False","True","True","(none)","CrossBuy.Models.PosLaneActivityGuard(""HyperCtx"", ""hyper"", ""/hyper/pos/login"")","False","HttpPost(""start"");ValidateAntiForgeryToken","False","False","False","CrossBuy/Controllers/HyperPosController.cs"
"Other","HyperPosController","Lane","GET","lane","False","False","False","(none)","CrossBuy.Models.PosLaneActivityGuard(""HyperCtx"", ""hyper"", ""/hyper/pos/login"")","False","HttpGet(""lane"")","False","False","False","CrossBuy/Controllers/HyperPosController.cs"
"Other","HyperPosController","ShiftClose","POST","shift/close","False","True","True","(none)","CrossBuy.Models.PosLaneActivityGuard(""HyperCtx"", ""hyper"", ""/hyper/pos/login"")","True","HttpPost(""shift/close"");ValidateAntiForgeryToken","False","False","False","CrossBuy/Controllers/HyperPosController.cs"
"Other","HyperPosController","Scan","POST","scan","False","True","True","(none)","CrossBuy.Models.PosLaneActivityGuard(""HyperCtx"", ""hyper"", ""/hyper/pos/login"")","True","HttpPost(""scan"");ValidateAntiForgeryToken","False","False","False","CrossBuy/Controllers/HyperPosController.cs"
"Other","HyperPosController","SetQty","POST","line/qty","False","True","True","(none)","CrossBuy.Models.PosLaneActivityGuard(""HyperCtx"", ""hyper"", ""/hyper/pos/login"")","True","HttpPost(""line/qty"");ValidateAntiForgeryToken","False","False","False","CrossBuy/Controllers/HyperPosController.cs"
"Other","HyperPosController","RemoveLine","POST","line/remove","False","True","True","(none)","CrossBuy.Models.PosLaneActivityGuard(""HyperCtx"", ""hyper"", ""/hyper/pos/login"")","True","HttpPost(""line/remove"");ValidateAntiForgeryToken","False","False","False","CrossBuy/Controllers/HyperPosController.cs"
"Other","HyperPosController","Pay","POST","pay","False","True","True","(none)","CrossBuy.Models.PosLaneActivityGuard(""HyperCtx"", ""hyper"", ""/hyper/pos/login"")","True","HttpPost(""pay"");ValidateAntiForgeryToken","False","False","False","CrossBuy/Controllers/HyperPosController.cs"
"Other","HyperPosController","Receipts","GET","receipts","False","False","False","(none)","CrossBuy.Models.PosLaneActivityGuard(""HyperCtx"", ""hyper"", ""/hyper/pos/login"")","False","HttpGet(""receipts"")","False","False","False","CrossBuy/Controllers/HyperPosController.cs"
"Other","HyperPosController","PrintInvoice","GET","invoice/print/{invoiceId:int}","False","False","False","(none)","CrossBuy.Models.PosLaneActivityGuard(""HyperCtx"", ""hyper"", ""/hyper/pos/login"")","False","HttpGet(""invoice/print/{invoiceId:int}"")","False","False","False","CrossBuy/Controllers/HyperPosController.cs"
"Other","HyperPosController","StampInvoiceCustomer","POST","invoice/stamp","False","True","True","(none)","CrossBuy.Models.PosLaneActivityGuard(""HyperCtx"", ""hyper"", ""/hyper/pos/login"")","True","HttpPost(""invoice/stamp"");ValidateAntiForgeryToken","False","False","False","CrossBuy/Controllers/HyperPosController.cs"
"Other","HyperPosController","Customer","GET","customer","False","False","False","(none)","CrossBuy.Models.PosLaneActivityGuard(""HyperCtx"", ""hyper"", ""/hyper/pos/login"")","False","HttpGet(""customer"")","False","False","False","CrossBuy/Controllers/HyperPosController.cs"
"Other","HyperPosController","CustomerSearch","GET","customer/search","False","False","False","(none)","CrossBuy.Models.PosLaneActivityGuard(""HyperCtx"", ""hyper"", ""/hyper/pos/login"")","False","HttpGet(""customer/search"")","False","False","False","CrossBuy/Controllers/HyperPosController.cs"
"Other","HyperPosController","CustomerAdd","POST","customer/add","False","True","True","(none)","CrossBuy.Models.PosLaneActivityGuard(""HyperCtx"", ""hyper"", ""/hyper/pos/login"")","True","HttpPost(""customer/add"");ValidateAntiForgeryToken","False","False","False","CrossBuy/Controllers/HyperPosController.cs"
"Other","HyperPosController","AttachCustomer","POST","customer/attach","False","True","True","(none)","CrossBuy.Models.PosLaneActivityGuard(""HyperCtx"", ""hyper"", ""/hyper/pos/login"")","True","HttpPost(""customer/attach"");ValidateAntiForgeryToken","False","False","False","CrossBuy/Controllers/HyperPosController.cs"
"Other","HyperPosController","PriceCheck","GET","pricecheck","False","False","False","(none)","CrossBuy.Models.PosLaneActivityGuard(""HyperCtx"", ""hyper"", ""/hyper/pos/login"")","False","HttpGet(""pricecheck"")","False","False","False","CrossBuy/Controllers/HyperPosController.cs"
"Other","HyperPosController","PriceCheck","POST","pricecheck","False","True","True","(none)","CrossBuy.Models.PosLaneActivityGuard(""HyperCtx"", ""hyper"", ""/hyper/pos/login"")","False","HttpPost(""pricecheck"");ValidateAntiForgeryToken","False","False","False","CrossBuy/Controllers/HyperPosController.cs"
"Inventory","InventoryController","Index","GET","","False","False","False","(none)","SessionValidation","False","HttpGet","False","False","False","CrossBuy/Controllers/InventoryController.cs"
"Inventory","InventoryController","Units","GET","","False","False","False","(none)","SessionValidation","False","HttpGet","False","False","False","CrossBuy/Controllers/InventoryController.cs"
"Inventory","InventoryController","CreateUnit","POST","","False","True","True","InvPerm(""manage"")","SessionValidation","False","HttpPost;ValidateAntiForgeryToken;InvPerm(""manage"")","False","False","False","CrossBuy/Controllers/InventoryController.cs"
"Inventory","InventoryController","Categories","GET","","False","False","False","(none)","SessionValidation","False","HttpGet","False","False","False","CrossBuy/Controllers/InventoryController.cs"
"Inventory","InventoryController","CreateCategory","GET","","False","False","False","(none)","SessionValidation","False","HttpGet","False","False","False","CrossBuy/Controllers/InventoryController.cs"
"Inventory","InventoryController","EditCategory","GET","","False","False","False","(none)","SessionValidation","False","HttpGet","False","False","False","CrossBuy/Controllers/InventoryController.cs"
"Inventory","InventoryController","CreateCategory","POST","","False","True","True","InvPerm(""manage"")","SessionValidation","False","HttpPost;ValidateAntiForgeryToken;InvPerm(""manage"")","False","False","False","CrossBuy/Controllers/InventoryController.cs"
"Inventory","InventoryController","EditCategory","POST","","False","True","True","InvPerm(""manage"")","SessionValidation","False","HttpPost;ValidateAntiForgeryToken;InvPerm(""manage"")","False","False","False","CrossBuy/Controllers/InventoryController.cs"
"Inventory","InventoryController","Items","GET","","False","False","False","(none)","SessionValidation","False","HttpGet","False","False","False","CrossBuy/Controllers/InventoryController.cs"
"Inventory","InventoryController","ItemsData","GET","","False","False","False","(none)","SessionValidation","False","HttpGet","False","False","False","CrossBuy/Controllers/InventoryController.cs"
"Inventory","InventoryController","ItemsExport","GET","","False","False","False","(none)","SessionValidation","False","HttpGet","False","False","False","CrossBuy/Controllers/InventoryController.cs"
"Inventory","InventoryController","CreateItem","GET","","False","False","False","(none)","SessionValidation","False","HttpGet","False","False","False","CrossBuy/Controllers/InventoryController.cs"
"Inventory","InventoryController","EditItem","GET","","False","False","False","(none)","SessionValidation","False","HttpGet","False","False","False","CrossBuy/Controllers/InventoryController.cs"
"Inventory","InventoryController","CreateItem","POST","","False","True","True","InvPerm(""manage"")","SessionValidation","False","HttpPost;ValidateAntiForgeryToken;InvPerm(""manage"")","False","False","False","CrossBuy/Controllers/InventoryController.cs"
"Inventory","InventoryController","EditItem","POST","","False","True","True","InvPerm(""manage"")","SessionValidation","False","HttpPost;ValidateAntiForgeryToken;InvPerm(""manage"")","False","False","False","CrossBuy/Controllers/InventoryController.cs"
"Inventory","InventoryController","Warehouses","GET","","False","False","False","(none)","SessionValidation","False","HttpGet","False","False","False","CrossBuy/Controllers/InventoryController.cs"
"Inventory","InventoryController","CreateWarehouse","POST","","False","True","True","InvPerm(""manage"")","SessionValidation","False","HttpPost;ValidateAntiForgeryToken;InvPerm(""manage"")","False","False","False","CrossBuy/Controllers/InventoryController.cs"
"Inventory","InventoryController","WarehouseQuickAdd","POST","","False","True","True","CrossBuy.Models.ApiPerm(CrossBuy.Models.ApiPermAttribute.Inventory, ""manage"")","SessionValidation","False","HttpPost;ValidateAntiForgeryToken;CrossBuy.Models.ApiPerm(CrossBuy.Models.ApiPermAttribute.Inventory, ""manage"")","False","False","False","CrossBuy/Controllers/InventoryController.cs"
"Inventory","InventoryController","EditWarehouse","POST","","False","True","True","InvPerm(""manage"")","SessionValidation","False","HttpPost;ValidateAntiForgeryToken;InvPerm(""manage"")","False","False","False","CrossBuy/Controllers/InventoryController.cs"
"Inventory","InventoryController","WarehouseSections","GET","","False","False","False","(none)","SessionValidation","False","HttpGet","False","False","False","CrossBuy/Controllers/InventoryController.cs"
"Inventory","InventoryController","SaveBinLocation","POST","","False","True","True","InvPerm(""manage"")","SessionValidation","False","HttpPost;ValidateAntiForgeryToken;InvPerm(""manage"")","False","False","False","CrossBuy/Controllers/InventoryController.cs"
"Inventory","InventoryController","DeleteBinLocation","POST","","False","True","True","InvPerm(""manage"")","SessionValidation","False","HttpPost;ValidateAntiForgeryToken;InvPerm(""manage"")","False","False","False","CrossBuy/Controllers/InventoryController.cs"
"Inventory","InventoryController","ItemLocations","GET","","False","False","False","(none)","SessionValidation","False","HttpGet","False","False","False","CrossBuy/Controllers/InventoryController.cs"
"Inventory","InventoryController","SaveItemLocations","POST","","False","True","True","InvPerm(""manage"")","SessionValidation","False","HttpPost;ValidateAntiForgeryToken;InvPerm(""manage"")","False","False","False","CrossBuy/Controllers/InventoryController.cs"
"Inventory","InventoryController","WarehouseBinsData","GET","","False","False","False","(none)","SessionValidation","False","HttpGet","False","False","False","CrossBuy/Controllers/InventoryController.cs"
"Inventory","InventoryController","RackBalances","GET","","False","False","False","(none)","SessionValidation","False","HttpGet","False","False","False","CrossBuy/Controllers/InventoryController.cs"
"Inventory","InventoryController","InitializeBinStock","POST","","False","True","True","InvPerm(""manage"")","SessionValidation","False","HttpPost;ValidateAntiForgeryToken;InvPerm(""manage"")","False","False","False","CrossBuy/Controllers/InventoryController.cs"
"Inventory","InventoryController","SetBinCount","POST","","False","True","True","InvPerm(""manage"")","SessionValidation","False","HttpPost;ValidateAntiForgeryToken;InvPerm(""manage"")","False","False","False","CrossBuy/Controllers/InventoryController.cs"
"Inventory","InventoryController","RelocateBin","POST","","False","True","True","InvPerm(""manage"")","SessionValidation","False","HttpPost;ValidateAntiForgeryToken;InvPerm(""manage"")","False","False","False","CrossBuy/Controllers/InventoryController.cs"
"Inventory","InventoryController","StockMovements","GET","","False","False","False","(none)","SessionValidation","False","HttpGet","False","False","False","CrossBuy/Controllers/InventoryController.cs"
"Inventory","InventoryController","StockMovementsData","GET","","False","False","False","(none)","SessionValidation","False","HttpGet","False","False","False","CrossBuy/Controllers/InventoryController.cs"
"Inventory","InventoryController","NewMovement","GET","","False","False","False","(none)","SessionValidation","False","HttpGet","False","False","False","CrossBuy/Controllers/InventoryController.cs"
"Inventory","InventoryController","PostMovement","POST","","False","True","True","InvPerm(""doc"")","SessionValidation","False","HttpPost;ValidateAntiForgeryToken;InvPerm(""doc"")","False","False","False","CrossBuy/Controllers/InventoryController.cs"
"Inventory","InventoryController","StockBalances","GET","","False","False","False","(none)","SessionValidation","False","HttpGet","False","False","False","CrossBuy/Controllers/InventoryController.cs"
"Inventory","InventoryController","ItemsSuggest","GET","","False","False","False","(none)","SessionValidation","False","HttpGet","False","False","False","CrossBuy/Controllers/InventoryController.cs"
"Inventory","InventoryController","ItemPickData","GET","","False","False","False","(none)","SessionValidation","False","HttpGet","False","False","False","CrossBuy/Controllers/InventoryController.cs"
"Inventory","InventoryController","PoMatch","GET","","False","False","False","(none)","SessionValidation","False","HttpGet","False","False","False","CrossBuy/Controllers/InventoryController.cs"
"Inventory","InventoryController","PriceLists","GET","","False","False","False","(none)","SessionValidation","False","HttpGet","False","False","False","CrossBuy/Controllers/InventoryController.cs"
"Inventory","InventoryController","PriceListsData","GET","","False","False","False","(none)","SessionValidation","False","HttpGet","False","False","False","CrossBuy/Controllers/InventoryController.cs"
"Inventory","InventoryController","PriceListEditor","GET","","False","False","False","(none)","SessionValidation","False","HttpGet","False","False","False","CrossBuy/Controllers/InventoryController.cs"
"Inventory","InventoryController","SavePriceList","POST","","False","True","True","InvPerm(""doc"")","SessionValidation","False","HttpPost;ValidateAntiForgeryToken;InvPerm(""doc"")","False","False","False","CrossBuy/Controllers/InventoryController.cs"
"Inventory","InventoryController","CopyPriceList","POST","","False","True","True","InvPerm(""doc"")","SessionValidation","False","HttpPost;ValidateAntiForgeryToken;InvPerm(""doc"")","False","False","False","CrossBuy/Controllers/InventoryController.cs"
"Inventory","InventoryController","DeletePriceList","POST","","False","True","True","InvPerm(""doc"")","SessionValidation","False","HttpPost;ValidateAntiForgeryToken;InvPerm(""doc"")","False","False","False","CrossBuy/Controllers/InventoryController.cs"
"Inventory","InventoryController","BulkPriceChange","GET","","False","False","False","(none)","SessionValidation","False","HttpGet","False","False","False","CrossBuy/Controllers/InventoryController.cs"
"Inventory","InventoryController","BulkPreview","POST","","False","True","True","InvPerm(""doc"")","SessionValidation","False","HttpPost;ValidateAntiForgeryToken;InvPerm(""doc"")","False","False","False","CrossBuy/Controllers/InventoryController.cs"
"Inventory","InventoryController","BulkExecute","POST","","False","True","True","InvPerm(""doc"")","SessionValidation","False","HttpPost;ValidateAntiForgeryToken;InvPerm(""doc"")","False","False","False","CrossBuy/Controllers/InventoryController.cs"
"Inventory","InventoryController","BulkUndo","POST","","False","True","True","InvPerm(""doc"")","SessionValidation","False","HttpPost;ValidateAntiForgeryToken;InvPerm(""doc"")","False","False","False","CrossBuy/Controllers/InventoryController.cs"
"Inventory","InventoryController","ShelfLabels","GET","","False","False","False","(none)","SessionValidation","False","HttpGet","False","False","False","CrossBuy/Controllers/InventoryController.cs"
"Inventory","InventoryController","Promotions","GET","","False","False","False","(none)","SessionValidation","False","HttpGet","False","False","False","CrossBuy/Controllers/InventoryController.cs"
"Inventory","InventoryController","PromotionsData","GET","","False","False","False","(none)","SessionValidation","False","HttpGet","False","False","False","CrossBuy/Controllers/InventoryController.cs"
"Inventory","InventoryController","PromotionEditor","GET","","False","False","False","(none)","SessionValidation","False","HttpGet","False","False","False","CrossBuy/Controllers/InventoryController.cs"
"Inventory","InventoryController","SavePromotion","POST","","False","True","True","InvPerm(""doc"")","SessionValidation","False","HttpPost;ValidateAntiForgeryToken;InvPerm(""doc"")","False","False","False","CrossBuy/Controllers/InventoryController.cs"
"Inventory","InventoryController","DeletePromotion","POST","","False","True","True","InvPerm(""doc"")","SessionValidation","False","HttpPost;ValidateAntiForgeryToken;InvPerm(""doc"")","False","False","False","CrossBuy/Controllers/InventoryController.cs"
"Inventory","InventoryController","PriceLookup","GET","","False","False","False","(none)","SessionValidation","False","HttpGet","False","False","False","CrossBuy/Controllers/InventoryController.cs"
"Inventory","InventoryController","StockBalancesData","GET","","False","False","False","(none)","SessionValidation","False","HttpGet","False","False","False","CrossBuy/Controllers/InventoryController.cs"
"Inventory","InventoryController","StockBalancesExport","GET","","False","False","False","(none)","SessionValidation","False","HttpGet","False","False","False","CrossBuy/Controllers/InventoryController.cs"
"Inventory","InventoryController","StockMovementsExport","GET","","False","False","False","(none)","SessionValidation","False","HttpGet","False","False","False","CrossBuy/Controllers/InventoryController.cs"
"Inventory","InventoryController","PurchaseOrdersExport","GET","","False","False","False","(none)","SessionValidation","False","HttpGet","False","False","False","CrossBuy/Controllers/InventoryController.cs"
"Inventory","InventoryController","GoodsReceiptsExport","GET","","False","False","False","(none)","SessionValidation","False","HttpGet","False","False","False","CrossBuy/Controllers/InventoryController.cs"
"Inventory","InventoryController","SalesOrdersExport","GET","","False","False","False","(none)","SessionValidation","False","HttpGet","False","False","False","CrossBuy/Controllers/InventoryController.cs"
"Inventory","InventoryController","QuotationsExport","GET","","False","False","False","(none)","SessionValidation","False","HttpGet","False","False","False","CrossBuy/Controllers/InventoryController.cs"
"Inventory","InventoryController","DeliveriesExport","GET","","False","False","False","(none)","SessionValidation","False","HttpGet","False","False","False","CrossBuy/Controllers/InventoryController.cs"
"Inventory","InventoryController","PriceListsExport","GET","","False","False","False","(none)","SessionValidation","False","HttpGet","False","False","False","CrossBuy/Controllers/InventoryController.cs"
"Inventory","InventoryController","ItemLedger","GET","","False","False","False","(none)","SessionValidation","False","HttpGet","False","False","False","CrossBuy/Controllers/InventoryController.cs"
"Inventory","InventoryController","ScanBarcode","GET","","False","False","False","(none)","SessionValidation","False","HttpGet","False","False","False","CrossBuy/Controllers/InventoryController.cs"
"Inventory","InventoryController","ItemBom","GET","","False","False","False","(none)","SessionValidation","False","HttpGet","False","False","False","CrossBuy/Controllers/InventoryController.cs"
"Inventory","InventoryController","NewAssembly","GET","","False","False","False","(none)","SessionValidation","False","HttpGet","False","False","False","CrossBuy/Controllers/InventoryController.cs"
"Inventory","InventoryController","PostAssembly","POST","","False","True","True","InvPerm(""doc"")","SessionValidation","True","HttpPost;ValidateAntiForgeryToken;InvPerm(""doc"")","False","False","False","CrossBuy/Controllers/InventoryController.cs"
"Inventory","InventoryController","WorkOrders","GET","","False","False","False","InvPerm(""read"")","SessionValidation","True","HttpGet;InvPerm(""read"")","False","False","False","CrossBuy/Controllers/InventoryController.cs"
"Inventory","InventoryController","WorkOrdersData","GET","","False","False","False","InvPerm(""read"")","SessionValidation","True","HttpGet;InvPerm(""read"")","False","False","False","CrossBuy/Controllers/InventoryController.cs"
"Inventory","InventoryController","WorkOrderItemPickData","GET","","False","False","False","InvPerm(""read"")","SessionValidation","True","HttpGet;InvPerm(""read"")","False","False","False","CrossBuy/Controllers/InventoryController.cs"
"Inventory","InventoryController","NewWorkOrder","GET","","False","False","False","InvPerm(""read"")","SessionValidation","True","HttpGet;InvPerm(""read"")","False","False","False","CrossBuy/Controllers/InventoryController.cs"
"Inventory","InventoryController","CreateWorkOrder","POST","","False","True","True","InvPerm(""doc"")","SessionValidation","True","HttpPost;ValidateAntiForgeryToken;InvPerm(""doc"")","False","False","False","CrossBuy/Controllers/InventoryController.cs"
"Inventory","InventoryController","WorkOrderDetails","GET","","False","False","False","InvPerm(""read"")","SessionValidation","True","HttpGet;InvPerm(""read"")","False","False","False","CrossBuy/Controllers/InventoryController.cs"
"Inventory","InventoryController","AddWorkOrderLabor","POST","","False","True","True","InvPerm(""doc"")","SessionValidation","True","HttpPost;ValidateAntiForgeryToken;InvPerm(""doc"")","False","False","False","CrossBuy/Controllers/InventoryController.cs"
"Inventory","InventoryController","RemoveWorkOrderLabor","POST","","False","True","True","InvPerm(""doc"")","SessionValidation","False","HttpPost;ValidateAntiForgeryToken;InvPerm(""doc"")","False","False","False","CrossBuy/Controllers/InventoryController.cs"
"Inventory","InventoryController","SaveWorkOrder","POST","","False","True","True","InvPerm(""doc"")","SessionValidation","False","HttpPost;ValidateAntiForgeryToken;InvPerm(""doc"")","False","False","False","CrossBuy/Controllers/InventoryController.cs"
"Inventory","InventoryController","ReleaseWorkOrder","POST","","False","True","True","InvPerm(""doc"")","SessionValidation","False","HttpPost;ValidateAntiForgeryToken;InvPerm(""doc"")","False","False","False","CrossBuy/Controllers/InventoryController.cs"
"Inventory","InventoryController","CancelWorkOrder","POST","","False","True","True","InvPerm(""doc"")","SessionValidation","False","HttpPost;ValidateAntiForgeryToken;InvPerm(""doc"")","False","False","False","CrossBuy/Controllers/InventoryController.cs"
"Inventory","InventoryController","CompleteWorkOrder","POST","","False","True","True","InvPerm(""doc"")","SessionValidation","False","HttpPost;ValidateAntiForgeryToken;InvPerm(""doc"")","False","False","False","CrossBuy/Controllers/InventoryController.cs"
"Inventory","InventoryController","ProducePartial","POST","","False","True","True","InvPerm(""doc"")","SessionValidation","False","HttpPost;ValidateAntiForgeryToken;InvPerm(""doc"")","False","False","False","CrossBuy/Controllers/InventoryController.cs"
"Inventory","InventoryController","WorkCenters","GET","","False","False","False","(none)","SessionValidation","False","HttpGet","False","False","False","CrossBuy/Controllers/InventoryController.cs"
"Inventory","InventoryController","SaveWorkCenter","POST","","False","True","True","InvPerm(""manage"")","SessionValidation","False","HttpPost;ValidateAntiForgeryToken;InvPerm(""manage"")","False","False","False","CrossBuy/Controllers/InventoryController.cs"
"Inventory","InventoryController","Routing","GET","","False","False","False","(none)","SessionValidation","False","HttpGet","False","False","False","CrossBuy/Controllers/InventoryController.cs"
"Inventory","InventoryController","SaveRoutingOp","POST","","False","True","True","InvPerm(""manage"")","SessionValidation","False","HttpPost;ValidateAntiForgeryToken;InvPerm(""manage"")","False","False","False","CrossBuy/Controllers/InventoryController.cs"
"Inventory","InventoryController","DeleteRoutingOp","POST","","False","True","True","InvPerm(""manage"")","SessionValidation","False","HttpPost;ValidateAntiForgeryToken;InvPerm(""manage"")","False","False","False","CrossBuy/Controllers/InventoryController.cs"
"Inventory","InventoryController","ProductionPlanning","GET","","False","False","False","(none)","SessionValidation","False","HttpGet","False","False","False","CrossBuy/Controllers/InventoryController.cs"
"Inventory","InventoryController","CreatePlan","POST","","False","True","True","InvPerm(""doc"")","SessionValidation","False","HttpPost;ValidateAntiForgeryToken;InvPerm(""doc"")","False","False","False","CrossBuy/Controllers/InventoryController.cs"
"Inventory","InventoryController","DeletePlan","POST","","False","True","True","InvPerm(""doc"")","SessionValidation","False","HttpPost;ValidateAntiForgeryToken;InvPerm(""doc"")","False","False","False","CrossBuy/Controllers/InventoryController.cs"
"Inventory","InventoryController","PlanDetails","GET","","False","False","False","(none)","SessionValidation","False","HttpGet","False","False","False","CrossBuy/Controllers/InventoryController.cs"
"Inventory","InventoryController","AddPlanDemand","POST","","False","True","True","InvPerm(""doc"")","SessionValidation","False","HttpPost;ValidateAntiForgeryToken;InvPerm(""doc"")","False","False","False","CrossBuy/Controllers/InventoryController.cs"
"Inventory","InventoryController","RemovePlanDemand","POST","","False","True","True","InvPerm(""doc"")","SessionValidation","False","HttpPost;ValidateAntiForgeryToken;InvPerm(""doc"")","False","False","False","CrossBuy/Controllers/InventoryController.cs"
"Inventory","InventoryController","GeneratePlanWorkOrders","POST","","False","True","True","InvPerm(""doc"")","SessionValidation","False","HttpPost;ValidateAntiForgeryToken;InvPerm(""doc"")","False","False","False","CrossBuy/Controllers/InventoryController.cs"
"Inventory","InventoryController","ManufReports","GET","","False","False","False","(none)","SessionValidation","False","HttpGet","False","False","False","CrossBuy/Controllers/InventoryController.cs"
"Inventory","InventoryController","ManufDashboard","GET","","False","False","False","(none)","SessionValidation","False","HttpGet","False","False","False","CrossBuy/Controllers/InventoryController.cs"
"Inventory","InventoryController","PurchaseOrders","GET","","False","False","False","(none)","SessionValidation","False","HttpGet","False","False","False","CrossBuy/Controllers/InventoryController.cs"
"Inventory","InventoryController","PurchaseOrdersData","GET","","False","False","False","(none)","SessionValidation","False","HttpGet","False","False","False","CrossBuy/Controllers/InventoryController.cs"
"Inventory","InventoryController","NewPurchaseOrder","GET","","False","False","False","(none)","SessionValidation","False","HttpGet","False","False","False","CrossBuy/Controllers/InventoryController.cs"
"Inventory","InventoryController","CreatePurchaseOrder","POST","","False","True","True","InvPerm(""purchase"")","SessionValidation","False","HttpPost;ValidateAntiForgeryToken;InvPerm(""purchase"")","False","False","False","CrossBuy/Controllers/InventoryController.cs"
"Inventory","InventoryController","ConvertPoToInvoice","POST","","False","True","True","InvPerm(""purchase"")","SessionValidation","False","HttpPost;ValidateAntiForgeryToken;InvPerm(""purchase"")","False","False","False","CrossBuy/Controllers/InventoryController.cs"
"Inventory","InventoryController","GoodsReceipts","GET","","False","False","False","(none)","SessionValidation","False","HttpGet","False","False","False","CrossBuy/Controllers/InventoryController.cs"
"Inventory","InventoryController","GoodsReceiptsData","GET","","False","False","False","(none)","SessionValidation","False","HttpGet","False","False","False","CrossBuy/Controllers/InventoryController.cs"
"Inventory","InventoryController","NewGoodsReceipt","GET","","False","False","False","(none)","SessionValidation","False","HttpGet","False","False","False","CrossBuy/Controllers/InventoryController.cs"
"Inventory","InventoryController","CreateGoodsReceipt","POST","","False","True","True","InvPerm(""purchase"")","SessionValidation","True","HttpPost;ValidateAntiForgeryToken;InvPerm(""purchase"")","False","False","False","CrossBuy/Controllers/InventoryController.cs"
"Inventory","InventoryController","SalesOrders","GET","","False","False","False","(none)","SessionValidation","False","HttpGet","False","False","False","CrossBuy/Controllers/InventoryController.cs"
"Inventory","InventoryController","SalesOrdersData","GET","","False","False","False","(none)","SessionValidation","False","HttpGet","False","False","False","CrossBuy/Controllers/InventoryController.cs"
"Inventory","InventoryController","NewSalesOrder","GET","","False","False","False","(none)","SessionValidation","False","HttpGet","False","False","False","CrossBuy/Controllers/InventoryController.cs"
"Inventory","InventoryController","CreateSalesOrder","POST","","False","True","True","InvPerm(""doc"")","SessionValidation","True","HttpPost;ValidateAntiForgeryToken;InvPerm(""doc"")","False","False","False","CrossBuy/Controllers/InventoryController.cs"
"Inventory","InventoryController","Quotations","GET","","False","False","False","(none)","SessionValidation","False","HttpGet","False","False","False","CrossBuy/Controllers/InventoryController.cs"
"Inventory","InventoryController","QuotationsData","GET","","False","False","False","(none)","SessionValidation","False","HttpGet","False","False","False","CrossBuy/Controllers/InventoryController.cs"
"Inventory","InventoryController","NewQuotation","GET","","False","False","False","(none)","SessionValidation","False","HttpGet","False","False","False","CrossBuy/Controllers/InventoryController.cs"
"Inventory","InventoryController","CreateQuotation","POST","","False","True","True","InvPerm(""doc"")","SessionValidation","True","HttpPost;ValidateAntiForgeryToken;InvPerm(""doc"")","False","False","False","CrossBuy/Controllers/InventoryController.cs"
"Inventory","InventoryController","QuotationDetails","GET","","False","False","False","(none)","SessionValidation","False","HttpGet","False","False","False","CrossBuy/Controllers/InventoryController.cs"
"Inventory","InventoryController","SetQuoteStatus","POST","","False","True","True","InvPerm(""doc"")","SessionValidation","False","HttpPost;ValidateAntiForgeryToken;InvPerm(""doc"")","False","False","False","CrossBuy/Controllers/InventoryController.cs"
"Inventory","InventoryController","ConvertQuoteToOrder","POST","","False","True","True","InvPerm(""doc"")","SessionValidation","False","HttpPost;ValidateAntiForgeryToken;InvPerm(""doc"")","False","False","False","CrossBuy/Controllers/InventoryController.cs"
"Inventory","InventoryController","ConvertSoToInvoice","POST","","False","True","True","InvPerm(""doc"")","SessionValidation","False","HttpPost;ValidateAntiForgeryToken;InvPerm(""doc"")","False","False","False","CrossBuy/Controllers/InventoryController.cs"
"Inventory","InventoryController","Deliveries","GET","","False","False","False","(none)","SessionValidation","False","HttpGet","False","False","False","CrossBuy/Controllers/InventoryController.cs"
"Inventory","InventoryController","DeliveriesData","GET","","False","False","False","(none)","SessionValidation","False","HttpGet","False","False","False","CrossBuy/Controllers/InventoryController.cs"
"Inventory","InventoryController","NewDelivery","GET","","False","False","False","(none)","SessionValidation","False","HttpGet","False","False","False","CrossBuy/Controllers/InventoryController.cs"
"Inventory","InventoryController","CreateDelivery","POST","","False","True","True","InvPerm(""doc"")","SessionValidation","False","HttpPost;ValidateAntiForgeryToken;InvPerm(""doc"")","False","False","False","CrossBuy/Controllers/InventoryController.cs"
"Inventory","InventoryController","StockTransfers","GET","","False","False","False","(none)","SessionValidation","False","HttpGet","False","False","False","CrossBuy/Controllers/InventoryController.cs"
"Inventory","InventoryController","NewTransfer","GET","","False","False","False","(none)","SessionValidation","False","HttpGet","False","False","False","CrossBuy/Controllers/InventoryController.cs"
"Inventory","InventoryController","CreateTransfer","POST","","False","True","True","InvPerm(""doc"")","SessionValidation","False","HttpPost;ValidateAntiForgeryToken;InvPerm(""doc"")","False","False","False","CrossBuy/Controllers/InventoryController.cs"
"Inventory","InventoryController","StockCounts","GET","","False","False","False","(none)","SessionValidation","False","HttpGet","False","False","False","CrossBuy/Controllers/InventoryController.cs"
"Inventory","InventoryController","NewCount","GET","","False","False","False","(none)","SessionValidation","False","HttpGet","False","False","False","CrossBuy/Controllers/InventoryController.cs"
"Inventory","InventoryController","PostCount","POST","","False","True","True","InvPerm(""doc"")","SessionValidation","False","HttpPost;ValidateAntiForgeryToken;InvPerm(""doc"")","False","False","False","CrossBuy/Controllers/InventoryController.cs"
"Inventory","InventoryController","WriteOffs","GET","","False","False","False","(none)","SessionValidation","False","HttpGet","False","False","False","CrossBuy/Controllers/InventoryController.cs"
"Inventory","InventoryController","NewWriteOff","GET","","False","False","False","(none)","SessionValidation","False","HttpGet","False","False","False","CrossBuy/Controllers/InventoryController.cs"
"Inventory","InventoryController","CreateWriteOff","POST","","False","True","True","InvPerm(""doc"")","SessionValidation","False","HttpPost;ValidateAntiForgeryToken;InvPerm(""doc"")","False","False","False","CrossBuy/Controllers/InventoryController.cs"
"Inventory","InventoryController","ReceiptDetails","GET","","False","False","False","(none)","SessionValidation","False","HttpGet","False","False","False","CrossBuy/Controllers/InventoryController.cs"
"Inventory","InventoryController","DeliveryDetails","GET","","False","False","False","(none)","SessionValidation","False","HttpGet","False","False","False","CrossBuy/Controllers/InventoryController.cs"
"Inventory","InventoryController","PurchaseOrderDetails","GET","","False","False","False","(none)","SessionValidation","False","HttpGet","False","False","False","CrossBuy/Controllers/InventoryController.cs"
"Inventory","InventoryController","SalesOrderDetails","GET","","False","False","False","(none)","SessionValidation","False","HttpGet","False","False","False","CrossBuy/Controllers/InventoryController.cs"
"Inventory","InventoryController","TransferDetails","GET","","False","False","False","(none)","SessionValidation","False","HttpGet","False","False","False","CrossBuy/Controllers/InventoryController.cs"
"Inventory","InventoryController","CountDetails","GET","","False","False","False","(none)","SessionValidation","False","HttpGet","False","False","False","CrossBuy/Controllers/InventoryController.cs"
"Inventory","InventoryController","WriteOffDetails","GET","","False","False","False","(none)","SessionValidation","False","HttpGet","False","False","False","CrossBuy/Controllers/InventoryController.cs"
"Inventory","InventoryController","LandedCostDetails","GET","","False","False","False","(none)","SessionValidation","False","HttpGet","False","False","False","CrossBuy/Controllers/InventoryController.cs"
"Inventory","InventoryController","OpeningBalances","GET","","False","False","False","(none)","SessionValidation","False","HttpGet","False","False","False","CrossBuy/Controllers/InventoryController.cs"
"Inventory","InventoryController","OpAddStock","POST","","False","True","True","InvPerm(""manage"")","SessionValidation","False","HttpPost;ValidateAntiForgeryToken;InvPerm(""manage"")","False","False","False","CrossBuy/Controllers/InventoryController.cs"
"Inventory","InventoryController","OpAddAr","POST","","False","True","True","InvPerm(""manage"")","SessionValidation","False","HttpPost;ValidateAntiForgeryToken;InvPerm(""manage"")","False","False","False","CrossBuy/Controllers/InventoryController.cs"
"Inventory","InventoryController","OpAddAp","POST","","False","True","True","InvPerm(""manage"")","SessionValidation","False","HttpPost;ValidateAntiForgeryToken;InvPerm(""manage"")","False","False","False","CrossBuy/Controllers/InventoryController.cs"
"Inventory","InventoryController","OpAddAsset","POST","","False","True","True","InvPerm(""manage"")","SessionValidation","False","HttpPost;ValidateAntiForgeryToken;InvPerm(""manage"")","False","False","False","CrossBuy/Controllers/InventoryController.cs"
"Inventory","InventoryController","OpAddGl","POST","","False","True","True","InvPerm(""manage"")","SessionValidation","False","HttpPost;ValidateAntiForgeryToken;InvPerm(""manage"")","False","False","False","CrossBuy/Controllers/InventoryController.cs"
"Inventory","InventoryController","OpFinalize","POST","","False","True","True","InvPerm(""manage"")","SessionValidation","False","HttpPost;ValidateAntiForgeryToken;InvPerm(""manage"")","False","False","False","CrossBuy/Controllers/InventoryController.cs"
"Inventory","InventoryController","IntegrityReconciliation","GET","","False","False","False","(none)","SessionValidation","False","HttpGet","False","False","False","CrossBuy/Controllers/InventoryController.cs"
"Inventory","InventoryController","RunIntegrity","POST","","False","True","True","InvPerm(""manage"")","SessionValidation","False","HttpPost;ValidateAntiForgeryToken;InvPerm(""manage"")","False","False","False","CrossBuy/Controllers/InventoryController.cs"
"Inventory","InventoryController","CapitalizeAsset","GET","","False","False","False","(none)","SessionValidation","False","HttpGet","False","False","False","CrossBuy/Controllers/InventoryController.cs"
"Inventory","InventoryController","DoCapitalizeAsset","POST","","False","True","True","InvPerm(""manage"")","SessionValidation","False","HttpPost;ValidateAntiForgeryToken;InvPerm(""manage"")","False","False","False","CrossBuy/Controllers/InventoryController.cs"
"Inventory","InventoryController","Reports","GET","","False","False","False","(none)","SessionValidation","False","HttpGet","False","False","False","CrossBuy/Controllers/InventoryController.cs"
"Inventory","InventoryController","ValuationReport","GET","","False","False","False","(none)","SessionValidation","False","HttpGet","False","False","False","CrossBuy/Controllers/InventoryController.cs"
"Inventory","InventoryController","StagnantReport","GET","","False","False","False","(none)","SessionValidation","False","HttpGet","False","False","False","CrossBuy/Controllers/InventoryController.cs"
"Inventory","InventoryController","ReorderReport","GET","","False","False","False","(none)","SessionValidation","False","HttpGet","False","False","False","CrossBuy/Controllers/InventoryController.cs"
"Inventory","InventoryController","Batches","GET","","False","False","False","(none)","SessionValidation","False","HttpGet","False","False","False","CrossBuy/Controllers/InventoryController.cs"
"Inventory","InventoryController","ExpiryAlerts","GET","","False","False","False","(none)","SessionValidation","False","HttpGet","False","False","False","CrossBuy/Controllers/InventoryController.cs"
"Inventory","InventoryController","Approvals","GET","","False","False","False","InvPerm(""manage"")","SessionValidation","False","HttpGet;InvPerm(""manage"")","False","False","False","CrossBuy/Controllers/InventoryController.cs"
"Inventory","InventoryController","ApproveDoc","POST","","False","True","True","InvPerm(""manage"")","SessionValidation","False","HttpPost;ValidateAntiForgeryToken;InvPerm(""manage"")","False","False","False","CrossBuy/Controllers/InventoryController.cs"
"Inventory","InventoryController","RejectDoc","POST","","False","True","True","InvPerm(""manage"")","SessionValidation","False","HttpPost;ValidateAntiForgeryToken;InvPerm(""manage"")","False","False","False","CrossBuy/Controllers/InventoryController.cs"
"Inventory","InventoryController","InventoryRoles","GET","","False","False","False","InvPerm(""manage"")","SessionValidation","False","HttpGet;InvPerm(""manage"")","False","False","False","CrossBuy/Controllers/InventoryController.cs"
"Inventory","InventoryController","AssignRole","POST","","False","True","True","InvPerm(""manage"")","SessionValidation","False","HttpPost;ValidateAntiForgeryToken;InvPerm(""manage"")","False","False","False","CrossBuy/Controllers/InventoryController.cs"
"Inventory","InventoryController","RemoveRole","POST","","False","True","True","InvPerm(""manage"")","SessionValidation","False","HttpPost;ValidateAntiForgeryToken;InvPerm(""manage"")","False","False","False","CrossBuy/Controllers/InventoryController.cs"
"Inventory","InventoryController","Settings","GET","","False","False","False","(none)","SessionValidation","False","HttpGet","False","False","False","CrossBuy/Controllers/InventoryController.cs"
"Inventory","InventoryController","SaveSettings","POST","","False","True","True","InvPerm(""manage"")","SessionValidation","False","HttpPost;ValidateAntiForgeryToken;InvPerm(""manage"")","False","False","False","CrossBuy/Controllers/InventoryController.cs"
"Inventory","InventoryController","LandedCosts","GET","","False","False","False","(none)","SessionValidation","False","HttpGet","False","False","False","CrossBuy/Controllers/InventoryController.cs"
"Inventory","InventoryController","NewLandedCost","GET","","False","False","False","(none)","SessionValidation","False","HttpGet","False","False","False","CrossBuy/Controllers/InventoryController.cs"
"Inventory","InventoryController","CreateLandedCost","POST","","False","True","True","InvPerm(""doc"")","SessionValidation","False","HttpPost;ValidateAntiForgeryToken;InvPerm(""doc"")","False","False","False","CrossBuy/Controllers/InventoryController.cs"
"Inventory","InventoryController","ReorderSettings","GET","","False","False","False","(none)","SessionValidation","False","HttpGet","False","False","False","CrossBuy/Controllers/InventoryController.cs"
"Inventory","InventoryController","SaveReorderSettings","POST","","False","True","True","InvPerm(""manage"")","SessionValidation","False","HttpPost;ValidateAntiForgeryToken;InvPerm(""manage"")","False","False","False","CrossBuy/Controllers/InventoryController.cs"
"Inventory","InventoryController","Planning","GET","","False","False","False","(none)","SessionValidation","False","HttpGet","False","False","False","CrossBuy/Controllers/InventoryController.cs"
"Inventory","InventoryController","GeneratePO","POST","","False","True","True","InvPerm(""purchase"")","SessionValidation","False","HttpPost;ValidateAntiForgeryToken;InvPerm(""purchase"")","False","False","False","CrossBuy/Controllers/InventoryController.cs"
"Inventory","InventoryController","Serials","GET","","False","False","False","(none)","SessionValidation","False","HttpGet","False","False","False","CrossBuy/Controllers/InventoryController.cs"
"Communication","NotificationsController","Prefs","GET","","False","False","False","(none)","SessionValidation","False","HttpGet","False","False","False","CrossBuy/Controllers/NotificationsController.cs"
"Communication","NotificationsController","ToggleMute","POST","","False","True","False","(none)","SessionValidation","False","HttpPost","False","False","False","CrossBuy/Controllers/NotificationsController.cs"
"Communication","NotificationsController","Index","GET","","False","False","False","(none)","SessionValidation","False","HttpGet","False","False","False","CrossBuy/Controllers/NotificationsController.cs"
"HR","PeopleController","Dashboard","GET","","False","False","False","(none)","(none)","False","","False","False","False","CrossBuy/Controllers/PeopleController.cs"
"HR","PeopleController","Index","GET","","False","False","False","(none)","(none)","False","","False","False","False","CrossBuy/Controllers/PeopleController.cs"
"HR","PeopleController","Profile","GET","","False","False","False","(none)","(none)","False","","False","False","False","CrossBuy/Controllers/PeopleController.cs"
"HR","PeopleController","Structure","GET","","False","False","False","(none)","(none)","False","","False","False","False","CrossBuy/Controllers/PeopleController.cs"
"HR","PeopleController","Leaves","GET","","False","False","False","(none)","(none)","False","","False","False","False","CrossBuy/Controllers/PeopleController.cs"
"HR","PeopleController","CreateLeave","POST","","False","True","True","(none)","(none)","False","HttpPost;ValidateAntiForgeryToken","False","False","False","CrossBuy/Controllers/PeopleController.cs"
"HR","PeopleController","DecideLeave","POST","","False","True","True","(none)","(none)","True","HttpPost;ValidateAntiForgeryToken","False","False","False","CrossBuy/Controllers/PeopleController.cs"
"HR","PeopleController","Requests","GET","","False","False","False","(none)","(none)","False","","False","False","False","CrossBuy/Controllers/PeopleController.cs"
"HR","PeopleController","CreateRequest","POST","","False","True","True","(none)","(none)","False","HttpPost;ValidateAntiForgeryToken","False","False","False","CrossBuy/Controllers/PeopleController.cs"
"HR","PeopleController","DecideRequest","POST","","False","True","True","(none)","(none)","False","HttpPost;ValidateAntiForgeryToken","False","False","False","CrossBuy/Controllers/PeopleController.cs"
"HR","PeopleController","LetterPrint","GET","","False","False","False","(none)","(none)","False","","False","False","False","CrossBuy/Controllers/PeopleController.cs"
"HR","PeopleController","MyAppraisals","GET","","False","False","False","(none)","(none)","False","","False","False","False","CrossBuy/Controllers/PeopleController.cs"
"HR","PeopleController","MyAppraisal","GET","","False","False","False","(none)","(none)","False","","False","False","False","CrossBuy/Controllers/PeopleController.cs"
"HR","PeopleController","AcknowledgeAppraisal","POST","","False","True","True","(none)","(none)","False","HttpPost;ValidateAntiForgeryToken","False","False","False","CrossBuy/Controllers/PeopleController.cs"
"HR","PeopleController","MyTrainings","GET","","False","False","False","(none)","(none)","False","","False","False","False","CrossBuy/Controllers/PeopleController.cs"
"HR","PeopleController","Payslips","GET","","False","False","False","(none)","(none)","False","","False","False","False","CrossBuy/Controllers/PeopleController.cs"
"HR","PeopleController","Payslip","GET","","False","False","False","(none)","(none)","False","","False","False","False","CrossBuy/Controllers/PeopleController.cs"
"HR","PeopleController","Attendance","GET","","False","False","False","(none)","(none)","False","","False","False","False","CrossBuy/Controllers/PeopleController.cs"
"Platform","PlatformTimelineController","List","GET","","False","False","False","(none)","SessionValidation","False","HttpGet","False","False","False","CrossBuy/Controllers/PlatformTimelineController.cs"
"Shell","PortalController","Choose","GET","","False","False","False","(none)","(none)","False","","False","False","False","CrossBuy/Controllers/PortalController.cs"
"POS","PosAppController","Login","GET","login","False","False","False","(none)","CrossBuy.Models.PosLaneActivityGuard(""PosCtx"", ""restaurant"", ""/pos/login"")","True","HttpGet(""login"");AllowAnonymous","False","False","False","CrossBuy/Controllers/PosAppController.cs"
"POS","PosAppController","Login","POST","login","False","True","True","(none)","CrossBuy.Models.PosLaneActivityGuard(""PosCtx"", ""restaurant"", ""/pos/login"")","True","HttpPost(""login"");AllowAnonymous;ValidateAntiForgeryToken","False","False","False","CrossBuy/Controllers/PosAppController.cs"
"POS","PosAppController","Logout","GET","logout","False","False","False","(none)","CrossBuy.Models.PosLaneActivityGuard(""PosCtx"", ""restaurant"", ""/pos/login"")","False","HttpGet(""logout"")","False","False","False","CrossBuy/Controllers/PosAppController.cs"
"POS","PosAppController","Start","GET","start","False","False","False","(none)","CrossBuy.Models.PosLaneActivityGuard(""PosCtx"", ""restaurant"", ""/pos/login"")","False","HttpGet(""start"")","False","False","False","CrossBuy/Controllers/PosAppController.cs"
"POS","PosAppController","Start","POST","start","False","True","True","(none)","CrossBuy.Models.PosLaneActivityGuard(""PosCtx"", ""restaurant"", ""/pos/login"")","False","HttpPost(""start"");ValidateAntiForgeryToken","False","False","False","CrossBuy/Controllers/PosAppController.cs"
"POS","PosAppController","Terminal","GET","terminal","False","False","False","(none)","CrossBuy.Models.PosLaneActivityGuard(""PosCtx"", ""restaurant"", ""/pos/login"")","True","HttpGet(""terminal"")","False","False","False","CrossBuy/Controllers/PosAppController.cs"
"POS","PosAppController","CreateOrder","POST","order/create","False","True","True","(none)","CrossBuy.Models.PosLaneActivityGuard(""PosCtx"", ""restaurant"", ""/pos/login"")","True","HttpPost(""order/create"");ValidateAntiForgeryToken","False","False","False","CrossBuy/Controllers/PosAppController.cs"
"POS","PosAppController","OpenTable","POST","order/open-table","False","True","True","(none)","CrossBuy.Models.PosLaneActivityGuard(""PosCtx"", ""restaurant"", ""/pos/login"")","True","HttpPost(""order/open-table"");ValidateAntiForgeryToken","False","False","False","CrossBuy/Controllers/PosAppController.cs"
"POS","PosAppController","TableOrders","GET","table/orders","False","False","False","(none)","CrossBuy.Models.PosLaneActivityGuard(""PosCtx"", ""restaurant"", ""/pos/login"")","False","HttpGet(""table/orders"")","False","False","False","CrossBuy/Controllers/PosAppController.cs"
"POS","PosAppController","NewOrderOnTable","POST","order/new-on-table","False","True","True","(none)","CrossBuy.Models.PosLaneActivityGuard(""PosCtx"", ""restaurant"", ""/pos/login"")","True","HttpPost(""order/new-on-table"");ValidateAntiForgeryToken","False","False","False","CrossBuy/Controllers/PosAppController.cs"
"POS","PosAppController","AddLine","POST","order/add","False","True","True","(none)","CrossBuy.Models.PosLaneActivityGuard(""PosCtx"", ""restaurant"", ""/pos/login"")","True","HttpPost(""order/add"");ValidateAntiForgeryToken","False","False","False","CrossBuy/Controllers/PosAppController.cs"
"POS","PosAppController","ItemModifiers","GET","item/modifiers","False","False","False","(none)","CrossBuy.Models.PosLaneActivityGuard(""PosCtx"", ""restaurant"", ""/pos/login"")","True","HttpGet(""item/modifiers"")","False","False","False","CrossBuy/Controllers/PosAppController.cs"
"POS","PosAppController","VoidPaid","POST","order/void-paid","False","True","True","(none)","CrossBuy.Models.PosLaneActivityGuard(""PosCtx"", ""restaurant"", ""/pos/login"")","True","HttpPost(""order/void-paid"");ValidateAntiForgeryToken","False","False","False","CrossBuy/Controllers/PosAppController.cs"
"POS","PosAppController","ReturnLines","POST","order/return-lines","False","True","True","(none)","CrossBuy.Models.PosLaneActivityGuard(""PosCtx"", ""restaurant"", ""/pos/login"")","True","HttpPost(""order/return-lines"");ValidateAntiForgeryToken","False","False","False","CrossBuy/Controllers/PosAppController.cs"
"POS","PosAppController","OfflineBundle","GET","offline/bundle","False","False","False","(none)","CrossBuy.Models.PosLaneActivityGuard(""PosCtx"", ""restaurant"", ""/pos/login"")","False","HttpGet(""offline/bundle"")","False","False","False","CrossBuy/Controllers/PosAppController.cs"
"POS","PosAppController","SyncPaidOrder","POST","sync/paid-order","False","True","False","(none)","CrossBuy.Models.PosLaneActivityGuard(""PosCtx"", ""restaurant"", ""/pos/login"")","True","HttpPost(""sync/paid-order"")","False","False","False","CrossBuy/Controllers/PosAppController.cs"
"POS","PosAppController","SyncShiftClose","POST","sync/shift-close","False","True","False","(none)","CrossBuy.Models.PosLaneActivityGuard(""PosCtx"", ""restaurant"", ""/pos/login"")","True","HttpPost(""sync/shift-close"")","False","False","False","CrossBuy/Controllers/PosAppController.cs"
"POS","PosAppController","OrderDetail","GET","order/detail","False","False","False","(none)","CrossBuy.Models.PosLaneActivityGuard(""PosCtx"", ""restaurant"", ""/pos/login"")","True","HttpGet(""order/detail"")","False","False","False","CrossBuy/Controllers/PosAppController.cs"
"POS","PosAppController","RecentOrders","GET","orders/recent","False","False","False","(none)","CrossBuy.Models.PosLaneActivityGuard(""PosCtx"", ""restaurant"", ""/pos/login"")","True","HttpGet(""orders/recent"")","False","False","False","CrossBuy/Controllers/PosAppController.cs"
"POS","PosAppController","ShiftZ","GET","shift/z","False","False","False","(none)","CrossBuy.Models.PosLaneActivityGuard(""PosCtx"", ""restaurant"", ""/pos/login"")","True","HttpGet(""shift/z"")","False","False","False","CrossBuy/Controllers/PosAppController.cs"
"POS","PosAppController","ShiftClose","POST","shift/close","False","True","True","(none)","CrossBuy.Models.PosLaneActivityGuard(""PosCtx"", ""restaurant"", ""/pos/login"")","True","HttpPost(""shift/close"");ValidateAntiForgeryToken","False","False","False","CrossBuy/Controllers/PosAppController.cs"
"POS","PosAppController","SetQty","POST","order/setqty","False","True","True","(none)","CrossBuy.Models.PosLaneActivityGuard(""PosCtx"", ""restaurant"", ""/pos/login"")","True","HttpPost(""order/setqty"");ValidateAntiForgeryToken","False","False","False","CrossBuy/Controllers/PosAppController.cs"
"POS","PosAppController","RemoveLine","POST","order/remove","False","True","True","(none)","CrossBuy.Models.PosLaneActivityGuard(""PosCtx"", ""restaurant"", ""/pos/login"")","True","HttpPost(""order/remove"");ValidateAntiForgeryToken","False","False","False","CrossBuy/Controllers/PosAppController.cs"
"POS","PosAppController","SendKitchen","POST","order/send-kitchen","False","True","True","(none)","CrossBuy.Models.PosLaneActivityGuard(""PosCtx"", ""restaurant"", ""/pos/login"")","True","HttpPost(""order/send-kitchen"");ValidateAntiForgeryToken","False","False","False","CrossBuy/Controllers/PosAppController.cs"
"POS","PosAppController","Kitchen","GET","kitchen","False","False","False","(none)","CrossBuy.Models.PosLaneActivityGuard(""PosCtx"", ""restaurant"", ""/pos/login"")","True","HttpGet(""kitchen"")","False","False","False","CrossBuy/Controllers/PosAppController.cs"
"POS","PosAppController","KdsTickets","GET","kds/tickets","False","False","False","(none)","CrossBuy.Models.PosLaneActivityGuard(""PosCtx"", ""restaurant"", ""/pos/login"")","True","HttpGet(""kds/tickets"")","False","False","False","CrossBuy/Controllers/PosAppController.cs"
"POS","PosAppController","KdsLineStatus","POST","kds/line-status","False","True","True","(none)","CrossBuy.Models.PosLaneActivityGuard(""PosCtx"", ""restaurant"", ""/pos/login"")","True","HttpPost(""kds/line-status"");ValidateAntiForgeryToken","False","False","False","CrossBuy/Controllers/PosAppController.cs"
"POS","PosAppController","SetOrderCustomer","POST","order/customer","False","True","True","(none)","CrossBuy.Models.PosLaneActivityGuard(""PosCtx"", ""restaurant"", ""/pos/login"")","True","HttpPost(""order/customer"");ValidateAntiForgeryToken","False","False","False","CrossBuy/Controllers/PosAppController.cs"
"POS","PosAppController","SetGuests","POST","order/guests","False","True","True","(none)","CrossBuy.Models.PosLaneActivityGuard(""PosCtx"", ""restaurant"", ""/pos/login"")","True","HttpPost(""order/guests"");ValidateAntiForgeryToken","False","False","False","CrossBuy/Controllers/PosAppController.cs"
"POS","PosAppController","SetDelivery","POST","order/delivery","False","True","True","(none)","CrossBuy.Models.PosLaneActivityGuard(""PosCtx"", ""restaurant"", ""/pos/login"")","True","HttpPost(""order/delivery"");ValidateAntiForgeryToken","False","False","False","CrossBuy/Controllers/PosAppController.cs"
"POS","PosAppController","DeliveryZones","GET","delivery/zones","False","False","False","(none)","CrossBuy.Models.PosLaneActivityGuard(""PosCtx"", ""restaurant"", ""/pos/login"")","False","HttpGet(""delivery/zones"")","False","False","False","CrossBuy/Controllers/PosAppController.cs"
"POS","PosAppController","CustomerAddresses","GET","customer/addresses","False","False","False","(none)","CrossBuy.Models.PosLaneActivityGuard(""PosCtx"", ""restaurant"", ""/pos/login"")","False","HttpGet(""customer/addresses"")","False","False","False","CrossBuy/Controllers/PosAppController.cs"
"POS","PosAppController","AddCustomerAddress","POST","customer/address","False","True","True","(none)","CrossBuy.Models.PosLaneActivityGuard(""PosCtx"", ""restaurant"", ""/pos/login"")","True","HttpPost(""customer/address"");ValidateAntiForgeryToken","False","False","False","CrossBuy/Controllers/PosAppController.cs"
"POS","PosAppController","Drivers","GET","drivers","False","False","False","(none)","CrossBuy.Models.PosLaneActivityGuard(""PosCtx"", ""restaurant"", ""/pos/login"")","False","HttpGet(""drivers"")","False","False","False","CrossBuy/Controllers/PosAppController.cs"
"POS","PosAppController","AssignDriver","POST","order/driver","False","True","True","(none)","CrossBuy.Models.PosLaneActivityGuard(""PosCtx"", ""restaurant"", ""/pos/login"")","True","HttpPost(""order/driver"");ValidateAntiForgeryToken","False","False","False","CrossBuy/Controllers/PosAppController.cs"
"POS","PosAppController","SetDeliveryStatus","POST","order/delivery-status","False","True","True","(none)","CrossBuy.Models.PosLaneActivityGuard(""PosCtx"", ""restaurant"", ""/pos/login"")","True","HttpPost(""order/delivery-status"");ValidateAntiForgeryToken","False","False","False","CrossBuy/Controllers/PosAppController.cs"
"POS","PosAppController","Delivery","GET","delivery","False","False","False","(none)","CrossBuy.Models.PosLaneActivityGuard(""PosCtx"", ""restaurant"", ""/pos/login"")","True","HttpGet(""delivery"")","False","False","False","CrossBuy/Controllers/PosAppController.cs"
"POS","PosAppController","ReservationArrive","POST","reservation/arrive","False","True","True","(none)","CrossBuy.Models.PosLaneActivityGuard(""PosCtx"", ""restaurant"", ""/pos/login"")","True","HttpPost(""reservation/arrive"");ValidateAntiForgeryToken","False","False","False","CrossBuy/Controllers/PosAppController.cs"
"POS","PosAppController","ReservationNoShow","POST","reservation/noshow","False","True","True","(none)","CrossBuy.Models.PosLaneActivityGuard(""PosCtx"", ""restaurant"", ""/pos/login"")","True","HttpPost(""reservation/noshow"");ValidateAntiForgeryToken","False","False","False","CrossBuy/Controllers/PosAppController.cs"
"POS","PosAppController","DeliveryOrders","GET","delivery/orders","False","False","False","(none)","CrossBuy.Models.PosLaneActivityGuard(""PosCtx"", ""restaurant"", ""/pos/login"")","True","HttpGet(""delivery/orders"")","False","False","False","CrossBuy/Controllers/PosAppController.cs"
"POS","PosAppController","SearchCustomers","GET","customers/search","False","False","False","(none)","CrossBuy.Models.PosLaneActivityGuard(""PosCtx"", ""restaurant"", ""/pos/login"")","False","HttpGet(""customers/search"")","False","False","False","CrossBuy/Controllers/PosAppController.cs"
"POS","PosAppController","AddCustomer","POST","customers/add","False","True","True","(none)","CrossBuy.Models.PosLaneActivityGuard(""PosCtx"", ""restaurant"", ""/pos/login"")","False","HttpPost(""customers/add"");ValidateAntiForgeryToken","False","False","False","CrossBuy/Controllers/PosAppController.cs"
"POS","PosAppController","DiscardOrder","POST","order/discard","False","True","True","(none)","CrossBuy.Models.PosLaneActivityGuard(""PosCtx"", ""restaurant"", ""/pos/login"")","True","HttpPost(""order/discard"");ValidateAntiForgeryToken","False","False","False","CrossBuy/Controllers/PosAppController.cs"
"POS","PosAppController","MoveOrder","POST","order/move","False","True","True","(none)","CrossBuy.Models.PosLaneActivityGuard(""PosCtx"", ""restaurant"", ""/pos/login"")","True","HttpPost(""order/move"");ValidateAntiForgeryToken","False","False","False","CrossBuy/Controllers/PosAppController.cs"
"POS","PosAppController","SeatOrder","POST","order/seat","False","True","True","(none)","CrossBuy.Models.PosLaneActivityGuard(""PosCtx"", ""restaurant"", ""/pos/login"")","True","HttpPost(""order/seat"");ValidateAntiForgeryToken","False","False","False","CrossBuy/Controllers/PosAppController.cs"
"POS","PosAppController","MergeOrder","POST","order/merge","False","True","True","(none)","CrossBuy.Models.PosLaneActivityGuard(""PosCtx"", ""restaurant"", ""/pos/login"")","True","HttpPost(""order/merge"");ValidateAntiForgeryToken","False","False","False","CrossBuy/Controllers/PosAppController.cs"
"POS","PosAppController","HoldOrder","POST","order/hold","False","True","True","(none)","CrossBuy.Models.PosLaneActivityGuard(""PosCtx"", ""restaurant"", ""/pos/login"")","True","HttpPost(""order/hold"");ValidateAntiForgeryToken","False","False","False","CrossBuy/Controllers/PosAppController.cs"
"POS","PosAppController","HeldOrders","GET","orders/held","False","False","False","(none)","CrossBuy.Models.PosLaneActivityGuard(""PosCtx"", ""restaurant"", ""/pos/login"")","False","HttpGet(""orders/held"")","False","False","False","CrossBuy/Controllers/PosAppController.cs"
"POS","PosAppController","OpenInvoices","GET","orders/open","False","False","False","(none)","CrossBuy.Models.PosLaneActivityGuard(""PosCtx"", ""restaurant"", ""/pos/login"")","False","HttpGet(""orders/open"")","False","False","False","CrossBuy/Controllers/PosAppController.cs"
"POS","PosAppController","RecallOrder","POST","order/recall","False","True","True","(none)","CrossBuy.Models.PosLaneActivityGuard(""PosCtx"", ""restaurant"", ""/pos/login"")","True","HttpPost(""order/recall"");ValidateAntiForgeryToken","False","False","False","CrossBuy/Controllers/PosAppController.cs"
"POS","PosAppController","LoadOrder","POST","order/load","False","True","True","(none)","CrossBuy.Models.PosLaneActivityGuard(""PosCtx"", ""restaurant"", ""/pos/login"")","True","HttpPost(""order/load"");ValidateAntiForgeryToken","False","False","False","CrossBuy/Controllers/PosAppController.cs"
"POS","PosAppController","Pay","POST","order/pay","False","True","True","(none)","CrossBuy.Models.PosLaneActivityGuard(""PosCtx"", ""restaurant"", ""/pos/login"")","True","HttpPost(""order/pay"");ValidateAntiForgeryToken","False","False","False","CrossBuy/Controllers/PosAppController.cs"
"POS","PosAppController","PayTenders","POST","order/pay-tenders","False","True","True","(none)","CrossBuy.Models.PosLaneActivityGuard(""PosCtx"", ""restaurant"", ""/pos/login"")","True","HttpPost(""order/pay-tenders"");ValidateAntiForgeryToken","False","False","False","CrossBuy/Controllers/PosAppController.cs"
"POS","PosAppController","PaySplitItems","POST","order/pay-split-items","False","True","True","(none)","CrossBuy.Models.PosLaneActivityGuard(""PosCtx"", ""restaurant"", ""/pos/login"")","True","HttpPost(""order/pay-split-items"");ValidateAntiForgeryToken","False","False","False","CrossBuy/Controllers/PosAppController.cs"
"POS","PosAppController","TablesBoard","GET","tables","False","False","False","(none)","CrossBuy.Models.PosLaneActivityGuard(""PosCtx"", ""restaurant"", ""/pos/login"")","False","HttpGet(""tables"")","False","False","False","CrossBuy/Controllers/PosAppController.cs"
"POS","PosAppController","SetTableStatus","POST","tables/status","False","True","True","(none)","CrossBuy.Models.PosLaneActivityGuard(""PosCtx"", ""restaurant"", ""/pos/login"")","True","HttpPost(""tables/status"");ValidateAntiForgeryToken","False","False","False","CrossBuy/Controllers/PosAppController.cs"
"POS","PosAppController","AddTable","POST","tables/add","False","True","True","(none)","CrossBuy.Models.PosLaneActivityGuard(""PosCtx"", ""restaurant"", ""/pos/login"")","True","HttpPost(""tables/add"");ValidateAntiForgeryToken","False","False","False","CrossBuy/Controllers/PosAppController.cs"
"POS","PosController","Dashboard","GET","","False","False","False","(none)","SessionValidation","False","HttpGet","False","False","False","CrossBuy/Controllers/PosController.cs"
"POS","PosController","Setup","GET","","False","False","False","(none)","SessionValidation","False","HttpGet","False","False","False","CrossBuy/Controllers/PosController.cs"
"POS","PosController","ApplyPreset","POST","","False","True","True","(none)","SessionValidation","False","HttpPost;ValidateAntiForgeryToken","False","False","False","CrossBuy/Controllers/PosController.cs"
"POS","PosController","SaveCapabilities","POST","","False","True","True","(none)","SessionValidation","False","HttpPost;ValidateAntiForgeryToken","False","False","False","CrossBuy/Controllers/PosController.cs"
"POS","PosController","SavePosSetting","POST","","False","True","True","(none)","SessionValidation","False","HttpPost;ValidateAntiForgeryToken","False","False","False","CrossBuy/Controllers/PosController.cs"
"POS","PosController","Areas","GET","","False","False","False","(none)","SessionValidation","False","HttpGet","False","False","False","CrossBuy/Controllers/PosController.cs"
"POS","PosController","SaveDiningArea","POST","","False","True","True","(none)","SessionValidation","False","HttpPost;ValidateAntiForgeryToken","False","False","False","CrossBuy/Controllers/PosController.cs"
"POS","PosController","DeleteDiningArea","POST","","False","True","True","(none)","SessionValidation","False","HttpPost;ValidateAntiForgeryToken","False","False","False","CrossBuy/Controllers/PosController.cs"
"POS","PosController","SaveStation","POST","","False","True","True","(none)","SessionValidation","False","HttpPost;ValidateAntiForgeryToken","False","False","False","CrossBuy/Controllers/PosController.cs"
"POS","PosController","DeleteStation","POST","","False","True","True","(none)","SessionValidation","False","HttpPost;ValidateAntiForgeryToken","False","False","False","CrossBuy/Controllers/PosController.cs"
"POS","PosController","Drivers","GET","","False","False","False","(none)","SessionValidation","False","HttpGet","False","False","False","CrossBuy/Controllers/PosController.cs"
"POS","PosController","SaveDriver","POST","","False","True","True","(none)","SessionValidation","False","HttpPost;ValidateAntiForgeryToken","False","False","False","CrossBuy/Controllers/PosController.cs"
"POS","PosController","DeleteDriver","POST","","False","True","True","(none)","SessionValidation","False","HttpPost;ValidateAntiForgeryToken","False","False","False","CrossBuy/Controllers/PosController.cs"
"POS","PosController","DeliveryZones","GET","","False","False","False","(none)","SessionValidation","False","HttpGet","False","False","False","CrossBuy/Controllers/PosController.cs"
"POS","PosController","SaveDeliveryZone","POST","","False","True","True","(none)","SessionValidation","False","HttpPost;ValidateAntiForgeryToken","False","False","False","CrossBuy/Controllers/PosController.cs"
"POS","PosController","DeleteDeliveryZone","POST","","False","True","True","(none)","SessionValidation","False","HttpPost;ValidateAntiForgeryToken","False","False","False","CrossBuy/Controllers/PosController.cs"
"POS","PosController","ItemSourcing","GET","","False","False","False","(none)","SessionValidation","False","HttpGet","False","False","False","CrossBuy/Controllers/PosController.cs"
"POS","PosController","SaveItemSourcing","POST","","False","True","True","(none)","SessionValidation","False","HttpPost;ValidateAntiForgeryToken","False","False","False","CrossBuy/Controllers/PosController.cs"
"POS","PosController","SourcingOverview","GET","","False","False","False","(none)","SessionValidation","False","HttpGet","False","False","False","CrossBuy/Controllers/PosController.cs"
"POS","PosController","SyncConflicts","GET","","False","False","False","(none)","SessionValidation","False","HttpGet","False","False","False","CrossBuy/Controllers/PosController.cs"
"POS","PosController","AckSyncConflict","POST","","False","True","True","(none)","SessionValidation","False","HttpPost;ValidateAntiForgeryToken","False","False","False","CrossBuy/Controllers/PosController.cs"
"POS","PosController","PrepareFinished","POST","","False","True","True","(none)","SessionValidation","True","HttpPost;ValidateAntiForgeryToken","False","False","False","CrossBuy/Controllers/PosController.cs"
"POS","PosController","PrepareSemi","POST","","False","True","True","(none)","SessionValidation","True","HttpPost;ValidateAntiForgeryToken","False","False","False","CrossBuy/Controllers/PosController.cs"
"POS","PosController","Reservations","GET","","False","False","False","(none)","SessionValidation","False","HttpGet","False","False","False","CrossBuy/Controllers/PosController.cs"
"POS","PosController","SaveReservation","POST","","False","True","True","(none)","SessionValidation","False","HttpPost;ValidateAntiForgeryToken","False","False","False","CrossBuy/Controllers/PosController.cs"
"POS","PosController","SetReservationStatus","POST","","False","True","True","(none)","SessionValidation","False","HttpPost;ValidateAntiForgeryToken","False","False","False","CrossBuy/Controllers/PosController.cs"
"POS","PosController","ReservationEvents","GET","","False","False","False","(none)","SessionValidation","False","HttpGet","False","False","False","CrossBuy/Controllers/PosController.cs"
"POS","PosController","FloorData","GET","","False","False","False","(none)","SessionValidation","False","HttpGet","False","False","False","CrossBuy/Controllers/PosController.cs"
"POS","PosController","CustomerSearch","GET","","False","False","False","(none)","SessionValidation","False","HttpGet","False","False","False","CrossBuy/Controllers/PosController.cs"
"POS","PosController","CustomerQuickAdd","POST","","False","True","True","CrossBuy.Models.ApiPerm(CrossBuy.Models.ApiPermAttribute.Accounting, ""post"")","SessionValidation","False","HttpPost;ValidateAntiForgeryToken;CrossBuy.Models.ApiPerm(CrossBuy.Models.ApiPermAttribute.Accounting, ""post"")","False","False","False","CrossBuy/Controllers/PosController.cs"
"POS","PosController","FloorPlan","GET","","False","False","False","(none)","SessionValidation","False","HttpGet","False","False","False","CrossBuy/Controllers/PosController.cs"
"POS","PosController","SaveTable","POST","","False","True","True","(none)","SessionValidation","False","HttpPost;ValidateAntiForgeryToken","False","False","False","CrossBuy/Controllers/PosController.cs"
"POS","PosController","SaveLayout","POST","","False","True","True","(none)","SessionValidation","False","HttpPost;ValidateAntiForgeryToken","False","False","False","CrossBuy/Controllers/PosController.cs"
"POS","PosController","DeleteTable","POST","","False","True","True","(none)","SessionValidation","False","HttpPost;ValidateAntiForgeryToken","False","False","False","CrossBuy/Controllers/PosController.cs"
"POS","PosController","RegenerateQr","POST","","False","True","True","(none)","SessionValidation","False","HttpPost;ValidateAntiForgeryToken","False","False","False","CrossBuy/Controllers/PosController.cs"
"POS","PosController","TableQr","GET","","False","False","False","(none)","SessionValidation","False","HttpGet","False","False","False","CrossBuy/Controllers/PosController.cs"
"POS","PosController","QuickMenu","GET","","False","False","False","(none)","SessionValidation","False","HttpGet","False","False","False","CrossBuy/Controllers/PosController.cs"
"POS","PosController","ItemSearch","GET","","False","False","False","(none)","SessionValidation","False","HttpGet","False","False","False","CrossBuy/Controllers/PosController.cs"
"POS","PosController","AddQuickItemJson","POST","","False","True","True","(none)","SessionValidation","False","HttpPost;ValidateAntiForgeryToken","False","False","False","CrossBuy/Controllers/PosController.cs"
"POS","PosController","Modifiers","GET","","False","False","False","(none)","SessionValidation","False","HttpGet","False","False","False","CrossBuy/Controllers/PosController.cs"
"POS","PosController","SaveModifierGroup","POST","","False","True","True","(none)","SessionValidation","False","HttpPost;ValidateAntiForgeryToken","False","False","False","CrossBuy/Controllers/PosController.cs"
"POS","PosController","DeleteModifierGroup","POST","","False","True","True","(none)","SessionValidation","False","HttpPost;ValidateAntiForgeryToken","False","False","False","CrossBuy/Controllers/PosController.cs"
"POS","PosController","SaveModifierOption","POST","","False","True","True","(none)","SessionValidation","False","HttpPost;ValidateAntiForgeryToken","False","False","False","CrossBuy/Controllers/PosController.cs"
"POS","PosController","DeleteModifierOption","POST","","False","True","True","(none)","SessionValidation","False","HttpPost;ValidateAntiForgeryToken","False","False","False","CrossBuy/Controllers/PosController.cs"
"POS","PosController","AttachModifierItemJson","POST","","False","True","True","(none)","SessionValidation","False","HttpPost;ValidateAntiForgeryToken","False","False","False","CrossBuy/Controllers/PosController.cs"
"POS","PosController","DetachModifierItem","POST","","False","True","True","(none)","SessionValidation","False","HttpPost;ValidateAntiForgeryToken","False","False","False","CrossBuy/Controllers/PosController.cs"
"POS","PosController","PaymentMethods","GET","","False","False","False","(none)","SessionValidation","False","HttpGet","False","False","False","CrossBuy/Controllers/PosController.cs"
"POS","PosController","SavePaymentMethod","POST","","False","True","True","(none)","SessionValidation","False","HttpPost;ValidateAntiForgeryToken","False","False","False","CrossBuy/Controllers/PosController.cs"
"POS","PosController","DeletePaymentMethod","POST","","False","True","True","(none)","SessionValidation","False","HttpPost;ValidateAntiForgeryToken","False","False","False","CrossBuy/Controllers/PosController.cs"
"POS","PosController","CashierRoles","GET","","False","False","False","(none)","SessionValidation","False","HttpGet","False","False","False","CrossBuy/Controllers/PosController.cs"
"POS","PosController","AssignPosRole","POST","","False","True","True","(none)","SessionValidation","False","HttpPost;ValidateAntiForgeryToken","False","False","False","CrossBuy/Controllers/PosController.cs"
"POS","PosController","RemovePosRole","POST","","False","True","True","(none)","SessionValidation","False","HttpPost;ValidateAntiForgeryToken","False","False","False","CrossBuy/Controllers/PosController.cs"
"POS","PosController","Terminals","GET","","False","False","False","(none)","SessionValidation","False","HttpGet","False","False","False","CrossBuy/Controllers/PosController.cs"
"POS","PosController","SaveTerminal","POST","","False","True","True","(none)","SessionValidation","False","HttpPost;ValidateAntiForgeryToken","False","False","False","CrossBuy/Controllers/PosController.cs"
"POS","PosController","DeleteTerminal","POST","","False","True","True","(none)","SessionValidation","False","HttpPost;ValidateAntiForgeryToken","False","False","False","CrossBuy/Controllers/PosController.cs"
"POS","PosController","OpenShift","POST","","False","True","True","(none)","SessionValidation","True","HttpPost;ValidateAntiForgeryToken","False","False","False","CrossBuy/Controllers/PosController.cs"
"POS","PosController","CloseShift","POST","","False","True","True","(none)","SessionValidation","True","HttpPost;ValidateAntiForgeryToken","False","False","False","CrossBuy/Controllers/PosController.cs"
"POS","PosController","Preview","GET","","False","False","False","(none)","SessionValidation","False","HttpGet","False","False","False","CrossBuy/Controllers/PosController.cs"
"POS","PosController","SaveMenuGroup","POST","","False","True","True","(none)","SessionValidation","False","HttpPost;ValidateAntiForgeryToken","False","False","False","CrossBuy/Controllers/PosController.cs"
"POS","PosController","DeleteMenuGroup","POST","","False","True","True","(none)","SessionValidation","False","HttpPost;ValidateAntiForgeryToken","False","False","False","CrossBuy/Controllers/PosController.cs"
"POS","PosController","AddQuickItem","POST","","False","True","True","(none)","SessionValidation","False","HttpPost;ValidateAntiForgeryToken","False","False","False","CrossBuy/Controllers/PosController.cs"
"POS","PosController","RemoveQuickItem","POST","","False","True","True","(none)","SessionValidation","False","HttpPost;ValidateAntiForgeryToken","False","False","False","CrossBuy/Controllers/PosController.cs"
"POS","PosController","SetQuickCode","POST","","False","True","True","(none)","SessionValidation","False","HttpPost;ValidateAntiForgeryToken","False","False","False","CrossBuy/Controllers/PosController.cs"
"Projects","ProjectController","Dashboard","GET","","False","False","False","(none)","SessionValidation","False","HttpGet","False","False","False","CrossBuy/Controllers/ProjectController.cs"
"Projects","ProjectController","Projects","GET","","False","False","False","(none)","SessionValidation","False","HttpGet","False","False","False","CrossBuy/Controllers/ProjectController.cs"
"Projects","ProjectController","SaveProject","POST","","False","True","True","(none)","SessionValidation","False","HttpPost;ValidateAntiForgeryToken","False","False","False","CrossBuy/Controllers/ProjectController.cs"
"Projects","ProjectController","DeleteProject","POST","","False","True","True","(none)","SessionValidation","False","HttpPost;ValidateAntiForgeryToken","False","False","False","CrossBuy/Controllers/ProjectController.cs"
"Projects","ProjectController","Profitability","GET","","False","False","False","(none)","SessionValidation","False","HttpGet","False","False","False","CrossBuy/Controllers/ProjectController.cs"
"Projects","ProjectController","Boq","GET","","False","False","False","(none)","SessionValidation","True","HttpGet","False","False","False","CrossBuy/Controllers/ProjectController.cs"
"Projects","ProjectController","SaveBoq","POST","","False","True","True","(none)","SessionValidation","True","HttpPost;ValidateAntiForgeryToken","False","False","False","CrossBuy/Controllers/ProjectController.cs"
"Projects","ProjectController","Advance","GET","","False","False","False","(none)","SessionValidation","False","HttpGet","False","False","False","CrossBuy/Controllers/ProjectController.cs"
"Projects","ProjectController","ReceiveAdvance","POST","","False","True","True","(none)","SessionValidation","True","HttpPost;ValidateAntiForgeryToken","False","False","False","CrossBuy/Controllers/ProjectController.cs"
"Projects","ProjectController","RetentionRelease","GET","","False","False","False","(none)","SessionValidation","False","HttpGet","False","False","False","CrossBuy/Controllers/ProjectController.cs"
"Projects","ProjectController","ReleaseRetention","POST","","False","True","True","(none)","SessionValidation","True","HttpPost;ValidateAntiForgeryToken","False","False","False","CrossBuy/Controllers/ProjectController.cs"
"Projects","ProjectController","SubRetentionRelease","GET","","False","False","False","(none)","SessionValidation","False","HttpGet","False","False","False","CrossBuy/Controllers/ProjectController.cs"
"Projects","ProjectController","ReleaseSubRetention","POST","","False","True","True","(none)","SessionValidation","True","HttpPost;ValidateAntiForgeryToken","False","False","False","CrossBuy/Controllers/ProjectController.cs"
"Projects","ProjectController","Progress","GET","","False","False","False","(none)","SessionValidation","False","HttpGet","False","False","False","CrossBuy/Controllers/ProjectController.cs"
"Projects","ProjectController","SaveProgress","POST","","False","True","True","(none)","SessionValidation","False","HttpPost;ValidateAntiForgeryToken","False","False","False","CrossBuy/Controllers/ProjectController.cs"
"Projects","ProjectController","ConfirmProgress","POST","","False","True","True","(none)","SessionValidation","False","HttpPost;ValidateAntiForgeryToken","False","False","False","CrossBuy/Controllers/ProjectController.cs"
"Projects","ProjectController","DeleteProgress","POST","","False","True","True","(none)","SessionValidation","False","HttpPost;ValidateAntiForgeryToken","False","False","False","CrossBuy/Controllers/ProjectController.cs"
"Projects","ProjectController","Billing","GET","","False","False","False","(none)","SessionValidation","False","HttpGet","False","False","False","CrossBuy/Controllers/ProjectController.cs"
"Projects","ProjectController","SaveBilling","POST","","False","True","True","(none)","SessionValidation","True","HttpPost;ValidateAntiForgeryToken","False","False","False","CrossBuy/Controllers/ProjectController.cs"
"Projects","ProjectController","ApproveBilling","POST","","False","True","True","(none)","SessionValidation","True","HttpPost;ValidateAntiForgeryToken","False","False","False","CrossBuy/Controllers/ProjectController.cs"
"Projects","ProjectController","PostBilling","POST","","False","True","True","(none)","SessionValidation","True","HttpPost;ValidateAntiForgeryToken","False","False","False","CrossBuy/Controllers/ProjectController.cs"
"Projects","ProjectController","DeleteBilling","POST","","False","True","True","(none)","SessionValidation","True","HttpPost;ValidateAntiForgeryToken","False","False","False","CrossBuy/Controllers/ProjectController.cs"
"Projects","ProjectController","MaterialIssues","GET","","False","False","False","(none)","SessionValidation","False","HttpGet","False","False","False","CrossBuy/Controllers/ProjectController.cs"
"Projects","ProjectController","SaveMaterialIssue","POST","","False","True","True","(none)","SessionValidation","True","HttpPost;ValidateAntiForgeryToken","False","False","False","CrossBuy/Controllers/ProjectController.cs"
"Projects","ProjectController","PostMaterialIssue","POST","","False","True","True","(none)","SessionValidation","True","HttpPost;ValidateAntiForgeryToken","False","False","False","CrossBuy/Controllers/ProjectController.cs"
"Projects","ProjectController","DeleteMaterialIssue","POST","","False","True","True","(none)","SessionValidation","True","HttpPost;ValidateAntiForgeryToken","False","False","False","CrossBuy/Controllers/ProjectController.cs"
"Projects","ProjectController","Labor","GET","","False","False","False","(none)","SessionValidation","False","HttpGet","False","False","False","CrossBuy/Controllers/ProjectController.cs"
"Projects","ProjectController","PostLabor","POST","","False","True","True","(none)","SessionValidation","True","HttpPost;ValidateAntiForgeryToken","False","False","False","CrossBuy/Controllers/ProjectController.cs"
"Projects","ProjectController","Budget","GET","","False","False","False","(none)","SessionValidation","False","HttpGet","False","False","False","CrossBuy/Controllers/ProjectController.cs"
"Projects","ProjectController","Subcontracts","GET","","False","False","False","(none)","SessionValidation","False","HttpGet","False","False","False","CrossBuy/Controllers/ProjectController.cs"
"Projects","ProjectController","SaveSubcontract","POST","","False","True","True","(none)","SessionValidation","True","HttpPost;ValidateAntiForgeryToken","False","False","False","CrossBuy/Controllers/ProjectController.cs"
"Projects","ProjectController","SaveSubBilling","POST","","False","True","True","(none)","SessionValidation","True","HttpPost;ValidateAntiForgeryToken","False","False","False","CrossBuy/Controllers/ProjectController.cs"
"Projects","ProjectController","ApproveSubBilling","POST","","False","True","True","(none)","SessionValidation","True","HttpPost;ValidateAntiForgeryToken","False","False","False","CrossBuy/Controllers/ProjectController.cs"
"Projects","ProjectController","PostSubBilling","POST","","False","True","True","(none)","SessionValidation","True","HttpPost;ValidateAntiForgeryToken","False","False","False","CrossBuy/Controllers/ProjectController.cs"
"Projects","ProjectController","DeleteSubBilling","POST","","False","True","True","(none)","SessionValidation","True","HttpPost;ValidateAntiForgeryToken","False","False","False","CrossBuy/Controllers/ProjectController.cs"
"Projects","ProjectController","VariationOrders","GET","","False","False","False","(none)","SessionValidation","False","HttpGet","False","False","False","CrossBuy/Controllers/ProjectController.cs"
"Projects","ProjectController","SaveVariationOrder","POST","","False","True","True","(none)","SessionValidation","True","HttpPost;ValidateAntiForgeryToken","False","False","False","CrossBuy/Controllers/ProjectController.cs"
"Projects","ProjectController","ApproveVariationOrder","POST","","False","True","True","(none)","SessionValidation","True","HttpPost;ValidateAntiForgeryToken","False","False","False","CrossBuy/Controllers/ProjectController.cs"
"Projects","ProjectController","DeleteVariationOrder","POST","","False","True","True","(none)","SessionValidation","True","HttpPost;ValidateAntiForgeryToken","False","False","False","CrossBuy/Controllers/ProjectController.cs"
"Projects","ProjectController","EquipmentDepreciation","GET","","False","False","False","(none)","SessionValidation","False","HttpGet","False","False","False","CrossBuy/Controllers/ProjectController.cs"
"Projects","ProjectController","SaveEquipmentDepreciation","POST","","False","True","True","(none)","SessionValidation","True","HttpPost;ValidateAntiForgeryToken","False","False","False","CrossBuy/Controllers/ProjectController.cs"
"Projects","ProjectController","PostEquipmentDepreciation","POST","","False","True","True","(none)","SessionValidation","True","HttpPost;ValidateAntiForgeryToken","False","False","False","CrossBuy/Controllers/ProjectController.cs"
"Projects","ProjectController","DeleteEquipmentDepreciation","POST","","False","True","True","(none)","SessionValidation","True","HttpPost;ValidateAntiForgeryToken","False","False","False","CrossBuy/Controllers/ProjectController.cs"
"Projects","ProjectController","ActivityTypes","GET","","False","False","False","(none)","SessionValidation","False","HttpGet","False","False","False","CrossBuy/Controllers/ProjectController.cs"
"Projects","ProjectController","SaveActivityType","POST","","False","True","True","(none)","SessionValidation","False","HttpPost;ValidateAntiForgeryToken","False","False","False","CrossBuy/Controllers/ProjectController.cs"
"Projects","ProjectController","DeleteActivityType","POST","","False","True","True","(none)","SessionValidation","False","HttpPost;ValidateAntiForgeryToken","False","False","False","CrossBuy/Controllers/ProjectController.cs"
"Other","ServiceController","Index","GET","","False","False","False","(none)","SessionValidation","False","SessionValidation;HttpGet","False","False","False","CrossBuy/Controllers/ServiceController.cs"
"Other","ServiceController","CompaniesList","GET","","False","False","False","(none)","SessionValidation","False","SessionValidation;HttpGet","False","False","False","CrossBuy/Controllers/ServiceController.cs"
"Other","ServiceController","CompanyDetails","GET","","False","False","False","(none)","SessionValidation","False","SessionValidation;HttpGet","False","False","False","CrossBuy/Controllers/ServiceController.cs"
"Other","ServiceController","CompanyDetails","POST","","False","True","False","(none)","SessionValidation","False","SessionValidation;HttpPost","False","False","False","CrossBuy/Controllers/ServiceController.cs"
"Other","ServiceController","BranchesList","GET","","False","False","False","(none)","SessionValidation","False","","False","False","False","CrossBuy/Controllers/ServiceController.cs"
"Other","ServiceController","GetCompanyDataById","GET","","False","False","False","(none)","SessionValidation","False","HttpGet","False","False","False","CrossBuy/Controllers/ServiceController.cs"
"Other","ServiceController","BranchDetails","GET","","False","False","False","(none)","SessionValidation","False","","False","False","False","CrossBuy/Controllers/ServiceController.cs"
"Other","ServiceController","BranchDetails","POST","","False","True","False","(none)","SessionValidation","False","SessionValidation;HttpPost","False","False","False","CrossBuy/Controllers/ServiceController.cs"
"Retail","StoreController","Product","GET","","False","False","False","(none)","AllowAnonymous","False","","False","False","False","CrossBuy/Controllers/StoreController.cs"
"Retail","StoreController","Category","GET","","False","False","False","(none)","AllowAnonymous","False","","False","False","False","CrossBuy/Controllers/StoreController.cs"
"Tasks","TasksController","Index","GET","","False","False","False","(none)","(none)","False","HttpGet","False","False","False","CrossBuy/Controllers/TasksController.cs"
"Tasks","TasksController","All","GET","","False","False","False","(none)","(none)","False","HttpGet","False","False","False","CrossBuy/Controllers/TasksController.cs"
"Tasks","TasksController","Save","POST","","False","True","True","(none)","(none)","False","HttpPost;ValidateAntiForgeryToken","False","False","False","CrossBuy/Controllers/TasksController.cs"
"Tasks","TasksController","Reports","GET","","False","False","False","(none)","(none)","False","HttpGet","False","False","False","CrossBuy/Controllers/TasksController.cs"
"Tasks","TasksController","HoursReport","GET","","False","False","False","(none)","(none)","False","HttpGet","False","False","False","CrossBuy/Controllers/TasksController.cs"
"Tasks","TasksController","AutoRules","GET","","False","False","False","(none)","(none)","False","HttpGet","False","False","False","CrossBuy/Controllers/TasksController.cs"
"Tasks","TasksController","SaveAutoRule","POST","","False","True","True","(none)","(none)","False","HttpPost;ValidateAntiForgeryToken","False","False","False","CrossBuy/Controllers/TasksController.cs"
"Tasks","TasksController","RunGenerator","POST","","False","True","True","(none)","(none)","False","HttpPost;ValidateAntiForgeryToken","False","False","False","CrossBuy/Controllers/TasksController.cs"
"Tasks","TasksController","LinkSearch","GET","","False","False","False","(none)","(none)","False","HttpGet","False","False","False","CrossBuy/Controllers/TasksController.cs"
"Tasks","TasksController","MatchSuggestions","GET","","False","False","False","(none)","(none)","False","HttpGet","False","False","False","CrossBuy/Controllers/TasksController.cs"
"Tasks","TasksController","ConfirmMatch","POST","","False","True","True","(none)","(none)","True","HttpPost;ValidateAntiForgeryToken","False","False","False","CrossBuy/Controllers/TasksController.cs"
"Tasks","TasksController","DismissMatch","POST","","False","True","True","(none)","(none)","False","HttpPost;ValidateAntiForgeryToken","False","False","False","CrossBuy/Controllers/TasksController.cs"
"Tasks","TasksController","ChangeStatus","POST","","False","True","True","(none)","(none)","False","HttpPost;ValidateAntiForgeryToken","False","False","False","CrossBuy/Controllers/TasksController.cs"
"Tasks","TasksController","Delete","POST","","False","True","True","(none)","(none)","False","HttpPost;ValidateAntiForgeryToken","False","False","False","CrossBuy/Controllers/TasksController.cs"
"Tasks","TasksController","StartTimer","POST","","False","True","True","(none)","(none)","False","HttpPost;ValidateAntiForgeryToken","False","False","False","CrossBuy/Controllers/TasksController.cs"
"Tasks","TasksController","StopTimer","POST","","False","True","True","(none)","(none)","False","HttpPost;ValidateAntiForgeryToken","False","False","False","CrossBuy/Controllers/TasksController.cs"
"Tasks","TasksController","AddTime","POST","","False","True","True","(none)","(none)","False","HttpPost;ValidateAntiForgeryToken","False","False","False","CrossBuy/Controllers/TasksController.cs"
"Tasks","TasksController","DeleteTime","POST","","False","True","True","(none)","(none)","False","HttpPost;ValidateAntiForgeryToken","False","False","False","CrossBuy/Controllers/TasksController.cs"
"Tasks","TasksController","TimesheetLines","GET","","False","False","False","(none)","(none)","False","HttpGet","False","False","False","CrossBuy/Controllers/TasksController.cs"
"Tasks","TasksController","PostLaborToWO","POST","","False","True","True","(none)","(none)","True","HttpPost;ValidateAntiForgeryToken","False","False","False","CrossBuy/Controllers/TasksController.cs"
"Tasks","TasksController","GenerateInvoice","POST","","False","True","True","(none)","(none)","True","HttpPost;ValidateAntiForgeryToken","False","False","False","CrossBuy/Controllers/TasksController.cs"
