"module","controller","action","http_method","mutating","antiforgery","is_api","permission_attributes","inherited_permission","in_body_authorization","file"
"Identity","AccountController","SetLanguage","GET","False","False","False","(none)","(none)","False","CrossBuy/Controllers/AccountController.cs"
"Identity","AccountController","Login","GET","False","False","False","(none)","(none)","False","CrossBuy/Controllers/AccountController.cs"
"Identity","AccountController","SetEmployeeSession","GET","False","False","False","(none)","(none)","False","CrossBuy/Controllers/AccountController.cs"
"Identity","AccountController","GetEmployeeFromSession","GET","False","False","False","(none)","(none)","False","CrossBuy/Controllers/AccountController.cs"
"Identity","AccountController","Login","POST","True","False","False","(none)","(none)","False","CrossBuy/Controllers/AccountController.cs"
"Identity","AccountController","Logout","GET","False","False","False","(none)","(none)","False","CrossBuy/Controllers/AccountController.cs"
"Identity","AccountController","Profile","GET","False","False","False","(none)","(none)","False","CrossBuy/Controllers/AccountController.cs"
"Identity","AccountController","Statements","GET","False","False","False","(none)","(none)","False","CrossBuy/Controllers/AccountController.cs"
"Identity","AccountController","Subscription","GET","False","False","False","(none)","(none)","False","CrossBuy/Controllers/AccountController.cs"
"Identity","AccountController","Settings","GET","False","False","False","(none)","(none)","False","CrossBuy/Controllers/AccountController.cs"
"Identity","AccountController","ChangePassword","POST","True","True","False","(none)","(none)","False","CrossBuy/Controllers/AccountController.cs"
"Identity","AccountingController","AiInsights","GET","False","False","False","(none)","SessionValidation","False","CrossBuy/Controllers/AccountingController.cs"
"Identity","AccountingController","Index","GET","False","False","False","(none)","SessionValidation","False","CrossBuy/Controllers/AccountingController.cs"
"Identity","AccountingController","Executive","GET","False","False","False","(none)","SessionValidation","False","CrossBuy/Controllers/AccountingController.cs"
"Identity","AccountingController","ChartOfAccounts","GET","False","False","False","(none)","SessionValidation","False","CrossBuy/Controllers/AccountingController.cs"
"Identity","AccountingController","CreateAccount","POST","True","True","False","CrossBuy.Models.AccPerm(""manage"")","SessionValidation","False","CrossBuy/Controllers/AccountingController.cs"
"Identity","AccountingController","EditAccount","POST","True","True","False","CrossBuy.Models.AccPerm(""manage"")","SessionValidation","False","CrossBuy/Controllers/AccountingController.cs"
"Identity","AccountingController","JournalEntry","GET","False","False","False","(none)","SessionValidation","False","CrossBuy/Controllers/AccountingController.cs"
"Identity","AccountingController","SalesInvoiceDetail","GET","False","False","False","(none)","SessionValidation","False","CrossBuy/Controllers/AccountingController.cs"
"Identity","AccountingController","PrintInvoice","GET","False","False","False","(none)","SessionValidation","False","CrossBuy/Controllers/AccountingController.cs"
"Identity","AccountingController","StampInvoiceCustomer","POST","True","True","False","CrossBuy.Models.AccPerm(""post"")","SessionValidation","False","CrossBuy/Controllers/AccountingController.cs"
"Identity","AccountingController","PurchaseInvoiceDetail","GET","False","False","False","(none)","SessionValidation","False","CrossBuy/Controllers/AccountingController.cs"
"Identity","AccountingController","CustomerStatement","GET","False","False","False","(none)","SessionValidation","False","CrossBuy/Controllers/AccountingController.cs"
"Identity","AccountingController","VendorStatement","GET","False","False","False","(none)","SessionValidation","False","CrossBuy/Controllers/AccountingController.cs"
"Identity","AccountingController","Journals","GET","False","False","False","(none)","SessionValidation","False","CrossBuy/Controllers/AccountingController.cs"
"Identity","AccountingController","JournalsData","GET","False","False","False","(none)","SessionValidation","False","CrossBuy/Controllers/AccountingController.cs"
"Identity","AccountingController","CreateJournal","GET","False","False","False","(none)","SessionValidation","False","CrossBuy/Controllers/AccountingController.cs"
"Identity","AccountingController","CreateJournal","POST","True","True","False","CrossBuy.Models.AccPerm(""post"")","SessionValidation","False","CrossBuy/Controllers/AccountingController.cs"
"Identity","AccountingController","PostJournal","POST","True","True","False","CrossBuy.Models.AccPerm(""post"")","SessionValidation","False","CrossBuy/Controllers/AccountingController.cs"
"Identity","AccountingController","ReverseJournal","POST","True","True","False","CrossBuy.Models.AccPerm(""post"")","SessionValidation","False","CrossBuy/Controllers/AccountingController.cs"
"Identity","AccountingController","TrialBalance","GET","False","False","False","(none)","SessionValidation","False","CrossBuy/Controllers/AccountingController.cs"
"Identity","AccountingController","CostCenters","GET","False","False","False","(none)","SessionValidation","False","CrossBuy/Controllers/AccountingController.cs"
"Identity","AccountingController","Periods","GET","False","False","False","(none)","SessionValidation","False","CrossBuy/Controllers/AccountingController.cs"
"Identity","AccountingController","SetPeriodStatus","POST","True","True","False","CrossBuy.Models.AccPerm(""manage"")","SessionValidation","False","CrossBuy/Controllers/AccountingController.cs"
"Identity","AccountingController","Payroll","GET","False","False","False","(none)","SessionValidation","False","CrossBuy/Controllers/AccountingController.cs"
"Identity","AccountingController","PostPayroll","POST","True","True","False","CrossBuy.Models.AccPerm(""manage"")","SessionValidation","False","CrossBuy/Controllers/AccountingController.cs"
"Identity","AccountingController","PayrollDisbursement","GET","False","False","False","(none)","SessionValidation","False","CrossBuy/Controllers/AccountingController.cs"
"Identity","AccountingController","DisbursePayroll","POST","True","True","False","CrossBuy.Models.AccPerm(""pay"")","SessionValidation","False","CrossBuy/Controllers/AccountingController.cs"
"Identity","AccountingController","RemitStatutory","POST","True","True","False","CrossBuy.Models.AccPerm(""pay"")","SessionValidation","False","CrossBuy/Controllers/AccountingController.cs"
"Identity","AccountingController","PayrollTaxSettings","GET","False","False","False","(none)","SessionValidation","False","CrossBuy/Controllers/AccountingController.cs"
"Identity","AccountingController","SavePayrollSettings","POST","True","True","False","CrossBuy.Models.AccPerm(""manage"")","SessionValidation","False","CrossBuy/Controllers/AccountingController.cs"
"Identity","AccountingController","SavePayrollBracket","POST","True","True","False","CrossBuy.Models.AccPerm(""manage"")","SessionValidation","False","CrossBuy/Controllers/AccountingController.cs"
"Identity","AccountingController","DeletePayrollBracket","POST","True","True","False","CrossBuy.Models.AccPerm(""manage"")","SessionValidation","False","CrossBuy/Controllers/AccountingController.cs"
"Identity","AccountingController","Payslips","GET","False","False","False","(none)","SessionValidation","False","CrossBuy/Controllers/AccountingController.cs"
"Identity","AccountingController","Payslip","GET","False","False","False","(none)","SessionValidation","False","CrossBuy/Controllers/AccountingController.cs"
"Identity","AccountingController","Customers","GET","False","False","False","(none)","SessionValidation","False","CrossBuy/Controllers/AccountingController.cs"
"Identity","AccountingController","CustomersData","GET","False","False","False","(none)","SessionValidation","False","CrossBuy/Controllers/AccountingController.cs"
"Identity","AccountingController","CustomersExport","GET","False","False","False","(none)","SessionValidation","False","CrossBuy/Controllers/AccountingController.cs"
"Identity","AccountingController","VendorsExport","GET","False","False","False","(none)","SessionValidation","False","CrossBuy/Controllers/AccountingController.cs"
"Identity","AccountingController","SalesInvoicesExport","GET","False","False","False","(none)","SessionValidation","False","CrossBuy/Controllers/AccountingController.cs"
"Identity","AccountingController","PurchaseInvoicesExport","GET","False","False","False","(none)","SessionValidation","False","CrossBuy/Controllers/AccountingController.cs"
"Identity","AccountingController","ReceiptsExport","GET","False","False","False","(none)","SessionValidation","False","CrossBuy/Controllers/AccountingController.cs"
"Identity","AccountingController","PaymentsExport","GET","False","False","False","(none)","SessionValidation","False","CrossBuy/Controllers/AccountingController.cs"
"Identity","AccountingController","JournalsExport","GET","False","False","False","(none)","SessionValidation","False","CrossBuy/Controllers/AccountingController.cs"
"Identity","AccountingController","CustomersSuggest","GET","False","False","False","(none)","SessionValidation","False","CrossBuy/Controllers/AccountingController.cs"
"Identity","AccountingController","SaveCustomer","POST","True","True","False","CrossBuy.Models.AccPerm(""post"")","SessionValidation","False","CrossBuy/Controllers/AccountingController.cs"
"Identity","AccountingController","SalesInvoices","GET","False","False","False","(none)","SessionValidation","False","CrossBuy/Controllers/AccountingController.cs"
"Identity","AccountingController","SalesInvoicesData","GET","False","False","False","(none)","SessionValidation","False","CrossBuy/Controllers/AccountingController.cs"
"Identity","AccountingController","NewSalesInvoice","GET","False","False","False","(none)","SessionValidation","False","CrossBuy/Controllers/AccountingController.cs"
"Identity","AccountingController","CreateSalesInvoice","POST","True","True","False","CrossBuy.Models.AccPerm(""post"")","SessionValidation","True","CrossBuy/Controllers/AccountingController.cs"
"Identity","AccountingController","EditSalesInvoice","GET","False","False","False","CrossBuy.Models.AccPerm(""post"")","SessionValidation","False","CrossBuy/Controllers/AccountingController.cs"
"Identity","AccountingController","UpdateSalesInvoice","POST","True","True","False","CrossBuy.Models.AccPerm(""post"")","SessionValidation","True","CrossBuy/Controllers/AccountingController.cs"
"Identity","AccountingController","SalesReturns","GET","False","False","False","(none)","SessionValidation","False","CrossBuy/Controllers/AccountingController.cs"
"Identity","AccountingController","NewSalesReturn","GET","False","False","False","(none)","SessionValidation","False","CrossBuy/Controllers/AccountingController.cs"
"Identity","AccountingController","CreateSalesReturn","POST","True","True","False","CrossBuy.Models.AccPerm(""post"")","SessionValidation","False","CrossBuy/Controllers/AccountingController.cs"
"Identity","AccountingController","EditSalesReturn","GET","False","False","False","CrossBuy.Models.AccPerm(""post"")","SessionValidation","False","CrossBuy/Controllers/AccountingController.cs"
"Identity","AccountingController","UpdateSalesReturn","POST","True","True","False","CrossBuy.Models.AccPerm(""post"")","SessionValidation","False","CrossBuy/Controllers/AccountingController.cs"
"Identity","AccountingController","SalesReturnDetail","GET","False","False","False","(none)","SessionValidation","False","CrossBuy/Controllers/AccountingController.cs"
"Identity","AccountingController","Receipts","GET","False","False","False","(none)","SessionValidation","False","CrossBuy/Controllers/AccountingController.cs"
"Identity","AccountingController","ReceiptsData","GET","False","False","False","(none)","SessionValidation","False","CrossBuy/Controllers/AccountingController.cs"
"Identity","AccountingController","CreateReceipt","POST","True","True","False","CrossBuy.Models.AccPerm(""pay"")","SessionValidation","True","CrossBuy/Controllers/AccountingController.cs"
"Identity","AccountingController","ArAging","GET","False","False","False","(none)","SessionValidation","False","CrossBuy/Controllers/AccountingController.cs"
"Identity","AccountingController","CustomerAnalytics","GET","False","False","False","(none)","SessionValidation","False","CrossBuy/Controllers/AccountingController.cs"
"Identity","AccountingController","CustomerAnalyticsExport","GET","False","False","False","(none)","SessionValidation","False","CrossBuy/Controllers/AccountingController.cs"
"Identity","AccountingController","Vendors","GET","False","False","False","(none)","SessionValidation","False","CrossBuy/Controllers/AccountingController.cs"
"Identity","AccountingController","VendorsData","GET","False","False","False","(none)","SessionValidation","False","CrossBuy/Controllers/AccountingController.cs"
"Identity","AccountingController","VendorsSuggest","GET","False","False","False","(none)","SessionValidation","False","CrossBuy/Controllers/AccountingController.cs"
"Identity","AccountingController","SaveVendor","POST","True","True","False","CrossBuy.Models.AccPerm(""post"")","SessionValidation","False","CrossBuy/Controllers/AccountingController.cs"
"Identity","AccountingController","VendorQuickAdd","POST","True","True","False","CrossBuy.Models.ApiPerm(CrossBuy.Models.ApiPermAttribute.Accounting, ""post"")","SessionValidation","False","CrossBuy/Controllers/AccountingController.cs"
"Identity","AccountingController","CustomerQuickAdd","POST","True","True","False","CrossBuy.Models.ApiPerm(CrossBuy.Models.ApiPermAttribute.Accounting, ""post"")","SessionValidation","False","CrossBuy/Controllers/AccountingController.cs"
"Identity","AccountingController","PurchaseInvoices","GET","False","False","False","(none)","SessionValidation","False","CrossBuy/Controllers/AccountingController.cs"
"Identity","AccountingController","PurchaseInvoicesData","GET","False","False","False","(none)","SessionValidation","False","CrossBuy/Controllers/AccountingController.cs"
"Identity","AccountingController","NewPurchaseInvoice","GET","False","False","False","(none)","SessionValidation","False","CrossBuy/Controllers/AccountingController.cs"
"Identity","AccountingController","CreatePurchaseInvoice","POST","True","True","False","CrossBuy.Models.AccPerm(""post"")","SessionValidation","True","CrossBuy/Controllers/AccountingController.cs"
"Identity","AccountingController","MatchReceipts","GET","False","False","False","(none)","SessionValidation","False","CrossBuy/Controllers/AccountingController.cs"
"Identity","AccountingController","CreateInvoiceFromReceipt","POST","True","True","False","CrossBuy.Models.AccPerm(""post"")","SessionValidation","False","CrossBuy/Controllers/AccountingController.cs"
"Identity","AccountingController","EditPurchaseInvoice","GET","False","False","False","CrossBuy.Models.AccPerm(""post"")","SessionValidation","False","CrossBuy/Controllers/AccountingController.cs"
"Identity","AccountingController","UpdatePurchaseInvoice","POST","True","True","False","CrossBuy.Models.AccPerm(""post"")","SessionValidation","True","CrossBuy/Controllers/AccountingController.cs"
"Identity","AccountingController","PurchaseReturns","GET","False","False","False","(none)","SessionValidation","False","CrossBuy/Controllers/AccountingController.cs"
"Identity","AccountingController","NewPurchaseReturn","GET","False","False","False","(none)","SessionValidation","False","CrossBuy/Controllers/AccountingController.cs"
"Identity","AccountingController","CreatePurchaseReturn","POST","True","True","False","CrossBuy.Models.AccPerm(""post"")","SessionValidation","False","CrossBuy/Controllers/AccountingController.cs"
"Identity","AccountingController","EditPurchaseReturn","GET","False","False","False","CrossBuy.Models.AccPerm(""post"")","SessionValidation","False","CrossBuy/Controllers/AccountingController.cs"
"Identity","AccountingController","UpdatePurchaseReturn","POST","True","True","False","CrossBuy.Models.AccPerm(""post"")","SessionValidation","False","CrossBuy/Controllers/AccountingController.cs"
"Identity","AccountingController","PurchaseReturnDetail","GET","False","False","False","(none)","SessionValidation","False","CrossBuy/Controllers/AccountingController.cs"
"Identity","AccountingController","Payments","GET","False","False","False","(none)","SessionValidation","False","CrossBuy/Controllers/AccountingController.cs"
"Identity","AccountingController","PaymentsData","GET","False","False","False","(none)","SessionValidation","False","CrossBuy/Controllers/AccountingController.cs"
"Identity","AccountingController","CreatePayment","POST","True","True","False","CrossBuy.Models.AccPerm(""pay"")","SessionValidation","True","CrossBuy/Controllers/AccountingController.cs"
"Identity","AccountingController","ApAging","GET","False","False","False","(none)","SessionValidation","False","CrossBuy/Controllers/AccountingController.cs"
"Identity","AccountingController","BankAccounts","GET","False","False","False","(none)","SessionValidation","False","CrossBuy/Controllers/AccountingController.cs"
"Identity","AccountingController","CreateBankAccount","POST","True","True","False","CrossBuy.Models.AccPerm(""manage"")","SessionValidation","False","CrossBuy/Controllers/AccountingController.cs"
"Identity","AccountingController","CashBoxes","GET","False","False","False","(none)","SessionValidation","False","CrossBuy/Controllers/AccountingController.cs"
"Identity","AccountingController","CreateCashBox","POST","True","True","False","CrossBuy.Models.AccPerm(""manage"")","SessionValidation","False","CrossBuy/Controllers/AccountingController.cs"
"Identity","AccountingController","Transfer","GET","False","False","False","(none)","SessionValidation","False","CrossBuy/Controllers/AccountingController.cs"
"Identity","AccountingController","DoTransfer","POST","True","True","False","CrossBuy.Models.AccPerm(""pay"")","SessionValidation","False","CrossBuy/Controllers/AccountingController.cs"
"Identity","AccountingController","Reconcile","GET","False","False","False","(none)","SessionValidation","False","CrossBuy/Controllers/AccountingController.cs"
"Identity","AccountingController","DoReconcile","POST","True","True","False","CrossBuy.Models.AccPerm(""manage"")","SessionValidation","False","CrossBuy/Controllers/AccountingController.cs"
"Identity","AccountingController","Reconciliations","GET","False","False","False","(none)","SessionValidation","False","CrossBuy/Controllers/AccountingController.cs"
"Identity","AccountingController","Ledger","GET","False","False","False","(none)","SessionValidation","False","CrossBuy/Controllers/AccountingController.cs"
"Identity","AccountingController","FixedAssets","GET","False","False","False","(none)","SessionValidation","False","CrossBuy/Controllers/AccountingController.cs"
"Identity","AccountingController","CreateFixedAsset","POST","True","True","False","CrossBuy.Models.AccPerm(""post"")","SessionValidation","False","CrossBuy/Controllers/AccountingController.cs"
"Identity","AccountingController","FixedAssetDetail","GET","False","False","False","(none)","SessionValidation","False","CrossBuy/Controllers/AccountingController.cs"
"Identity","AccountingController","SaveMaintenanceSchedule","POST","True","True","False","CrossBuy.Models.AccPerm(""manage"")","SessionValidation","False","CrossBuy/Controllers/AccountingController.cs"
"Identity","AccountingController","DeleteMaintenanceSchedule","POST","True","True","False","CrossBuy.Models.AccPerm(""manage"")","SessionValidation","False","CrossBuy/Controllers/AccountingController.cs"
"Identity","AccountingController","LogMaintenance","POST","True","True","False","CrossBuy.Models.AccPerm(""post"")","SessionValidation","False","CrossBuy/Controllers/AccountingController.cs"
"Identity","AccountingController","MaintenanceDue","GET","False","False","False","(none)","SessionValidation","False","CrossBuy/Controllers/AccountingController.cs"
"Identity","AccountingController","DisposeAsset","POST","True","True","False","CrossBuy.Models.AccPerm(""manage"")","SessionValidation","False","CrossBuy/Controllers/AccountingController.cs"
"Identity","AccountingController","AssetCategories","GET","False","False","False","(none)","SessionValidation","False","CrossBuy/Controllers/AccountingController.cs"
"Identity","AccountingController","CreateAssetCategory","POST","True","True","False","CrossBuy.Models.AccPerm(""manage"")","SessionValidation","False","CrossBuy/Controllers/AccountingController.cs"
"Identity","AccountingController","DepreciationRuns","GET","False","False","False","(none)","SessionValidation","False","CrossBuy/Controllers/AccountingController.cs"
"Identity","AccountingController","RunDepreciation","POST","True","True","False","CrossBuy.Models.AccPerm(""manage"")","SessionValidation","False","CrossBuy/Controllers/AccountingController.cs"
"Identity","AccountingController","DepreciationRunDetail","GET","False","False","False","(none)","SessionValidation","False","CrossBuy/Controllers/AccountingController.cs"
"Identity","AccountingController","TaxCodes","GET","False","False","False","(none)","SessionValidation","False","CrossBuy/Controllers/AccountingController.cs"
"Identity","AccountingController","CreateTaxCode","POST","True","True","False","CrossBuy.Models.AccPerm(""manage"")","SessionValidation","False","CrossBuy/Controllers/AccountingController.cs"
"Identity","AccountingController","UpdateTaxCode","POST","True","True","False","CrossBuy.Models.AccPerm(""manage"")","SessionValidation","False","CrossBuy/Controllers/AccountingController.cs"
"Identity","AccountingController","ToggleTaxCode","POST","True","True","False","CrossBuy.Models.AccPerm(""manage"")","SessionValidation","False","CrossBuy/Controllers/AccountingController.cs"
"Identity","AccountingController","VatReturns","GET","False","False","False","(none)","SessionValidation","False","CrossBuy/Controllers/AccountingController.cs"
"Identity","AccountingController","FileVatReturn","POST","True","True","False","CrossBuy.Models.AccPerm(""manage"")","SessionValidation","False","CrossBuy/Controllers/AccountingController.cs"
"Identity","AccountingController","VatReturnDetail","GET","False","False","False","(none)","SessionValidation","False","CrossBuy/Controllers/AccountingController.cs"
"Identity","AccountingController","SettleVatReturn","POST","True","True","False","CrossBuy.Models.AccPerm(""manage"")","SessionValidation","False","CrossBuy/Controllers/AccountingController.cs"
"Identity","AccountingController","EtaStatus","GET","False","False","False","(none)","SessionValidation","False","CrossBuy/Controllers/AccountingController.cs"
"Identity","AccountingController","IncomeStatement","GET","False","False","False","(none)","SessionValidation","False","CrossBuy/Controllers/AccountingController.cs"
"Identity","AccountingController","BalanceSheet","GET","False","False","False","(none)","SessionValidation","False","CrossBuy/Controllers/AccountingController.cs"
"Identity","AccountingController","CashFlow","GET","False","False","False","(none)","SessionValidation","False","CrossBuy/Controllers/AccountingController.cs"
"Identity","AccountingController","YearEndClose","GET","False","False","False","(none)","SessionValidation","False","CrossBuy/Controllers/AccountingController.cs"
"Identity","AccountingController","CloseYear","POST","True","True","False","CrossBuy.Models.AccPerm(""manage"")","SessionValidation","False","CrossBuy/Controllers/AccountingController.cs"
"Identity","AccountingController","ReopenYear","POST","True","True","False","CrossBuy.Models.AccPerm(""manage"")","SessionValidation","False","CrossBuy/Controllers/AccountingController.cs"
"Identity","AccountingController","AccountingRoles","GET","False","False","False","AccPerm(""manage"")","SessionValidation","False","CrossBuy/Controllers/AccountingController.cs"
"Identity","AccountingController","AssignAccRole","POST","True","True","False","AccPerm(""manage"")","SessionValidation","False","CrossBuy/Controllers/AccountingController.cs"
"Identity","AccountingController","SaveAccSettings","POST","True","True","False","AccPerm(""manage"")","SessionValidation","False","CrossBuy/Controllers/AccountingController.cs"
"Identity","AccountingController","RemoveAccRole","POST","True","True","False","AccPerm(""manage"")","SessionValidation","False","CrossBuy/Controllers/AccountingController.cs"
"HR","AdminController","Appraisals","GET","False","False","False","(none)","(none)","False","CrossBuy/Controllers/AdminController.Appraisals.cs"
"HR","AdminController","SaveAppraisalCycle","POST","True","False","False","(none)","(none)","False","CrossBuy/Controllers/AdminController.Appraisals.cs"
"HR","AdminController","SetAppraisalCycleStatus","POST","True","False","False","(none)","(none)","False","CrossBuy/Controllers/AdminController.Appraisals.cs"
"HR","AdminController","AppraisalTemplates","GET","False","False","False","(none)","(none)","False","CrossBuy/Controllers/AdminController.Appraisals.cs"
"HR","AdminController","AppraisalTemplateEditor","GET","False","False","False","(none)","(none)","False","CrossBuy/Controllers/AdminController.Appraisals.cs"
"HR","AdminController","SaveAppraisalTemplate","POST","True","False","False","(none)","(none)","False","CrossBuy/Controllers/AdminController.Appraisals.cs"
"HR","AdminController","DeleteAppraisalTemplate","POST","True","False","False","(none)","(none)","False","CrossBuy/Controllers/AdminController.Appraisals.cs"
"HR","AdminController","CreateAppraisal","POST","True","False","False","(none)","(none)","False","CrossBuy/Controllers/AdminController.Appraisals.cs"
"HR","AdminController","AppraisalScore","GET","False","False","False","(none)","(none)","False","CrossBuy/Controllers/AdminController.Appraisals.cs"
"HR","AdminController","SaveAppraisalScores","POST","True","False","False","(none)","(none)","False","CrossBuy/Controllers/AdminController.Appraisals.cs"
"HR","AdminController","HolidaysList","GET","False","False","False","(none)","(none)","False","CrossBuy/Controllers/AdminController.cs"
"HR","AdminController","SaveHoliday","POST","True","True","False","(none)","(none)","False","CrossBuy/Controllers/AdminController.cs"
"HR","AdminController","DeleteHoliday","POST","True","True","False","(none)","(none)","False","CrossBuy/Controllers/AdminController.cs"
"HR","AdminController","Attendance","GET","False","False","False","(none)","(none)","False","CrossBuy/Controllers/AdminController.cs"
"HR","AdminController","AttendanceEntry","GET","False","False","False","(none)","(none)","False","CrossBuy/Controllers/AdminController.cs"
"HR","AdminController","SaveAttendance","POST","True","True","False","(none)","(none)","False","CrossBuy/Controllers/AdminController.cs"
"HR","AdminController","FinalSettlement","GET","False","False","False","(none)","(none)","False","CrossBuy/Controllers/AdminController.cs"
"HR","AdminController","PostFinalSettlement","POST","True","True","False","(none)","(none)","True","CrossBuy/Controllers/AdminController.cs"
"HR","AdminController","HrDocuments","GET","False","False","False","(none)","(none)","False","CrossBuy/Controllers/AdminController.cs"
"HR","AdminController","HrDocFiles","GET","False","False","False","(none)","(none)","False","CrossBuy/Controllers/AdminController.cs"
"HR","AdminController","AddAttachments","POST","True","True","False","(none)","(none)","False","CrossBuy/Controllers/AdminController.cs"
"HR","AdminController","DeleteAttachment","POST","True","True","False","(none)","(none)","False","CrossBuy/Controllers/AdminController.cs"
"HR","AdminController","SaveContract","POST","True","True","False","(none)","(none)","False","CrossBuy/Controllers/AdminController.cs"
"HR","AdminController","DeleteContract","POST","True","True","False","(none)","(none)","False","CrossBuy/Controllers/AdminController.cs"
"HR","AdminController","SaveDocument","POST","True","True","False","(none)","(none)","False","CrossBuy/Controllers/AdminController.cs"
"HR","AdminController","DeleteDocument","POST","True","True","False","(none)","(none)","False","CrossBuy/Controllers/AdminController.cs"
"HR","AdminController","DocExpiryAlerts","GET","False","False","False","(none)","(none)","False","CrossBuy/Controllers/AdminController.cs"
"HR","AdminController","NotifyExpiring","POST","True","True","False","(none)","(none)","False","CrossBuy/Controllers/AdminController.cs"
"HR","AdminController","LeaveAccrual","GET","False","False","False","(none)","(none)","False","CrossBuy/Controllers/AdminController.cs"
"HR","AdminController","Encash","POST","True","True","False","(none)","(none)","True","CrossBuy/Controllers/AdminController.cs"
"HR","AdminController","LeaveCarryOver","GET","False","False","False","(none)","(none)","False","CrossBuy/Controllers/AdminController.cs"
"HR","AdminController","RunLeaveCarryOver","POST","True","True","False","(none)","(none)","True","CrossBuy/Controllers/AdminController.cs"
"HR","AdminController","PostLeaveProvision","POST","True","True","False","(none)","(none)","True","CrossBuy/Controllers/AdminController.cs"
"HR","AdminController","SaveLeaveTypeEncashable","POST","True","True","False","(none)","(none)","False","CrossBuy/Controllers/AdminController.cs"
"HR","AdminController","Index","GET","False","False","False","(none)","(none)","False","CrossBuy/Controllers/AdminController.cs"
"HR","AdminController","JobTitlesList","GET","False","False","False","(none)","(none)","False","CrossBuy/Controllers/AdminController.cs"
"HR","AdminController","GetJobTitles","GET","False","False","False","(none)","(none)","False","CrossBuy/Controllers/AdminController.cs"
"HR","AdminController","GetBranches","GET","False","False","False","(none)","(none)","False","CrossBuy/Controllers/AdminController.cs"
"HR","AdminController","GetCompanies","GET","False","False","False","(none)","(none)","False","CrossBuy/Controllers/AdminController.cs"
"HR","AdminController","JobTitle","GET","False","False","False","(none)","(none)","False","CrossBuy/Controllers/AdminController.cs"
"HR","AdminController","JobTitle","POST","True","False","False","(none)","(none)","False","CrossBuy/Controllers/AdminController.cs"
"HR","AdminController","AdministrativeBodiesCompanyList","GET","False","False","False","(none)","(none)","False","CrossBuy/Controllers/AdminController.cs"
"HR","AdminController","AdministrativeBodiesCompany","GET","False","False","False","(none)","(none)","False","CrossBuy/Controllers/AdminController.cs"
"HR","AdminController","AdministrativeBodiesCompany","POST","True","False","False","(none)","(none)","False","CrossBuy/Controllers/AdminController.cs"
"HR","AdminController","AdministrativeStructure","GET","False","False","False","(none)","(none)","False","CrossBuy/Controllers/AdminController.cs"
"HR","AdminController","GetHierarchicals","GET","False","False","False","(none)","(none)","False","CrossBuy/Controllers/AdminController.cs"
"HR","AdminController","GetParentInfo","GET","False","False","False","(none)","(none)","False","CrossBuy/Controllers/AdminController.cs"
"HR","AdminController","AddHierarchicalItem","POST","True","False","False","(none)","(none)","False","CrossBuy/Controllers/AdminController.cs"
"HR","AdminController","Polices","GET","False","False","False","(none)","(none)","False","CrossBuy/Controllers/AdminController.cs"
"HR","AdminController","GetLeaveTypes","GET","False","False","False","(none)","(none)","False","CrossBuy/Controllers/AdminController.cs"
"HR","AdminController","SaveLeavePolicy","POST","True","True","False","(none)","(none)","False","CrossBuy/Controllers/AdminController.cs"
"HR","AdminController","PolicesData","GET","False","False","False","(none)","(none)","False","CrossBuy/Controllers/AdminController.cs"
"HR","AdminController","LeaveTypesList","GET","False","False","False","(none)","(none)","False","CrossBuy/Controllers/AdminController.cs"
"HR","AdminController","SaveLeaveType","POST","True","False","False","(none)","(none)","False","CrossBuy/Controllers/AdminController.cs"
"HR","AdminController","GetLeaveTypeById","GET","False","False","False","(none)","(none)","False","CrossBuy/Controllers/AdminController.cs"
"HR","AdminController","GetSalaryPolicy","GET","False","False","False","(none)","(none)","False","CrossBuy/Controllers/AdminController.cs"
"HR","AdminController","SaveSalaryPolicy","POST","True","True","False","CrossBuy.Models.ApiPerm(CrossBuy.Models.ApiPermAttribute.Hr, CrossBuy.BL.HrActions.PayrollManage)","(none)","False","CrossBuy/Controllers/AdminController.cs"
"HR","AdminController","SaveMainPolices","POST","True","True","False","(none)","(none)","False","CrossBuy/Controllers/AdminController.cs"
"HR","AdminController","SaveAttendancePolicy","POST","True","True","False","(none)","(none)","False","CrossBuy/Controllers/AdminController.cs"
"HR","AdminController","GetPolicy","GET","False","False","False","(none)","(none)","False","CrossBuy/Controllers/AdminController.cs"
"HR","AdminController","EmployeesList","GET","False","False","False","(none)","(none)","False","CrossBuy/Controllers/AdminController.cs"
"HR","AdminController","EmployeeData","GET","False","False","False","(none)","(none)","False","CrossBuy/Controllers/AdminController.cs"
"HR","AdminController","GetPolicies","GET","False","False","False","(none)","(none)","False","CrossBuy/Controllers/AdminController.cs"
"HR","AdminController","GetEmployeeByUserId","GET","False","False","False","(none)","(none)","False","CrossBuy/Controllers/AdminController.cs"
"HR","AdminController","SaveEmployee","POST","True","True","False","(none)","(none)","False","CrossBuy/Controllers/AdminController.cs"
"HR","AdminController","Applications","GET","False","False","False","(none)","(none)","False","CrossBuy/Controllers/AdminController.Recruitment.cs"
"HR","AdminController","ApplicationForm","GET","False","False","False","(none)","(none)","False","CrossBuy/Controllers/AdminController.Recruitment.cs"
"HR","AdminController","SaveApplication","POST","True","True","False","(none)","(none)","False","CrossBuy/Controllers/AdminController.Recruitment.cs"
"HR","AdminController","MoveApplication","POST","True","True","False","(none)","(none)","False","CrossBuy/Controllers/AdminController.Recruitment.cs"
"HR","AdminController","ApplicationDetail","GET","False","False","False","(none)","(none)","False","CrossBuy/Controllers/AdminController.Recruitment.cs"
"HR","AdminController","ChangeApplicationStage","POST","True","True","False","(none)","(none)","False","CrossBuy/Controllers/AdminController.Recruitment.cs"
"HR","AdminController","UploadApplicationDoc","POST","True","True","False","(none)","(none)","False","CrossBuy/Controllers/AdminController.Recruitment.cs"
"HR","AdminController","DeleteApplicationDoc","POST","True","True","False","(none)","(none)","False","CrossBuy/Controllers/AdminController.Recruitment.cs"
"HR","AdminController","RequiredDocTypesList","GET","False","False","False","(none)","(none)","False","CrossBuy/Controllers/AdminController.Recruitment.cs"
"HR","AdminController","SaveRequiredDocType","POST","True","False","False","(none)","(none)","False","CrossBuy/Controllers/AdminController.Recruitment.cs"
"HR","AdminController","GetRequiredDocTypeById","GET","False","False","False","(none)","(none)","False","CrossBuy/Controllers/AdminController.Recruitment.cs"
"HR","AdminController","DeleteRequiredDocType","POST","True","False","False","(none)","(none)","False","CrossBuy/Controllers/AdminController.Recruitment.cs"
"HR","AdminController","TrainingCourses","GET","False","False","False","(none)","(none)","False","CrossBuy/Controllers/AdminController.Training.cs"
"HR","AdminController","TrainingCourseEditor","GET","False","False","False","(none)","(none)","False","CrossBuy/Controllers/AdminController.Training.cs"
"HR","AdminController","SaveTrainingCourse","POST","True","False","False","(none)","(none)","False","CrossBuy/Controllers/AdminController.Training.cs"
"HR","AdminController","DeleteTrainingCourse","POST","True","False","False","(none)","(none)","False","CrossBuy/Controllers/AdminController.Training.cs"
"HR","AdminController","CourseEnrollments","GET","False","False","False","(none)","(none)","False","CrossBuy/Controllers/AdminController.Training.cs"
"HR","AdminController","EnrollEmployees","POST","True","False","False","(none)","(none)","False","CrossBuy/Controllers/AdminController.Training.cs"
"HR","AdminController","SetEnrollmentStatus","POST","True","False","False","(none)","(none)","False","CrossBuy/Controllers/AdminController.Training.cs"
"HR","AdminController","RemoveEnrollment","POST","True","False","False","(none)","(none)","False","CrossBuy/Controllers/AdminController.Training.cs"
"Communication","AnnouncementsController","Index","GET","False","False","False","(none)","SessionValidation","False","CrossBuy/Controllers/AnnouncementsController.cs"
"Communication","AnnouncementsController","Create","POST","True","False","False","(none)","SessionValidation","False","CrossBuy/Controllers/AnnouncementsController.cs"
"Communication","AnnouncementsController","Active","GET","False","False","False","(none)","SessionValidation","False","CrossBuy/Controllers/AnnouncementsController.cs"
"Communication","AnnouncementsController","Dismiss","POST","True","False","False","(none)","SessionValidation","False","CrossBuy/Controllers/AnnouncementsController.cs"
"Communication","AnnouncementsController","Toggle","POST","True","False","False","(none)","SessionValidation","False","CrossBuy/Controllers/AnnouncementsController.cs"
"Identity","AccountingApiController","Summary","GET","False","False","True","(none)","Authorize(AuthenticationSchemes = JwtBearerDefaults.AuthenticationScheme)","True","CrossBuy/Controllers/Api/AccountingApiController.cs"
"Identity","AccountingApiController","AccountTypes","GET","False","False","True","(none)","Authorize(AuthenticationSchemes = JwtBearerDefaults.AuthenticationScheme)","True","CrossBuy/Controllers/Api/AccountingApiController.cs"
"Identity","AccountingApiController","Accounts","GET","False","False","True","(none)","Authorize(AuthenticationSchemes = JwtBearerDefaults.AuthenticationScheme)","True","CrossBuy/Controllers/Api/AccountingApiController.cs"
"Identity","AccountingApiController","Journals","GET","False","False","True","(none)","Authorize(AuthenticationSchemes = JwtBearerDefaults.AuthenticationScheme)","True","CrossBuy/Controllers/Api/AccountingApiController.cs"
"Identity","AccountingApiController","Journal","GET","False","False","True","(none)","Authorize(AuthenticationSchemes = JwtBearerDefaults.AuthenticationScheme)","True","CrossBuy/Controllers/Api/AccountingApiController.cs"
"Identity","AccountingApiController","CreateJournal","POST","True","False","True","(none)","Authorize(AuthenticationSchemes = JwtBearerDefaults.AuthenticationScheme)","True","CrossBuy/Controllers/Api/AccountingApiController.cs"
"Identity","AccountingApiController","Post","POST","True","False","True","(none)","Authorize(AuthenticationSchemes = JwtBearerDefaults.AuthenticationScheme)","True","CrossBuy/Controllers/Api/AccountingApiController.cs"
"Identity","AccountingApiController","Reverse","POST","True","False","True","(none)","Authorize(AuthenticationSchemes = JwtBearerDefaults.AuthenticationScheme)","True","CrossBuy/Controllers/Api/AccountingApiController.cs"
"Identity","AccountingApiController","TrialBalance","GET","False","False","True","(none)","Authorize(AuthenticationSchemes = JwtBearerDefaults.AuthenticationScheme)","True","CrossBuy/Controllers/Api/AccountingApiController.cs"
"Identity","AccountingApiController","Ledger","GET","False","False","True","(none)","Authorize(AuthenticationSchemes = JwtBearerDefaults.AuthenticationScheme)","True","CrossBuy/Controllers/Api/AccountingApiController.cs"
"Identity","AccountingApiController","PayrollPreview","GET","False","False","True","(none)","Authorize(AuthenticationSchemes = JwtBearerDefaults.AuthenticationScheme)","True","CrossBuy/Controllers/Api/AccountingApiController.cs"
"Identity","AccountingApiController","PayrollPost","POST","True","False","True","(none)","Authorize(AuthenticationSchemes = JwtBearerDefaults.AuthenticationScheme)","True","CrossBuy/Controllers/Api/AccountingApiController.cs"
"Identity","AccountingApiController","Customers","GET","False","False","True","(none)","Authorize(AuthenticationSchemes = JwtBearerDefaults.AuthenticationScheme)","True","CrossBuy/Controllers/Api/AccountingApiController.cs"
"Identity","AccountingApiController","CreateCustomer","POST","True","False","True","(none)","Authorize(AuthenticationSchemes = JwtBearerDefaults.AuthenticationScheme)","True","CrossBuy/Controllers/Api/AccountingApiController.cs"
"Identity","AccountingApiController","CreateSalesInvoice","POST","True","False","True","(none)","Authorize(AuthenticationSchemes = JwtBearerDefaults.AuthenticationScheme)","True","CrossBuy/Controllers/Api/AccountingApiController.cs"
"Identity","AccountingApiController","CreateReceipt","POST","True","False","True","(none)","Authorize(AuthenticationSchemes = JwtBearerDefaults.AuthenticationScheme)","True","CrossBuy/Controllers/Api/AccountingApiController.cs"
"Identity","AccountingApiController","ArAging","GET","False","False","True","(none)","Authorize(AuthenticationSchemes = JwtBearerDefaults.AuthenticationScheme)","True","CrossBuy/Controllers/Api/AccountingApiController.cs"
"Identity","AccountingApiController","Vendors","GET","False","False","True","(none)","Authorize(AuthenticationSchemes = JwtBearerDefaults.AuthenticationScheme)","True","CrossBuy/Controllers/Api/AccountingApiController.cs"
"Identity","AccountingApiController","CreateVendor","POST","True","False","True","(none)","Authorize(AuthenticationSchemes = JwtBearerDefaults.AuthenticationScheme)","True","CrossBuy/Controllers/Api/AccountingApiController.cs"
"Identity","AccountingApiController","CreatePurchaseInvoice","POST","True","False","True","(none)","Authorize(AuthenticationSchemes = JwtBearerDefaults.AuthenticationScheme)","True","CrossBuy/Controllers/Api/AccountingApiController.cs"
"Identity","AccountingApiController","CreatePayment","POST","True","False","True","(none)","Authorize(AuthenticationSchemes = JwtBearerDefaults.AuthenticationScheme)","True","CrossBuy/Controllers/Api/AccountingApiController.cs"
"Identity","AccountingApiController","ApAging","GET","False","False","True","(none)","Authorize(AuthenticationSchemes = JwtBearerDefaults.AuthenticationScheme)","True","CrossBuy/Controllers/Api/AccountingApiController.cs"
"AI","AiController","SearchAccounts","GET","False","False","True","(none)","Authorize(AuthenticationSchemes = JwtBearerDefaults.AuthenticationScheme)","False","CrossBuy/Controllers/Api/AiController.cs"
"AI","AiController","SearchCostCenters","GET","False","False","True","(none)","Authorize(AuthenticationSchemes = JwtBearerDefaults.AuthenticationScheme)","False","CrossBuy/Controllers/Api/AiController.cs"
"AI","AiController","CashAccounts","GET","False","False","True","(none)","Authorize(AuthenticationSchemes = JwtBearerDefaults.AuthenticationScheme)","False","CrossBuy/Controllers/Api/AiController.cs"
"AI","AiController","AnomalyJournalScan","POST","True","False","True","(none)","Authorize(AuthenticationSchemes = JwtBearerDefaults.AuthenticationScheme)","False","CrossBuy/Controllers/Api/AiController.cs"
"AI","AiController","ForecastCashflow","POST","True","False","True","(none)","Authorize(AuthenticationSchemes = JwtBearerDefaults.AuthenticationScheme)","False","CrossBuy/Controllers/Api/AiController.cs"
"AI","AiController","InventoryAnalyze","POST","True","False","True","(none)","Authorize(AuthenticationSchemes = JwtBearerDefaults.AuthenticationScheme)","False","CrossBuy/Controllers/Api/AiController.cs"
"AI","AiController","Diag","POST","True","False","True","(none)","Authorize(AuthenticationSchemes = JwtBearerDefaults.AuthenticationScheme)","False","CrossBuy/Controllers/Api/AiController.cs"
"Other","AuthApiController","Login","POST","True","False","True","(none)","(none)","False","CrossBuy/Controllers/Api/AuthApiController.cs"
"Other","AuthApiController","Ping","GET","False","False","True","(none)","(none)","False","CrossBuy/Controllers/Api/AuthApiController.cs"
"DevTools","DevSeedController","ExcelSmoke","GET","False","False","True","(none)","AllowAnonymous;CrossBuy.Models.DevOnly","False","CrossBuy/Controllers/Api/DevSeedController.cs"
"DevTools","DevSeedController","CultureCheck","GET","False","False","True","(none)","AllowAnonymous;CrossBuy.Models.DevOnly","False","CrossBuy/Controllers/Api/DevSeedController.cs"
"DevTools","DevSeedController","HyperHm0Seed","GET","False","False","True","(none)","AllowAnonymous;CrossBuy.Models.DevOnly","False","CrossBuy/Controllers/Api/DevSeedController.cs"
"DevTools","DevSeedController","Hm1Seed","GET","False","False","True","(none)","AllowAnonymous;CrossBuy.Models.DevOnly","False","CrossBuy/Controllers/Api/DevSeedController.cs"
"DevTools","DevSeedController","Hm1VoidOrder","GET","False","False","True","(none)","AllowAnonymous;CrossBuy.Models.DevOnly","False","CrossBuy/Controllers/Api/DevSeedController.cs"
"DevTools","DevSeedController","HmD38OrderTest","GET","False","False","True","(none)","AllowAnonymous;CrossBuy.Models.DevOnly","False","CrossBuy/Controllers/Api/DevSeedController.cs"
"DevTools","DevSeedController","Hm2Seed","GET","False","False","True","(none)","AllowAnonymous;CrossBuy.Models.DevOnly","False","CrossBuy/Controllers/Api/DevSeedController.cs"
"DevTools","DevSeedController","Hm2Edge","GET","False","False","True","(none)","AllowAnonymous;CrossBuy.Models.DevOnly","False","CrossBuy/Controllers/Api/DevSeedController.cs"
"DevTools","DevSeedController","Hm3Seed","GET","False","False","True","(none)","AllowAnonymous;CrossBuy.Models.DevOnly","False","CrossBuy/Controllers/Api/DevSeedController.cs"
"DevTools","DevSeedController","Hm3GuardTest","GET","False","False","True","(none)","AllowAnonymous;CrossBuy.Models.DevOnly","False","CrossBuy/Controllers/Api/DevSeedController.cs"
"DevTools","DevSeedController","Hm4Seed","GET","False","False","True","(none)","AllowAnonymous;CrossBuy.Models.DevOnly","False","CrossBuy/Controllers/Api/DevSeedController.cs"
"DevTools","DevSeedController","Hm4Accept","GET","False","False","True","(none)","AllowAnonymous;CrossBuy.Models.DevOnly","False","CrossBuy/Controllers/Api/DevSeedController.cs"
"DevTools","DevSeedController","Hm4Bump","GET","False","False","True","(none)","AllowAnonymous;CrossBuy.Models.DevOnly","False","CrossBuy/Controllers/Api/DevSeedController.cs"
"DevTools","DevSeedController","Hm5Seed","GET","False","False","True","(none)","AllowAnonymous;CrossBuy.Models.DevOnly","False","CrossBuy/Controllers/Api/DevSeedController.cs"
"DevTools","DevSeedController","Hm5Accept","GET","False","False","True","(none)","AllowAnonymous;CrossBuy.Models.DevOnly","False","CrossBuy/Controllers/Api/DevSeedController.cs"
"DevTools","DevSeedController","HmGuardTest","GET","False","False","True","(none)","AllowAnonymous;CrossBuy.Models.DevOnly","False","CrossBuy/Controllers/Api/DevSeedController.cs"
"DevTools","DevSeedController","Hm6Seed","GET","False","False","True","(none)","AllowAnonymous;CrossBuy.Models.DevOnly","False","CrossBuy/Controllers/Api/DevSeedController.cs"
"DevTools","DevSeedController","Hm6Accept","GET","False","False","True","(none)","AllowAnonymous;CrossBuy.Models.DevOnly","False","CrossBuy/Controllers/Api/DevSeedController.cs"
"DevTools","DevSeedController","Hm16Accept","GET","False","False","True","(none)","AllowAnonymous;CrossBuy.Models.DevOnly","False","CrossBuy/Controllers/Api/DevSeedController.cs"
"DevTools","DevSeedController","Hm8Accept","GET","False","False","True","(none)","AllowAnonymous;CrossBuy.Models.DevOnly","False","CrossBuy/Controllers/Api/DevSeedController.cs"
"DevTools","DevSeedController","Hm9S1Accept","GET","False","False","True","(none)","AllowAnonymous;CrossBuy.Models.DevOnly","False","CrossBuy/Controllers/Api/DevSeedController.cs"
"DevTools","DevSeedController","Hm9S2Accept","GET","False","False","True","(none)","AllowAnonymous;CrossBuy.Models.DevOnly","False","CrossBuy/Controllers/Api/DevSeedController.cs"
"DevTools","DevSeedController","Hm10Accept","GET","False","False","True","(none)","AllowAnonymous;CrossBuy.Models.DevOnly","False","CrossBuy/Controllers/Api/DevSeedController.cs"
"DevTools","DevSeedController","HmBAccept","GET","False","False","True","(none)","AllowAnonymous;CrossBuy.Models.DevOnly","False","CrossBuy/Controllers/Api/DevSeedController.cs"
"DevTools","DevSeedController","Hm7CountAccept","GET","False","False","True","(none)","AllowAnonymous;CrossBuy.Models.DevOnly","False","CrossBuy/Controllers/Api/DevSeedController.cs"
"DevTools","DevSeedController","Hm7LandedAccept","GET","False","False","True","(none)","AllowAnonymous;CrossBuy.Models.DevOnly","False","CrossBuy/Controllers/Api/DevSeedController.cs"
"DevTools","DevSeedController","ApplyPresetGuardTest","GET","False","False","True","(none)","AllowAnonymous;CrossBuy.Models.DevOnly","False","CrossBuy/Controllers/Api/DevSeedController.cs"
"DevTools","DevSeedController","NumberingConcurrencyTest","GET","False","False","True","(none)","AllowAnonymous;CrossBuy.Models.DevOnly","False","CrossBuy/Controllers/Api/DevSeedController.cs"
"DevTools","DevSeedController","Hm1B3Test","GET","False","False","True","(none)","AllowAnonymous;CrossBuy.Models.DevOnly","False","CrossBuy/Controllers/Api/DevSeedController.cs"
"DevTools","DevSeedController","Hm1B3TrackerTest","GET","False","False","True","(none)","AllowAnonymous;CrossBuy.Models.DevOnly","False","CrossBuy/Controllers/Api/DevSeedController.cs"
"DevTools","DevSeedController","Hm1D5aTest","GET","False","False","True","(none)","AllowAnonymous;CrossBuy.Models.DevOnly","False","CrossBuy/Controllers/Api/DevSeedController.cs"
"DevTools","DevSeedController","Hm1CloseShiftTest","GET","False","False","True","(none)","AllowAnonymous;CrossBuy.Models.DevOnly","False","CrossBuy/Controllers/Api/DevSeedController.cs"
"DevTools","DevSeedController","Hm1D6ConcurrencyTest","GET","False","False","True","(none)","AllowAnonymous;CrossBuy.Models.DevOnly","False","CrossBuy/Controllers/Api/DevSeedController.cs"
"DevTools","DevSeedController","Hm1B5bTest","GET","False","False","True","(none)","AllowAnonymous;CrossBuy.Models.DevOnly","False","CrossBuy/Controllers/Api/DevSeedController.cs"
"DevTools","DevSeedController","Hm1ReverseJe","GET","False","False","True","(none)","AllowAnonymous;CrossBuy.Models.DevOnly","False","CrossBuy/Controllers/Api/DevSeedController.cs"
"DevTools","DevSeedController","Hm1CloseBatchTest","GET","False","False","True","(none)","AllowAnonymous;CrossBuy.Models.DevOnly","False","CrossBuy/Controllers/Api/DevSeedController.cs"
"DevTools","DevSeedController","Hm23cTest","GET","False","False","True","(none)","AllowAnonymous;CrossBuy.Models.DevOnly","False","CrossBuy/Controllers/Api/DevSeedController.cs"
"DevTools","DevSeedController","Hm23c0Proofs","GET","False","False","True","(none)","AllowAnonymous;CrossBuy.Models.DevOnly","False","CrossBuy/Controllers/Api/DevSeedController.cs"
"DevTools","DevSeedController","Hm2CashierReturnFxTest","GET","False","False","True","(none)","AllowAnonymous;CrossBuy.Models.DevOnly","False","CrossBuy/Controllers/Api/DevSeedController.cs"
"DevTools","DevSeedController","Hm24Proofs","GET","False","False","True","(none)","AllowAnonymous;CrossBuy.Models.DevOnly","False","CrossBuy/Controllers/Api/DevSeedController.cs"
"DevTools","DevSeedController","Hm2PrecisionAudit","GET","False","False","True","(none)","AllowAnonymous;CrossBuy.Models.DevOnly","False","CrossBuy/Controllers/Api/DevSeedController.cs"
"DevTools","DevSeedController","Hm2KwdReturnTest","GET","False","False","True","(none)","AllowAnonymous;CrossBuy.Models.DevOnly","False","CrossBuy/Controllers/Api/DevSeedController.cs"
"DevTools","DevSeedController","Hm2KwdReceiptTest","GET","False","False","True","(none)","AllowAnonymous;CrossBuy.Models.DevOnly","False","CrossBuy/Controllers/Api/DevSeedController.cs"
"DevTools","DevSeedController","Hm2KwdInvoiceTest","GET","False","False","True","(none)","AllowAnonymous;CrossBuy.Models.DevOnly","False","CrossBuy/Controllers/Api/DevSeedController.cs"
"DevTools","DevSeedController","Hm2RoundingTest","GET","False","False","True","(none)","AllowAnonymous;CrossBuy.Models.DevOnly","False","CrossBuy/Controllers/Api/DevSeedController.cs"
"DevTools","DevSeedController","Hm1DoublePostTest","GET","False","False","True","(none)","AllowAnonymous;CrossBuy.Models.DevOnly","False","CrossBuy/Controllers/Api/DevSeedController.cs"
"DevTools","DevSeedController","Hm1Step0Teardown","GET","False","False","True","(none)","AllowAnonymous;CrossBuy.Models.DevOnly","False","CrossBuy/Controllers/Api/DevSeedController.cs"
"DevTools","DevSeedController","Hm1GuardPurchaseTest","GET","False","False","True","(none)","AllowAnonymous;CrossBuy.Models.DevOnly","False","CrossBuy/Controllers/Api/DevSeedController.cs"
"DevTools","DevSeedController","Hm1Step0PurchaseTest","GET","False","False","True","(none)","AllowAnonymous;CrossBuy.Models.DevOnly","False","CrossBuy/Controllers/Api/DevSeedController.cs"
"DevTools","DevSeedController","Hm1D6RaceTest","GET","False","False","True","(none)","AllowAnonymous;CrossBuy.Models.DevOnly","False","CrossBuy/Controllers/Api/DevSeedController.cs"
"DevTools","DevSeedController","Hm1PhaseDMeasure","GET","False","False","True","(none)","AllowAnonymous;CrossBuy.Models.DevOnly","False","CrossBuy/Controllers/Api/DevSeedController.cs"
"DevTools","DevSeedController","Hm2RateStalenessTest","GET","False","False","True","(none)","AllowAnonymous;CrossBuy.Models.DevOnly","False","CrossBuy/Controllers/Api/DevSeedController.cs"
"DevTools","DevSeedController","Hm2KwdFunctionalCompany","GET","False","False","True","(none)","AllowAnonymous;CrossBuy.Models.DevOnly","False","CrossBuy/Controllers/Api/DevSeedController.cs"
"DevTools","DevSeedController","Hm2RatePrecisionProbe","GET","False","False","True","(none)","AllowAnonymous;CrossBuy.Models.DevOnly","False","CrossBuy/Controllers/Api/DevSeedController.cs"
"DevTools","DevSeedController","SeedCurrencies","GET","False","False","True","(none)","AllowAnonymous;CrossBuy.Models.DevOnly","False","CrossBuy/Controllers/Api/DevSeedController.cs"
"DevTools","DevSeedController","SeedItemAllMoves","GET","False","False","True","(none)","AllowAnonymous;CrossBuy.Models.DevOnly","False","CrossBuy/Controllers/Api/DevSeedController.cs"
"DevTools","DevSeedController","CrmTestCampaign","GET","False","False","True","(none)","AllowAnonymous;CrossBuy.Models.DevOnly","False","CrossBuy/Controllers/Api/DevSeedController.cs"
"DevTools","DevSeedController","CrmTestAnalytics","GET","False","False","True","(none)","AllowAnonymous;CrossBuy.Models.DevOnly","False","CrossBuy/Controllers/Api/DevSeedController.cs"
"DevTools","DevSeedController","CrmTestPricing","GET","False","False","True","(none)","AllowAnonymous;CrossBuy.Models.DevOnly","False","CrossBuy/Controllers/Api/DevSeedController.cs"
"DevTools","DevSeedController","CrmTest3WayMatch","GET","False","False","True","(none)","AllowAnonymous;CrossBuy.Models.DevOnly","False","CrossBuy/Controllers/Api/DevSeedController.cs"
"DevTools","DevSeedController","CrmTestCrm","GET","False","False","True","(none)","AllowAnonymous;CrossBuy.Models.DevOnly","False","CrossBuy/Controllers/Api/DevSeedController.cs"
"DevTools","DevSeedController","InvTestI4","GET","False","False","True","(none)","AllowAnonymous;CrossBuy.Models.DevOnly","False","CrossBuy/Controllers/Api/DevSeedController.cs"
"DevTools","DevSeedController","InvTestI3","GET","False","False","True","(none)","AllowAnonymous;CrossBuy.Models.DevOnly","False","CrossBuy/Controllers/Api/DevSeedController.cs"
"DevTools","DevSeedController","InvTestCosting","GET","False","False","True","(none)","AllowAnonymous;CrossBuy.Models.DevOnly","False","CrossBuy/Controllers/Api/DevSeedController.cs"
"DevTools","DevSeedController","InvTestGl","GET","False","False","True","(none)","AllowAnonymous;CrossBuy.Models.DevOnly","False","CrossBuy/Controllers/Api/DevSeedController.cs"
"DevTools","DevSeedController","InvTestComposite","GET","False","False","True","(none)","AllowAnonymous;CrossBuy.Models.DevOnly","False","CrossBuy/Controllers/Api/DevSeedController.cs"
"DevTools","DevSeedController","InvTestI2","GET","False","False","True","(none)","AllowAnonymous;CrossBuy.Models.DevOnly","False","CrossBuy/Controllers/Api/DevSeedController.cs"
"DevTools","DevSeedController","SeedInvItems","GET","False","False","True","(none)","AllowAnonymous;CrossBuy.Models.DevOnly","False","CrossBuy/Controllers/Api/DevSeedController.cs"
"DevTools","DevSeedController","SeedInvComposite","GET","False","False","True","(none)","AllowAnonymous;CrossBuy.Models.DevOnly","False","CrossBuy/Controllers/Api/DevSeedController.cs"
"DevTools","DevSeedController","SeedItemImages","GET","False","False","True","(none)","AllowAnonymous;CrossBuy.Models.DevOnly","False","CrossBuy/Controllers/Api/DevSeedController.cs"
"DevTools","DevSeedController","SeedItemImagesReal","GET","False","False","True","(none)","AllowAnonymous;CrossBuy.Models.DevOnly","False","CrossBuy/Controllers/Api/DevSeedController.cs"
"DevTools","DevSeedController","SeedUomDemo","GET","False","False","True","(none)","AllowAnonymous;CrossBuy.Models.DevOnly","False","CrossBuy/Controllers/Api/DevSeedController.cs"
"DevTools","DevSeedController","InvTestI6","GET","False","False","True","(none)","AllowAnonymous;CrossBuy.Models.DevOnly","False","CrossBuy/Controllers/Api/DevSeedController.cs"
"DevTools","DevSeedController","InvTestI7","GET","False","False","True","(none)","AllowAnonymous;CrossBuy.Models.DevOnly","False","CrossBuy/Controllers/Api/DevSeedController.cs"
"DevTools","DevSeedController","InvTestI9","GET","False","False","True","(none)","AllowAnonymous;CrossBuy.Models.DevOnly","False","CrossBuy/Controllers/Api/DevSeedController.cs"
"DevTools","DevSeedController","InvTestInterbranch","GET","False","False","True","(none)","AllowAnonymous;CrossBuy.Models.DevOnly","False","CrossBuy/Controllers/Api/DevSeedController.cs"
"DevTools","DevSeedController","SeedInvRoles","GET","False","False","True","(none)","AllowAnonymous;CrossBuy.Models.DevOnly","False","CrossBuy/Controllers/Api/DevSeedController.cs"
"DevTools","DevSeedController","InvTestApproval","GET","False","False","True","(none)","AllowAnonymous;CrossBuy.Models.DevOnly","False","CrossBuy/Controllers/Api/DevSeedController.cs"
"DevTools","DevSeedController","InvTestFefo","GET","False","False","True","(none)","AllowAnonymous;CrossBuy.Models.DevOnly","False","CrossBuy/Controllers/Api/DevSeedController.cs"
"DevTools","DevSeedController","SeedWriteOffDemo","GET","False","False","True","(none)","AllowAnonymous;CrossBuy.Models.DevOnly","False","CrossBuy/Controllers/Api/DevSeedController.cs"
"DevTools","DevSeedController","InvTestConcurrency","GET","False","False","True","(none)","AllowAnonymous;CrossBuy.Models.DevOnly","False","CrossBuy/Controllers/Api/DevSeedController.cs"
"DevTools","DevSeedController","SeedOpeningDemo","GET","False","False","True","(none)","AllowAnonymous;CrossBuy.Models.DevOnly","False","CrossBuy/Controllers/Api/DevSeedController.cs"
"DevTools","DevSeedController","InvTestPeriodLock","GET","False","False","True","(none)","AllowAnonymous;CrossBuy.Models.DevOnly","False","CrossBuy/Controllers/Api/DevSeedController.cs"
"DevTools","DevSeedController","InvTestIntegrity","GET","False","False","True","(none)","AllowAnonymous;CrossBuy.Models.DevOnly","False","CrossBuy/Controllers/Api/DevSeedController.cs"
"DevTools","DevSeedController","InvReconcile","GET","False","False","True","(none)","AllowAnonymous;CrossBuy.Models.DevOnly","False","CrossBuy/Controllers/Api/DevSeedController.cs"
"DevTools","DevSeedController","InvResyncItem","GET","False","False","True","(none)","AllowAnonymous;CrossBuy.Models.DevOnly","False","CrossBuy/Controllers/Api/DevSeedController.cs"
"DevTools","DevSeedController","Hm1ResyncGuardTest","GET","False","False","True","(none)","AllowAnonymous;CrossBuy.Models.DevOnly","False","CrossBuy/Controllers/Api/DevSeedController.cs"
"DevTools","DevSeedController","WarehouseSectionsTest","GET","False","False","True","(none)","AllowAnonymous;CrossBuy.Models.DevOnly","False","CrossBuy/Controllers/Api/DevSeedController.cs"
"DevTools","DevSeedController","SeedSectionsGroups","GET","False","False","True","(none)","AllowAnonymous;CrossBuy.Models.DevOnly","False","CrossBuy/Controllers/Api/DevSeedController.cs"
"DevTools","DevSeedController","ReceiptLocationTest","GET","False","False","True","(none)","AllowAnonymous;CrossBuy.Models.DevOnly","False","CrossBuy/Controllers/Api/DevSeedController.cs"
"DevTools","DevSeedController","OutboundLocationTest","GET","False","False","True","(none)","AllowAnonymous;CrossBuy.Models.DevOnly","False","CrossBuy/Controllers/Api/DevSeedController.cs"
"DevTools","DevSeedController","BinStockTest","GET","False","False","True","(none)","AllowAnonymous;CrossBuy.Models.DevOnly","False","CrossBuy/Controllers/Api/DevSeedController.cs"
"DevTools","DevSeedController","PosQuickMenuTest","GET","False","False","True","(none)","AllowAnonymous;CrossBuy.Models.DevOnly","False","CrossBuy/Controllers/Api/DevSeedController.cs"
"DevTools","DevSeedController","SeedRestaurantMenu","GET","False","False","True","(none)","AllowAnonymous;CrossBuy.Models.DevOnly","False","CrossBuy/Controllers/Api/DevSeedController.cs"
"DevTools","DevSeedController","PosModifiersTest","GET","False","False","True","(none)","AllowAnonymous;CrossBuy.Models.DevOnly","False","CrossBuy/Controllers/Api/DevSeedController.cs"
"DevTools","DevSeedController","PosPayRolesTest","GET","False","False","True","(none)","AllowAnonymous;CrossBuy.Models.DevOnly","False","CrossBuy/Controllers/Api/DevSeedController.cs"
"DevTools","DevSeedController","Rc2Test","GET","False","False","True","(none)","AllowAnonymous;CrossBuy.Models.DevOnly","False","CrossBuy/Controllers/Api/DevSeedController.cs"
"DevTools","DevSeedController","PosTerminalsTest","GET","False","False","True","(none)","AllowAnonymous;CrossBuy.Models.DevOnly","False","CrossBuy/Controllers/Api/DevSeedController.cs"
"DevTools","DevSeedController","Pos2Test","GET","False","False","True","(none)","AllowAnonymous;CrossBuy.Models.DevOnly","True","CrossBuy/Controllers/Api/DevSeedController.cs"
"DevTools","DevSeedController","Pos3Test","GET","False","False","True","(none)","AllowAnonymous;CrossBuy.Models.DevOnly","False","CrossBuy/Controllers/Api/DevSeedController.cs"
"DevTools","DevSeedController","InvTestAssetBridge","GET","False","False","True","(none)","AllowAnonymous;CrossBuy.Models.DevOnly","False","CrossBuy/Controllers/Api/DevSeedController.cs"
"DevTools","DevSeedController","InvTestAssetCapitalize","GET","False","False","True","(none)","AllowAnonymous;CrossBuy.Models.DevOnly","False","CrossBuy/Controllers/Api/DevSeedController.cs"
"DevTools","DevSeedController","SessProbe","GET","False","False","True","(none)","AllowAnonymous;CrossBuy.Models.DevOnly","False","CrossBuy/Controllers/Api/DevSeedController.cs"
"DevTools","DevSeedController","HrTestHoliday","GET","False","False","True","(none)","AllowAnonymous;CrossBuy.Models.DevOnly","False","CrossBuy/Controllers/Api/DevSeedController.cs"
"DevTools","DevSeedController","HrTestAttendance","GET","False","False","True","(none)","AllowAnonymous;CrossBuy.Models.DevOnly","False","CrossBuy/Controllers/Api/DevSeedController.cs"
"DevTools","DevSeedController","HrTestPayslip","GET","False","False","True","(none)","AllowAnonymous;CrossBuy.Models.DevOnly","False","CrossBuy/Controllers/Api/DevSeedController.cs"
"DevTools","DevSeedController","HrTestDisburse","GET","False","False","True","(none)","AllowAnonymous;CrossBuy.Models.DevOnly","False","CrossBuy/Controllers/Api/DevSeedController.cs"
"DevTools","DevSeedController","SeedDisbursement","GET","False","False","True","(none)","AllowAnonymous;CrossBuy.Models.DevOnly","False","CrossBuy/Controllers/Api/DevSeedController.cs"
"DevTools","DevSeedController","SeedPayments","GET","False","False","True","(none)","AllowAnonymous;CrossBuy.Models.DevOnly","False","CrossBuy/Controllers/Api/DevSeedController.cs"
"DevTools","DevSeedController","HrTestLeaveAccrual","GET","False","False","True","(none)","AllowAnonymous;CrossBuy.Models.DevOnly","False","CrossBuy/Controllers/Api/DevSeedController.cs"
"DevTools","DevSeedController","HrTestDocs","GET","False","False","True","(none)","AllowAnonymous;CrossBuy.Models.DevOnly","False","CrossBuy/Controllers/Api/DevSeedController.cs"
"DevTools","DevSeedController","HrTestSettlement","GET","False","False","True","(none)","AllowAnonymous;CrossBuy.Models.DevOnly","False","CrossBuy/Controllers/Api/DevSeedController.cs"
"DevTools","DevSeedController","HrTestCarryOver","GET","False","False","True","(none)","AllowAnonymous;CrossBuy.Models.DevOnly","False","CrossBuy/Controllers/Api/DevSeedController.cs"
"DevTools","DevSeedController","CrmTestEnrich","GET","False","False","True","(none)","AllowAnonymous;CrossBuy.Models.DevOnly","False","CrossBuy/Controllers/Api/DevSeedController.cs"
"DevTools","DevSeedController","CrmTestQuotation","GET","False","False","True","(none)","AllowAnonymous;CrossBuy.Models.DevOnly","False","CrossBuy/Controllers/Api/DevSeedController.cs"
"DevTools","DevSeedController","CrmTestSalesReturn","GET","False","False","True","(none)","AllowAnonymous;CrossBuy.Models.DevOnly","False","CrossBuy/Controllers/Api/DevSeedController.cs"
"DevTools","DevSeedController","CrmTestPurchaseReturn","GET","False","False","True","(none)","AllowAnonymous;CrossBuy.Models.DevOnly","False","CrossBuy/Controllers/Api/DevSeedController.cs"
"DevTools","DevSeedController","CrmTestCreditLimit","GET","False","False","True","(none)","AllowAnonymous;CrossBuy.Models.DevOnly","False","CrossBuy/Controllers/Api/DevSeedController.cs"
"DevTools","DevSeedController","SeedUsers","GET","False","False","True","(none)","AllowAnonymous;CrossBuy.Models.DevOnly","False","CrossBuy/Controllers/Api/DevSeedController.cs"
"DevTools","DevSeedController","SeedTestOrg","GET","False","False","True","(none)","AllowAnonymous;CrossBuy.Models.DevOnly","False","CrossBuy/Controllers/Api/DevSeedController.cs"
"DevTools","DevSeedController","SeedDeptHeads","GET","False","False","True","(none)","AllowAnonymous;CrossBuy.Models.DevOnly","False","CrossBuy/Controllers/Api/DevSeedController.cs"
"DevTools","DevSeedController","SeedAccounting","GET","False","False","True","(none)","AllowAnonymous;CrossBuy.Models.DevOnly","False","CrossBuy/Controllers/Api/DevSeedController.cs"
"DevTools","DevSeedController","SeedMultiCurrency","GET","False","False","True","(none)","AllowAnonymous;CrossBuy.Models.DevOnly","False","CrossBuy/Controllers/Api/DevSeedController.cs"
"DevTools","DevSeedController","McTestP2p","GET","False","False","True","(none)","AllowAnonymous;CrossBuy.Models.DevOnly","False","CrossBuy/Controllers/Api/DevSeedController.cs"
"DevTools","DevSeedController","McTestO2c","GET","False","False","True","(none)","AllowAnonymous;CrossBuy.Models.DevOnly","False","CrossBuy/Controllers/Api/DevSeedController.cs"
"DevTools","DevSeedController","McTestFx","GET","False","False","True","(none)","AllowAnonymous;CrossBuy.Models.DevOnly","False","CrossBuy/Controllers/Api/DevSeedController.cs"
"DevTools","DevSeedController","McTestReval","GET","False","False","True","(none)","AllowAnonymous;CrossBuy.Models.DevOnly","False","CrossBuy/Controllers/Api/DevSeedController.cs"
"DevTools","DevSeedController","McTestPricing2","GET","False","False","True","(none)","AllowAnonymous;CrossBuy.Models.DevOnly","False","CrossBuy/Controllers/Api/DevSeedController.cs"
"DevTools","DevSeedController","PricingTestMargin","GET","False","False","True","(none)","AllowAnonymous;CrossBuy.Models.DevOnly","False","CrossBuy/Controllers/Api/DevSeedController.cs"
"DevTools","DevSeedController","PromotionTest","GET","False","False","True","(none)","AllowAnonymous;CrossBuy.Models.DevOnly","False","CrossBuy/Controllers/Api/DevSeedController.cs"
"DevTools","DevSeedController","PricingTestCostPlus","GET","False","False","True","(none)","AllowAnonymous;CrossBuy.Models.DevOnly","False","CrossBuy/Controllers/Api/DevSeedController.cs"
"DevTools","DevSeedController","ChatTestSeed","GET","False","False","True","(none)","AllowAnonymous;CrossBuy.Models.DevOnly","False","CrossBuy/Controllers/Api/DevSeedController.cs"
"DevTools","DevSeedController","EmployeeRequestTest","GET","False","False","True","(none)","AllowAnonymous;CrossBuy.Models.DevOnly","False","CrossBuy/Controllers/Api/DevSeedController.cs"
"DevTools","DevSeedController","AppraisalTest","GET","False","False","True","(none)","AllowAnonymous;CrossBuy.Models.DevOnly","False","CrossBuy/Controllers/Api/DevSeedController.cs"
"DevTools","DevSeedController","TrainingTest","GET","False","False","True","(none)","AllowAnonymous;CrossBuy.Models.DevOnly","False","CrossBuy/Controllers/Api/DevSeedController.cs"
"DevTools","DevSeedController","PricingTestDiscount","GET","False","False","True","(none)","AllowAnonymous;CrossBuy.Models.DevOnly","False","CrossBuy/Controllers/Api/DevSeedController.cs"
"DevTools","DevSeedController","CrmTestAutomation","GET","False","False","True","(none)","AllowAnonymous;CrossBuy.Models.DevOnly","False","CrossBuy/Controllers/Api/DevSeedController.cs"
"DevTools","DevSeedController","CrmTestCustomFields","GET","False","False","True","(none)","AllowAnonymous;CrossBuy.Models.DevOnly","False","CrossBuy/Controllers/Api/DevSeedController.cs"
"DevTools","DevSeedController","FxTestBankReval","GET","False","False","True","(none)","AllowAnonymous;CrossBuy.Models.DevOnly","False","CrossBuy/Controllers/Api/DevSeedController.cs"
"DevTools","DevSeedController","SeedBrands","GET","False","False","True","(none)","AllowAnonymous;CrossBuy.Models.DevOnly","False","CrossBuy/Controllers/Api/DevSeedController.cs"
"DevTools","DevSeedController","BrandTest","GET","False","False","True","(none)","AllowAnonymous;CrossBuy.Models.DevOnly","False","CrossBuy/Controllers/Api/DevSeedController.cs"
"DevTools","DevSeedController","MaintTest","GET","False","False","True","(none)","AllowAnonymous;CrossBuy.Models.DevOnly","False","CrossBuy/Controllers/Api/DevSeedController.cs"
"DevTools","DevSeedController","JeTestProject","GET","False","False","True","(none)","AllowAnonymous;CrossBuy.Models.DevOnly","False","CrossBuy/Controllers/Api/DevSeedController.cs"
"DevTools","DevSeedController","ProjectTest","GET","False","False","True","(none)","AllowAnonymous;CrossBuy.Models.DevOnly","False","CrossBuy/Controllers/Api/DevSeedController.cs"
"DevTools","DevSeedController","P0Test","GET","False","False","True","(none)","AllowAnonymous;CrossBuy.Models.DevOnly","False","CrossBuy/Controllers/Api/DevSeedController.cs"
"DevTools","DevSeedController","P1Test","GET","False","False","True","(none)","AllowAnonymous;CrossBuy.Models.DevOnly","False","CrossBuy/Controllers/Api/DevSeedController.cs"
"DevTools","DevSeedController","P2Test","GET","False","False","True","(none)","AllowAnonymous;CrossBuy.Models.DevOnly","False","CrossBuy/Controllers/Api/DevSeedController.cs"
"DevTools","DevSeedController","P3Test","GET","False","False","True","(none)","AllowAnonymous;CrossBuy.Models.DevOnly","False","CrossBuy/Controllers/Api/DevSeedController.cs"
"DevTools","DevSeedController","SeedBillingData","GET","False","False","True","(none)","AllowAnonymous;CrossBuy.Models.DevOnly","False","CrossBuy/Controllers/Api/DevSeedController.cs"
"DevTools","DevSeedController","P4Test","GET","False","False","True","(none)","AllowAnonymous;CrossBuy.Models.DevOnly","False","CrossBuy/Controllers/Api/DevSeedController.cs"
"DevTools","DevSeedController","P5aTest","GET","False","False","True","(none)","AllowAnonymous;CrossBuy.Models.DevOnly","False","CrossBuy/Controllers/Api/DevSeedController.cs"
"DevTools","DevSeedController","P5bTest","GET","False","False","True","(none)","AllowAnonymous;CrossBuy.Models.DevOnly","False","CrossBuy/Controllers/Api/DevSeedController.cs"
"DevTools","DevSeedController","P6aTest","GET","False","False","True","(none)","AllowAnonymous;CrossBuy.Models.DevOnly","False","CrossBuy/Controllers/Api/DevSeedController.cs"
"DevTools","DevSeedController","P6bTest","GET","False","False","True","(none)","AllowAnonymous;CrossBuy.Models.DevOnly","False","CrossBuy/Controllers/Api/DevSeedController.cs"
"DevTools","DevSeedController","P6cTest","GET","False","False","True","(none)","AllowAnonymous;CrossBuy.Models.DevOnly","False","CrossBuy/Controllers/Api/DevSeedController.cs"
"DevTools","DevSeedController","P6c2Test","GET","False","False","True","(none)","AllowAnonymous;CrossBuy.Models.DevOnly","False","CrossBuy/Controllers/Api/DevSeedController.cs"
"DevTools","DevSeedController","P6dTest","GET","False","False","True","(none)","AllowAnonymous;CrossBuy.Models.DevOnly","False","CrossBuy/Controllers/Api/DevSeedController.cs"
"DevTools","DevSeedController","P6eTest","GET","False","False","True","(none)","AllowAnonymous;CrossBuy.Models.DevOnly","False","CrossBuy/Controllers/Api/DevSeedController.cs"
"DevTools","DevSeedController","PrjDemoCost","GET","False","False","True","(none)","AllowAnonymous;CrossBuy.Models.DevOnly","False","CrossBuy/Controllers/Api/DevSeedController.cs"
"DevTools","DevSeedController","R0Test","GET","False","False","True","(none)","AllowAnonymous;CrossBuy.Models.DevOnly","False","CrossBuy/Controllers/Api/DevSeedController.cs"
"DevTools","DevSeedController","R1Test","GET","False","False","True","(none)","AllowAnonymous;CrossBuy.Models.DevOnly","False","CrossBuy/Controllers/Api/DevSeedController.cs"
"DevTools","DevSeedController","R2Test","GET","False","False","True","(none)","AllowAnonymous;CrossBuy.Models.DevOnly","False","CrossBuy/Controllers/Api/DevSeedController.cs"
"DevTools","DevSeedController","R3Test","GET","False","False","True","(none)","AllowAnonymous;CrossBuy.Models.DevOnly","False","CrossBuy/Controllers/Api/DevSeedController.cs"
"DevTools","DevSeedController","RecruitDemo","GET","False","False","True","(none)","AllowAnonymous;CrossBuy.Models.DevOnly","False","CrossBuy/Controllers/Api/DevSeedController.cs"
"DevTools","DevSeedController","CrmSeedPipeline","GET","False","False","True","(none)","AllowAnonymous;CrossBuy.Models.DevOnly","False","CrossBuy/Controllers/Api/DevSeedController.cs"
"DevTools","DevSeedController","CrmTestO2c","GET","False","False","True","(none)","AllowAnonymous;CrossBuy.Models.DevOnly","False","CrossBuy/Controllers/Api/DevSeedController.cs"
"DevTools","DevSeedController","CrmTestAccount","GET","False","False","True","(none)","AllowAnonymous;CrossBuy.Models.DevOnly","False","CrossBuy/Controllers/Api/DevSeedController.cs"
"DevTools","DevSeedController","CrmTestTimeline","GET","False","False","True","(none)","AllowAnonymous;CrossBuy.Models.DevOnly","False","CrossBuy/Controllers/Api/DevSeedController.cs"
"DevTools","DevSeedController","CrmTestMarketing","GET","False","False","True","(none)","AllowAnonymous;CrossBuy.Models.DevOnly","False","CrossBuy/Controllers/Api/DevSeedController.cs"
"DevTools","DevSeedController","CrmTestTickets","GET","False","False","True","(none)","AllowAnonymous;CrossBuy.Models.DevOnly","False","CrossBuy/Controllers/Api/DevSeedController.cs"
"DevTools","DevSeedController","CrmTestManagerScope","GET","False","False","True","(none)","AllowAnonymous;CrossBuy.Models.DevOnly","False","CrossBuy/Controllers/Api/DevSeedController.cs"
"DevTools","DevSeedController","CrmTestScoring","GET","False","False","True","(none)","AllowAnonymous;CrossBuy.Models.DevOnly","False","CrossBuy/Controllers/Api/DevSeedController.cs"
"DevTools","DevSeedController","ManufTestWo","GET","False","False","True","(none)","AllowAnonymous;CrossBuy.Models.DevOnly","False","CrossBuy/Controllers/Api/DevSeedController.cs"
"DevTools","DevSeedController","MfgSaleChainTest","GET","False","False","True","(none)","AllowAnonymous;CrossBuy.Models.DevOnly","False","CrossBuy/Controllers/Api/DevSeedController.cs"
"DevTools","DevSeedController","SplitItemsTest","GET","False","False","True","(none)","AllowAnonymous;CrossBuy.Models.DevOnly","False","CrossBuy/Controllers/Api/DevSeedController.cs"
"DevTools","DevSeedController","Rc4Test","GET","False","False","True","(none)","AllowAnonymous;CrossBuy.Models.DevOnly","False","CrossBuy/Controllers/Api/DevSeedController.cs"
"DevTools","DevSeedController","Rc6aTest","GET","False","False","True","(none)","AllowAnonymous;CrossBuy.Models.DevOnly","False","CrossBuy/Controllers/Api/DevSeedController.cs"
"DevTools","DevSeedController","Rc6bTest","GET","False","False","True","(none)","AllowAnonymous;CrossBuy.Models.DevOnly","False","CrossBuy/Controllers/Api/DevSeedController.cs"
"DevTools","DevSeedController","Rc6cTest","GET","False","False","True","(none)","AllowAnonymous;CrossBuy.Models.DevOnly","False","CrossBuy/Controllers/Api/DevSeedController.cs"
"DevTools","DevSeedController","HmD34GuardRegression","GET","False","False","True","(none)","AllowAnonymous;CrossBuy.Models.DevOnly","False","CrossBuy/Controllers/Api/DevSeedController.cs"
"DevTools","DevSeedController","Rc6c2Test","GET","False","False","True","(none)","AllowAnonymous;CrossBuy.Models.DevOnly","False","CrossBuy/Controllers/Api/DevSeedController.cs"
"DevTools","DevSeedController","Bis1Test","GET","False","False","True","(none)","AllowAnonymous;CrossBuy.Models.DevOnly","False","CrossBuy/Controllers/Api/DevSeedController.cs"
"DevTools","DevSeedController","BisRecipeTest","GET","False","False","True","(none)","AllowAnonymous;CrossBuy.Models.DevOnly","False","CrossBuy/Controllers/Api/DevSeedController.cs"
"DevTools","DevSeedController","Bis3Test","GET","False","False","True","(none)","AllowAnonymous;CrossBuy.Models.DevOnly","False","CrossBuy/Controllers/Api/DevSeedController.cs"
"DevTools","DevSeedController","Bis4Test","GET","False","False","True","(none)","AllowAnonymous;CrossBuy.Models.DevOnly","False","CrossBuy/Controllers/Api/DevSeedController.cs"
"DevTools","DevSeedController","TipTest","GET","False","False","True","(none)","AllowAnonymous;CrossBuy.Models.DevOnly","False","CrossBuy/Controllers/Api/DevSeedController.cs"
"DevTools","DevSeedController","PosSyncTest","GET","False","False","True","(none)","AllowAnonymous;CrossBuy.Models.DevOnly","False","CrossBuy/Controllers/Api/DevSeedController.cs"
"DevTools","DevSeedController","Pos9eTest","GET","False","False","True","(none)","AllowAnonymous;CrossBuy.Models.DevOnly","False","CrossBuy/Controllers/Api/DevSeedController.cs"
"DevTools","DevSeedController","Tm1Test","GET","False","False","True","(none)","AllowAnonymous;CrossBuy.Models.DevOnly","False","CrossBuy/Controllers/Api/DevSeedController.cs"
"DevTools","DevSeedController","Tm2Test","GET","False","False","True","(none)","AllowAnonymous;CrossBuy.Models.DevOnly","False","CrossBuy/Controllers/Api/DevSeedController.cs"
"DevTools","DevSeedController","Tm3Test","GET","False","False","True","(none)","AllowAnonymous;CrossBuy.Models.DevOnly","False","CrossBuy/Controllers/Api/DevSeedController.cs"
"DevTools","DevSeedController","Tm4Test","GET","False","False","True","(none)","AllowAnonymous;CrossBuy.Models.DevOnly","False","CrossBuy/Controllers/Api/DevSeedController.cs"
"DevTools","DevSeedController","Tm5Test","GET","False","False","True","(none)","AllowAnonymous;CrossBuy.Models.DevOnly","False","CrossBuy/Controllers/Api/DevSeedController.cs"
"DevTools","DevSeedController","Tm6Test","GET","False","False","True","(none)","AllowAnonymous;CrossBuy.Models.DevOnly","False","CrossBuy/Controllers/Api/DevSeedController.cs"
"DevTools","DevSeedController","Tm7Test","GET","False","False","True","(none)","AllowAnonymous;CrossBuy.Models.DevOnly","False","CrossBuy/Controllers/Api/DevSeedController.cs"
"DevTools","DevSeedController","Tm8Test","GET","False","False","True","(none)","AllowAnonymous;CrossBuy.Models.DevOnly","False","CrossBuy/Controllers/Api/DevSeedController.cs"
"DevTools","DevSeedController","Tm9aTest","GET","False","False","True","(none)","AllowAnonymous;CrossBuy.Models.DevOnly","False","CrossBuy/Controllers/Api/DevSeedController.cs"
"DevTools","DevSeedController","Tm9bTest","GET","False","False","True","(none)","AllowAnonymous;CrossBuy.Models.DevOnly","False","CrossBuy/Controllers/Api/DevSeedController.cs"
"DevTools","DevSeedController","Tm9cTest","GET","False","False","True","(none)","AllowAnonymous;CrossBuy.Models.DevOnly","False","CrossBuy/Controllers/Api/DevSeedController.cs"
"DevTools","DevSeedController","TasksSeed","GET","False","False","True","(none)","AllowAnonymous;CrossBuy.Models.DevOnly","False","CrossBuy/Controllers/Api/DevSeedController.cs"
"DevTools","DevSeedController","TasksSeedClear","GET","False","False","True","(none)","AllowAnonymous;CrossBuy.Models.DevOnly","False","CrossBuy/Controllers/Api/DevSeedController.cs"
"DevTools","DevSeedController","PosC1Test","GET","False","False","True","(none)","AllowAnonymous;CrossBuy.Models.DevOnly","False","CrossBuy/Controllers/Api/DevSeedController.cs"
"DevTools","DevSeedController","PosC2Test","GET","False","False","True","(none)","AllowAnonymous;CrossBuy.Models.DevOnly","False","CrossBuy/Controllers/Api/DevSeedController.cs"
"DevTools","DevSeedController","PosC3Test","GET","False","False","True","(none)","AllowAnonymous;CrossBuy.Models.DevOnly","False","CrossBuy/Controllers/Api/DevSeedController.cs"
"DevTools","DevSeedController","PosC4Test","GET","False","False","True","(none)","AllowAnonymous;CrossBuy.Models.DevOnly","False","CrossBuy/Controllers/Api/DevSeedController.cs"
"DevTools","DevSeedController","PosA1Test","GET","False","False","True","(none)","AllowAnonymous;CrossBuy.Models.DevOnly","False","CrossBuy/Controllers/Api/DevSeedController.cs"
"DevTools","DevSeedController","PosB1Test","GET","False","False","True","(none)","AllowAnonymous;CrossBuy.Models.DevOnly","False","CrossBuy/Controllers/Api/DevSeedController.cs"
"DevTools","DevSeedController","PosB2Test","GET","False","False","True","(none)","AllowAnonymous;CrossBuy.Models.DevOnly","False","CrossBuy/Controllers/Api/DevSeedController.cs"
"DevTools","DevSeedController","Rc3aTest","GET","False","False","True","(none)","AllowAnonymous;CrossBuy.Models.DevOnly","False","CrossBuy/Controllers/Api/DevSeedController.cs"
"DevTools","DevSeedController","Rc3dTest","GET","False","False","True","(none)","AllowAnonymous;CrossBuy.Models.DevOnly","False","CrossBuy/Controllers/Api/DevSeedController.cs"
"DevTools","DevSeedController","Rc3eTest","GET","False","False","True","(none)","AllowAnonymous;CrossBuy.Models.DevOnly","False","CrossBuy/Controllers/Api/DevSeedController.cs"
"DevTools","DevSeedController","ManufTestRouting","GET","False","False","True","(none)","AllowAnonymous;CrossBuy.Models.DevOnly","False","CrossBuy/Controllers/Api/DevSeedController.cs"
"DevTools","DevSeedController","ManufTestMrp","GET","False","False","True","(none)","AllowAnonymous;CrossBuy.Models.DevOnly","False","CrossBuy/Controllers/Api/DevSeedController.cs"
"DevTools","DevSeedController","ManufTestScrap","GET","False","False","True","(none)","AllowAnonymous;CrossBuy.Models.DevOnly","False","CrossBuy/Controllers/Api/DevSeedController.cs"
"DevTools","DevSeedController","ManufTestLaborFx","GET","False","False","True","(none)","AllowAnonymous;CrossBuy.Models.DevOnly","False","CrossBuy/Controllers/Api/DevSeedController.cs"
"DevTools","DevSeedController","ManufTestWip","GET","False","False","True","(none)","AllowAnonymous;CrossBuy.Models.DevOnly","False","CrossBuy/Controllers/Api/DevSeedController.cs"
"DevTools","DevSeedController","ManufTestStaged","GET","False","False","True","(none)","AllowAnonymous;CrossBuy.Models.DevOnly","False","CrossBuy/Controllers/Api/DevSeedController.cs"
"DevTools","DevSeedController","ManufTestPartial","GET","False","False","True","(none)","AllowAnonymous;CrossBuy.Models.DevOnly","False","CrossBuy/Controllers/Api/DevSeedController.cs"
"DevTools","DevSeedController","ManufTestWipCheck","GET","False","False","True","(none)","AllowAnonymous;CrossBuy.Models.DevOnly","False","CrossBuy/Controllers/Api/DevSeedController.cs"
"DevTools","DevSeedController","ManufTestLabor","GET","False","False","True","(none)","AllowAnonymous;CrossBuy.Models.DevOnly","False","CrossBuy/Controllers/Api/DevSeedController.cs"
"DevTools","DevSeedController","ManufTestImmediateScrap","GET","False","False","True","(none)","AllowAnonymous;CrossBuy.Models.DevOnly","False","CrossBuy/Controllers/Api/DevSeedController.cs"
"DevTools","DevSeedController","CrmSeedDemo","GET","False","False","True","(none)","AllowAnonymous;CrossBuy.Models.DevOnly","False","CrossBuy/Controllers/Api/DevSeedController.cs"
"DevTools","DevSeedController","SeedAccDemo","GET","False","False","True","(none)","AllowAnonymous;CrossBuy.Models.DevOnly","False","CrossBuy/Controllers/Api/DevSeedController.cs"
"DevTools","DevSeedController","SeedFaDemo","GET","False","False","True","(none)","AllowAnonymous;CrossBuy.Models.DevOnly","False","CrossBuy/Controllers/Api/DevSeedController.cs"
"DevTools","DevSeedController","SeedTaxDemo","GET","False","False","True","(none)","AllowAnonymous;CrossBuy.Models.DevOnly","False","CrossBuy/Controllers/Api/DevSeedController.cs"
"DevTools","DevSeedController","SeedBankRecon","GET","False","False","True","(none)","AllowAnonymous;CrossBuy.Models.DevOnly","False","CrossBuy/Controllers/Api/DevSeedController.cs"
"DevTools","DevSeedController","SeedInvDemo","GET","False","False","True","(none)","AllowAnonymous;CrossBuy.Models.DevOnly","False","CrossBuy/Controllers/Api/DevSeedController.cs"
"DevTools","DevSeedController","SeedProjectExecution","GET","False","False","True","(none)","AllowAnonymous;CrossBuy.Models.DevOnly","False","CrossBuy/Controllers/Api/DevSeedController.cs"
"DevTools","DevSeedController","SeedFinalSettlement","GET","False","False","True","(none)","AllowAnonymous;CrossBuy.Models.DevOnly","False","CrossBuy/Controllers/Api/DevSeedController.cs"
"DevTools","DevSeedController","SeedAttendanceMonth","GET","False","False","True","(none)","AllowAnonymous;CrossBuy.Models.DevOnly","False","CrossBuy/Controllers/Api/DevSeedController.cs"
"DevTools","DevSeedController","SeedExpiry","GET","False","False","True","(none)","AllowAnonymous;CrossBuy.Models.DevOnly","False","CrossBuy/Controllers/Api/DevSeedController.cs"
"DevTools","DevSeedController","UndoExpiry","GET","False","False","True","(none)","AllowAnonymous;CrossBuy.Models.DevOnly","False","CrossBuy/Controllers/Api/DevSeedController.cs"
"Other","EmployeesApiController","List","GET","False","False","True","(none)","Authorize(AuthenticationSchemes = JwtBearerDefaults.AuthenticationScheme)","False","CrossBuy/Controllers/Api/EmployeesApiController.cs"
"Other","EmployeesApiController","Detail","GET","False","False","True","(none)","Authorize(AuthenticationSchemes = JwtBearerDefaults.AuthenticationScheme)","False","CrossBuy/Controllers/Api/EmployeesApiController.cs"
"Other","HrApiController","Summary","GET","False","False","True","(none)","Authorize(AuthenticationSchemes = JwtBearerDefaults.AuthenticationScheme)","False","CrossBuy/Controllers/Api/HrApiController.cs"
"Other","HrApiController","JobTitles","GET","False","False","True","(none)","Authorize(AuthenticationSchemes = JwtBearerDefaults.AuthenticationScheme)","False","CrossBuy/Controllers/Api/HrApiController.cs"
"Other","HrApiController","CreateJobTitle","POST","True","False","True","(none)","Authorize(AuthenticationSchemes = JwtBearerDefaults.AuthenticationScheme)","False","CrossBuy/Controllers/Api/HrApiController.cs"
"Other","HrApiController","UpdateJobTitle","PUT","True","False","True","(none)","Authorize(AuthenticationSchemes = JwtBearerDefaults.AuthenticationScheme)","False","CrossBuy/Controllers/Api/HrApiController.cs"
"Other","HrApiController","Companies","GET","False","False","True","(none)","Authorize(AuthenticationSchemes = JwtBearerDefaults.AuthenticationScheme)","False","CrossBuy/Controllers/Api/HrApiController.cs"
"Other","HrApiController","Branches","GET","False","False","True","(none)","Authorize(AuthenticationSchemes = JwtBearerDefaults.AuthenticationScheme)","False","CrossBuy/Controllers/Api/HrApiController.cs"
"Inventory","InventoryApiController","Items","GET","False","False","True","(none)","Authorize(AuthenticationSchemes = JwtBearerDefaults.AuthenticationScheme)","False","CrossBuy/Controllers/Api/InventoryApiController.cs"
"Inventory","InventoryApiController","Scan","GET","False","False","True","(none)","Authorize(AuthenticationSchemes = JwtBearerDefaults.AuthenticationScheme)","False","CrossBuy/Controllers/Api/InventoryApiController.cs"
"Inventory","InventoryApiController","OnHand","GET","False","False","True","(none)","Authorize(AuthenticationSchemes = JwtBearerDefaults.AuthenticationScheme)","False","CrossBuy/Controllers/Api/InventoryApiController.cs"
"Other","LeaveApiController","Types","GET","False","False","True","(none)","Authorize(AuthenticationSchemes = JwtBearerDefaults.AuthenticationScheme)","False","CrossBuy/Controllers/Api/LeaveApiController.cs"
"Other","LeaveApiController","WorkDays","GET","False","False","True","(none)","Authorize(AuthenticationSchemes = JwtBearerDefaults.AuthenticationScheme)","False","CrossBuy/Controllers/Api/LeaveApiController.cs"
"Other","LeaveApiController","My","GET","False","False","True","(none)","Authorize(AuthenticationSchemes = JwtBearerDefaults.AuthenticationScheme)","False","CrossBuy/Controllers/Api/LeaveApiController.cs"
"Other","LeaveApiController","Create","POST","True","False","True","(none)","Authorize(AuthenticationSchemes = JwtBearerDefaults.AuthenticationScheme)","False","CrossBuy/Controllers/Api/LeaveApiController.cs"
"Other","LeaveApiController","Pending","GET","False","False","True","(none)","Authorize(AuthenticationSchemes = JwtBearerDefaults.AuthenticationScheme)","False","CrossBuy/Controllers/Api/LeaveApiController.cs"
"Other","LeaveApiController","Decision","POST","True","False","True","(none)","Authorize(AuthenticationSchemes = JwtBearerDefaults.AuthenticationScheme)","False","CrossBuy/Controllers/Api/LeaveApiController.cs"
"Other","MeApiController","Dashboard","GET","False","False","True","(none)","Authorize(AuthenticationSchemes = JwtBearerDefaults.AuthenticationScheme)","False","CrossBuy/Controllers/Api/MeApiController.cs"
"Other","MeApiController","Documents","GET","False","False","True","(none)","Authorize(AuthenticationSchemes = JwtBearerDefaults.AuthenticationScheme)","False","CrossBuy/Controllers/Api/MeApiController.cs"
"Other","MeApiController","Activity","GET","False","False","True","(none)","Authorize(AuthenticationSchemes = JwtBearerDefaults.AuthenticationScheme)","False","CrossBuy/Controllers/Api/MeApiController.cs"
"Other","MeApiController","Profile","GET","False","False","True","(none)","Authorize(AuthenticationSchemes = JwtBearerDefaults.AuthenticationScheme)","False","CrossBuy/Controllers/Api/MeApiController.cs"
"Other","MeApiController","Position","GET","False","False","True","(none)","Authorize(AuthenticationSchemes = JwtBearerDefaults.AuthenticationScheme)","False","CrossBuy/Controllers/Api/MeApiController.cs"
"Other","MeApiController","Structure","GET","False","False","True","(none)","Authorize(AuthenticationSchemes = JwtBearerDefaults.AuthenticationScheme)","False","CrossBuy/Controllers/Api/MeApiController.cs"
"Communication","NotificationsApiController","List","GET","False","False","True","(none)","Authorize(AuthenticationSchemes = ""Identity.Application,"" + JwtBearerDefaults.AuthenticationScheme)","False","CrossBuy/Controllers/Api/NotificationsApiController.cs"
"Communication","NotificationsApiController","MarkRead","POST","True","False","True","(none)","Authorize(AuthenticationSchemes = ""Identity.Application,"" + JwtBearerDefaults.AuthenticationScheme)","False","CrossBuy/Controllers/Api/NotificationsApiController.cs"
"Communication","NotificationsApiController","MarkAllRead","POST","True","False","True","(none)","Authorize(AuthenticationSchemes = ""Identity.Application,"" + JwtBearerDefaults.AuthenticationScheme)","False","CrossBuy/Controllers/Api/NotificationsApiController.cs"
"Workflow","ApprovalsController","Index","GET","False","False","False","(none)","SessionValidation","False","CrossBuy/Controllers/ApprovalsController.cs"
"Other","BaseController","Index","GET","False","False","False","(none)","(none)","False","CrossBuy/Controllers/BaseController.cs"
"Retail","BrandController","Brands","GET","False","False","False","(none)","SessionValidation","False","CrossBuy/Controllers/BrandController.cs"
"Retail","BrandController","BrandEditor","GET","False","False","False","(none)","SessionValidation","False","CrossBuy/Controllers/BrandController.cs"
"Retail","BrandController","SaveBrand","POST","True","True","False","(none)","SessionValidation","False","CrossBuy/Controllers/BrandController.cs"
"Retail","BrandController","DeleteBrand","POST","True","True","False","(none)","SessionValidation","False","CrossBuy/Controllers/BrandController.cs"
"Retail","BrandController","ActivateDefaultBrand","POST","True","True","False","(none)","SessionValidation","False","CrossBuy/Controllers/BrandController.cs"
"Platform","BusinessEventMonitorController","Index","GET","False","False","False","(none)","SessionValidation;PlatformOps","False","CrossBuy/Controllers/BusinessEventMonitorController.cs"
"Platform","BusinessEventMonitorController","Runtime","GET","False","False","False","(none)","SessionValidation;PlatformOps","False","CrossBuy/Controllers/BusinessEventMonitorController.cs"
"Platform","BusinessEventMonitorController","Rows","GET","False","False","False","(none)","SessionValidation;PlatformOps","False","CrossBuy/Controllers/BusinessEventMonitorController.cs"
"Platform","BusinessEventMonitorController","Details","GET","False","False","False","(none)","SessionValidation;PlatformOps","False","CrossBuy/Controllers/BusinessEventMonitorController.cs"
"Platform","BusinessEventMonitorController","Retry","POST","True","True","False","(none)","SessionValidation;PlatformOps","False","CrossBuy/Controllers/BusinessEventMonitorController.cs"
"Communication","CalendarController","Index","GET","False","False","False","(none)","SessionValidation","False","CrossBuy/Controllers/CalendarController.cs"
"Communication","CalendarController","Events","GET","False","False","False","(none)","SessionValidation","False","CrossBuy/Controllers/CalendarController.cs"
"Communication","CalendarController","Upcoming","GET","False","False","False","(none)","SessionValidation","False","CrossBuy/Controllers/CalendarController.cs"
"Communication","CalendarController","Get","GET","False","False","False","(none)","SessionValidation","False","CrossBuy/Controllers/CalendarController.cs"
"Communication","CalendarController","Save","POST","True","True","False","(none)","SessionValidation","False","CrossBuy/Controllers/CalendarController.cs"
"Communication","CalendarController","Delete","POST","True","True","False","(none)","SessionValidation","False","CrossBuy/Controllers/CalendarController.cs"
"Communication","CalendarController","Attendees","GET","False","False","False","(none)","SessionValidation","False","CrossBuy/Controllers/CalendarController.cs"
"Communication","ChatController","Index","GET","False","False","False","(none)","SessionValidation","False","CrossBuy/Controllers/ChatController.cs"
"Communication","ChatController","Conversations","GET","False","False","False","(none)","SessionValidation","False","CrossBuy/Controllers/ChatController.cs"
"Communication","ChatController","Header","GET","False","False","False","(none)","SessionValidation","False","CrossBuy/Controllers/ChatController.cs"
"Communication","ChatController","Messages","GET","False","False","False","(none)","SessionValidation","True","CrossBuy/Controllers/ChatController.cs"
"Communication","ChatController","Directory","GET","False","False","False","(none)","SessionValidation","False","CrossBuy/Controllers/ChatController.cs"
"Communication","ChatController","StartDirect","POST","True","False","False","(none)","SessionValidation","False","CrossBuy/Controllers/ChatController.cs"
"Communication","ChatController","CreateGroup","POST","True","False","False","(none)","SessionValidation","False","CrossBuy/Controllers/ChatController.cs"
"Communication","ChatController","Send","POST","True","False","False","(none)","SessionValidation","False","CrossBuy/Controllers/ChatController.cs"
"Communication","ChatController","Edit","POST","True","False","False","(none)","SessionValidation","False","CrossBuy/Controllers/ChatController.cs"
"Communication","ChatController","Delete","POST","True","False","False","(none)","SessionValidation","False","CrossBuy/Controllers/ChatController.cs"
"Communication","ChatController","React","POST","True","False","False","(none)","SessionValidation","False","CrossBuy/Controllers/ChatController.cs"
"Communication","ChatController","MarkRead","POST","True","False","False","(none)","SessionValidation","False","CrossBuy/Controllers/ChatController.cs"
"Communication","ChatController","AddMember","POST","True","False","False","(none)","SessionValidation","False","CrossBuy/Controllers/ChatController.cs"
"Communication","ChatController","RemoveMember","POST","True","False","False","(none)","SessionValidation","False","CrossBuy/Controllers/ChatController.cs"
"Communication","CommController","Index","GET","False","False","False","(none)","SessionValidation","False","CrossBuy/Controllers/CommController.cs"
"Communication","CommController","Compose","GET","False","False","False","(none)","SessionValidation","False","CrossBuy/Controllers/CommController.cs"
"Communication","CommController","View","GET","False","False","False","(none)","SessionValidation","False","CrossBuy/Controllers/CommController.cs"
"Communication","CommController","Send","POST","True","True","False","(none)","SessionValidation","False","CrossBuy/Controllers/CommController.cs"
"Communication","CommController","Contacts","GET","False","False","False","(none)","SessionValidation","False","CrossBuy/Controllers/CommController.cs"
"Communication","CommController","Trash","POST","True","True","False","(none)","SessionValidation","False","CrossBuy/Controllers/CommController.cs"
"Communication","CommController","Star","POST","True","False","False","(none)","SessionValidation","False","CrossBuy/Controllers/CommController.cs"
"Communication","CommController","Resend","POST","True","True","False","(none)","SessionValidation","False","CrossBuy/Controllers/CommController.cs"
"Communication","CommentsController","List","GET","False","False","False","(none)","SessionValidation","False","CrossBuy/Controllers/CommentsController.cs"
"Communication","CommentsController","Add","POST","True","False","False","(none)","SessionValidation","False","CrossBuy/Controllers/CommentsController.cs"
"Communication","CommentsController","Delete","POST","True","False","False","(none)","SessionValidation","False","CrossBuy/Controllers/CommentsController.cs"
"CRM","CrmController","CustomFields","GET","False","False","False","(none)","SessionValidation","False","CrossBuy/Controllers/CrmController.cs"
"CRM","CrmController","SaveCustomField","POST","True","True","False","CrossBuy.Models.CrmPerm(""manage"")","SessionValidation","False","CrossBuy/Controllers/CrmController.cs"
"CRM","CrmController","DeleteCustomField","POST","True","True","False","CrossBuy.Models.CrmPerm(""manage"")","SessionValidation","False","CrossBuy/Controllers/CrmController.cs"
"CRM","CrmController","EntityCustomValues","GET","False","False","False","(none)","SessionValidation","False","CrossBuy/Controllers/CrmController.cs"
"CRM","CrmController","AutomationRules","GET","False","False","False","(none)","SessionValidation","False","CrossBuy/Controllers/CrmController.cs"
"CRM","CrmController","SaveAutomationRule","POST","True","True","False","CrossBuy.Models.CrmPerm(""manage"")","SessionValidation","False","CrossBuy/Controllers/CrmController.cs"
"CRM","CrmController","DeleteAutomationRule","POST","True","True","False","CrossBuy.Models.CrmPerm(""manage"")","SessionValidation","False","CrossBuy/Controllers/CrmController.cs"
"CRM","CrmController","Index","GET","False","False","False","(none)","SessionValidation","False","CrossBuy/Controllers/CrmController.cs"
"CRM","CrmController","CustomerPickData","GET","False","False","False","(none)","SessionValidation","False","CrossBuy/Controllers/CrmController.cs"
"CRM","CrmController","AccountPickData","GET","False","False","False","(none)","SessionValidation","False","CrossBuy/Controllers/CrmController.cs"
"CRM","CrmController","Accounts","GET","False","False","False","(none)","SessionValidation","False","CrossBuy/Controllers/CrmController.cs"
"CRM","CrmController","AccountsData","GET","False","False","False","(none)","SessionValidation","False","CrossBuy/Controllers/CrmController.cs"
"CRM","CrmController","AccountEditor","GET","False","False","False","(none)","SessionValidation","False","CrossBuy/Controllers/CrmController.cs"
"CRM","CrmController","SaveAccount","POST","True","True","False","CrossBuy.Models.CrmPerm(""edit"")","SessionValidation","False","CrossBuy/Controllers/CrmController.cs"
"CRM","CrmController","SaveContact","POST","True","True","False","CrossBuy.Models.CrmPerm(""edit"")","SessionValidation","False","CrossBuy/Controllers/CrmController.cs"
"CRM","CrmController","DeleteContact","POST","True","True","False","CrossBuy.Models.CrmPerm(""edit"")","SessionValidation","False","CrossBuy/Controllers/CrmController.cs"
"CRM","CrmController","Campaigns","GET","False","False","False","(none)","SessionValidation","False","CrossBuy/Controllers/CrmController.cs"
"CRM","CrmController","CampaignsData","GET","False","False","False","(none)","SessionValidation","False","CrossBuy/Controllers/CrmController.cs"
"CRM","CrmController","CampaignsExport","GET","False","False","False","(none)","SessionValidation","False","CrossBuy/Controllers/CrmController.cs"
"CRM","CrmController","LeadsExport","GET","False","False","False","(none)","SessionValidation","False","CrossBuy/Controllers/CrmController.cs"
"CRM","CrmController","OpportunitiesExport","GET","False","False","False","(none)","SessionValidation","False","CrossBuy/Controllers/CrmController.cs"
"CRM","CrmController","ActivitiesExport","GET","False","False","False","(none)","SessionValidation","False","CrossBuy/Controllers/CrmController.cs"
"CRM","CrmController","SaveCampaign","POST","True","True","False","CrossBuy.Models.CrmPerm(""edit"")","SessionValidation","False","CrossBuy/Controllers/CrmController.cs"
"CRM","CrmController","CampaignDetail","GET","False","False","False","(none)","SessionValidation","False","CrossBuy/Controllers/CrmController.cs"
"CRM","CrmController","EntityPickData","GET","False","False","False","(none)","SessionValidation","False","CrossBuy/Controllers/CrmController.cs"
"CRM","CrmController","AddCampaignMember","POST","True","True","False","CrossBuy.Models.CrmPerm(""edit"")","SessionValidation","False","CrossBuy/Controllers/CrmController.cs"
"CRM","CrmController","AddListToCampaign","POST","True","True","False","CrossBuy.Models.CrmPerm(""edit"")","SessionValidation","False","CrossBuy/Controllers/CrmController.cs"
"CRM","CrmController","UpdateMemberStatus","POST","True","True","False","CrossBuy.Models.CrmPerm(""edit"")","SessionValidation","False","CrossBuy/Controllers/CrmController.cs"
"CRM","CrmController","RemoveCampaignMember","POST","True","True","False","CrossBuy.Models.CrmPerm(""edit"")","SessionValidation","False","CrossBuy/Controllers/CrmController.cs"
"CRM","CrmController","MarketingLists","GET","False","False","False","(none)","SessionValidation","False","CrossBuy/Controllers/CrmController.cs"
"CRM","CrmController","MarketingListsData","GET","False","False","False","(none)","SessionValidation","False","CrossBuy/Controllers/CrmController.cs"
"CRM","CrmController","ListEditor","GET","False","False","False","(none)","SessionValidation","False","CrossBuy/Controllers/CrmController.cs"
"CRM","CrmController","SaveList","POST","True","True","False","CrossBuy.Models.CrmPerm(""edit"")","SessionValidation","False","CrossBuy/Controllers/CrmController.cs"
"CRM","CrmController","AddListMember","POST","True","True","False","CrossBuy.Models.CrmPerm(""edit"")","SessionValidation","False","CrossBuy/Controllers/CrmController.cs"
"CRM","CrmController","RemoveListMember","POST","True","True","False","CrossBuy.Models.CrmPerm(""edit"")","SessionValidation","False","CrossBuy/Controllers/CrmController.cs"
"CRM","CrmController","Tickets","GET","False","False","False","(none)","SessionValidation","False","CrossBuy/Controllers/CrmController.cs"
"CRM","CrmController","TicketsData","GET","False","False","False","(none)","SessionValidation","False","CrossBuy/Controllers/CrmController.cs"
"CRM","CrmController","TicketEditor","GET","False","False","False","(none)","SessionValidation","False","CrossBuy/Controllers/CrmController.cs"
"CRM","CrmController","SaveTicket","POST","True","True","False","CrossBuy.Models.CrmPerm(""edit"")","SessionValidation","False","CrossBuy/Controllers/CrmController.cs"
"CRM","CrmController","UpdateTicketStatus","POST","True","True","False","CrossBuy.Models.CrmPerm(""edit"")","SessionValidation","False","CrossBuy/Controllers/CrmController.cs"
"CRM","CrmController","SlaPolicies","GET","False","False","False","CrossBuy.Models.CrmPerm(""manage"")","SessionValidation","False","CrossBuy/Controllers/CrmController.cs"
"CRM","CrmController","SaveSlaPolicy","POST","True","True","False","CrossBuy.Models.CrmPerm(""manage"")","SessionValidation","False","CrossBuy/Controllers/CrmController.cs"
"CRM","CrmController","ScoringRules","GET","False","False","False","CrossBuy.Models.CrmPerm(""manage"")","SessionValidation","False","CrossBuy/Controllers/CrmController.cs"
"CRM","CrmController","SaveScoringRule","POST","True","True","False","CrossBuy.Models.CrmPerm(""manage"")","SessionValidation","False","CrossBuy/Controllers/CrmController.cs"
"CRM","CrmController","SaveCrmSettings","POST","True","True","False","CrossBuy.Models.CrmPerm(""manage"")","SessionValidation","False","CrossBuy/Controllers/CrmController.cs"
"CRM","CrmController","RecomputeScores","POST","True","True","False","CrossBuy.Models.CrmPerm(""manage"")","SessionValidation","False","CrossBuy/Controllers/CrmController.cs"
"CRM","CrmController","Forecast","GET","False","False","False","(none)","SessionValidation","False","CrossBuy/Controllers/CrmController.cs"
"CRM","CrmController","Reports","GET","False","False","False","(none)","SessionValidation","False","CrossBuy/Controllers/CrmController.cs"
"CRM","CrmController","Leads","GET","False","False","False","(none)","SessionValidation","False","CrossBuy/Controllers/CrmController.cs"
"CRM","CrmController","LeadsData","GET","False","False","False","(none)","SessionValidation","False","CrossBuy/Controllers/CrmController.cs"
"CRM","CrmController","SaveLead","POST","True","True","False","CrossBuy.Models.CrmPerm(""edit"")","SessionValidation","False","CrossBuy/Controllers/CrmController.cs"
"CRM","CrmController","ConvertLead","POST","True","True","False","CrossBuy.Models.CrmPerm(""edit"")","SessionValidation","False","CrossBuy/Controllers/CrmController.cs"
"CRM","CrmController","Opportunities","GET","False","False","False","(none)","SessionValidation","False","CrossBuy/Controllers/CrmController.cs"
"CRM","CrmController","OpportunitiesData","GET","False","False","False","(none)","SessionValidation","False","CrossBuy/Controllers/CrmController.cs"
"CRM","CrmController","Pipeline","GET","False","False","False","(none)","SessionValidation","False","CrossBuy/Controllers/CrmController.cs"
"CRM","CrmController","StagesData","GET","False","False","False","(none)","SessionValidation","False","CrossBuy/Controllers/CrmController.cs"
"CRM","CrmController","Pipelines","GET","False","False","False","CrossBuy.Models.CrmPerm(""manage"")","SessionValidation","False","CrossBuy/Controllers/CrmController.cs"
"CRM","CrmController","PipelineEditor","GET","False","False","False","CrossBuy.Models.CrmPerm(""manage"")","SessionValidation","False","CrossBuy/Controllers/CrmController.cs"
"CRM","CrmController","SavePipeline","POST","True","True","False","CrossBuy.Models.CrmPerm(""manage"")","SessionValidation","False","CrossBuy/Controllers/CrmController.cs"
"CRM","CrmController","MoveOpportunity","POST","True","True","False","CrossBuy.Models.CrmPerm(""edit"")","SessionValidation","False","CrossBuy/Controllers/CrmController.cs"
"CRM","CrmController","SaveOpportunity","POST","True","True","False","CrossBuy.Models.CrmPerm(""edit"")","SessionValidation","False","CrossBuy/Controllers/CrmController.cs"
"CRM","CrmController","OpportunityProducts","GET","False","False","False","(none)","SessionValidation","False","CrossBuy/Controllers/CrmController.cs"
"CRM","CrmController","SaveOpportunityProducts","POST","True","True","False","CrossBuy.Models.CrmPerm(""edit"")","SessionValidation","False","CrossBuy/Controllers/CrmController.cs"
"CRM","CrmController","ConvertOpportunityToQuotation","POST","True","True","False","CrossBuy.Models.CrmPerm(""edit"")","SessionValidation","False","CrossBuy/Controllers/CrmController.cs"
"CRM","CrmController","Activities","GET","False","False","False","(none)","SessionValidation","False","CrossBuy/Controllers/CrmController.cs"
"CRM","CrmController","ActivitiesData","GET","False","False","False","(none)","SessionValidation","False","CrossBuy/Controllers/CrmController.cs"
"CRM","CrmController","SaveActivity","POST","True","True","False","CrossBuy.Models.CrmPerm(""edit"")","SessionValidation","False","CrossBuy/Controllers/CrmController.cs"
"CRM","CrmController","TimelineData","GET","False","False","False","(none)","SessionValidation","False","CrossBuy/Controllers/CrmController.cs"
"CRM","CrmController","ToggleActivity","POST","True","True","False","CrossBuy.Models.CrmPerm(""edit"")","SessionValidation","False","CrossBuy/Controllers/CrmController.cs"
"CRM","CrmController","CrmRoles","GET","False","False","False","CrossBuy.Models.CrmPerm(""manage"")","SessionValidation","False","CrossBuy/Controllers/CrmController.cs"
"CRM","CrmController","AssignCrmRole","POST","True","True","False","CrossBuy.Models.CrmPerm(""manage"")","SessionValidation","False","CrossBuy/Controllers/CrmController.cs"
"CRM","CrmController","RemoveCrmRole","POST","True","True","False","CrossBuy.Models.CrmPerm(""manage"")","SessionValidation","False","CrossBuy/Controllers/CrmController.cs"
"Accounting","CurrencyController","Currencies","GET","False","False","False","(none)","SessionValidation","False","CrossBuy/Controllers/CurrencyController.cs"
"Accounting","CurrencyController","CurrenciesData","GET","False","False","False","(none)","SessionValidation","False","CrossBuy/Controllers/CurrencyController.cs"
"Accounting","CurrencyController","SaveCurrency","POST","True","True","False","AccPerm(""manage"")","SessionValidation","False","CrossBuy/Controllers/CurrencyController.cs"
"Accounting","CurrencyController","ExchangeRates","GET","False","False","False","(none)","SessionValidation","False","CrossBuy/Controllers/CurrencyController.cs"
"Accounting","CurrencyController","SaveExchangeRate","POST","True","True","False","AccPerm(""post"")","SessionValidation","False","CrossBuy/Controllers/CurrencyController.cs"
"Accounting","CurrencyController","Setup","GET","False","False","False","(none)","SessionValidation","False","CrossBuy/Controllers/CurrencyController.cs"
"Accounting","CurrencyController","SetCompanyCurrency","POST","True","True","False","AccPerm(""manage"")","SessionValidation","False","CrossBuy/Controllers/CurrencyController.cs"
"Accounting","CurrencyController","SetBranchCurrency","POST","True","True","False","AccPerm(""manage"")","SessionValidation","False","CrossBuy/Controllers/CurrencyController.cs"
"Accounting","CurrencyController","Revaluation","GET","False","False","False","(none)","SessionValidation","False","CrossBuy/Controllers/CurrencyController.cs"
"Accounting","CurrencyController","PostRevaluation","POST","True","True","False","AccPerm(""manage"")","SessionValidation","False","CrossBuy/Controllers/CurrencyController.cs"
"Communication","FileManagerController","Index","GET","False","False","False","(none)","SessionValidation","False","CrossBuy/Controllers/FileManagerController.cs"
"Communication","FileManagerController","List","GET","False","False","False","(none)","SessionValidation","False","CrossBuy/Controllers/FileManagerController.cs"
"Communication","FileManagerController","FolderTree","GET","False","False","False","(none)","SessionValidation","False","CrossBuy/Controllers/FileManagerController.cs"
"Communication","FileManagerController","CreateFolder","POST","True","True","False","(none)","SessionValidation","False","CrossBuy/Controllers/FileManagerController.cs"
"Communication","FileManagerController","Rename","POST","True","True","False","(none)","SessionValidation","False","CrossBuy/Controllers/FileManagerController.cs"
"Communication","FileManagerController","Move","POST","True","True","False","(none)","SessionValidation","False","CrossBuy/Controllers/FileManagerController.cs"
"Communication","FileManagerController","Delete","POST","True","True","False","(none)","SessionValidation","False","CrossBuy/Controllers/FileManagerController.cs"
"Communication","FileManagerController","Upload","POST","True","True","False","(none)","SessionValidation","False","CrossBuy/Controllers/FileManagerController.cs"
"Communication","FileManagerController","Download","GET","False","False","False","(none)","SessionValidation","False","CrossBuy/Controllers/FileManagerController.cs"
"Other","HomeController","Index","GET","False","False","False","(none)","(none)","False","CrossBuy/Controllers/HomeController.cs"
"Other","HomeController","Privacy","GET","False","False","False","(none)","(none)","False","CrossBuy/Controllers/HomeController.cs"
"Other","HomeController","Store","GET","False","False","False","(none)","(none)","False","CrossBuy/Controllers/HomeController.cs"
"Other","HomeController","Error","GET","False","False","False","(none)","(none)","False","CrossBuy/Controllers/HomeController.cs"
"Other","HyperController","Dashboard","GET","False","False","False","(none)","(none)","False","CrossBuy/Controllers/HyperController.cs"
"Other","HyperController","ItemMargin","GET","False","False","False","(none)","(none)","False","CrossBuy/Controllers/HyperController.cs"
"Other","HyperController","Sales","GET","False","False","False","(none)","(none)","False","CrossBuy/Controllers/HyperController.cs"
"Other","HyperPosController","Index","GET","False","False","False","(none)","CrossBuy.Models.PosLaneActivityGuard(""HyperCtx"", ""hyper"", ""/hyper/pos/login"")","False","CrossBuy/Controllers/HyperPosController.cs"
"Other","HyperPosController","Login","GET","False","False","False","(none)","CrossBuy.Models.PosLaneActivityGuard(""HyperCtx"", ""hyper"", ""/hyper/pos/login"")","False","CrossBuy/Controllers/HyperPosController.cs"
"Other","HyperPosController","Login","POST","True","True","False","(none)","CrossBuy.Models.PosLaneActivityGuard(""HyperCtx"", ""hyper"", ""/hyper/pos/login"")","True","CrossBuy/Controllers/HyperPosController.cs"
"Other","HyperPosController","Logout","GET","False","False","False","(none)","CrossBuy.Models.PosLaneActivityGuard(""HyperCtx"", ""hyper"", ""/hyper/pos/login"")","False","CrossBuy/Controllers/HyperPosController.cs"
"Other","HyperPosController","Start","GET","False","False","False","(none)","CrossBuy.Models.PosLaneActivityGuard(""HyperCtx"", ""hyper"", ""/hyper/pos/login"")","False","CrossBuy/Controllers/HyperPosController.cs"
"Other","HyperPosController","Start","POST","True","True","False","(none)","CrossBuy.Models.PosLaneActivityGuard(""HyperCtx"", ""hyper"", ""/hyper/pos/login"")","False","CrossBuy/Controllers/HyperPosController.cs"
"Other","HyperPosController","Lane","GET","False","False","False","(none)","CrossBuy.Models.PosLaneActivityGuard(""HyperCtx"", ""hyper"", ""/hyper/pos/login"")","False","CrossBuy/Controllers/HyperPosController.cs"
"Other","HyperPosController","ShiftClose","POST","True","True","False","(none)","CrossBuy.Models.PosLaneActivityGuard(""HyperCtx"", ""hyper"", ""/hyper/pos/login"")","True","CrossBuy/Controllers/HyperPosController.cs"
"Other","HyperPosController","Scan","POST","True","True","False","(none)","CrossBuy.Models.PosLaneActivityGuard(""HyperCtx"", ""hyper"", ""/hyper/pos/login"")","True","CrossBuy/Controllers/HyperPosController.cs"
"Other","HyperPosController","SetQty","POST","True","True","False","(none)","CrossBuy.Models.PosLaneActivityGuard(""HyperCtx"", ""hyper"", ""/hyper/pos/login"")","True","CrossBuy/Controllers/HyperPosController.cs"
"Other","HyperPosController","RemoveLine","POST","True","True","False","(none)","CrossBuy.Models.PosLaneActivityGuard(""HyperCtx"", ""hyper"", ""/hyper/pos/login"")","True","CrossBuy/Controllers/HyperPosController.cs"
"Other","HyperPosController","Pay","POST","True","True","False","(none)","CrossBuy.Models.PosLaneActivityGuard(""HyperCtx"", ""hyper"", ""/hyper/pos/login"")","True","CrossBuy/Controllers/HyperPosController.cs"
"Other","HyperPosController","Receipts","GET","False","False","False","(none)","CrossBuy.Models.PosLaneActivityGuard(""HyperCtx"", ""hyper"", ""/hyper/pos/login"")","False","CrossBuy/Controllers/HyperPosController.cs"
"Other","HyperPosController","PrintInvoice","GET","False","False","False","(none)","CrossBuy.Models.PosLaneActivityGuard(""HyperCtx"", ""hyper"", ""/hyper/pos/login"")","False","CrossBuy/Controllers/HyperPosController.cs"
"Other","HyperPosController","StampInvoiceCustomer","POST","True","True","False","(none)","CrossBuy.Models.PosLaneActivityGuard(""HyperCtx"", ""hyper"", ""/hyper/pos/login"")","True","CrossBuy/Controllers/HyperPosController.cs"
"Other","HyperPosController","Customer","GET","False","False","False","(none)","CrossBuy.Models.PosLaneActivityGuard(""HyperCtx"", ""hyper"", ""/hyper/pos/login"")","False","CrossBuy/Controllers/HyperPosController.cs"
"Other","HyperPosController","CustomerSearch","GET","False","False","False","(none)","CrossBuy.Models.PosLaneActivityGuard(""HyperCtx"", ""hyper"", ""/hyper/pos/login"")","False","CrossBuy/Controllers/HyperPosController.cs"
"Other","HyperPosController","CustomerAdd","POST","True","True","False","(none)","CrossBuy.Models.PosLaneActivityGuard(""HyperCtx"", ""hyper"", ""/hyper/pos/login"")","True","CrossBuy/Controllers/HyperPosController.cs"
"Other","HyperPosController","AttachCustomer","POST","True","True","False","(none)","CrossBuy.Models.PosLaneActivityGuard(""HyperCtx"", ""hyper"", ""/hyper/pos/login"")","True","CrossBuy/Controllers/HyperPosController.cs"
"Other","HyperPosController","PriceCheck","GET","False","False","False","(none)","CrossBuy.Models.PosLaneActivityGuard(""HyperCtx"", ""hyper"", ""/hyper/pos/login"")","False","CrossBuy/Controllers/HyperPosController.cs"
"Other","HyperPosController","PriceCheck","POST","True","True","False","(none)","CrossBuy.Models.PosLaneActivityGuard(""HyperCtx"", ""hyper"", ""/hyper/pos/login"")","False","CrossBuy/Controllers/HyperPosController.cs"
"Inventory","InventoryController","Index","GET","False","False","False","(none)","SessionValidation","False","CrossBuy/Controllers/InventoryController.cs"
"Inventory","InventoryController","Units","GET","False","False","False","(none)","SessionValidation","False","CrossBuy/Controllers/InventoryController.cs"
"Inventory","InventoryController","CreateUnit","POST","True","True","False","InvPerm(""manage"")","SessionValidation","False","CrossBuy/Controllers/InventoryController.cs"
"Inventory","InventoryController","Categories","GET","False","False","False","(none)","SessionValidation","False","CrossBuy/Controllers/InventoryController.cs"
"Inventory","InventoryController","CreateCategory","GET","False","False","False","(none)","SessionValidation","False","CrossBuy/Controllers/InventoryController.cs"
"Inventory","InventoryController","EditCategory","GET","False","False","False","(none)","SessionValidation","False","CrossBuy/Controllers/InventoryController.cs"
"Inventory","InventoryController","CreateCategory","POST","True","True","False","InvPerm(""manage"")","SessionValidation","False","CrossBuy/Controllers/InventoryController.cs"
"Inventory","InventoryController","EditCategory","POST","True","True","False","InvPerm(""manage"")","SessionValidation","False","CrossBuy/Controllers/InventoryController.cs"
"Inventory","InventoryController","Items","GET","False","False","False","(none)","SessionValidation","False","CrossBuy/Controllers/InventoryController.cs"
"Inventory","InventoryController","ItemsData","GET","False","False","False","(none)","SessionValidation","False","CrossBuy/Controllers/InventoryController.cs"
"Inventory","InventoryController","ItemsExport","GET","False","False","False","(none)","SessionValidation","False","CrossBuy/Controllers/InventoryController.cs"
"Inventory","InventoryController","CreateItem","GET","False","False","False","(none)","SessionValidation","False","CrossBuy/Controllers/InventoryController.cs"
"Inventory","InventoryController","EditItem","GET","False","False","False","(none)","SessionValidation","False","CrossBuy/Controllers/InventoryController.cs"
"Inventory","InventoryController","CreateItem","POST","True","True","False","InvPerm(""manage"")","SessionValidation","False","CrossBuy/Controllers/InventoryController.cs"
"Inventory","InventoryController","EditItem","POST","True","True","False","InvPerm(""manage"")","SessionValidation","False","CrossBuy/Controllers/InventoryController.cs"
"Inventory","InventoryController","Warehouses","GET","False","False","False","(none)","SessionValidation","False","CrossBuy/Controllers/InventoryController.cs"
"Inventory","InventoryController","CreateWarehouse","POST","True","True","False","InvPerm(""manage"")","SessionValidation","False","CrossBuy/Controllers/InventoryController.cs"
"Inventory","InventoryController","WarehouseQuickAdd","POST","True","True","False","CrossBuy.Models.ApiPerm(CrossBuy.Models.ApiPermAttribute.Inventory, ""manage"")","SessionValidation","False","CrossBuy/Controllers/InventoryController.cs"
"Inventory","InventoryController","EditWarehouse","POST","True","True","False","InvPerm(""manage"")","SessionValidation","False","CrossBuy/Controllers/InventoryController.cs"
"Inventory","InventoryController","WarehouseSections","GET","False","False","False","(none)","SessionValidation","False","CrossBuy/Controllers/InventoryController.cs"
"Inventory","InventoryController","SaveBinLocation","POST","True","True","False","InvPerm(""manage"")","SessionValidation","False","CrossBuy/Controllers/InventoryController.cs"
"Inventory","InventoryController","DeleteBinLocation","POST","True","True","False","InvPerm(""manage"")","SessionValidation","False","CrossBuy/Controllers/InventoryController.cs"
"Inventory","InventoryController","ItemLocations","GET","False","False","False","(none)","SessionValidation","False","CrossBuy/Controllers/InventoryController.cs"
"Inventory","InventoryController","SaveItemLocations","POST","True","True","False","InvPerm(""manage"")","SessionValidation","False","CrossBuy/Controllers/InventoryController.cs"
"Inventory","InventoryController","WarehouseBinsData","GET","False","False","False","(none)","SessionValidation","False","CrossBuy/Controllers/InventoryController.cs"
"Inventory","InventoryController","RackBalances","GET","False","False","False","(none)","SessionValidation","False","CrossBuy/Controllers/InventoryController.cs"
"Inventory","InventoryController","InitializeBinStock","POST","True","True","False","InvPerm(""manage"")","SessionValidation","False","CrossBuy/Controllers/InventoryController.cs"
"Inventory","InventoryController","SetBinCount","POST","True","True","False","InvPerm(""manage"")","SessionValidation","False","CrossBuy/Controllers/InventoryController.cs"
"Inventory","InventoryController","RelocateBin","POST","True","True","False","InvPerm(""manage"")","SessionValidation","False","CrossBuy/Controllers/InventoryController.cs"
"Inventory","InventoryController","StockMovements","GET","False","False","False","(none)","SessionValidation","False","CrossBuy/Controllers/InventoryController.cs"
"Inventory","InventoryController","StockMovementsData","GET","False","False","False","(none)","SessionValidation","False","CrossBuy/Controllers/InventoryController.cs"
"Inventory","InventoryController","NewMovement","GET","False","False","False","(none)","SessionValidation","False","CrossBuy/Controllers/InventoryController.cs"
"Inventory","InventoryController","PostMovement","POST","True","True","False","InvPerm(""doc"")","SessionValidation","False","CrossBuy/Controllers/InventoryController.cs"
"Inventory","InventoryController","StockBalances","GET","False","False","False","(none)","SessionValidation","False","CrossBuy/Controllers/InventoryController.cs"
"Inventory","InventoryController","ItemsSuggest","GET","False","False","False","(none)","SessionValidation","False","CrossBuy/Controllers/InventoryController.cs"
"Inventory","InventoryController","ItemPickData","GET","False","False","False","(none)","SessionValidation","False","CrossBuy/Controllers/InventoryController.cs"
"Inventory","InventoryController","PoMatch","GET","False","False","False","(none)","SessionValidation","False","CrossBuy/Controllers/InventoryController.cs"
"Inventory","InventoryController","PriceLists","GET","False","False","False","(none)","SessionValidation","False","CrossBuy/Controllers/InventoryController.cs"
"Inventory","InventoryController","PriceListsData","GET","False","False","False","(none)","SessionValidation","False","CrossBuy/Controllers/InventoryController.cs"
"Inventory","InventoryController","PriceListEditor","GET","False","False","False","(none)","SessionValidation","False","CrossBuy/Controllers/InventoryController.cs"
"Inventory","InventoryController","SavePriceList","POST","True","True","False","InvPerm(""doc"")","SessionValidation","False","CrossBuy/Controllers/InventoryController.cs"
"Inventory","InventoryController","CopyPriceList","POST","True","True","False","InvPerm(""doc"")","SessionValidation","False","CrossBuy/Controllers/InventoryController.cs"
"Inventory","InventoryController","DeletePriceList","POST","True","True","False","InvPerm(""doc"")","SessionValidation","False","CrossBuy/Controllers/InventoryController.cs"
"Inventory","InventoryController","BulkPriceChange","GET","False","False","False","(none)","SessionValidation","False","CrossBuy/Controllers/InventoryController.cs"
"Inventory","InventoryController","BulkPreview","POST","True","True","False","InvPerm(""doc"")","SessionValidation","False","CrossBuy/Controllers/InventoryController.cs"
"Inventory","InventoryController","BulkExecute","POST","True","True","False","InvPerm(""doc"")","SessionValidation","False","CrossBuy/Controllers/InventoryController.cs"
"Inventory","InventoryController","BulkUndo","POST","True","True","False","InvPerm(""doc"")","SessionValidation","False","CrossBuy/Controllers/InventoryController.cs"
"Inventory","InventoryController","ShelfLabels","GET","False","False","False","(none)","SessionValidation","False","CrossBuy/Controllers/InventoryController.cs"
"Inventory","InventoryController","Promotions","GET","False","False","False","(none)","SessionValidation","False","CrossBuy/Controllers/InventoryController.cs"
"Inventory","InventoryController","PromotionsData","GET","False","False","False","(none)","SessionValidation","False","CrossBuy/Controllers/InventoryController.cs"
"Inventory","InventoryController","PromotionEditor","GET","False","False","False","(none)","SessionValidation","False","CrossBuy/Controllers/InventoryController.cs"
"Inventory","InventoryController","SavePromotion","POST","True","True","False","InvPerm(""doc"")","SessionValidation","False","CrossBuy/Controllers/InventoryController.cs"
"Inventory","InventoryController","DeletePromotion","POST","True","True","False","InvPerm(""doc"")","SessionValidation","False","CrossBuy/Controllers/InventoryController.cs"
"Inventory","InventoryController","PriceLookup","GET","False","False","False","(none)","SessionValidation","False","CrossBuy/Controllers/InventoryController.cs"
"Inventory","InventoryController","StockBalancesData","GET","False","False","False","(none)","SessionValidation","False","CrossBuy/Controllers/InventoryController.cs"
"Inventory","InventoryController","StockBalancesExport","GET","False","False","False","(none)","SessionValidation","False","CrossBuy/Controllers/InventoryController.cs"
"Inventory","InventoryController","StockMovementsExport","GET","False","False","False","(none)","SessionValidation","False","CrossBuy/Controllers/InventoryController.cs"
"Inventory","InventoryController","PurchaseOrdersExport","GET","False","False","False","(none)","SessionValidation","False","CrossBuy/Controllers/InventoryController.cs"
"Inventory","InventoryController","GoodsReceiptsExport","GET","False","False","False","(none)","SessionValidation","False","CrossBuy/Controllers/InventoryController.cs"
"Inventory","InventoryController","SalesOrdersExport","GET","False","False","False","(none)","SessionValidation","False","CrossBuy/Controllers/InventoryController.cs"
"Inventory","InventoryController","QuotationsExport","GET","False","False","False","(none)","SessionValidation","False","CrossBuy/Controllers/InventoryController.cs"
"Inventory","InventoryController","DeliveriesExport","GET","False","False","False","(none)","SessionValidation","False","CrossBuy/Controllers/InventoryController.cs"
"Inventory","InventoryController","PriceListsExport","GET","False","False","False","(none)","SessionValidation","False","CrossBuy/Controllers/InventoryController.cs"
"Inventory","InventoryController","ItemLedger","GET","False","False","False","(none)","SessionValidation","False","CrossBuy/Controllers/InventoryController.cs"
"Inventory","InventoryController","ScanBarcode","GET","False","False","False","(none)","SessionValidation","False","CrossBuy/Controllers/InventoryController.cs"
"Inventory","InventoryController","ItemBom","GET","False","False","False","(none)","SessionValidation","False","CrossBuy/Controllers/InventoryController.cs"
"Inventory","InventoryController","NewAssembly","GET","False","False","False","(none)","SessionValidation","False","CrossBuy/Controllers/InventoryController.cs"
"Inventory","InventoryController","PostAssembly","POST","True","True","False","InvPerm(""doc"")","SessionValidation","True","CrossBuy/Controllers/InventoryController.cs"
"Inventory","InventoryController","WorkOrders","GET","False","False","False","InvPerm(""read"")","SessionValidation","True","CrossBuy/Controllers/InventoryController.cs"
"Inventory","InventoryController","WorkOrdersData","GET","False","False","False","InvPerm(""read"")","SessionValidation","True","CrossBuy/Controllers/InventoryController.cs"
"Inventory","InventoryController","WorkOrderItemPickData","GET","False","False","False","InvPerm(""read"")","SessionValidation","True","CrossBuy/Controllers/InventoryController.cs"
"Inventory","InventoryController","NewWorkOrder","GET","False","False","False","InvPerm(""read"")","SessionValidation","True","CrossBuy/Controllers/InventoryController.cs"
"Inventory","InventoryController","CreateWorkOrder","POST","True","True","False","InvPerm(""doc"")","SessionValidation","True","CrossBuy/Controllers/InventoryController.cs"
"Inventory","InventoryController","WorkOrderDetails","GET","False","False","False","InvPerm(""read"")","SessionValidation","True","CrossBuy/Controllers/InventoryController.cs"
"Inventory","InventoryController","AddWorkOrderLabor","POST","True","True","False","InvPerm(""doc"")","SessionValidation","True","CrossBuy/Controllers/InventoryController.cs"
"Inventory","InventoryController","RemoveWorkOrderLabor","POST","True","True","False","InvPerm(""doc"")","SessionValidation","False","CrossBuy/Controllers/InventoryController.cs"
"Inventory","InventoryController","SaveWorkOrder","POST","True","True","False","InvPerm(""doc"")","SessionValidation","False","CrossBuy/Controllers/InventoryController.cs"
"Inventory","InventoryController","ReleaseWorkOrder","POST","True","True","False","InvPerm(""doc"")","SessionValidation","False","CrossBuy/Controllers/InventoryController.cs"
"Inventory","InventoryController","CancelWorkOrder","POST","True","True","False","InvPerm(""doc"")","SessionValidation","False","CrossBuy/Controllers/InventoryController.cs"
"Inventory","InventoryController","CompleteWorkOrder","POST","True","True","False","InvPerm(""doc"")","SessionValidation","False","CrossBuy/Controllers/InventoryController.cs"
"Inventory","InventoryController","ProducePartial","POST","True","True","False","InvPerm(""doc"")","SessionValidation","False","CrossBuy/Controllers/InventoryController.cs"
"Inventory","InventoryController","WorkCenters","GET","False","False","False","(none)","SessionValidation","False","CrossBuy/Controllers/InventoryController.cs"
"Inventory","InventoryController","SaveWorkCenter","POST","True","True","False","InvPerm(""manage"")","SessionValidation","False","CrossBuy/Controllers/InventoryController.cs"
"Inventory","InventoryController","Routing","GET","False","False","False","(none)","SessionValidation","False","CrossBuy/Controllers/InventoryController.cs"
"Inventory","InventoryController","SaveRoutingOp","POST","True","True","False","InvPerm(""manage"")","SessionValidation","False","CrossBuy/Controllers/InventoryController.cs"
"Inventory","InventoryController","DeleteRoutingOp","POST","True","True","False","InvPerm(""manage"")","SessionValidation","False","CrossBuy/Controllers/InventoryController.cs"
"Inventory","InventoryController","ProductionPlanning","GET","False","False","False","(none)","SessionValidation","False","CrossBuy/Controllers/InventoryController.cs"
"Inventory","InventoryController","CreatePlan","POST","True","True","False","InvPerm(""doc"")","SessionValidation","False","CrossBuy/Controllers/InventoryController.cs"
"Inventory","InventoryController","DeletePlan","POST","True","True","False","InvPerm(""doc"")","SessionValidation","False","CrossBuy/Controllers/InventoryController.cs"
"Inventory","InventoryController","PlanDetails","GET","False","False","False","(none)","SessionValidation","False","CrossBuy/Controllers/InventoryController.cs"
"Inventory","InventoryController","AddPlanDemand","POST","True","True","False","InvPerm(""doc"")","SessionValidation","False","CrossBuy/Controllers/InventoryController.cs"
"Inventory","InventoryController","RemovePlanDemand","POST","True","True","False","InvPerm(""doc"")","SessionValidation","False","CrossBuy/Controllers/InventoryController.cs"
"Inventory","InventoryController","GeneratePlanWorkOrders","POST","True","True","False","InvPerm(""doc"")","SessionValidation","False","CrossBuy/Controllers/InventoryController.cs"
"Inventory","InventoryController","ManufReports","GET","False","False","False","(none)","SessionValidation","False","CrossBuy/Controllers/InventoryController.cs"
"Inventory","InventoryController","ManufDashboard","GET","False","False","False","(none)","SessionValidation","False","CrossBuy/Controllers/InventoryController.cs"
"Inventory","InventoryController","PurchaseOrders","GET","False","False","False","(none)","SessionValidation","False","CrossBuy/Controllers/InventoryController.cs"
"Inventory","InventoryController","PurchaseOrdersData","GET","False","False","False","(none)","SessionValidation","False","CrossBuy/Controllers/InventoryController.cs"
"Inventory","InventoryController","NewPurchaseOrder","GET","False","False","False","(none)","SessionValidation","False","CrossBuy/Controllers/InventoryController.cs"
"Inventory","InventoryController","CreatePurchaseOrder","POST","True","True","False","InvPerm(""purchase"")","SessionValidation","False","CrossBuy/Controllers/InventoryController.cs"
"Inventory","InventoryController","ConvertPoToInvoice","POST","True","True","False","InvPerm(""purchase"")","SessionValidation","False","CrossBuy/Controllers/InventoryController.cs"
"Inventory","InventoryController","GoodsReceipts","GET","False","False","False","(none)","SessionValidation","False","CrossBuy/Controllers/InventoryController.cs"
"Inventory","InventoryController","GoodsReceiptsData","GET","False","False","False","(none)","SessionValidation","False","CrossBuy/Controllers/InventoryController.cs"
"Inventory","InventoryController","NewGoodsReceipt","GET","False","False","False","(none)","SessionValidation","False","CrossBuy/Controllers/InventoryController.cs"
"Inventory","InventoryController","CreateGoodsReceipt","POST","True","True","False","InvPerm(""purchase"")","SessionValidation","True","CrossBuy/Controllers/InventoryController.cs"
"Inventory","InventoryController","SalesOrders","GET","False","False","False","(none)","SessionValidation","False","CrossBuy/Controllers/InventoryController.cs"
"Inventory","InventoryController","SalesOrdersData","GET","False","False","False","(none)","SessionValidation","False","CrossBuy/Controllers/InventoryController.cs"
"Inventory","InventoryController","NewSalesOrder","GET","False","False","False","(none)","SessionValidation","False","CrossBuy/Controllers/InventoryController.cs"
"Inventory","InventoryController","CreateSalesOrder","POST","True","True","False","InvPerm(""doc"")","SessionValidation","True","CrossBuy/Controllers/InventoryController.cs"
"Inventory","InventoryController","Quotations","GET","False","False","False","(none)","SessionValidation","False","CrossBuy/Controllers/InventoryController.cs"
"Inventory","InventoryController","QuotationsData","GET","False","False","False","(none)","SessionValidation","False","CrossBuy/Controllers/InventoryController.cs"
"Inventory","InventoryController","NewQuotation","GET","False","False","False","(none)","SessionValidation","False","CrossBuy/Controllers/InventoryController.cs"
"Inventory","InventoryController","CreateQuotation","POST","True","True","False","InvPerm(""doc"")","SessionValidation","True","CrossBuy/Controllers/InventoryController.cs"
"Inventory","InventoryController","QuotationDetails","GET","False","False","False","(none)","SessionValidation","False","CrossBuy/Controllers/InventoryController.cs"
"Inventory","InventoryController","SetQuoteStatus","POST","True","True","False","InvPerm(""doc"")","SessionValidation","False","CrossBuy/Controllers/InventoryController.cs"
"Inventory","InventoryController","ConvertQuoteToOrder","POST","True","True","False","InvPerm(""doc"")","SessionValidation","False","CrossBuy/Controllers/InventoryController.cs"
"Inventory","InventoryController","ConvertSoToInvoice","POST","True","True","False","InvPerm(""doc"")","SessionValidation","False","CrossBuy/Controllers/InventoryController.cs"
"Inventory","InventoryController","Deliveries","GET","False","False","False","(none)","SessionValidation","False","CrossBuy/Controllers/InventoryController.cs"
"Inventory","InventoryController","DeliveriesData","GET","False","False","False","(none)","SessionValidation","False","CrossBuy/Controllers/InventoryController.cs"
"Inventory","InventoryController","NewDelivery","GET","False","False","False","(none)","SessionValidation","False","CrossBuy/Controllers/InventoryController.cs"
"Inventory","InventoryController","CreateDelivery","POST","True","True","False","InvPerm(""doc"")","SessionValidation","False","CrossBuy/Controllers/InventoryController.cs"
"Inventory","InventoryController","StockTransfers","GET","False","False","False","(none)","SessionValidation","False","CrossBuy/Controllers/InventoryController.cs"
"Inventory","InventoryController","NewTransfer","GET","False","False","False","(none)","SessionValidation","False","CrossBuy/Controllers/InventoryController.cs"
"Inventory","InventoryController","CreateTransfer","POST","True","True","False","InvPerm(""doc"")","SessionValidation","False","CrossBuy/Controllers/InventoryController.cs"
"Inventory","InventoryController","StockCounts","GET","False","False","False","(none)","SessionValidation","False","CrossBuy/Controllers/InventoryController.cs"
"Inventory","InventoryController","NewCount","GET","False","False","False","(none)","SessionValidation","False","CrossBuy/Controllers/InventoryController.cs"
"Inventory","InventoryController","PostCount","POST","True","True","False","InvPerm(""doc"")","SessionValidation","False","CrossBuy/Controllers/InventoryController.cs"
"Inventory","InventoryController","WriteOffs","GET","False","False","False","(none)","SessionValidation","False","CrossBuy/Controllers/InventoryController.cs"
"Inventory","InventoryController","NewWriteOff","GET","False","False","False","(none)","SessionValidation","False","CrossBuy/Controllers/InventoryController.cs"
"Inventory","InventoryController","CreateWriteOff","POST","True","True","False","InvPerm(""doc"")","SessionValidation","False","CrossBuy/Controllers/InventoryController.cs"
"Inventory","InventoryController","ReceiptDetails","GET","False","False","False","(none)","SessionValidation","False","CrossBuy/Controllers/InventoryController.cs"
"Inventory","InventoryController","DeliveryDetails","GET","False","False","False","(none)","SessionValidation","False","CrossBuy/Controllers/InventoryController.cs"
"Inventory","InventoryController","PurchaseOrderDetails","GET","False","False","False","(none)","SessionValidation","False","CrossBuy/Controllers/InventoryController.cs"
"Inventory","InventoryController","SalesOrderDetails","GET","False","False","False","(none)","SessionValidation","False","CrossBuy/Controllers/InventoryController.cs"
"Inventory","InventoryController","TransferDetails","GET","False","False","False","(none)","SessionValidation","False","CrossBuy/Controllers/InventoryController.cs"
"Inventory","InventoryController","CountDetails","GET","False","False","False","(none)","SessionValidation","False","CrossBuy/Controllers/InventoryController.cs"
"Inventory","InventoryController","WriteOffDetails","GET","False","False","False","(none)","SessionValidation","False","CrossBuy/Controllers/InventoryController.cs"
"Inventory","InventoryController","LandedCostDetails","GET","False","False","False","(none)","SessionValidation","False","CrossBuy/Controllers/InventoryController.cs"
"Inventory","InventoryController","OpeningBalances","GET","False","False","False","(none)","SessionValidation","False","CrossBuy/Controllers/InventoryController.cs"
"Inventory","InventoryController","OpAddStock","POST","True","True","False","InvPerm(""manage"")","SessionValidation","False","CrossBuy/Controllers/InventoryController.cs"
"Inventory","InventoryController","OpAddAr","POST","True","True","False","InvPerm(""manage"")","SessionValidation","False","CrossBuy/Controllers/InventoryController.cs"
"Inventory","InventoryController","OpAddAp","POST","True","True","False","InvPerm(""manage"")","SessionValidation","False","CrossBuy/Controllers/InventoryController.cs"
"Inventory","InventoryController","OpAddAsset","POST","True","True","False","InvPerm(""manage"")","SessionValidation","False","CrossBuy/Controllers/InventoryController.cs"
"Inventory","InventoryController","OpAddGl","POST","True","True","False","InvPerm(""manage"")","SessionValidation","False","CrossBuy/Controllers/InventoryController.cs"
"Inventory","InventoryController","OpFinalize","POST","True","True","False","InvPerm(""manage"")","SessionValidation","False","CrossBuy/Controllers/InventoryController.cs"
"Inventory","InventoryController","IntegrityReconciliation","GET","False","False","False","(none)","SessionValidation","False","CrossBuy/Controllers/InventoryController.cs"
"Inventory","InventoryController","RunIntegrity","POST","True","True","False","InvPerm(""manage"")","SessionValidation","False","CrossBuy/Controllers/InventoryController.cs"
"Inventory","InventoryController","CapitalizeAsset","GET","False","False","False","(none)","SessionValidation","False","CrossBuy/Controllers/InventoryController.cs"
"Inventory","InventoryController","DoCapitalizeAsset","POST","True","True","False","InvPerm(""manage"")","SessionValidation","False","CrossBuy/Controllers/InventoryController.cs"
"Inventory","InventoryController","Reports","GET","False","False","False","(none)","SessionValidation","False","CrossBuy/Controllers/InventoryController.cs"
"Inventory","InventoryController","ValuationReport","GET","False","False","False","(none)","SessionValidation","False","CrossBuy/Controllers/InventoryController.cs"
"Inventory","InventoryController","StagnantReport","GET","False","False","False","(none)","SessionValidation","False","CrossBuy/Controllers/InventoryController.cs"
"Inventory","InventoryController","ReorderReport","GET","False","False","False","(none)","SessionValidation","False","CrossBuy/Controllers/InventoryController.cs"
"Inventory","InventoryController","Batches","GET","False","False","False","(none)","SessionValidation","False","CrossBuy/Controllers/InventoryController.cs"
"Inventory","InventoryController","ExpiryAlerts","GET","False","False","False","(none)","SessionValidation","False","CrossBuy/Controllers/InventoryController.cs"
"Inventory","InventoryController","Approvals","GET","False","False","False","InvPerm(""manage"")","SessionValidation","False","CrossBuy/Controllers/InventoryController.cs"
"Inventory","InventoryController","ApproveDoc","POST","True","True","False","InvPerm(""manage"")","SessionValidation","False","CrossBuy/Controllers/InventoryController.cs"
"Inventory","InventoryController","RejectDoc","POST","True","True","False","InvPerm(""manage"")","SessionValidation","False","CrossBuy/Controllers/InventoryController.cs"
"Inventory","InventoryController","InventoryRoles","GET","False","False","False","InvPerm(""manage"")","SessionValidation","False","CrossBuy/Controllers/InventoryController.cs"
"Inventory","InventoryController","AssignRole","POST","True","True","False","InvPerm(""manage"")","SessionValidation","False","CrossBuy/Controllers/InventoryController.cs"
"Inventory","InventoryController","RemoveRole","POST","True","True","False","InvPerm(""manage"")","SessionValidation","False","CrossBuy/Controllers/InventoryController.cs"
"Inventory","InventoryController","Settings","GET","False","False","False","(none)","SessionValidation","False","CrossBuy/Controllers/InventoryController.cs"
"Inventory","InventoryController","SaveSettings","POST","True","True","False","InvPerm(""manage"")","SessionValidation","False","CrossBuy/Controllers/InventoryController.cs"
"Inventory","InventoryController","LandedCosts","GET","False","False","False","(none)","SessionValidation","False","CrossBuy/Controllers/InventoryController.cs"
"Inventory","InventoryController","NewLandedCost","GET","False","False","False","(none)","SessionValidation","False","CrossBuy/Controllers/InventoryController.cs"
"Inventory","InventoryController","CreateLandedCost","POST","True","True","False","InvPerm(""doc"")","SessionValidation","False","CrossBuy/Controllers/InventoryController.cs"
"Inventory","InventoryController","ReorderSettings","GET","False","False","False","(none)","SessionValidation","False","CrossBuy/Controllers/InventoryController.cs"
"Inventory","InventoryController","SaveReorderSettings","POST","True","True","False","InvPerm(""manage"")","SessionValidation","False","CrossBuy/Controllers/InventoryController.cs"
"Inventory","InventoryController","Planning","GET","False","False","False","(none)","SessionValidation","False","CrossBuy/Controllers/InventoryController.cs"
"Inventory","InventoryController","GeneratePO","POST","True","True","False","InvPerm(""purchase"")","SessionValidation","False","CrossBuy/Controllers/InventoryController.cs"
"Inventory","InventoryController","Serials","GET","False","False","False","(none)","SessionValidation","False","CrossBuy/Controllers/InventoryController.cs"
"Communication","NotificationsController","Prefs","GET","False","False","False","(none)","SessionValidation","False","CrossBuy/Controllers/NotificationsController.cs"
"Communication","NotificationsController","ToggleMute","POST","True","False","False","(none)","SessionValidation","False","CrossBuy/Controllers/NotificationsController.cs"
"Communication","NotificationsController","Index","GET","False","False","False","(none)","SessionValidation","False","CrossBuy/Controllers/NotificationsController.cs"
"HR","PeopleController","Dashboard","GET","False","False","False","(none)","(none)","False","CrossBuy/Controllers/PeopleController.cs"
"HR","PeopleController","Index","GET","False","False","False","(none)","(none)","False","CrossBuy/Controllers/PeopleController.cs"
"HR","PeopleController","Profile","GET","False","False","False","(none)","(none)","False","CrossBuy/Controllers/PeopleController.cs"
"HR","PeopleController","Structure","GET","False","False","False","(none)","(none)","False","CrossBuy/Controllers/PeopleController.cs"
"HR","PeopleController","Leaves","GET","False","False","False","(none)","(none)","False","CrossBuy/Controllers/PeopleController.cs"
"HR","PeopleController","CreateLeave","POST","True","True","False","(none)","(none)","False","CrossBuy/Controllers/PeopleController.cs"
"HR","PeopleController","DecideLeave","POST","True","True","False","(none)","(none)","True","CrossBuy/Controllers/PeopleController.cs"
"HR","PeopleController","Requests","GET","False","False","False","(none)","(none)","False","CrossBuy/Controllers/PeopleController.cs"
"HR","PeopleController","CreateRequest","POST","True","True","False","(none)","(none)","False","CrossBuy/Controllers/PeopleController.cs"
"HR","PeopleController","DecideRequest","POST","True","True","False","(none)","(none)","False","CrossBuy/Controllers/PeopleController.cs"
"HR","PeopleController","LetterPrint","GET","False","False","False","(none)","(none)","False","CrossBuy/Controllers/PeopleController.cs"
"HR","PeopleController","MyAppraisals","GET","False","False","False","(none)","(none)","False","CrossBuy/Controllers/PeopleController.cs"
"HR","PeopleController","MyAppraisal","GET","False","False","False","(none)","(none)","False","CrossBuy/Controllers/PeopleController.cs"
"HR","PeopleController","AcknowledgeAppraisal","POST","True","True","False","(none)","(none)","False","CrossBuy/Controllers/PeopleController.cs"
"HR","PeopleController","MyTrainings","GET","False","False","False","(none)","(none)","False","CrossBuy/Controllers/PeopleController.cs"
"HR","PeopleController","Payslips","GET","False","False","False","(none)","(none)","False","CrossBuy/Controllers/PeopleController.cs"
"HR","PeopleController","Payslip","GET","False","False","False","(none)","(none)","False","CrossBuy/Controllers/PeopleController.cs"
"HR","PeopleController","Attendance","GET","False","False","False","(none)","(none)","False","CrossBuy/Controllers/PeopleController.cs"
"Platform","PlatformTimelineController","List","GET","False","False","False","(none)","SessionValidation","False","CrossBuy/Controllers/PlatformTimelineController.cs"
"Shell","PortalController","Choose","GET","False","False","False","(none)","(none)","False","CrossBuy/Controllers/PortalController.cs"
"POS","PosAppController","Login","GET","False","False","False","(none)","CrossBuy.Models.PosLaneActivityGuard(""PosCtx"", ""restaurant"", ""/pos/login"")","True","CrossBuy/Controllers/PosAppController.cs"
"POS","PosAppController","Login","POST","True","True","False","(none)","CrossBuy.Models.PosLaneActivityGuard(""PosCtx"", ""restaurant"", ""/pos/login"")","True","CrossBuy/Controllers/PosAppController.cs"
"POS","PosAppController","Logout","GET","False","False","False","(none)","CrossBuy.Models.PosLaneActivityGuard(""PosCtx"", ""restaurant"", ""/pos/login"")","False","CrossBuy/Controllers/PosAppController.cs"
"POS","PosAppController","Start","GET","False","False","False","(none)","CrossBuy.Models.PosLaneActivityGuard(""PosCtx"", ""restaurant"", ""/pos/login"")","False","CrossBuy/Controllers/PosAppController.cs"
"POS","PosAppController","Start","POST","True","True","False","(none)","CrossBuy.Models.PosLaneActivityGuard(""PosCtx"", ""restaurant"", ""/pos/login"")","False","CrossBuy/Controllers/PosAppController.cs"
"POS","PosAppController","Terminal","GET","False","False","False","(none)","CrossBuy.Models.PosLaneActivityGuard(""PosCtx"", ""restaurant"", ""/pos/login"")","True","CrossBuy/Controllers/PosAppController.cs"
"POS","PosAppController","CreateOrder","POST","True","True","False","(none)","CrossBuy.Models.PosLaneActivityGuard(""PosCtx"", ""restaurant"", ""/pos/login"")","True","CrossBuy/Controllers/PosAppController.cs"
"POS","PosAppController","OpenTable","POST","True","True","False","(none)","CrossBuy.Models.PosLaneActivityGuard(""PosCtx"", ""restaurant"", ""/pos/login"")","True","CrossBuy/Controllers/PosAppController.cs"
"POS","PosAppController","TableOrders","GET","False","False","False","(none)","CrossBuy.Models.PosLaneActivityGuard(""PosCtx"", ""restaurant"", ""/pos/login"")","False","CrossBuy/Controllers/PosAppController.cs"
"POS","PosAppController","NewOrderOnTable","POST","True","True","False","(none)","CrossBuy.Models.PosLaneActivityGuard(""PosCtx"", ""restaurant"", ""/pos/login"")","True","CrossBuy/Controllers/PosAppController.cs"
"POS","PosAppController","AddLine","POST","True","True","False","(none)","CrossBuy.Models.PosLaneActivityGuard(""PosCtx"", ""restaurant"", ""/pos/login"")","True","CrossBuy/Controllers/PosAppController.cs"
"POS","PosAppController","ItemModifiers","GET","False","False","False","(none)","CrossBuy.Models.PosLaneActivityGuard(""PosCtx"", ""restaurant"", ""/pos/login"")","True","CrossBuy/Controllers/PosAppController.cs"
"POS","PosAppController","VoidPaid","POST","True","True","False","(none)","CrossBuy.Models.PosLaneActivityGuard(""PosCtx"", ""restaurant"", ""/pos/login"")","True","CrossBuy/Controllers/PosAppController.cs"
"POS","PosAppController","ReturnLines","POST","True","True","False","(none)","CrossBuy.Models.PosLaneActivityGuard(""PosCtx"", ""restaurant"", ""/pos/login"")","True","CrossBuy/Controllers/PosAppController.cs"
"POS","PosAppController","OfflineBundle","GET","False","False","False","(none)","CrossBuy.Models.PosLaneActivityGuard(""PosCtx"", ""restaurant"", ""/pos/login"")","False","CrossBuy/Controllers/PosAppController.cs"
"POS","PosAppController","SyncPaidOrder","POST","True","False","False","(none)","CrossBuy.Models.PosLaneActivityGuard(""PosCtx"", ""restaurant"", ""/pos/login"")","True","CrossBuy/Controllers/PosAppController.cs"
"POS","PosAppController","SyncShiftClose","POST","True","False","False","(none)","CrossBuy.Models.PosLaneActivityGuard(""PosCtx"", ""restaurant"", ""/pos/login"")","True","CrossBuy/Controllers/PosAppController.cs"
"POS","PosAppController","OrderDetail","GET","False","False","False","(none)","CrossBuy.Models.PosLaneActivityGuard(""PosCtx"", ""restaurant"", ""/pos/login"")","True","CrossBuy/Controllers/PosAppController.cs"
"POS","PosAppController","RecentOrders","GET","False","False","False","(none)","CrossBuy.Models.PosLaneActivityGuard(""PosCtx"", ""restaurant"", ""/pos/login"")","True","CrossBuy/Controllers/PosAppController.cs"
"POS","PosAppController","ShiftZ","GET","False","False","False","(none)","CrossBuy.Models.PosLaneActivityGuard(""PosCtx"", ""restaurant"", ""/pos/login"")","True","CrossBuy/Controllers/PosAppController.cs"
"POS","PosAppController","ShiftClose","POST","True","True","False","(none)","CrossBuy.Models.PosLaneActivityGuard(""PosCtx"", ""restaurant"", ""/pos/login"")","True","CrossBuy/Controllers/PosAppController.cs"
"POS","PosAppController","SetQty","POST","True","True","False","(none)","CrossBuy.Models.PosLaneActivityGuard(""PosCtx"", ""restaurant"", ""/pos/login"")","True","CrossBuy/Controllers/PosAppController.cs"
"POS","PosAppController","RemoveLine","POST","True","True","False","(none)","CrossBuy.Models.PosLaneActivityGuard(""PosCtx"", ""restaurant"", ""/pos/login"")","True","CrossBuy/Controllers/PosAppController.cs"
"POS","PosAppController","SendKitchen","POST","True","True","False","(none)","CrossBuy.Models.PosLaneActivityGuard(""PosCtx"", ""restaurant"", ""/pos/login"")","True","CrossBuy/Controllers/PosAppController.cs"
"POS","PosAppController","Kitchen","GET","False","False","False","(none)","CrossBuy.Models.PosLaneActivityGuard(""PosCtx"", ""restaurant"", ""/pos/login"")","True","CrossBuy/Controllers/PosAppController.cs"
"POS","PosAppController","KdsTickets","GET","False","False","False","(none)","CrossBuy.Models.PosLaneActivityGuard(""PosCtx"", ""restaurant"", ""/pos/login"")","True","CrossBuy/Controllers/PosAppController.cs"
"POS","PosAppController","KdsLineStatus","POST","True","True","False","(none)","CrossBuy.Models.PosLaneActivityGuard(""PosCtx"", ""restaurant"", ""/pos/login"")","True","CrossBuy/Controllers/PosAppController.cs"
"POS","PosAppController","SetOrderCustomer","POST","True","True","False","(none)","CrossBuy.Models.PosLaneActivityGuard(""PosCtx"", ""restaurant"", ""/pos/login"")","True","CrossBuy/Controllers/PosAppController.cs"
"POS","PosAppController","SetGuests","POST","True","True","False","(none)","CrossBuy.Models.PosLaneActivityGuard(""PosCtx"", ""restaurant"", ""/pos/login"")","True","CrossBuy/Controllers/PosAppController.cs"
"POS","PosAppController","SetDelivery","POST","True","True","False","(none)","CrossBuy.Models.PosLaneActivityGuard(""PosCtx"", ""restaurant"", ""/pos/login"")","True","CrossBuy/Controllers/PosAppController.cs"
"POS","PosAppController","DeliveryZones","GET","False","False","False","(none)","CrossBuy.Models.PosLaneActivityGuard(""PosCtx"", ""restaurant"", ""/pos/login"")","False","CrossBuy/Controllers/PosAppController.cs"
"POS","PosAppController","CustomerAddresses","GET","False","False","False","(none)","CrossBuy.Models.PosLaneActivityGuard(""PosCtx"", ""restaurant"", ""/pos/login"")","False","CrossBuy/Controllers/PosAppController.cs"
"POS","PosAppController","AddCustomerAddress","POST","True","True","False","(none)","CrossBuy.Models.PosLaneActivityGuard(""PosCtx"", ""restaurant"", ""/pos/login"")","True","CrossBuy/Controllers/PosAppController.cs"
"POS","PosAppController","Drivers","GET","False","False","False","(none)","CrossBuy.Models.PosLaneActivityGuard(""PosCtx"", ""restaurant"", ""/pos/login"")","False","CrossBuy/Controllers/PosAppController.cs"
"POS","PosAppController","AssignDriver","POST","True","True","False","(none)","CrossBuy.Models.PosLaneActivityGuard(""PosCtx"", ""restaurant"", ""/pos/login"")","True","CrossBuy/Controllers/PosAppController.cs"
"POS","PosAppController","SetDeliveryStatus","POST","True","True","False","(none)","CrossBuy.Models.PosLaneActivityGuard(""PosCtx"", ""restaurant"", ""/pos/login"")","True","CrossBuy/Controllers/PosAppController.cs"
"POS","PosAppController","Delivery","GET","False","False","False","(none)","CrossBuy.Models.PosLaneActivityGuard(""PosCtx"", ""restaurant"", ""/pos/login"")","True","CrossBuy/Controllers/PosAppController.cs"
"POS","PosAppController","ReservationArrive","POST","True","True","False","(none)","CrossBuy.Models.PosLaneActivityGuard(""PosCtx"", ""restaurant"", ""/pos/login"")","True","CrossBuy/Controllers/PosAppController.cs"
"POS","PosAppController","ReservationNoShow","POST","True","True","False","(none)","CrossBuy.Models.PosLaneActivityGuard(""PosCtx"", ""restaurant"", ""/pos/login"")","True","CrossBuy/Controllers/PosAppController.cs"
"POS","PosAppController","DeliveryOrders","GET","False","False","False","(none)","CrossBuy.Models.PosLaneActivityGuard(""PosCtx"", ""restaurant"", ""/pos/login"")","True","CrossBuy/Controllers/PosAppController.cs"
"POS","PosAppController","SearchCustomers","GET","False","False","False","(none)","CrossBuy.Models.PosLaneActivityGuard(""PosCtx"", ""restaurant"", ""/pos/login"")","False","CrossBuy/Controllers/PosAppController.cs"
"POS","PosAppController","AddCustomer","POST","True","True","False","(none)","CrossBuy.Models.PosLaneActivityGuard(""PosCtx"", ""restaurant"", ""/pos/login"")","False","CrossBuy/Controllers/PosAppController.cs"
"POS","PosAppController","DiscardOrder","POST","True","True","False","(none)","CrossBuy.Models.PosLaneActivityGuard(""PosCtx"", ""restaurant"", ""/pos/login"")","True","CrossBuy/Controllers/PosAppController.cs"
"POS","PosAppController","MoveOrder","POST","True","True","False","(none)","CrossBuy.Models.PosLaneActivityGuard(""PosCtx"", ""restaurant"", ""/pos/login"")","True","CrossBuy/Controllers/PosAppController.cs"
"POS","PosAppController","SeatOrder","POST","True","True","False","(none)","CrossBuy.Models.PosLaneActivityGuard(""PosCtx"", ""restaurant"", ""/pos/login"")","True","CrossBuy/Controllers/PosAppController.cs"
"POS","PosAppController","MergeOrder","POST","True","True","False","(none)","CrossBuy.Models.PosLaneActivityGuard(""PosCtx"", ""restaurant"", ""/pos/login"")","True","CrossBuy/Controllers/PosAppController.cs"
"POS","PosAppController","HoldOrder","POST","True","True","False","(none)","CrossBuy.Models.PosLaneActivityGuard(""PosCtx"", ""restaurant"", ""/pos/login"")","True","CrossBuy/Controllers/PosAppController.cs"
"POS","PosAppController","HeldOrders","GET","False","False","False","(none)","CrossBuy.Models.PosLaneActivityGuard(""PosCtx"", ""restaurant"", ""/pos/login"")","False","CrossBuy/Controllers/PosAppController.cs"
"POS","PosAppController","OpenInvoices","GET","False","False","False","(none)","CrossBuy.Models.PosLaneActivityGuard(""PosCtx"", ""restaurant"", ""/pos/login"")","False","CrossBuy/Controllers/PosAppController.cs"
"POS","PosAppController","RecallOrder","POST","True","True","False","(none)","CrossBuy.Models.PosLaneActivityGuard(""PosCtx"", ""restaurant"", ""/pos/login"")","True","CrossBuy/Controllers/PosAppController.cs"
"POS","PosAppController","LoadOrder","POST","True","True","False","(none)","CrossBuy.Models.PosLaneActivityGuard(""PosCtx"", ""restaurant"", ""/pos/login"")","True","CrossBuy/Controllers/PosAppController.cs"
"POS","PosAppController","Pay","POST","True","True","False","(none)","CrossBuy.Models.PosLaneActivityGuard(""PosCtx"", ""restaurant"", ""/pos/login"")","True","CrossBuy/Controllers/PosAppController.cs"
"POS","PosAppController","PayTenders","POST","True","True","False","(none)","CrossBuy.Models.PosLaneActivityGuard(""PosCtx"", ""restaurant"", ""/pos/login"")","True","CrossBuy/Controllers/PosAppController.cs"
"POS","PosAppController","PaySplitItems","POST","True","True","False","(none)","CrossBuy.Models.PosLaneActivityGuard(""PosCtx"", ""restaurant"", ""/pos/login"")","True","CrossBuy/Controllers/PosAppController.cs"
"POS","PosAppController","TablesBoard","GET","False","False","False","(none)","CrossBuy.Models.PosLaneActivityGuard(""PosCtx"", ""restaurant"", ""/pos/login"")","False","CrossBuy/Controllers/PosAppController.cs"
"POS","PosAppController","SetTableStatus","POST","True","True","False","(none)","CrossBuy.Models.PosLaneActivityGuard(""PosCtx"", ""restaurant"", ""/pos/login"")","True","CrossBuy/Controllers/PosAppController.cs"
"POS","PosAppController","AddTable","POST","True","True","False","(none)","CrossBuy.Models.PosLaneActivityGuard(""PosCtx"", ""restaurant"", ""/pos/login"")","True","CrossBuy/Controllers/PosAppController.cs"
"POS","PosController","Dashboard","GET","False","False","False","(none)","SessionValidation","False","CrossBuy/Controllers/PosController.cs"
"POS","PosController","Setup","GET","False","False","False","(none)","SessionValidation","False","CrossBuy/Controllers/PosController.cs"
"POS","PosController","ApplyPreset","POST","True","True","False","(none)","SessionValidation","False","CrossBuy/Controllers/PosController.cs"
"POS","PosController","SaveCapabilities","POST","True","True","False","(none)","SessionValidation","False","CrossBuy/Controllers/PosController.cs"
"POS","PosController","SavePosSetting","POST","True","True","False","(none)","SessionValidation","False","CrossBuy/Controllers/PosController.cs"
"POS","PosController","Areas","GET","False","False","False","(none)","SessionValidation","False","CrossBuy/Controllers/PosController.cs"
"POS","PosController","SaveDiningArea","POST","True","True","False","(none)","SessionValidation","False","CrossBuy/Controllers/PosController.cs"
"POS","PosController","DeleteDiningArea","POST","True","True","False","(none)","SessionValidation","False","CrossBuy/Controllers/PosController.cs"
"POS","PosController","SaveStation","POST","True","True","False","(none)","SessionValidation","False","CrossBuy/Controllers/PosController.cs"
"POS","PosController","DeleteStation","POST","True","True","False","(none)","SessionValidation","False","CrossBuy/Controllers/PosController.cs"
"POS","PosController","Drivers","GET","False","False","False","(none)","SessionValidation","False","CrossBuy/Controllers/PosController.cs"
"POS","PosController","SaveDriver","POST","True","True","False","(none)","SessionValidation","False","CrossBuy/Controllers/PosController.cs"
"POS","PosController","DeleteDriver","POST","True","True","False","(none)","SessionValidation","False","CrossBuy/Controllers/PosController.cs"
"POS","PosController","DeliveryZones","GET","False","False","False","(none)","SessionValidation","False","CrossBuy/Controllers/PosController.cs"
"POS","PosController","SaveDeliveryZone","POST","True","True","False","(none)","SessionValidation","False","CrossBuy/Controllers/PosController.cs"
"POS","PosController","DeleteDeliveryZone","POST","True","True","False","(none)","SessionValidation","False","CrossBuy/Controllers/PosController.cs"
"POS","PosController","ItemSourcing","GET","False","False","False","(none)","SessionValidation","False","CrossBuy/Controllers/PosController.cs"
"POS","PosController","SaveItemSourcing","POST","True","True","False","(none)","SessionValidation","False","CrossBuy/Controllers/PosController.cs"
"POS","PosController","SourcingOverview","GET","False","False","False","(none)","SessionValidation","False","CrossBuy/Controllers/PosController.cs"
"POS","PosController","SyncConflicts","GET","False","False","False","(none)","SessionValidation","False","CrossBuy/Controllers/PosController.cs"
"POS","PosController","AckSyncConflict","POST","True","True","False","(none)","SessionValidation","False","CrossBuy/Controllers/PosController.cs"
"POS","PosController","PrepareFinished","POST","True","True","False","(none)","SessionValidation","True","CrossBuy/Controllers/PosController.cs"
"POS","PosController","PrepareSemi","POST","True","True","False","(none)","SessionValidation","True","CrossBuy/Controllers/PosController.cs"
"POS","PosController","Reservations","GET","False","False","False","(none)","SessionValidation","False","CrossBuy/Controllers/PosController.cs"
"POS","PosController","SaveReservation","POST","True","True","False","(none)","SessionValidation","False","CrossBuy/Controllers/PosController.cs"
"POS","PosController","SetReservationStatus","POST","True","True","False","(none)","SessionValidation","False","CrossBuy/Controllers/PosController.cs"
"POS","PosController","ReservationEvents","GET","False","False","False","(none)","SessionValidation","False","CrossBuy/Controllers/PosController.cs"
"POS","PosController","FloorData","GET","False","False","False","(none)","SessionValidation","False","CrossBuy/Controllers/PosController.cs"
"POS","PosController","CustomerSearch","GET","False","False","False","(none)","SessionValidation","False","CrossBuy/Controllers/PosController.cs"
"POS","PosController","CustomerQuickAdd","POST","True","True","False","CrossBuy.Models.ApiPerm(CrossBuy.Models.ApiPermAttribute.Accounting, ""post"")","SessionValidation","False","CrossBuy/Controllers/PosController.cs"
"POS","PosController","FloorPlan","GET","False","False","False","(none)","SessionValidation","False","CrossBuy/Controllers/PosController.cs"
"POS","PosController","SaveTable","POST","True","True","False","(none)","SessionValidation","False","CrossBuy/Controllers/PosController.cs"
"POS","PosController","SaveLayout","POST","True","True","False","(none)","SessionValidation","False","CrossBuy/Controllers/PosController.cs"
"POS","PosController","DeleteTable","POST","True","True","False","(none)","SessionValidation","False","CrossBuy/Controllers/PosController.cs"
"POS","PosController","RegenerateQr","POST","True","True","False","(none)","SessionValidation","False","CrossBuy/Controllers/PosController.cs"
"POS","PosController","TableQr","GET","False","False","False","(none)","SessionValidation","False","CrossBuy/Controllers/PosController.cs"
"POS","PosController","QuickMenu","GET","False","False","False","(none)","SessionValidation","False","CrossBuy/Controllers/PosController.cs"
"POS","PosController","ItemSearch","GET","False","False","False","(none)","SessionValidation","False","CrossBuy/Controllers/PosController.cs"
"POS","PosController","AddQuickItemJson","POST","True","True","False","(none)","SessionValidation","False","CrossBuy/Controllers/PosController.cs"
"POS","PosController","Modifiers","GET","False","False","False","(none)","SessionValidation","False","CrossBuy/Controllers/PosController.cs"
"POS","PosController","SaveModifierGroup","POST","True","True","False","(none)","SessionValidation","False","CrossBuy/Controllers/PosController.cs"
"POS","PosController","DeleteModifierGroup","POST","True","True","False","(none)","SessionValidation","False","CrossBuy/Controllers/PosController.cs"
"POS","PosController","SaveModifierOption","POST","True","True","False","(none)","SessionValidation","False","CrossBuy/Controllers/PosController.cs"
"POS","PosController","DeleteModifierOption","POST","True","True","False","(none)","SessionValidation","False","CrossBuy/Controllers/PosController.cs"
"POS","PosController","AttachModifierItemJson","POST","True","True","False","(none)","SessionValidation","False","CrossBuy/Controllers/PosController.cs"
"POS","PosController","DetachModifierItem","POST","True","True","False","(none)","SessionValidation","False","CrossBuy/Controllers/PosController.cs"
"POS","PosController","PaymentMethods","GET","False","False","False","(none)","SessionValidation","False","CrossBuy/Controllers/PosController.cs"
"POS","PosController","SavePaymentMethod","POST","True","True","False","(none)","SessionValidation","False","CrossBuy/Controllers/PosController.cs"
"POS","PosController","DeletePaymentMethod","POST","True","True","False","(none)","SessionValidation","False","CrossBuy/Controllers/PosController.cs"
"POS","PosController","CashierRoles","GET","False","False","False","(none)","SessionValidation","False","CrossBuy/Controllers/PosController.cs"
"POS","PosController","AssignPosRole","POST","True","True","False","(none)","SessionValidation","False","CrossBuy/Controllers/PosController.cs"
"POS","PosController","RemovePosRole","POST","True","True","False","(none)","SessionValidation","False","CrossBuy/Controllers/PosController.cs"
"POS","PosController","Terminals","GET","False","False","False","(none)","SessionValidation","False","CrossBuy/Controllers/PosController.cs"
"POS","PosController","SaveTerminal","POST","True","True","False","(none)","SessionValidation","False","CrossBuy/Controllers/PosController.cs"
"POS","PosController","DeleteTerminal","POST","True","True","False","(none)","SessionValidation","False","CrossBuy/Controllers/PosController.cs"
"POS","PosController","OpenShift","POST","True","True","False","(none)","SessionValidation","True","CrossBuy/Controllers/PosController.cs"
"POS","PosController","CloseShift","POST","True","True","False","(none)","SessionValidation","True","CrossBuy/Controllers/PosController.cs"
"POS","PosController","Preview","GET","False","False","False","(none)","SessionValidation","False","CrossBuy/Controllers/PosController.cs"
"POS","PosController","SaveMenuGroup","POST","True","True","False","(none)","SessionValidation","False","CrossBuy/Controllers/PosController.cs"
"POS","PosController","DeleteMenuGroup","POST","True","True","False","(none)","SessionValidation","False","CrossBuy/Controllers/PosController.cs"
"POS","PosController","AddQuickItem","POST","True","True","False","(none)","SessionValidation","False","CrossBuy/Controllers/PosController.cs"
"POS","PosController","RemoveQuickItem","POST","True","True","False","(none)","SessionValidation","False","CrossBuy/Controllers/PosController.cs"
"POS","PosController","SetQuickCode","POST","True","True","False","(none)","SessionValidation","False","CrossBuy/Controllers/PosController.cs"
"Projects","ProjectController","Dashboard","GET","False","False","False","(none)","SessionValidation","False","CrossBuy/Controllers/ProjectController.cs"
"Projects","ProjectController","Projects","GET","False","False","False","(none)","SessionValidation","False","CrossBuy/Controllers/ProjectController.cs"
"Projects","ProjectController","SaveProject","POST","True","True","False","(none)","SessionValidation","False","CrossBuy/Controllers/ProjectController.cs"
"Projects","ProjectController","DeleteProject","POST","True","True","False","(none)","SessionValidation","False","CrossBuy/Controllers/ProjectController.cs"
"Projects","ProjectController","Profitability","GET","False","False","False","(none)","SessionValidation","False","CrossBuy/Controllers/ProjectController.cs"
"Projects","ProjectController","Boq","GET","False","False","False","(none)","SessionValidation","True","CrossBuy/Controllers/ProjectController.cs"
"Projects","ProjectController","SaveBoq","POST","True","True","False","(none)","SessionValidation","True","CrossBuy/Controllers/ProjectController.cs"
"Projects","ProjectController","Advance","GET","False","False","False","(none)","SessionValidation","False","CrossBuy/Controllers/ProjectController.cs"
"Projects","ProjectController","ReceiveAdvance","POST","True","True","False","(none)","SessionValidation","True","CrossBuy/Controllers/ProjectController.cs"
"Projects","ProjectController","RetentionRelease","GET","False","False","False","(none)","SessionValidation","False","CrossBuy/Controllers/ProjectController.cs"
"Projects","ProjectController","ReleaseRetention","POST","True","True","False","(none)","SessionValidation","True","CrossBuy/Controllers/ProjectController.cs"
"Projects","ProjectController","SubRetentionRelease","GET","False","False","False","(none)","SessionValidation","False","CrossBuy/Controllers/ProjectController.cs"
"Projects","ProjectController","ReleaseSubRetention","POST","True","True","False","(none)","SessionValidation","True","CrossBuy/Controllers/ProjectController.cs"
"Projects","ProjectController","Progress","GET","False","False","False","(none)","SessionValidation","False","CrossBuy/Controllers/ProjectController.cs"
"Projects","ProjectController","SaveProgress","POST","True","True","False","(none)","SessionValidation","False","CrossBuy/Controllers/ProjectController.cs"
"Projects","ProjectController","ConfirmProgress","POST","True","True","False","(none)","SessionValidation","False","CrossBuy/Controllers/ProjectController.cs"
"Projects","ProjectController","DeleteProgress","POST","True","True","False","(none)","SessionValidation","False","CrossBuy/Controllers/ProjectController.cs"
"Projects","ProjectController","Billing","GET","False","False","False","(none)","SessionValidation","False","CrossBuy/Controllers/ProjectController.cs"
"Projects","ProjectController","SaveBilling","POST","True","True","False","(none)","SessionValidation","True","CrossBuy/Controllers/ProjectController.cs"
"Projects","ProjectController","ApproveBilling","POST","True","True","False","(none)","SessionValidation","True","CrossBuy/Controllers/ProjectController.cs"
"Projects","ProjectController","PostBilling","POST","True","True","False","(none)","SessionValidation","True","CrossBuy/Controllers/ProjectController.cs"
"Projects","ProjectController","DeleteBilling","POST","True","True","False","(none)","SessionValidation","True","CrossBuy/Controllers/ProjectController.cs"
"Projects","ProjectController","MaterialIssues","GET","False","False","False","(none)","SessionValidation","False","CrossBuy/Controllers/ProjectController.cs"
"Projects","ProjectController","SaveMaterialIssue","POST","True","True","False","(none)","SessionValidation","True","CrossBuy/Controllers/ProjectController.cs"
"Projects","ProjectController","PostMaterialIssue","POST","True","True","False","(none)","SessionValidation","True","CrossBuy/Controllers/ProjectController.cs"
"Projects","ProjectController","DeleteMaterialIssue","POST","True","True","False","(none)","SessionValidation","True","CrossBuy/Controllers/ProjectController.cs"
"Projects","ProjectController","Labor","GET","False","False","False","(none)","SessionValidation","False","CrossBuy/Controllers/ProjectController.cs"
"Projects","ProjectController","PostLabor","POST","True","True","False","(none)","SessionValidation","True","CrossBuy/Controllers/ProjectController.cs"
"Projects","ProjectController","Budget","GET","False","False","False","(none)","SessionValidation","False","CrossBuy/Controllers/ProjectController.cs"
"Projects","ProjectController","Subcontracts","GET","False","False","False","(none)","SessionValidation","False","CrossBuy/Controllers/ProjectController.cs"
"Projects","ProjectController","SaveSubcontract","POST","True","True","False","(none)","SessionValidation","True","CrossBuy/Controllers/ProjectController.cs"
"Projects","ProjectController","SaveSubBilling","POST","True","True","False","(none)","SessionValidation","True","CrossBuy/Controllers/ProjectController.cs"
"Projects","ProjectController","ApproveSubBilling","POST","True","True","False","(none)","SessionValidation","True","CrossBuy/Controllers/ProjectController.cs"
"Projects","ProjectController","PostSubBilling","POST","True","True","False","(none)","SessionValidation","True","CrossBuy/Controllers/ProjectController.cs"
"Projects","ProjectController","DeleteSubBilling","POST","True","True","False","(none)","SessionValidation","True","CrossBuy/Controllers/ProjectController.cs"
"Projects","ProjectController","VariationOrders","GET","False","False","False","(none)","SessionValidation","False","CrossBuy/Controllers/ProjectController.cs"
"Projects","ProjectController","SaveVariationOrder","POST","True","True","False","(none)","SessionValidation","True","CrossBuy/Controllers/ProjectController.cs"
"Projects","ProjectController","ApproveVariationOrder","POST","True","True","False","(none)","SessionValidation","True","CrossBuy/Controllers/ProjectController.cs"
"Projects","ProjectController","DeleteVariationOrder","POST","True","True","False","(none)","SessionValidation","True","CrossBuy/Controllers/ProjectController.cs"
"Projects","ProjectController","EquipmentDepreciation","GET","False","False","False","(none)","SessionValidation","False","CrossBuy/Controllers/ProjectController.cs"
"Projects","ProjectController","SaveEquipmentDepreciation","POST","True","True","False","(none)","SessionValidation","True","CrossBuy/Controllers/ProjectController.cs"
"Projects","ProjectController","PostEquipmentDepreciation","POST","True","True","False","(none)","SessionValidation","True","CrossBuy/Controllers/ProjectController.cs"
"Projects","ProjectController","DeleteEquipmentDepreciation","POST","True","True","False","(none)","SessionValidation","True","CrossBuy/Controllers/ProjectController.cs"
"Projects","ProjectController","ActivityTypes","GET","False","False","False","(none)","SessionValidation","False","CrossBuy/Controllers/ProjectController.cs"
"Projects","ProjectController","SaveActivityType","POST","True","True","False","(none)","SessionValidation","False","CrossBuy/Controllers/ProjectController.cs"
"Projects","ProjectController","DeleteActivityType","POST","True","True","False","(none)","SessionValidation","False","CrossBuy/Controllers/ProjectController.cs"
"Other","ServiceController","Index","GET","False","False","False","(none)","SessionValidation","False","CrossBuy/Controllers/ServiceController.cs"
"Other","ServiceController","CompaniesList","GET","False","False","False","(none)","SessionValidation","False","CrossBuy/Controllers/ServiceController.cs"
"Other","ServiceController","CompanyDetails","GET","False","False","False","(none)","SessionValidation","False","CrossBuy/Controllers/ServiceController.cs"
"Other","ServiceController","CompanyDetails","POST","True","False","False","(none)","SessionValidation","False","CrossBuy/Controllers/ServiceController.cs"
"Other","ServiceController","BranchesList","GET","False","False","False","(none)","SessionValidation","False","CrossBuy/Controllers/ServiceController.cs"
"Other","ServiceController","GetCompanyDataById","GET","False","False","False","(none)","SessionValidation","False","CrossBuy/Controllers/ServiceController.cs"
"Other","ServiceController","BranchDetails","GET","False","False","False","(none)","SessionValidation","False","CrossBuy/Controllers/ServiceController.cs"
"Other","ServiceController","BranchDetails","POST","True","False","False","(none)","SessionValidation","False","CrossBuy/Controllers/ServiceController.cs"
"Retail","StoreController","Product","GET","False","False","False","(none)","AllowAnonymous","False","CrossBuy/Controllers/StoreController.cs"
"Retail","StoreController","Category","GET","False","False","False","(none)","AllowAnonymous","False","CrossBuy/Controllers/StoreController.cs"
"Tasks","TasksController","Index","GET","False","False","False","(none)","(none)","False","CrossBuy/Controllers/TasksController.cs"
"Tasks","TasksController","All","GET","False","False","False","(none)","(none)","False","CrossBuy/Controllers/TasksController.cs"
"Tasks","TasksController","Save","POST","True","True","False","(none)","(none)","False","CrossBuy/Controllers/TasksController.cs"
"Tasks","TasksController","Reports","GET","False","False","False","(none)","(none)","False","CrossBuy/Controllers/TasksController.cs"
"Tasks","TasksController","HoursReport","GET","False","False","False","(none)","(none)","False","CrossBuy/Controllers/TasksController.cs"
"Tasks","TasksController","AutoRules","GET","False","False","False","(none)","(none)","False","CrossBuy/Controllers/TasksController.cs"
"Tasks","TasksController","SaveAutoRule","POST","True","True","False","(none)","(none)","False","CrossBuy/Controllers/TasksController.cs"
"Tasks","TasksController","RunGenerator","POST","True","True","False","(none)","(none)","False","CrossBuy/Controllers/TasksController.cs"
"Tasks","TasksController","LinkSearch","GET","False","False","False","(none)","(none)","False","CrossBuy/Controllers/TasksController.cs"
"Tasks","TasksController","MatchSuggestions","GET","False","False","False","(none)","(none)","False","CrossBuy/Controllers/TasksController.cs"
"Tasks","TasksController","ConfirmMatch","POST","True","True","False","(none)","(none)","True","CrossBuy/Controllers/TasksController.cs"
"Tasks","TasksController","DismissMatch","POST","True","True","False","(none)","(none)","False","CrossBuy/Controllers/TasksController.cs"
"Tasks","TasksController","ChangeStatus","POST","True","True","False","(none)","(none)","False","CrossBuy/Controllers/TasksController.cs"
"Tasks","TasksController","Delete","POST","True","True","False","(none)","(none)","False","CrossBuy/Controllers/TasksController.cs"
"Tasks","TasksController","StartTimer","POST","True","True","False","(none)","(none)","False","CrossBuy/Controllers/TasksController.cs"
"Tasks","TasksController","StopTimer","POST","True","True","False","(none)","(none)","False","CrossBuy/Controllers/TasksController.cs"
"Tasks","TasksController","AddTime","POST","True","True","False","(none)","(none)","False","CrossBuy/Controllers/TasksController.cs"
"Tasks","TasksController","DeleteTime","POST","True","True","False","(none)","(none)","False","CrossBuy/Controllers/TasksController.cs"
"Tasks","TasksController","TimesheetLines","GET","False","False","False","(none)","(none)","False","CrossBuy/Controllers/TasksController.cs"
"Tasks","TasksController","PostLaborToWO","POST","True","True","False","(none)","(none)","True","CrossBuy/Controllers/TasksController.cs"
"Tasks","TasksController","GenerateInvoice","POST","True","True","False","(none)","(none)","True","CrossBuy/Controllers/TasksController.cs"
